dt_captura,no_emissor,link,no_tipo_rating,de_rating_br,de_rating_cp,de_rating_lp,dt_acao_rating,de_acao_rating,de_outlook,link_relatorio
2026-09-04,COOPERATIVA DE ECONOMIA E CRÉDITO MÚTUO DE FUNCIONÁRIOS DE INSTITUIÇÕES FINANCEIRAS PÚBLICAS FEDERAIS LTDA. – COOPERFORTE,https://www.austin.com.br/Historico-Rating/4579/Cooperativa_de_Economia_e_Crédito_Mútuo_de_Funcionários_de_Instituições_Financeiras_Públicas_Federais_Ltda_–_Cooperforte,Corporativo,brA+,,brA+,2025-06-25,Confirmação,Positiva,https://www.austin.com.br/Relatorio/Rating/Cooperativa_de_Economia_e_Crédito_Mútuo_de_Funcionários_de_Instituições_Financeiras_Públicas_Federais_Ltda_–_Cooperforte/11398
2026-09-04,COOPERATIVA DE ECONOMIA E CRÉDITO MÚTUO DE FUNCIONÁRIOS DE INSTITUIÇÕES FINANCEIRAS PÚBLICAS FEDERAIS LTDA. – COOPERFORTE,https://www.austin.com.br/Historico-Rating/4579/Cooperativa_de_Economia_e_Crédito_Mútuo_de_Funcionários_de_Instituições_Financeiras_Públicas_Federais_Ltda_–_Cooperforte,Corporativo,brA+,,brA+,2024-07-10,Alteração de Perspectiva,Positiva,
2026-09-25,AÇO CEARENSE FIDC - SENIORES ÚNICA,https://www.austin.com.br/Historico-Rating/5237/Aço_Cearense_FIDC_-_Seniores_Única,FIDCs,brBBB-,,brBBB-,2026-06-18,Rating Inicial,Estável,https://www.austin.com.br/Relatorio/Rating/Aço_Cearense_FIDC/11646
2026-09-25,ADGM FIDC - SENIORES 3ª SÉRIE,https://www.austin.com.br/Historico-Rating/4595/ADGM_FIDC_-_Seniores_3ª_série,FIDCs,brBBB+,,brBBB+,2024-07-10,Rating Inicial,Estável,https://www.austin.com.br/Relatorio/Rating/ADGM_FIDC/10935
2026-09-25,AÇO CEARENSE FIDC - SUBORDINADAS JÚNIOR,https://www.austin.com.br/Historico-Rating/5241/Aço_Cearense_FIDC_-_Subordinadas_Júnior_,FIDCs,brCCC,,brCCC,2026-06-18,Rating Inicial,Estável,https://www.austin.com.br/Relatorio/Rating/Aço_Cearense_FIDC/11649
2026-09-25,ADJUD I FIDC NP  - SUBORDINADAS,https://www.austin.com.br/Historico-Rating/4791/Adjud_I_FIDC_NP__-_Subordinadas_,FIDCs,brBB-,,brBB-,2024-08-13,Confirmação,Estável,https://www.austin.com.br/Relatorio/Rating/Adjud_I_FIDC_NP_/11204
2026-09-25,ADJUD I FIDC NP  - SENIORES ÚNICA,https://www.austin.com.br/Historico-Rating/4790/Adjud_I_FIDC_NP__-_Seniores_Única,FIDCs,brBBB-,,brBBB-,2024-08-13,Confirmação,Estável,https://www.austin.com.br/Relatorio/Rating/Adjud_I_FIDC_NP_/11203
2026-09-25,ACR IV FIDC - SUBORDINADAS,https://www.austin.com.br/Historico-Rating/4665/ACR_IV_FIDC_-_Subordinadas_,FIDCs,brAA-,,brAA-,2024-08-08,Confirmação,Estável,https://www.austin.com.br/Relatorio/Rating/ACR_IV_FIDC/11045
2026-09-25,AÇO CEARENSE FIDC - MEZANINO CLASSE A,https://www.austin.com.br/Historico-Rating/5240/Aço_Cearense_FIDC_-_Mezanino_Classe_A_,FIDCs,brB-,,brB-,2026-06-18,Rating Inicial,Estável,https://www.austin.com.br/Relatorio/Rating/Aço_Cearense_FIDC/11648
2026-09-25,AÇO CEARENSE FIDC - SUBORDINADAS MEZANINO,https://www.austin.com.br/Historico-Rating/5239/Aço_Cearense_FIDC_-_Subordinadas_Mezanino_,FIDCs,brB,,brB,2026-06-18,Rating Inicial,Estável,https://www.austin.com.br/Relatorio/Rating/Aço_Cearense_FIDC/11647
2026-09-25,ACP BIOENERGIA DESENVOLVE SP FIDC - SENIORES ÚNICA,https://www.austin.com.br/Historico-Rating/4951/ACP_Bioenergia_Desenvolve_SP_FIDC_-_Seniores_Única,FIDCs,brA,,brA,2025-04-01,Rating Preliminar,,https://www.austin.com.br/Relatorio/Rating/ACP_Bioenergia_Desenvolve_SP_FIDC/11363
2026-09-25,ACP BIOENERGIA DESENVOLVE SP FIDC - SENIORES ÚNICA,https://www.austin.com.br/Historico-Rating/4951/ACP_Bioenergia_Desenvolve_SP_FIDC_-_Seniores_Única,FIDCs,brA,,brA,2025-04-01,Rating Preliminar,,https://www.austin.com.br/Relatorio/Rating/ACP_Bioenergia_Desenvolve_SP_FIDC/11364
2026-09-25,ACRE BG FIDC - SUBORDINADAS JÚNIOR,https://www.austin.com.br/Historico-Rating/4680/Acre_BG_FIDC_-_Subordinadas_Júnior_,FIDCs,brB,,brB,2024-08-14,Confirmação,Estável,https://www.austin.com.br/Relatorio/Rating/Acre_BG_FIDC/11069
2026-09-25,ACRE BG FIDC - SENIORES ÚNICA,https://www.austin.com.br/Historico-Rating/4679/Acre_BG_FIDC_-_Seniores_Única,FIDCs,brBB+,,brBB+,2024-08-14,Confirmação,Estável,https://www.austin.com.br/Relatorio/Rating/Acre_BG_FIDC/11068
2026-09-25,ACCESS FIDC - SENIORES ÚNICA,https://www.austin.com.br/Historico-Rating/3103/Access_FIDC_-_Seniores_Única,FIDCs,brBBB+,,brBBB+,2024-08-15,Confirmação,Estável,https://www.austin.com.br/Relatorio/Rating/Access_FIDC/11202
2026-09-25,ACCESS FIDC - SENIORES ÚNICA,https://www.austin.com.br/Historico-Rating/3103/Access_FIDC_-_Seniores_Única,FIDCs,brBBB+,,brBBB+,2022-08-12,Confirmação,Estável,
2026-09-25,ACCESS FIDC - SENIORES ÚNICA,https://www.austin.com.br/Historico-Rating/3103/Access_FIDC_-_Seniores_Única,FIDCs,brA-,,brA-,2020-04-02,Observação Negativa,,
2026-09-25,ACCESS FIDC - SENIORES ÚNICA,https://www.austin.com.br/Historico-Rating/3103/Access_FIDC_-_Seniores_Única,FIDCs,brA-,,brA-,2019-08-02,Confirmação,Estável,
2026-09-25,ACCESS FIDC - SENIORES ÚNICA,https://www.austin.com.br/Historico-Rating/3103/Access_FIDC_-_Seniores_Única,FIDCs,brA-,,brA-,2019-01-09,Rating Inicial,Estável,
2026-09-25,ACCESS FIDC - SUBORDINADAS MEZANINO,https://www.austin.com.br/Historico-Rating/2394/Access_FIDC_-_Subordinadas_Mezanino_,FIDCs,brCCC,,brCCC,2024-08-15,Confirmação,Estável,https://www.austin.com.br/Relatorio/Rating/Access_FIDC/11200
2026-09-25,ACCESS FIDC - SUBORDINADAS MEZANINO,https://www.austin.com.br/Historico-Rating/2394/Access_FIDC_-_Subordinadas_Mezanino_,FIDCs,brCCC,,brCCC,2022-08-12,Confirmação,Estável,
2026-09-25,ACCESS FIDC - SUBORDINADAS MEZANINO,https://www.austin.com.br/Historico-Rating/2394/Access_FIDC_-_Subordinadas_Mezanino_,FIDCs,brB-,,brB-,2020-04-02,Observação Negativa,,
2026-09-25,ACCESS FIDC - SUBORDINADAS MEZANINO,https://www.austin.com.br/Historico-Rating/2394/Access_FIDC_-_Subordinadas_Mezanino_,FIDCs,brB-,,brB-,2019-08-02,Observação Negativa,,
2026-09-25,ACCESS FIDC - SUBORDINADAS MEZANINO,https://www.austin.com.br/Historico-Rating/2394/Access_FIDC_-_Subordinadas_Mezanino_,FIDCs,brB-,,brB-,2019-05-16,Observação Negativa,,
2026-09-25,ACCESS FIDC - SUBORDINADAS MEZANINO,https://www.austin.com.br/Historico-Rating/2394/Access_FIDC_-_Subordinadas_Mezanino_,FIDCs,brB-,,brB-,2019-02-14,Observação Negativa,,
2026-09-25,ACCESS FIDC - SUBORDINADAS MEZANINO,https://www.austin.com.br/Historico-Rating/2394/Access_FIDC_-_Subordinadas_Mezanino_,FIDCs,brB-,,brB-,2019-02-14,Encerramento,,
2026-09-25,ACCESS FIDC - SUBORDINADAS MEZANINO,https://www.austin.com.br/Historico-Rating/2394/Access_FIDC_-_Subordinadas_Mezanino_,FIDCs,brB-,,brB-,2018-11-13,Observação Negativa,,
2026-09-25,ACCESS FIDC - SUBORDINADAS MEZANINO,https://www.austin.com.br/Historico-Rating/2394/Access_FIDC_-_Subordinadas_Mezanino_,FIDCs,brB-,,brB-,2018-08-01,Confirmação,Estável,
2026-09-25,ACCESS FIDC - SUBORDINADAS MEZANINO,https://www.austin.com.br/Historico-Rating/2394/Access_FIDC_-_Subordinadas_Mezanino_,FIDCs,brB-,,brB-,2018-06-21,Confirmação,Estável,
2026-09-25,ACCESS FIDC - SUBORDINADAS MEZANINO,https://www.austin.com.br/Historico-Rating/2394/Access_FIDC_-_Subordinadas_Mezanino_,FIDCs,brB-,,brB-,2018-02-26,Observação Negativa,,
2026-09-25,ACCESS FIDC - SUBORDINADAS MEZANINO,https://www.austin.com.br/Historico-Rating/2394/Access_FIDC_-_Subordinadas_Mezanino_,FIDCs,brB-,,brB-,2017-09-01,Observação Negativa,,
2026-09-25,ACCESS FIDC - SUBORDINADAS MEZANINO,https://www.austin.com.br/Historico-Rating/2394/Access_FIDC_-_Subordinadas_Mezanino_,FIDCs,brB-,,brB-,2017-05-29,Confirmação,Estável,
2026-09-25,ACCESS FIDC - SUBORDINADAS MEZANINO,https://www.austin.com.br/Historico-Rating/2394/Access_FIDC_-_Subordinadas_Mezanino_,FIDCs,brB-,,brB-,2017-02-15,Confirmação,Estável,
2026-09-25,ACCESS FIDC - SUBORDINADAS MEZANINO,https://www.austin.com.br/Historico-Rating/2394/Access_FIDC_-_Subordinadas_Mezanino_,FIDCs,brB-,,brB-,2016-12-05,Confirmação,Estável,
2026-09-25,ACCESS FIDC - SUBORDINADAS MEZANINO,https://www.austin.com.br/Historico-Rating/2394/Access_FIDC_-_Subordinadas_Mezanino_,FIDCs,brB-,,brB-,2016-08-18,Confirmação,Estável,
2026-09-25,ACCESS FIDC - SUBORDINADAS MEZANINO,https://www.austin.com.br/Historico-Rating/2394/Access_FIDC_-_Subordinadas_Mezanino_,FIDCs,brB-,,brB-,2016-04-06,Rating Inicial,Estável,
2026-09-25,ACCESS FIDC - SUBORDINADAS JÚNIOR,https://www.austin.com.br/Historico-Rating/2395/Access_FIDC_-_Subordinadas_Júnior_,FIDCs,brCC,,brCC,2024-08-15,Confirmação,Estável,https://www.austin.com.br/Relatorio/Rating/Access_FIDC/11201
2026-09-25,ACCESS FIDC - SUBORDINADAS JÚNIOR,https://www.austin.com.br/Historico-Rating/2395/Access_FIDC_-_Subordinadas_Júnior_,FIDCs,brCC,,brCC,2022-08-12,Confirmação,Estável,
2026-09-25,ACCESS FIDC - SUBORDINADAS JÚNIOR,https://www.austin.com.br/Historico-Rating/2395/Access_FIDC_-_Subordinadas_Júnior_,FIDCs,brCCC,,brCCC,2020-04-02,Observação Negativa,,
2026-09-25,ACCESS FIDC - SUBORDINADAS JÚNIOR,https://www.austin.com.br/Historico-Rating/2395/Access_FIDC_-_Subordinadas_Júnior_,FIDCs,brCCC,,brCCC,2019-08-02,Observação Negativa,,
2026-09-25,ACCESS FIDC - SUBORDINADAS JÚNIOR,https://www.austin.com.br/Historico-Rating/2395/Access_FIDC_-_Subordinadas_Júnior_,FIDCs,brCCC,,brCCC,2019-05-16,Observação Negativa,,
2026-09-25,ACCESS FIDC - SUBORDINADAS JÚNIOR,https://www.austin.com.br/Historico-Rating/2395/Access_FIDC_-_Subordinadas_Júnior_,FIDCs,brCCC,,brCCC,2019-02-14,Observação Negativa,,
2026-09-25,ACCESS FIDC - SUBORDINADAS JÚNIOR,https://www.austin.com.br/Historico-Rating/2395/Access_FIDC_-_Subordinadas_Júnior_,FIDCs,brCCC,,brCCC,2018-11-13,Observação Negativa,,
2026-09-25,ACCESS FIDC - SUBORDINADAS JÚNIOR,https://www.austin.com.br/Historico-Rating/2395/Access_FIDC_-_Subordinadas_Júnior_,FIDCs,brCCC,,brCCC,2018-08-01,Confirmação,Estável,
2026-09-25,ACCESS FIDC - SUBORDINADAS JÚNIOR,https://www.austin.com.br/Historico-Rating/2395/Access_FIDC_-_Subordinadas_Júnior_,FIDCs,brCCC,,brCCC,2018-06-21,Confirmação,Estável,
2026-09-25,ACCESS FIDC - SUBORDINADAS JÚNIOR,https://www.austin.com.br/Historico-Rating/2395/Access_FIDC_-_Subordinadas_Júnior_,FIDCs,brCCC,,brCCC,2018-02-26,Observação Negativa,,
2026-09-25,ACCESS FIDC - SUBORDINADAS JÚNIOR,https://www.austin.com.br/Historico-Rating/2395/Access_FIDC_-_Subordinadas_Júnior_,FIDCs,brCCC,,brCCC,2017-09-01,Observação Negativa,,
2026-09-25,ACCESS FIDC - SUBORDINADAS JÚNIOR,https://www.austin.com.br/Historico-Rating/2395/Access_FIDC_-_Subordinadas_Júnior_,FIDCs,brCCC,,brCCC,2017-05-29,Confirmação,Estável,
2026-09-25,ACCESS FIDC - SUBORDINADAS JÚNIOR,https://www.austin.com.br/Historico-Rating/2395/Access_FIDC_-_Subordinadas_Júnior_,FIDCs,brCCC,,brCCC,2017-02-15,Confirmação,Estável,
2026-09-25,ACCESS FIDC - SUBORDINADAS JÚNIOR,https://www.austin.com.br/Historico-Rating/2395/Access_FIDC_-_Subordinadas_Júnior_,FIDCs,brCCC,,brCCC,2016-12-05,Confirmação,Estável,
2026-09-25,ACCESS FIDC - SUBORDINADAS JÚNIOR,https://www.austin.com.br/Historico-Rating/2395/Access_FIDC_-_Subordinadas_Júnior_,FIDCs,brCCC,,brCCC,2016-08-18,Confirmação,Estável,
2026-09-25,ACCESS FIDC - SUBORDINADAS JÚNIOR,https://www.austin.com.br/Historico-Rating/2395/Access_FIDC_-_Subordinadas_Júnior_,FIDCs,brCCC,,brCCC,2016-04-06,Rating Inicial,Estável,
2026-09-25,ACTIVA FIDC - SUBORDINADAS JÚNIOR,https://www.austin.com.br/Historico-Rating/1607/Activa_FIDC_-_Subordinadas_Júnior_,FIDCs,brB-,,brB-,2020-04-02,Observação Negativa,,https://www.austin.com.br/Relatorio/Rating/Activa_FIDC/9711
2026-09-25,ACTIVA FIDC - SUBORDINADAS JÚNIOR,https://www.austin.com.br/Historico-Rating/1607/Activa_FIDC_-_Subordinadas_Júnior_,FIDCs,brB-,,brB-,2020-02-11,Confirmação,Estável,
2026-09-25,ACTIVA FIDC - SUBORDINADAS JÚNIOR,https://www.austin.com.br/Historico-Rating/1607/Activa_FIDC_-_Subordinadas_Júnior_,FIDCs,brB-,,brB-,2019-11-13,Confirmação,Estável,
2026-09-25,ACTIVA FIDC - SUBORDINADAS JÚNIOR,https://www.austin.com.br/Historico-Rating/1607/Activa_FIDC_-_Subordinadas_Júnior_,FIDCs,brB-,,brB-,2019-08-15,Confirmação,Estável,
2026-09-25,ACTIVA FIDC - SUBORDINADAS JÚNIOR,https://www.austin.com.br/Historico-Rating/1607/Activa_FIDC_-_Subordinadas_Júnior_,FIDCs,brB-,,brB-,2019-05-03,Confirmação,Estável,
2026-09-25,ACTIVA FIDC - SUBORDINADAS JÚNIOR,https://www.austin.com.br/Historico-Rating/1607/Activa_FIDC_-_Subordinadas_Júnior_,FIDCs,brB-,,brB-,2019-01-18,Confirmação,Estável,
2026-09-25,ACTIVA FIDC - SUBORDINADAS JÚNIOR,https://www.austin.com.br/Historico-Rating/1607/Activa_FIDC_-_Subordinadas_Júnior_,FIDCs,brB-,,brB-,2018-10-30,Confirmação,Estável,
2026-09-25,ACTIVA FIDC - SUBORDINADAS JÚNIOR,https://www.austin.com.br/Historico-Rating/1607/Activa_FIDC_-_Subordinadas_Júnior_,FIDCs,brB-,,brB-,2018-07-30,Confirmação,Estável,
2026-09-25,ACTIVA FIDC - SUBORDINADAS JÚNIOR,https://www.austin.com.br/Historico-Rating/1607/Activa_FIDC_-_Subordinadas_Júnior_,FIDCs,brB-,,brB-,2018-05-11,Confirmação,Estável,
2026-09-25,ACTIVA FIDC - SUBORDINADAS JÚNIOR,https://www.austin.com.br/Historico-Rating/1607/Activa_FIDC_-_Subordinadas_Júnior_,FIDCs,brCCC,,brCCC,2017-11-14,Confirmação,Estável,
2026-09-25,ACTIVA FIDC - SUBORDINADAS JÚNIOR,https://www.austin.com.br/Historico-Rating/1607/Activa_FIDC_-_Subordinadas_Júnior_,FIDCs,brCCC,,brCCC,2017-08-09,Confirmação,Estável,
2026-09-25,ACTIVA FIDC - SUBORDINADAS JÚNIOR,https://www.austin.com.br/Historico-Rating/1607/Activa_FIDC_-_Subordinadas_Júnior_,FIDCs,brCCC,,brCCC,2017-05-12,Confirmação,Estável,
2026-09-25,ACTIVA FIDC - SUBORDINADAS JÚNIOR,https://www.austin.com.br/Historico-Rating/1607/Activa_FIDC_-_Subordinadas_Júnior_,FIDCs,brCCC,,brCCC,2017-02-15,Confirmação,Estável,
2026-09-25,ACTIVA FIDC - SUBORDINADAS JÚNIOR,https://www.austin.com.br/Historico-Rating/1607/Activa_FIDC_-_Subordinadas_Júnior_,FIDCs,brCCC,,brCCC,2016-12-05,Confirmação,Estável,
2026-09-25,ACTIVA FIDC - SUBORDINADAS JÚNIOR,https://www.austin.com.br/Historico-Rating/1607/Activa_FIDC_-_Subordinadas_Júnior_,FIDCs,brCCC,,brCCC,2016-08-05,Confirmação,Estável,
2026-09-25,ACTIVA FIDC - SUBORDINADAS JÚNIOR,https://www.austin.com.br/Historico-Rating/1607/Activa_FIDC_-_Subordinadas_Júnior_,FIDCs,brCCC,,brCCC,2016-05-13,Confirmação,Estável,
2026-09-25,ACTIVA FIDC - SUBORDINADAS JÚNIOR,https://www.austin.com.br/Historico-Rating/1607/Activa_FIDC_-_Subordinadas_Júnior_,FIDCs,brCCC,,brCCC,2016-02-15,Observação Negativa,,
2026-09-25,ACTIVA FIDC - SUBORDINADAS JÚNIOR,https://www.austin.com.br/Historico-Rating/1607/Activa_FIDC_-_Subordinadas_Júnior_,FIDCs,brCCC,,brCCC,2015-11-12,Observação Negativa,,
2026-09-25,ACTIVA FIDC - SUBORDINADAS JÚNIOR,https://www.austin.com.br/Historico-Rating/1607/Activa_FIDC_-_Subordinadas_Júnior_,FIDCs,brCCC,,brCCC,2015-08-17,Observação Negativa,,
2026-09-25,ACTIVA FIDC - SUBORDINADAS JÚNIOR,https://www.austin.com.br/Historico-Rating/1607/Activa_FIDC_-_Subordinadas_Júnior_,FIDCs,brCCC,,brCCC,2015-05-15,Confirmação,Estável,
2026-09-25,ACTIVA FIDC - SUBORDINADAS JÚNIOR,https://www.austin.com.br/Historico-Rating/1607/Activa_FIDC_-_Subordinadas_Júnior_,FIDCs,brCCC,,brCCC,2015-02-11,Confirmação,Estável,
2026-09-25,ACTIVA FIDC - SUBORDINADAS JÚNIOR,https://www.austin.com.br/Historico-Rating/1607/Activa_FIDC_-_Subordinadas_Júnior_,FIDCs,brCCC,,brCCC,2014-11-12,Confirmação,Estável,
2026-09-25,ACTIVA FIDC - SUBORDINADAS JÚNIOR,https://www.austin.com.br/Historico-Rating/1607/Activa_FIDC_-_Subordinadas_Júnior_,FIDCs,brCCC,,brCCC,2014-08-15,Confirmação,Estável,
2026-09-25,ACTIVA FIDC - SUBORDINADAS JÚNIOR,https://www.austin.com.br/Historico-Rating/1607/Activa_FIDC_-_Subordinadas_Júnior_,FIDCs,brCCC,,brCCC,2014-04-28,Confirmação,Estável,
2026-09-25,ACTIVA FIDC - SUBORDINADAS JÚNIOR,https://www.austin.com.br/Historico-Rating/1607/Activa_FIDC_-_Subordinadas_Júnior_,FIDCs,brCCC,,brCCC,2013-11-22,Confirmação,Estável,
2026-09-25,ACTIVA FIDC - SUBORDINADAS JÚNIOR,https://www.austin.com.br/Historico-Rating/1607/Activa_FIDC_-_Subordinadas_Júnior_,FIDCs,brCCC,,brCCC,2013-06-28,Rating Inicial,Estável,
2026-09-25,AFINITTY FIC FIDC - SUBORDINADAS MEZANINO III,https://www.austin.com.br/Historico-Rating/4526/Afinitty_FIC_FIDC_-_Subordinadas_Mezanino_III_,FIDCs,brB-,,brB-,2024-05-15,Rating Inicial,Estável,https://www.austin.com.br/Relatorio/Rating/Afinitty_FIC_FIDC/10863
2026-09-25,AFINITTY FIC FIDC - SUBORDINADAS JÚNIOR,https://www.austin.com.br/Historico-Rating/4529/Afinitty_FIC_FIDC_-_Subordinadas_Júnior_,FIDCs,brCC,,brCC,2024-05-15,Confirmação,Estável,https://www.austin.com.br/Relatorio/Rating/Afinitty_FIC_FIDC/10866
2026-09-25,AFINITTY FIC FIDC - MEZANINO CLASSE A,https://www.austin.com.br/Historico-Rating/4528/Afinitty_FIC_FIDC_-_Mezanino_Classe_A_,FIDCs,brB-,,brB-,2024-05-15,Confirmação,Estável,https://www.austin.com.br/Relatorio/Rating/Afinitty_FIC_FIDC/10865
2026-09-25,AFINITTY FIC FIDC - SENIORES 1ª SÉRIE,https://www.austin.com.br/Historico-Rating/4527/Afinitty_FIC_FIDC_-_Seniores_1ª_série,FIDCs,brB+,,brB+,2024-05-15,Confirmação,Estável,https://www.austin.com.br/Relatorio/Rating/Afinitty_FIC_FIDC/10864
2026-09-25,AFINITTY FIC FIDC - SUBORDINADAS MEZANINO II,https://www.austin.com.br/Historico-Rating/4457/Afinitty_FIC_FIDC_-_Subordinadas_Mezanino_II_,FIDCs,brB-,,brB-,2024-05-15,Confirmação,Estável,
2026-09-25,AFINITTY FIC FIDC - SUBORDINADAS MEZANINO II,https://www.austin.com.br/Historico-Rating/4457/Afinitty_FIC_FIDC_-_Subordinadas_Mezanino_II_,FIDCs,brB-,,brB-,2024-02-07,Rating Inicial,Estável,
2026-09-25,AFINITTY FIC FIDC - SENIORES 2ª SÉRIE,https://www.austin.com.br/Historico-Rating/4456/Afinitty_FIC_FIDC_-_Seniores_2ª_série,FIDCs,brB+,,brB+,2024-05-15,Confirmação,Estável,
2026-09-25,AFINITTY FIC FIDC - SENIORES 2ª SÉRIE,https://www.austin.com.br/Historico-Rating/4456/Afinitty_FIC_FIDC_-_Seniores_2ª_série,FIDCs,brB+,,brB+,2024-02-07,Rating Inicial,Estável,
2026-09-25,AFINITTY FIC FIDC - SENIORES 3ª SÉRIE,https://www.austin.com.br/Historico-Rating/4525/Afinitty_FIC_FIDC_-_Seniores_3ª_série,FIDCs,brB+,,brB+,2024-05-15,Rating Inicial,Estável,https://www.austin.com.br/Relatorio/Rating/Afinitty_FIC_FIDC/10862
2026-09-25,AGROCRED IB I FIDC - SUBORDINADAS JÚNIOR,https://www.austin.com.br/Historico-Rating/3943/Agrocred_IB_I_FIDC_-_Subordinadas_Júnior_,FIDCs,brB+,,brB+,2022-08-22,Confirmação,Estável,
2026-09-25,AGROCRED IB I FIDC - SUBORDINADAS JÚNIOR,https://www.austin.com.br/Historico-Rating/3943/Agrocred_IB_I_FIDC_-_Subordinadas_Júnior_,FIDCs,brB+,,brB+,2022-06-10,Confirmação,Estável,https://www.austin.com.br/Relatorio/Rating/Agrocred_IB_I_FIDC/10403
2026-09-25,AGROCRED IB I FIDC - SUBORDINADAS JÚNIOR,https://www.austin.com.br/Historico-Rating/3943/Agrocred_IB_I_FIDC_-_Subordinadas_Júnior_,FIDCs,brB+,,brB+,2021-12-10,Rating Inicial,Estável,
2026-09-25,AFINITTY MF FIDC (ELETRO FIDC) - SENIORES ÚNICA,https://www.austin.com.br/Historico-Rating/2365/Afinitty_MF_FIDC_(Eletro_FIDC)_-_Seniores_Única,FIDCs,brCC,,brCC,2022-09-15,Confirmação,Estável,
2026-09-25,AFINITTY MF FIDC (ELETRO FIDC) - SENIORES ÚNICA,https://www.austin.com.br/Historico-Rating/2365/Afinitty_MF_FIDC_(Eletro_FIDC)_-_Seniores_Única,FIDCs,brBBB+,,brBBB+,2019-08-06,Encerramento,,https://www.austin.com.br/Relatorio/Rating/Afinitty_MF_FIDC_(Eletro_FIDC)/9135
2026-09-25,AFINITTY MF FIDC (ELETRO FIDC) - SENIORES ÚNICA,https://www.austin.com.br/Historico-Rating/2365/Afinitty_MF_FIDC_(Eletro_FIDC)_-_Seniores_Única,FIDCs,brBBB+,,brBBB+,2019-05-20,Confirmação,Estável,
2026-09-25,AFINITTY MF FIDC (ELETRO FIDC) - SENIORES ÚNICA,https://www.austin.com.br/Historico-Rating/2365/Afinitty_MF_FIDC_(Eletro_FIDC)_-_Seniores_Única,FIDCs,brBBB+,,brBBB+,2019-02-15,Confirmação,Estável,
2026-09-25,AFINITTY MF FIDC (ELETRO FIDC) - SENIORES ÚNICA,https://www.austin.com.br/Historico-Rating/2365/Afinitty_MF_FIDC_(Eletro_FIDC)_-_Seniores_Única,FIDCs,brBBB+,,brBBB+,2018-11-13,Confirmação,Estável,
2026-09-25,AFINITTY MF FIDC (ELETRO FIDC) - SENIORES ÚNICA,https://www.austin.com.br/Historico-Rating/2365/Afinitty_MF_FIDC_(Eletro_FIDC)_-_Seniores_Única,FIDCs,brBBB+,,brBBB+,2018-08-15,Rebaixamento,Estável,
2026-09-25,AFINITTY MF FIDC (ELETRO FIDC) - SENIORES ÚNICA,https://www.austin.com.br/Historico-Rating/2365/Afinitty_MF_FIDC_(Eletro_FIDC)_-_Seniores_Única,FIDCs,brA-,,brA-,2017-08-15,Confirmação,Estável,
2026-09-25,AFINITTY MF FIDC (ELETRO FIDC) - SENIORES ÚNICA,https://www.austin.com.br/Historico-Rating/2365/Afinitty_MF_FIDC_(Eletro_FIDC)_-_Seniores_Única,FIDCs,brA-,,brA-,2017-05-16,Confirmação,Estável,
2026-09-25,AFINITTY MF FIDC (ELETRO FIDC) - SENIORES ÚNICA,https://www.austin.com.br/Historico-Rating/2365/Afinitty_MF_FIDC_(Eletro_FIDC)_-_Seniores_Única,FIDCs,brA-,,brA-,2017-02-24,Confirmação,Estável,
2026-09-25,AFINITTY MF FIDC (ELETRO FIDC) - SENIORES ÚNICA,https://www.austin.com.br/Historico-Rating/2365/Afinitty_MF_FIDC_(Eletro_FIDC)_-_Seniores_Única,FIDCs,brA-,,brA-,2016-01-26,Rating Inicial,Estável,
2026-09-25,AFINITTY MF FIDC (ELETRO FIDC) - ÚNICA,https://www.austin.com.br/Historico-Rating/2646/Afinitty_MF_FIDC_(Eletro_FIDC)_-_Única_,FIDCs,brCCC,,brCCC,2020-04-02,Observação Negativa,,https://www.austin.com.br/Relatorio/Rating/Afinitty_MF_FIDC_(Eletro_FIDC)/9713
2026-09-25,AFINITTY MF FIDC (ELETRO FIDC) - ÚNICA,https://www.austin.com.br/Historico-Rating/2646/Afinitty_MF_FIDC_(Eletro_FIDC)_-_Única_,FIDCs,brCCC,,brCCC,2020-02-26,Confirmação,Estável,
2026-09-25,AFINITTY MF FIDC (ELETRO FIDC) - ÚNICA,https://www.austin.com.br/Historico-Rating/2646/Afinitty_MF_FIDC_(Eletro_FIDC)_-_Única_,FIDCs,brCCC,,brCCC,2019-11-11,Elevação,Estável,
2026-09-25,AFINITTY MF FIDC (ELETRO FIDC) - ÚNICA,https://www.austin.com.br/Historico-Rating/2646/Afinitty_MF_FIDC_(Eletro_FIDC)_-_Única_,FIDCs,brCC,,brCC,2019-08-06,Confirmação,Estável,
2026-09-25,AFINITTY MF FIDC (ELETRO FIDC) - ÚNICA,https://www.austin.com.br/Historico-Rating/2646/Afinitty_MF_FIDC_(Eletro_FIDC)_-_Única_,FIDCs,brCC,,brCC,2019-05-20,Confirmação,Estável,
2026-09-25,AFINITTY MF FIDC (ELETRO FIDC) - ÚNICA,https://www.austin.com.br/Historico-Rating/2646/Afinitty_MF_FIDC_(Eletro_FIDC)_-_Única_,FIDCs,brCC,,brCC,2019-02-15,Confirmação,Estável,
2026-09-25,AFINITTY MF FIDC (ELETRO FIDC) - ÚNICA,https://www.austin.com.br/Historico-Rating/2646/Afinitty_MF_FIDC_(Eletro_FIDC)_-_Única_,FIDCs,brCC,,brCC,2018-11-13,Confirmação,Estável,
2026-09-25,AFINITTY MF FIDC (ELETRO FIDC) - ÚNICA,https://www.austin.com.br/Historico-Rating/2646/Afinitty_MF_FIDC_(Eletro_FIDC)_-_Única_,FIDCs,brCC,,brCC,2018-08-15,Confirmação,Estável,
2026-09-25,AFINITTY MF FIDC (ELETRO FIDC) - ÚNICA,https://www.austin.com.br/Historico-Rating/2646/Afinitty_MF_FIDC_(Eletro_FIDC)_-_Única_,FIDCs,brCC,,brCC,2017-08-15,Confirmação,Estável,
2026-09-25,AFINITTY MF FIDC (ELETRO FIDC) - ÚNICA,https://www.austin.com.br/Historico-Rating/2646/Afinitty_MF_FIDC_(Eletro_FIDC)_-_Única_,FIDCs,brCC,,brCC,2017-05-16,Confirmação,Estável,
2026-09-25,AFINITTY MF FIDC (ELETRO FIDC) - ÚNICA,https://www.austin.com.br/Historico-Rating/2646/Afinitty_MF_FIDC_(Eletro_FIDC)_-_Única_,FIDCs,brCC,,brCC,2017-02-24,Confirmação,Estável,
2026-09-25,AGP FIDC - SUBORDINADAS JÚNIOR,https://www.austin.com.br/Historico-Rating/2507/AGP_FIDC_-_Subordinadas_Júnior_,FIDCs,brCC,,brCC,2019-08-06,Confirmação,Estável,https://www.austin.com.br/Relatorio/Rating/AGP_FIDC/9178
2026-09-25,AGP FIDC - SUBORDINADAS JÚNIOR,https://www.austin.com.br/Historico-Rating/2507/AGP_FIDC_-_Subordinadas_Júnior_,FIDCs,brCC,,brCC,2019-05-03,Confirmação,Estável,
2026-09-25,AGP FIDC - SUBORDINADAS JÚNIOR,https://www.austin.com.br/Historico-Rating/2507/AGP_FIDC_-_Subordinadas_Júnior_,FIDCs,brCC,,brCC,2019-02-01,Confirmação,Estável,
2026-09-25,AGP FIDC - SUBORDINADAS JÚNIOR,https://www.austin.com.br/Historico-Rating/2507/AGP_FIDC_-_Subordinadas_Júnior_,FIDCs,brCC,,brCC,2018-10-30,Confirmação,Estável,
2026-09-25,AGP FIDC - SUBORDINADAS JÚNIOR,https://www.austin.com.br/Historico-Rating/2507/AGP_FIDC_-_Subordinadas_Júnior_,FIDCs,brCC,,brCC,2018-07-30,Confirmação,Estável,
2026-09-25,AGP FIDC - SUBORDINADAS JÚNIOR,https://www.austin.com.br/Historico-Rating/2507/AGP_FIDC_-_Subordinadas_Júnior_,FIDCs,brCC,,brCC,2018-05-23,Confirmação,Estável,
2026-09-25,AGP FIDC - SUBORDINADAS JÚNIOR,https://www.austin.com.br/Historico-Rating/2507/AGP_FIDC_-_Subordinadas_Júnior_,FIDCs,brCC,,brCC,2018-02-09,Confirmação,Estável,
2026-09-25,AGP FIDC - SUBORDINADAS JÚNIOR,https://www.austin.com.br/Historico-Rating/2507/AGP_FIDC_-_Subordinadas_Júnior_,FIDCs,brCC,,brCC,2017-11-14,Confirmação,Estável,
2026-09-25,AGP FIDC - SUBORDINADAS JÚNIOR,https://www.austin.com.br/Historico-Rating/2507/AGP_FIDC_-_Subordinadas_Júnior_,FIDCs,brCC,,brCC,2017-08-09,Confirmação,Estável,
2026-09-25,AGP FIDC - SUBORDINADAS JÚNIOR,https://www.austin.com.br/Historico-Rating/2507/AGP_FIDC_-_Subordinadas_Júnior_,FIDCs,brCC,,brCC,2017-05-12,Confirmação,Estável,
2026-09-25,AGP FIDC - SUBORDINADAS JÚNIOR,https://www.austin.com.br/Historico-Rating/2507/AGP_FIDC_-_Subordinadas_Júnior_,FIDCs,brCC,,brCC,2017-02-15,Confirmação,Estável,
2026-09-25,AGP FIDC - SUBORDINADAS JÚNIOR,https://www.austin.com.br/Historico-Rating/2507/AGP_FIDC_-_Subordinadas_Júnior_,FIDCs,brCC,,brCC,2016-08-29,Rating Inicial,Estável,
2026-09-25,ALION MZ FIC FIDC - SUBORDINADAS JÚNIOR,https://www.austin.com.br/Historico-Rating/4249/Alion_MZ_FIC_FIDC_-_Subordinadas_Júnior_,FIDCs,brBB-,,brBB-,2025-02-14,Confirmação,Estável,https://www.austin.com.br/Relatorio/Rating/Alion_MZ_FIC_FIDC/10627
2026-09-25,AGROCRED IB I FIDC - SUBORDINADAS MEZANINO,https://www.austin.com.br/Historico-Rating/3942/Agrocred_IB_I_FIDC_-_Subordinadas_Mezanino_,FIDCs,brBBB-,,brBBB-,2022-08-22,Confirmação,Estável,
2026-09-25,AGROCRED IB I FIDC - SUBORDINADAS MEZANINO,https://www.austin.com.br/Historico-Rating/3942/Agrocred_IB_I_FIDC_-_Subordinadas_Mezanino_,FIDCs,brBBB-,,brBBB-,2022-06-10,Confirmação,Estável,https://www.austin.com.br/Relatorio/Rating/Agrocred_IB_I_FIDC/10402
2026-09-25,AGROCRED IB I FIDC - SUBORDINADAS MEZANINO,https://www.austin.com.br/Historico-Rating/3942/Agrocred_IB_I_FIDC_-_Subordinadas_Mezanino_,FIDCs,brBBB-,,brBBB-,2021-12-10,Rating Inicial,Estável,
2026-09-25,ALLSEC FIDC  - SUBORDINADAS JÚNIOR,https://www.austin.com.br/Historico-Rating/3685/Allsec_FIDC__-_Subordinadas_Júnior_,FIDCs,brB-,,brB-,2020-12-07,Rating Preliminar,,https://www.austin.com.br/Relatorio/Rating/Allsec_FIDC_/10116
2026-09-25,AGROCRED IB I FIDC - SENIORES 1ª SÉRIE,https://www.austin.com.br/Historico-Rating/3941/Agrocred_IB_I_FIDC_-_Seniores_1ª_série,FIDCs,brA,,brA,2022-08-22,Confirmação,Estável,
2026-09-25,AGROCRED IB I FIDC - SENIORES 1ª SÉRIE,https://www.austin.com.br/Historico-Rating/3941/Agrocred_IB_I_FIDC_-_Seniores_1ª_série,FIDCs,brA,,brA,2022-06-10,Confirmação,Estável,https://www.austin.com.br/Relatorio/Rating/Agrocred_IB_I_FIDC/10401
2026-09-25,AGROCRED IB I FIDC - SENIORES 1ª SÉRIE,https://www.austin.com.br/Historico-Rating/3941/Agrocred_IB_I_FIDC_-_Seniores_1ª_série,FIDCs,brA,,brA,2021-12-10,Rating Inicial,Estável,
2026-09-25,AL CREDIT FIDC NP  - SUBORDINADAS,https://www.austin.com.br/Historico-Rating/1728/Al_Credit_FIDC_NP__-_Subordinadas_,FIDCs,brC,,brC,2020-04-02,Observação Negativa,,https://www.austin.com.br/Relatorio/Rating/Al_Credit_FIDC_NP_/9714
2026-09-25,AL CREDIT FIDC NP  - SUBORDINADAS,https://www.austin.com.br/Historico-Rating/1728/Al_Credit_FIDC_NP__-_Subordinadas_,FIDCs,brC,,brC,2020-02-10,Confirmação,Estável,
2026-09-25,AL CREDIT FIDC NP  - SUBORDINADAS,https://www.austin.com.br/Historico-Rating/1728/Al_Credit_FIDC_NP__-_Subordinadas_,FIDCs,brC,,brC,2019-11-14,Confirmação,Estável,
2026-09-25,AL CREDIT FIDC NP  - SUBORDINADAS,https://www.austin.com.br/Historico-Rating/1728/Al_Credit_FIDC_NP__-_Subordinadas_,FIDCs,brC,,brC,2019-07-26,Confirmação,Estável,
2026-09-25,AL CREDIT FIDC NP  - SUBORDINADAS,https://www.austin.com.br/Historico-Rating/1728/Al_Credit_FIDC_NP__-_Subordinadas_,FIDCs,brC,,brC,2019-05-10,Confirmação,Estável,
2026-09-25,AL CREDIT FIDC NP  - SUBORDINADAS,https://www.austin.com.br/Historico-Rating/1728/Al_Credit_FIDC_NP__-_Subordinadas_,FIDCs,brC,,brC,2019-02-15,Confirmação,Estável,
2026-09-25,AL CREDIT FIDC NP  - SUBORDINADAS,https://www.austin.com.br/Historico-Rating/1728/Al_Credit_FIDC_NP__-_Subordinadas_,FIDCs,brC,,brC,2018-08-01,Confirmação,Estável,
2026-09-25,AL CREDIT FIDC NP  - SUBORDINADAS,https://www.austin.com.br/Historico-Rating/1728/Al_Credit_FIDC_NP__-_Subordinadas_,FIDCs,brC,,brC,2018-05-09,Confirmação,Estável,
2026-09-25,AL CREDIT FIDC NP  - SUBORDINADAS,https://www.austin.com.br/Historico-Rating/1728/Al_Credit_FIDC_NP__-_Subordinadas_,FIDCs,brC,,brC,2018-02-09,Confirmação,Estável,
2026-09-25,AL CREDIT FIDC NP  - SUBORDINADAS,https://www.austin.com.br/Historico-Rating/1728/Al_Credit_FIDC_NP__-_Subordinadas_,FIDCs,brC,,brC,2017-11-01,Confirmação,Estável,
2026-09-25,AL CREDIT FIDC NP  - SUBORDINADAS,https://www.austin.com.br/Historico-Rating/1728/Al_Credit_FIDC_NP__-_Subordinadas_,FIDCs,brD,,brD,2017-08-18,Confirmação,,
2026-09-25,AL CREDIT FIDC NP  - SUBORDINADAS,https://www.austin.com.br/Historico-Rating/1728/Al_Credit_FIDC_NP__-_Subordinadas_,FIDCs,brD,,brD,2017-02-15,Confirmação,,
2026-09-25,AL CREDIT FIDC NP  - SUBORDINADAS,https://www.austin.com.br/Historico-Rating/1728/Al_Credit_FIDC_NP__-_Subordinadas_,FIDCs,brD,,brD,2016-11-21,Confirmação,,
2026-09-25,AL CREDIT FIDC NP  - SUBORDINADAS,https://www.austin.com.br/Historico-Rating/1728/Al_Credit_FIDC_NP__-_Subordinadas_,FIDCs,brD,,brD,2016-08-15,Rebaixamento,,
2026-09-25,AL CREDIT FIDC NP  - SUBORDINADAS,https://www.austin.com.br/Historico-Rating/1728/Al_Credit_FIDC_NP__-_Subordinadas_,FIDCs,brC,,brC,2016-05-20,Confirmação,Negativa,
2026-09-25,AL CREDIT FIDC NP  - SUBORDINADAS,https://www.austin.com.br/Historico-Rating/1728/Al_Credit_FIDC_NP__-_Subordinadas_,FIDCs,brCC,,brCC,2015-08-14,Observação Negativa,,
2026-09-25,AL CREDIT FIDC NP  - SUBORDINADAS,https://www.austin.com.br/Historico-Rating/1728/Al_Credit_FIDC_NP__-_Subordinadas_,FIDCs,brCC,,brCC,2015-05-13,Confirmação,Estável,
2026-09-25,AL CREDIT FIDC NP  - SUBORDINADAS,https://www.austin.com.br/Historico-Rating/1728/Al_Credit_FIDC_NP__-_Subordinadas_,FIDCs,brCC,,brCC,2015-02-11,Confirmação,Estável,
2026-09-25,AL CREDIT FIDC NP  - SUBORDINADAS,https://www.austin.com.br/Historico-Rating/1728/Al_Credit_FIDC_NP__-_Subordinadas_,FIDCs,brCC,,brCC,2014-11-14,Confirmação,Estável,
2026-09-25,AL CREDIT FIDC NP  - SUBORDINADAS,https://www.austin.com.br/Historico-Rating/1728/Al_Credit_FIDC_NP__-_Subordinadas_,FIDCs,brCC,,brCC,2014-06-18,Confirmação,Estável,
2026-09-25,AL CREDIT FIDC NP  - SUBORDINADAS,https://www.austin.com.br/Historico-Rating/1728/Al_Credit_FIDC_NP__-_Subordinadas_,FIDCs,brCC,,brCC,2013-10-31,Rating Inicial,Estável,
2026-09-25,ALLSEC FIDC  - SENIORES 1ª SÉRIE,https://www.austin.com.br/Historico-Rating/3684/Allsec_FIDC__-_Seniores_1ª_série,FIDCs,brA-,,brA-,2020-12-07,Rating Preliminar,,https://www.austin.com.br/Relatorio/Rating/Allsec_FIDC_/10115
2026-09-25,ALION MZ FIC FIDC - SENIORES ÚNICA,https://www.austin.com.br/Historico-Rating/4248/Alion_MZ_FIC_FIDC_-_Seniores_Única,FIDCs,brBBB,,brBBB,2025-02-14,Confirmação,Estável,https://www.austin.com.br/Relatorio/Rating/Alion_MZ_FIC_FIDC/10626
2026-09-25,ALLUGG FIDC - SUBORDINADAS MEZANINO,https://www.austin.com.br/Historico-Rating/5182/Allugg_FIDC_-_Subordinadas_Mezanino_,FIDCs,brB+,,brB+,2026-04-29,Elevação,Estável,https://www.austin.com.br/Relatorio/Rating/Allugg_FIDC/11590
2026-09-25,ALLUGG FIDC - SENIORES ÚNICA,https://www.austin.com.br/Historico-Rating/5181/Allugg_FIDC_-_Seniores_Única,FIDCs,brBBB,,brBBB,2026-04-29,Elevação,Estável,https://www.austin.com.br/Relatorio/Rating/Allugg_FIDC/11589
2026-09-25,ALUME FIDC - 1ª E 2ª SÉRIES - SENIORES ÚNICA,https://www.austin.com.br/Historico-Rating/4055/Alume_FIDC_-_1ª_e_2ª_Séries_-_Seniores_Única,FIDCs,brAA-,,brAA-,2024-05-17,Confirmação,Estável,https://www.austin.com.br/Relatorio/Rating/Alume_FIDC_-_1ª_e_2ª_Séries/10868
2026-09-25,ALUME FIDC - 1ª E 2ª SÉRIES - SENIORES ÚNICA,https://www.austin.com.br/Historico-Rating/4055/Alume_FIDC_-_1ª_e_2ª_Séries_-_Seniores_Única,FIDCs,brAA-,,brAA-,2022-06-30,Rating Inicial,Estável,
2026-09-25,ALUME FIDC - SUBORDINADAS,https://www.austin.com.br/Historico-Rating/4056/Alume_FIDC_-_Subordinadas_,FIDCs,brBB+,,brBB+,2024-05-17,Confirmação,Estável,https://www.austin.com.br/Relatorio/Rating/Alume_FIDC/10869
2026-09-25,ALUME FIDC - SUBORDINADAS,https://www.austin.com.br/Historico-Rating/4056/Alume_FIDC_-_Subordinadas_,FIDCs,brBB+,,brBB+,2022-06-30,Rating Inicial,Estável,
2026-09-25,ALUME FIDC - 3ª E 4ª SÉRIES - SENIORES 3ª SÉRIE,https://www.austin.com.br/Historico-Rating/4530/Alume_FIDC_-_3ª_e_4ª_Séries_-_Seniores_3ª_série,FIDCs,brAA-,,brAA-,2024-05-17,Rating Inicial,Estável,https://www.austin.com.br/Relatorio/Rating/Alume_FIDC_-_3ª_e_4ª_Séries/10867
2026-09-25,ALVORADA I FIDC - SUBORDINADAS MEZANINO,https://www.austin.com.br/Historico-Rating/5141/Alvorada_I_FIDC_-_Subordinadas_Mezanino_,FIDCs,brBBB-,,brBBB-,2026-02-26,Rating Inicial,Estável,https://www.austin.com.br/Relatorio/Rating/Alvorada_I_FIDC/11550
2026-09-25,ALVORADA I FIDC - SUBORDINADAS JÚNIOR,https://www.austin.com.br/Historico-Rating/5142/Alvorada_I_FIDC_-_Subordinadas_Júnior_,FIDCs,brB-,,brB-,2026-02-26,Rating Inicial,Estável,https://www.austin.com.br/Relatorio/Rating/Alvorada_I_FIDC/11551
2026-09-25,ALVORADA I FIDC - SENIORES ÚNICA,https://www.austin.com.br/Historico-Rating/5140/Alvorada_I_FIDC_-_Seniores_Única,FIDCs,brA,,brA,2026-02-26,Rating Inicial,Estável,https://www.austin.com.br/Relatorio/Rating/Alvorada_I_FIDC/11549
2026-09-25,AMAZONAS FIDC - SUBORDINADAS MEZANINO V,https://www.austin.com.br/Historico-Rating/3481/Amazonas_FIDC_-_Subordinadas_Mezanino_V_,FIDCs,brBB+,,brBB+,2020-08-31,Rating Inicial,Estável,https://www.austin.com.br/Relatorio/Rating/Amazonas_FIDC/9692
2026-09-25,AMAZONAS FIDC - SUBORDINADAS MEZANINO III,https://www.austin.com.br/Historico-Rating/3479/Amazonas_FIDC_-_Subordinadas_Mezanino_III_,FIDCs,brBBB,,brBBB,2020-08-31,Rating Inicial,Estável,https://www.austin.com.br/Relatorio/Rating/Amazonas_FIDC/9690
2026-09-25,AMAZONAS ENERGIA FIDC - SUBORDINADAS JÚNIOR,https://www.austin.com.br/Historico-Rating/3605/Amazonas_Energia_FIDC_-_Subordinadas_Júnior_,FIDCs,brBB-,,brBB-,2020-08-31,Rating Inicial,Estável,
2026-09-25,AMAZONAS FIDC - SUBORDINADAS MEZANINO IV,https://www.austin.com.br/Historico-Rating/3480/Amazonas_FIDC_-_Subordinadas_Mezanino_IV_,FIDCs,brBBB-,,brBBB-,2020-08-31,Rating Inicial,Estável,https://www.austin.com.br/Relatorio/Rating/Amazonas_FIDC/9691
2026-09-25,AMAZONAS FIDC - SENIORES ÚNICA,https://www.austin.com.br/Historico-Rating/3476/Amazonas_FIDC_-_Seniores_Única,FIDCs,brAA-,,brAA-,2020-08-31,Rating Inicial,Estável,https://www.austin.com.br/Relatorio/Rating/Amazonas_FIDC/9687
2026-09-25,AMAZONAS FIDC - SUBORDINADAS MEZANINO II,https://www.austin.com.br/Historico-Rating/3478/Amazonas_FIDC_-_Subordinadas_Mezanino_II_,FIDCs,brBBB+,,brBBB+,2020-08-31,Rating Inicial,Estável,https://www.austin.com.br/Relatorio/Rating/Amazonas_FIDC/9689
2026-09-25,AMAZONAS FIDC - SUBORDINADAS MEZANINO I,https://www.austin.com.br/Historico-Rating/3477/Amazonas_FIDC_-_Subordinadas_Mezanino_I_,FIDCs,brA-,,brA-,2020-08-31,Rating Inicial,Estável,https://www.austin.com.br/Relatorio/Rating/Amazonas_FIDC/9688
2026-09-25,ANTECIPA FIDC NP MULTISSETORIAL - SUBORDINADAS JÚNIOR,https://www.austin.com.br/Historico-Rating/3264/Antecipa_FIDC_NP_Multissetorial_-_Subordinadas_Júnior_,FIDCs,brC,,brC,2022-09-09,Confirmação,Estável,
2026-09-25,ANTECIPA FIDC NP MULTISSETORIAL - SUBORDINADAS JÚNIOR,https://www.austin.com.br/Historico-Rating/3264/Antecipa_FIDC_NP_Multissetorial_-_Subordinadas_Júnior_,FIDCs,brCC,,brCC,2020-04-02,Observação Negativa,,https://www.austin.com.br/Relatorio/Rating/Antecipa_FIDC_NP_Multissetorial/9716
2026-09-25,ANTECIPA FIDC NP MULTISSETORIAL - SUBORDINADAS JÚNIOR,https://www.austin.com.br/Historico-Rating/3264/Antecipa_FIDC_NP_Multissetorial_-_Subordinadas_Júnior_,FIDCs,brCC,,brCC,2020-02-17,Rebaixamento,Estável,
2026-09-25,ANTECIPA FIDC NP MULTISSETORIAL - SUBORDINADAS JÚNIOR,https://www.austin.com.br/Historico-Rating/3264/Antecipa_FIDC_NP_Multissetorial_-_Subordinadas_Júnior_,FIDCs,brCCC,,brCCC,2019-11-14,Observação Negativa,,
2026-09-25,ANTECIPA FIDC NP MULTISSETORIAL - SUBORDINADAS JÚNIOR,https://www.austin.com.br/Historico-Rating/3264/Antecipa_FIDC_NP_Multissetorial_-_Subordinadas_Júnior_,FIDCs,brCCC,,brCCC,2019-08-15,Observação Negativa,,
2026-09-25,ANTECIPA FIDC NP MULTISSETORIAL - SUBORDINADAS JÚNIOR,https://www.austin.com.br/Historico-Rating/3264/Antecipa_FIDC_NP_Multissetorial_-_Subordinadas_Júnior_,FIDCs,brCCC,,brCCC,2019-05-14,Observação Negativa,,
2026-09-25,ANACLETO FIDC  - ÚNICA,https://www.austin.com.br/Historico-Rating/3705/Anacleto_FIDC__-_Única_,FIDCs,brCC,,brCC,2021-02-22,Observação Positiva,Estável,
2026-09-25,APPALOOSA FIDC - SUBORDINADAS MEZANINO,https://www.austin.com.br/Historico-Rating/4649/APPALOOSA_FIDC_-_Subordinadas_Mezanino_,FIDCs,brBB+,,brBB+,2024-08-08,Confirmação,Estável,https://www.austin.com.br/Relatorio/Rating/APPALOOSA_FIDC/11021
2026-09-25,ANGÁ SABEMI VIII.I FIC FIDC - SENIORES 1ª SÉRIE,https://www.austin.com.br/Historico-Rating/3046/Angá_Sabemi_VIIII_FIC_FIDC_-_Seniores_1ª_série,FIDCs,brAA-,,brAA-,2020-02-13,Confirmação,Estável,https://www.austin.com.br/Relatorio/Rating/Angá_Sabemi_VIIII_FIC_FIDC/9628
2026-09-25,ANGÁ SABEMI VIII.I FIC FIDC - SENIORES 1ª SÉRIE,https://www.austin.com.br/Historico-Rating/3046/Angá_Sabemi_VIIII_FIC_FIDC_-_Seniores_1ª_série,FIDCs,brAA-,,brAA-,2019-11-27,Confirmação,Estável,
2026-09-25,ANGÁ SABEMI VIII.I FIC FIDC - SENIORES 1ª SÉRIE,https://www.austin.com.br/Historico-Rating/3046/Angá_Sabemi_VIIII_FIC_FIDC_-_Seniores_1ª_série,FIDCs,brAA-,,brAA-,2019-09-04,Confirmação,Estável,
2026-09-25,ANGÁ SABEMI VIII.I FIC FIDC - SENIORES 1ª SÉRIE,https://www.austin.com.br/Historico-Rating/3046/Angá_Sabemi_VIIII_FIC_FIDC_-_Seniores_1ª_série,FIDCs,brAA-,,brAA-,2019-05-27,Confirmação,Estável,
2026-09-25,ANGÁ SABEMI VIII.I FIC FIDC - SENIORES 1ª SÉRIE,https://www.austin.com.br/Historico-Rating/3046/Angá_Sabemi_VIIII_FIC_FIDC_-_Seniores_1ª_série,FIDCs,brAA-,,brAA-,2019-02-15,Confirmação,Estável,
2026-09-25,ANGÁ SABEMI VIII.I FIC FIDC - SENIORES 1ª SÉRIE,https://www.austin.com.br/Historico-Rating/3046/Angá_Sabemi_VIIII_FIC_FIDC_-_Seniores_1ª_série,FIDCs,brAA-,,brAA-,2018-11-12,Confirmação,Estável,
2026-09-25,ANGÁ SABEMI VIII.I FIC FIDC - SENIORES 1ª SÉRIE,https://www.austin.com.br/Historico-Rating/3046/Angá_Sabemi_VIIII_FIC_FIDC_-_Seniores_1ª_série,FIDCs,brAA-,,brAA-,2018-06-05,Rating Inicial,Estável,
2026-09-25,APUAMA CAPITAL GESTORA DE RECURSOS LTDA.,https://www.austin.com.br/Historico-Rating/4425/Apuama_Capital_Gestora_de_Recursos_Ltda,Gestão,QG3,,QG3,2024-03-21,Rating Inicial,Estável,https://www.austin.com.br/Relatorio/Rating/Apuama_Capital_Gestora_de_Recursos_Ltda/10795
2026-09-25,AQUIRAZ FIC FIDC - SUBORDINADAS MEZANINO III,https://www.austin.com.br/Historico-Rating/2824/Aquiraz_FIC_FIDC_-_Subordinadas_Mezanino_III_,FIDCs,brCCC,,brCCC,2024-07-01,Confirmação,Estável,https://www.austin.com.br/Relatorio/Rating/Aquiraz_FIC_FIDC/10959
2026-09-25,AQUIRAZ FIC FIDC - SUBORDINADAS MEZANINO III,https://www.austin.com.br/Historico-Rating/2824/Aquiraz_FIC_FIDC_-_Subordinadas_Mezanino_III_,FIDCs,brCCC,,brCCC,2020-04-02,Observação Negativa,,
2026-09-25,AQUIRAZ FIC FIDC - SUBORDINADAS MEZANINO III,https://www.austin.com.br/Historico-Rating/2824/Aquiraz_FIC_FIDC_-_Subordinadas_Mezanino_III_,FIDCs,brCCC,,brCCC,2019-08-02,Confirmação,Estável,
2026-09-25,AQUIRAZ FIC FIDC - SUBORDINADAS MEZANINO III,https://www.austin.com.br/Historico-Rating/2824/Aquiraz_FIC_FIDC_-_Subordinadas_Mezanino_III_,FIDCs,brCCC,,brCCC,2019-05-08,Confirmação,Estável,
2026-09-25,AQUIRAZ FIC FIDC - SUBORDINADAS MEZANINO III,https://www.austin.com.br/Historico-Rating/2824/Aquiraz_FIC_FIDC_-_Subordinadas_Mezanino_III_,FIDCs,brCCC,,brCCC,2019-02-04,Confirmação,Estável,
2026-09-25,AQUIRAZ FIC FIDC - SUBORDINADAS MEZANINO III,https://www.austin.com.br/Historico-Rating/2824/Aquiraz_FIC_FIDC_-_Subordinadas_Mezanino_III_,FIDCs,brCCC,,brCCC,2018-06-27,Confirmação,Estável,
2026-09-25,AQUIRAZ FIC FIDC - SUBORDINADAS MEZANINO III,https://www.austin.com.br/Historico-Rating/2824/Aquiraz_FIC_FIDC_-_Subordinadas_Mezanino_III_,FIDCs,brCCC,,brCCC,2018-03-08,Confirmação,Estável,
2026-09-25,AQUIRAZ FIC FIDC - SUBORDINADAS MEZANINO III,https://www.austin.com.br/Historico-Rating/2824/Aquiraz_FIC_FIDC_-_Subordinadas_Mezanino_III_,FIDCs,brCCC,,brCCC,2017-11-17,Rating Inicial,Estável,
2026-09-25,AQUIRAZ FIC FIDC - SUBORDINADAS JÚNIOR,https://www.austin.com.br/Historico-Rating/2638/Aquiraz_FIC_FIDC_-_Subordinadas_Júnior_,FIDCs,brCC,,brCC,2024-07-01,Confirmação,Estável,https://www.austin.com.br/Relatorio/Rating/Aquiraz_FIC_FIDC/10956
2026-09-25,AQUIRAZ FIC FIDC - SUBORDINADAS JÚNIOR,https://www.austin.com.br/Historico-Rating/2638/Aquiraz_FIC_FIDC_-_Subordinadas_Júnior_,FIDCs,brCC,,brCC,2020-04-02,Observação Negativa,,
2026-09-25,AQUIRAZ FIC FIDC - SUBORDINADAS JÚNIOR,https://www.austin.com.br/Historico-Rating/2638/Aquiraz_FIC_FIDC_-_Subordinadas_Júnior_,FIDCs,brCC,,brCC,2019-08-02,Confirmação,Estável,
2026-09-25,AQUIRAZ FIC FIDC - SUBORDINADAS JÚNIOR,https://www.austin.com.br/Historico-Rating/2638/Aquiraz_FIC_FIDC_-_Subordinadas_Júnior_,FIDCs,brCC,,brCC,2019-05-08,Confirmação,Estável,
2026-09-25,AQUIRAZ FIC FIDC - SUBORDINADAS JÚNIOR,https://www.austin.com.br/Historico-Rating/2638/Aquiraz_FIC_FIDC_-_Subordinadas_Júnior_,FIDCs,brCC,,brCC,2019-02-04,Confirmação,Estável,
2026-09-25,AQUIRAZ FIC FIDC - SUBORDINADAS JÚNIOR,https://www.austin.com.br/Historico-Rating/2638/Aquiraz_FIC_FIDC_-_Subordinadas_Júnior_,FIDCs,brCC,,brCC,2018-06-27,Confirmação,Estável,
2026-09-25,AQUIRAZ FIC FIDC - SUBORDINADAS JÚNIOR,https://www.austin.com.br/Historico-Rating/2638/Aquiraz_FIC_FIDC_-_Subordinadas_Júnior_,FIDCs,brCC,,brCC,2018-03-08,Confirmação,Estável,
2026-09-25,AQUIRAZ FIC FIDC - SUBORDINADAS JÚNIOR,https://www.austin.com.br/Historico-Rating/2638/Aquiraz_FIC_FIDC_-_Subordinadas_Júnior_,FIDCs,brCC,,brCC,2017-03-20,Rating Inicial,Estável,
2026-09-25,ANTECIPE FIDC MULTISSETORIAL - SUBORDINADAS JÚNIOR,https://www.austin.com.br/Historico-Rating/3002/Antecipe_FIDC_Multissetorial_-_Subordinadas_Júnior_,FIDCs,brC,,brC,2019-07-26,Confirmação,Estável,https://www.austin.com.br/Relatorio/Rating/Antecipe_FIDC_Multissetorial/9209
2026-09-25,ANTECIPE FIDC MULTISSETORIAL - SUBORDINADAS JÚNIOR,https://www.austin.com.br/Historico-Rating/3002/Antecipe_FIDC_Multissetorial_-_Subordinadas_Júnior_,FIDCs,brC,,brC,2019-05-09,Confirmação,Estável,
2026-09-25,ANTECIPE FIDC MULTISSETORIAL - SUBORDINADAS JÚNIOR,https://www.austin.com.br/Historico-Rating/3002/Antecipe_FIDC_Multissetorial_-_Subordinadas_Júnior_,FIDCs,brCC,,brCC,2018-11-06,Rebaixamento,Estável,
2026-09-25,ANTECIPE FIDC MULTISSETORIAL - SUBORDINADAS JÚNIOR,https://www.austin.com.br/Historico-Rating/3002/Antecipe_FIDC_Multissetorial_-_Subordinadas_Júnior_,FIDCs,brCCC,,brCCC,2018-07-20,Confirmação,Estável,
2026-09-25,ANTECIPE FIDC MULTISSETORIAL - SUBORDINADAS JÚNIOR,https://www.austin.com.br/Historico-Rating/3002/Antecipe_FIDC_Multissetorial_-_Subordinadas_Júnior_,FIDCs,brCCC,,brCCC,2018-02-09,Rating Inicial,Estável,
2026-09-25,AQUIRAZ FIC FIDC - SUBORDINADAS MEZANINO I,https://www.austin.com.br/Historico-Rating/2639/Aquiraz_FIC_FIDC_-_Subordinadas_Mezanino_I_,FIDCs,brCCC,,brCCC,2024-07-01,Confirmação,Estável,https://www.austin.com.br/Relatorio/Rating/Aquiraz_FIC_FIDC/10957
2026-09-25,AQUIRAZ FIC FIDC - SUBORDINADAS MEZANINO I,https://www.austin.com.br/Historico-Rating/2639/Aquiraz_FIC_FIDC_-_Subordinadas_Mezanino_I_,FIDCs,brCCC,,brCCC,2020-04-02,Observação Negativa,,
2026-09-25,AQUIRAZ FIC FIDC - SUBORDINADAS MEZANINO I,https://www.austin.com.br/Historico-Rating/2639/Aquiraz_FIC_FIDC_-_Subordinadas_Mezanino_I_,FIDCs,brCCC,,brCCC,2019-08-02,Confirmação,Estável,
2026-09-25,AQUIRAZ FIC FIDC - SUBORDINADAS MEZANINO I,https://www.austin.com.br/Historico-Rating/2639/Aquiraz_FIC_FIDC_-_Subordinadas_Mezanino_I_,FIDCs,brCCC,,brCCC,2019-05-08,Confirmação,Estável,
2026-09-25,AQUIRAZ FIC FIDC - SUBORDINADAS MEZANINO I,https://www.austin.com.br/Historico-Rating/2639/Aquiraz_FIC_FIDC_-_Subordinadas_Mezanino_I_,FIDCs,brCCC,,brCCC,2019-02-04,Confirmação,Estável,
2026-09-25,AQUIRAZ FIC FIDC - SUBORDINADAS MEZANINO I,https://www.austin.com.br/Historico-Rating/2639/Aquiraz_FIC_FIDC_-_Subordinadas_Mezanino_I_,FIDCs,brCCC,,brCCC,2018-06-27,Confirmação,Estável,
2026-09-25,AQUIRAZ FIC FIDC - SUBORDINADAS MEZANINO I,https://www.austin.com.br/Historico-Rating/2639/Aquiraz_FIC_FIDC_-_Subordinadas_Mezanino_I_,FIDCs,brCCC,,brCCC,2018-03-08,Confirmação,Estável,
2026-09-25,AQUIRAZ FIC FIDC - SUBORDINADAS MEZANINO I,https://www.austin.com.br/Historico-Rating/2639/Aquiraz_FIC_FIDC_-_Subordinadas_Mezanino_I_,FIDCs,brCCC,,brCCC,2017-03-20,Rating Inicial,Estável,
2026-09-25,APPALOOSA FIDC - SUBORDINADAS JÚNIOR,https://www.austin.com.br/Historico-Rating/4650/APPALOOSA_FIDC_-_Subordinadas_Júnior_,FIDCs,brB-,,brB-,2024-08-08,Confirmação,Estável,https://www.austin.com.br/Relatorio/Rating/APPALOOSA_FIDC/11022
2026-09-25,APPALOOSA FIDC - SENIORES ÚNICA,https://www.austin.com.br/Historico-Rating/4648/APPALOOSA_FIDC_-_Seniores_Única,FIDCs,brA-,,brA-,2024-08-08,Confirmação,Estável,https://www.austin.com.br/Relatorio/Rating/APPALOOSA_FIDC/11020
2026-09-25,ÁREA DE GESTÃO DE RECURSOS DE TERCEIROS DA BANESTES DTVM,https://www.austin.com.br/Historico-Rating/5018/Área_de_Gestão_de_Recursos_de_Terceiros_da_Banestes_DTVM,Gestão,QG2-,,QG2-,2025-08-22,Rating Inicial,Estável,
2026-09-25,ARES FIDC NP - SUBORDINADAS,https://www.austin.com.br/Historico-Rating/4797/Ares_FIDC_NP_-_Subordinadas_,FIDCs,brCCC,,brCCC,2024-08-30,Confirmação,Estável,https://www.austin.com.br/Relatorio/Rating/Ares_FIDC_NP/11212
2026-09-25,AQUIRAZ FIC FIDC - SENIORES ÚNICA,https://www.austin.com.br/Historico-Rating/2607/Aquiraz_FIC_FIDC_-_Seniores_Única,FIDCs,brBBB,,brBBB,2024-07-01,Confirmação,Estável,https://www.austin.com.br/Relatorio/Rating/Aquiraz_FIC_FIDC/10955
2026-09-25,AQUIRAZ FIC FIDC - SENIORES ÚNICA,https://www.austin.com.br/Historico-Rating/2607/Aquiraz_FIC_FIDC_-_Seniores_Única,FIDCs,brBBB,,brBBB,2020-04-02,Observação Negativa,,
2026-09-25,AQUIRAZ FIC FIDC - SENIORES ÚNICA,https://www.austin.com.br/Historico-Rating/2607/Aquiraz_FIC_FIDC_-_Seniores_Única,FIDCs,brBBB,,brBBB,2019-08-02,Confirmação,Estável,
2026-09-25,AQUIRAZ FIC FIDC - SENIORES ÚNICA,https://www.austin.com.br/Historico-Rating/2607/Aquiraz_FIC_FIDC_-_Seniores_Única,FIDCs,brBBB,,brBBB,2019-05-08,Elevação,Estável,
2026-09-25,AQUIRAZ FIC FIDC - SENIORES ÚNICA,https://www.austin.com.br/Historico-Rating/2607/Aquiraz_FIC_FIDC_-_Seniores_Única,FIDCs,brB-,,brB-,2019-02-04,Confirmação,Estável,
2026-09-25,AQUIRAZ FIC FIDC - SENIORES ÚNICA,https://www.austin.com.br/Historico-Rating/2607/Aquiraz_FIC_FIDC_-_Seniores_Única,FIDCs,brB-,,brB-,2018-06-27,Confirmação,Estável,
2026-09-25,AQUIRAZ FIC FIDC - SENIORES ÚNICA,https://www.austin.com.br/Historico-Rating/2607/Aquiraz_FIC_FIDC_-_Seniores_Única,FIDCs,brB-,,brB-,2018-03-08,Confirmação,Estável,
2026-09-25,AQUIRAZ FIC FIDC - SENIORES ÚNICA,https://www.austin.com.br/Historico-Rating/2607/Aquiraz_FIC_FIDC_-_Seniores_Única,FIDCs,brB-,,brB-,2017-01-26,Rating Inicial,Estável,
2026-09-25,ARES FIDC NP - SENIORES ÚNICA,https://www.austin.com.br/Historico-Rating/4796/Ares_FIDC_NP_-_Seniores_Única,FIDCs,brB-,,brB-,2024-08-30,Confirmação,Estável,https://www.austin.com.br/Relatorio/Rating/Ares_FIDC_NP/11211
2026-09-25,ARTEMUS FIDC - SENIORES 5ª SÉRIE,https://www.austin.com.br/Historico-Rating/3166/Artemus_FIDC_-_Seniores_5ª_série,FIDCs,brA,,brA,2020-04-02,Observação Negativa,,https://www.austin.com.br/Relatorio/Rating/Artemus_FIDC/9739
2026-09-25,ARTEMUS FIDC - SENIORES 5ª SÉRIE,https://www.austin.com.br/Historico-Rating/3166/Artemus_FIDC_-_Seniores_5ª_série,FIDCs,brA,,brA,2020-02-13,Confirmação,Estável,
2026-09-25,ARTEMUS FIDC - SENIORES 5ª SÉRIE,https://www.austin.com.br/Historico-Rating/3166/Artemus_FIDC_-_Seniores_5ª_série,FIDCs,brA,,brA,2019-11-21,Confirmação,Estável,
2026-09-25,ARTEMUS FIDC - SENIORES 5ª SÉRIE,https://www.austin.com.br/Historico-Rating/3166/Artemus_FIDC_-_Seniores_5ª_série,FIDCs,brA,,brA,2019-08-15,Confirmação,Estável,
2026-09-25,ARTEMUS FIDC - SENIORES 5ª SÉRIE,https://www.austin.com.br/Historico-Rating/3166/Artemus_FIDC_-_Seniores_5ª_série,FIDCs,brA,,brA,2019-03-06,Rating Inicial,Estável,
2026-09-25,AQUIRAZ FIC FIDC - SUBORDINADAS MEZANINO II,https://www.austin.com.br/Historico-Rating/2823/Aquiraz_FIC_FIDC_-_Subordinadas_Mezanino_II_,FIDCs,brCCC,,brCCC,2024-07-01,Confirmação,Estável,https://www.austin.com.br/Relatorio/Rating/Aquiraz_FIC_FIDC/10958
2026-09-25,AQUIRAZ FIC FIDC - SUBORDINADAS MEZANINO II,https://www.austin.com.br/Historico-Rating/2823/Aquiraz_FIC_FIDC_-_Subordinadas_Mezanino_II_,FIDCs,brCCC,,brCCC,2017-11-24,Rating Inicial,Estável,
2026-09-25,ARTCON FIDC MULTISETORIAL NP  - SUBORDINADAS JÚNIOR,https://www.austin.com.br/Historico-Rating/2938/Artcon_FIDC_Multisetorial_NP__-_Subordinadas_Júnior_,FIDCs,brCC,,brCC,2020-04-02,Observação Negativa,,https://www.austin.com.br/Relatorio/Rating/Artcon_FIDC_Multisetorial_NP_/9721
2026-09-25,ARTCON FIDC MULTISETORIAL NP  - SUBORDINADAS JÚNIOR,https://www.austin.com.br/Historico-Rating/2938/Artcon_FIDC_Multisetorial_NP__-_Subordinadas_Júnior_,FIDCs,brCC,,brCC,2020-03-13,Confirmação,Estável,
2026-09-25,ARTCON FIDC MULTISETORIAL NP  - SUBORDINADAS JÚNIOR,https://www.austin.com.br/Historico-Rating/2938/Artcon_FIDC_Multisetorial_NP__-_Subordinadas_Júnior_,FIDCs,brCC,,brCC,2019-12-04,Confirmação,Estável,
2026-09-25,ARTCON FIDC MULTISETORIAL NP  - SUBORDINADAS JÚNIOR,https://www.austin.com.br/Historico-Rating/2938/Artcon_FIDC_Multisetorial_NP__-_Subordinadas_Júnior_,FIDCs,brCC,,brCC,2019-08-26,Confirmação,Estável,
2026-09-25,ARTCON FIDC MULTISETORIAL NP  - SUBORDINADAS JÚNIOR,https://www.austin.com.br/Historico-Rating/2938/Artcon_FIDC_Multisetorial_NP__-_Subordinadas_Júnior_,FIDCs,brCC,,brCC,2019-04-04,Rating Inicial,Estável,
2026-09-25,ARTEMUS FIDC - SUBORDINADAS MEZANINO I-A,https://www.austin.com.br/Historico-Rating/3135/Artemus_FIDC_-_Subordinadas_Mezanino_I-A_,FIDCs,brB,,brB,2020-04-02,Observação Negativa,,https://www.austin.com.br/Relatorio/Rating/Artemus_FIDC/9738
2026-09-25,ARTEMUS FIDC - SUBORDINADAS MEZANINO I-A,https://www.austin.com.br/Historico-Rating/3135/Artemus_FIDC_-_Subordinadas_Mezanino_I-A_,FIDCs,brB,,brB,2020-02-13,Confirmação,Estável,
2026-09-25,ARTEMUS FIDC - SUBORDINADAS MEZANINO I-A,https://www.austin.com.br/Historico-Rating/3135/Artemus_FIDC_-_Subordinadas_Mezanino_I-A_,FIDCs,brB,,brB,2019-11-21,Confirmação,Estável,
2026-09-25,ARTEMUS FIDC - SUBORDINADAS MEZANINO I-A,https://www.austin.com.br/Historico-Rating/3135/Artemus_FIDC_-_Subordinadas_Mezanino_I-A_,FIDCs,brB,,brB,2019-08-15,Confirmação,Estável,
2026-09-25,ARTEMUS FIDC - SUBORDINADAS MEZANINO I-A,https://www.austin.com.br/Historico-Rating/3135/Artemus_FIDC_-_Subordinadas_Mezanino_I-A_,FIDCs,brB,,brB,2019-03-06,Rating Inicial,Estável,
2026-09-25,ARTEMUS FIDC - SUBORDINADAS MEZANINO III,https://www.austin.com.br/Historico-Rating/2995/Artemus_FIDC_-_Subordinadas_Mezanino_III_,FIDCs,brBB+,,brBB+,2020-04-02,Observação Negativa,,https://www.austin.com.br/Relatorio/Rating/Artemus_FIDC/9737
2026-09-25,ARTEMUS FIDC - SUBORDINADAS MEZANINO III,https://www.austin.com.br/Historico-Rating/2995/Artemus_FIDC_-_Subordinadas_Mezanino_III_,FIDCs,brBB+,,brBB+,2020-02-13,Confirmação,Estável,
2026-09-25,ARTEMUS FIDC - SUBORDINADAS MEZANINO III,https://www.austin.com.br/Historico-Rating/2995/Artemus_FIDC_-_Subordinadas_Mezanino_III_,FIDCs,brBB+,,brBB+,2019-11-21,Confirmação,Estável,
2026-09-25,ARTEMUS FIDC - SUBORDINADAS MEZANINO III,https://www.austin.com.br/Historico-Rating/2995/Artemus_FIDC_-_Subordinadas_Mezanino_III_,FIDCs,brBB+,,brBB+,2019-08-15,Confirmação,Estável,
2026-09-25,ARTEMUS FIDC - SUBORDINADAS MEZANINO III,https://www.austin.com.br/Historico-Rating/2995/Artemus_FIDC_-_Subordinadas_Mezanino_III_,FIDCs,brBB+,,brBB+,2019-05-20,Confirmação,Estável,
2026-09-25,ARTEMUS FIDC - SUBORDINADAS MEZANINO III,https://www.austin.com.br/Historico-Rating/2995/Artemus_FIDC_-_Subordinadas_Mezanino_III_,FIDCs,brBB+,,brBB+,2019-02-15,Elevação,Estável,
2026-09-25,ARTEMUS FIDC - SUBORDINADAS MEZANINO III,https://www.austin.com.br/Historico-Rating/2995/Artemus_FIDC_-_Subordinadas_Mezanino_III_,FIDCs,brB,,brB,2018-02-28,Rating Inicial,Estável,
2026-09-25,ARTEMUS FIDC - SUBORDINADAS JÚNIOR,https://www.austin.com.br/Historico-Rating/2465/Artemus_FIDC_-_Subordinadas_Júnior_,FIDCs,brCCC,,brCCC,2020-04-02,Observação Negativa,,https://www.austin.com.br/Relatorio/Rating/Artemus_FIDC/9723
2026-09-25,ARTEMUS FIDC - SUBORDINADAS JÚNIOR,https://www.austin.com.br/Historico-Rating/2465/Artemus_FIDC_-_Subordinadas_Júnior_,FIDCs,brCCC,,brCCC,2020-02-13,Confirmação,Estável,
2026-09-25,ARTEMUS FIDC - SUBORDINADAS JÚNIOR,https://www.austin.com.br/Historico-Rating/2465/Artemus_FIDC_-_Subordinadas_Júnior_,FIDCs,brCCC,,brCCC,2019-11-21,Confirmação,Estável,
2026-09-25,ARTEMUS FIDC - SUBORDINADAS JÚNIOR,https://www.austin.com.br/Historico-Rating/2465/Artemus_FIDC_-_Subordinadas_Júnior_,FIDCs,brCCC,,brCCC,2019-08-15,Confirmação,Estável,
2026-09-25,ARTEMUS FIDC - SUBORDINADAS JÚNIOR,https://www.austin.com.br/Historico-Rating/2465/Artemus_FIDC_-_Subordinadas_Júnior_,FIDCs,brCCC,,brCCC,2019-05-20,Confirmação,Estável,
2026-09-25,ARTEMUS FIDC - SUBORDINADAS JÚNIOR,https://www.austin.com.br/Historico-Rating/2465/Artemus_FIDC_-_Subordinadas_Júnior_,FIDCs,brCCC,,brCCC,2019-02-15,Confirmação,Estável,
2026-09-25,ARTEMUS FIDC - SUBORDINADAS JÚNIOR,https://www.austin.com.br/Historico-Rating/2465/Artemus_FIDC_-_Subordinadas_Júnior_,FIDCs,brCCC,,brCCC,2018-02-16,Confirmação,Estável,
2026-09-25,ARTEMUS FIDC - SUBORDINADAS JÚNIOR,https://www.austin.com.br/Historico-Rating/2465/Artemus_FIDC_-_Subordinadas_Júnior_,FIDCs,brCCC,,brCCC,2017-08-30,Confirmação,Estável,
2026-09-25,ARTEMUS FIDC - SUBORDINADAS JÚNIOR,https://www.austin.com.br/Historico-Rating/2465/Artemus_FIDC_-_Subordinadas_Júnior_,FIDCs,brCCC,,brCCC,2017-05-26,Confirmação,Estável,
2026-09-25,ARTEMUS FIDC - SUBORDINADAS JÚNIOR,https://www.austin.com.br/Historico-Rating/2465/Artemus_FIDC_-_Subordinadas_Júnior_,FIDCs,brCCC,,brCCC,2017-01-26,Rating Inicial,Estável,
2026-09-25,ARTEMUS FIDC - SUBORDINADAS MEZANINO I,https://www.austin.com.br/Historico-Rating/2464/Artemus_FIDC_-_Subordinadas_Mezanino_I_,FIDCs,brB,,brB,2020-04-02,Observação Negativa,,https://www.austin.com.br/Relatorio/Rating/Artemus_FIDC/9722
2026-09-25,ARTEMUS FIDC - SUBORDINADAS MEZANINO I,https://www.austin.com.br/Historico-Rating/2464/Artemus_FIDC_-_Subordinadas_Mezanino_I_,FIDCs,brB,,brB,2020-02-13,Confirmação,Estável,
2026-09-25,ARTEMUS FIDC - SUBORDINADAS MEZANINO I,https://www.austin.com.br/Historico-Rating/2464/Artemus_FIDC_-_Subordinadas_Mezanino_I_,FIDCs,brB,,brB,2019-11-21,Confirmação,Estável,
2026-09-25,ARTEMUS FIDC - SUBORDINADAS MEZANINO I,https://www.austin.com.br/Historico-Rating/2464/Artemus_FIDC_-_Subordinadas_Mezanino_I_,FIDCs,brB,,brB,2019-08-15,Confirmação,Estável,
2026-09-25,ARTEMUS FIDC - SUBORDINADAS MEZANINO I,https://www.austin.com.br/Historico-Rating/2464/Artemus_FIDC_-_Subordinadas_Mezanino_I_,FIDCs,brB,,brB,2019-05-20,Confirmação,Estável,
2026-09-25,ARTEMUS FIDC - SUBORDINADAS MEZANINO I,https://www.austin.com.br/Historico-Rating/2464/Artemus_FIDC_-_Subordinadas_Mezanino_I_,FIDCs,brB,,brB,2019-02-15,Confirmação,Estável,
2026-09-25,ARTEMUS FIDC - SUBORDINADAS MEZANINO I,https://www.austin.com.br/Historico-Rating/2464/Artemus_FIDC_-_Subordinadas_Mezanino_I_,FIDCs,brB,,brB,2018-02-16,Confirmação,Estável,
2026-09-25,ARTEMUS FIDC - SUBORDINADAS MEZANINO I,https://www.austin.com.br/Historico-Rating/2464/Artemus_FIDC_-_Subordinadas_Mezanino_I_,FIDCs,brB,,brB,2017-08-30,Confirmação,Estável,
2026-09-25,ARTEMUS FIDC - SUBORDINADAS MEZANINO I,https://www.austin.com.br/Historico-Rating/2464/Artemus_FIDC_-_Subordinadas_Mezanino_I_,FIDCs,brB,,brB,2017-05-26,Confirmação,Estável,
2026-09-25,ARTEMUS FIDC - SUBORDINADAS MEZANINO I,https://www.austin.com.br/Historico-Rating/2464/Artemus_FIDC_-_Subordinadas_Mezanino_I_,FIDCs,brB,,brB,2017-01-26,Rating Inicial,Estável,
2026-09-25,ARTESANAL FGTS FIDC - SENIORES 2ª SÉRIE,https://www.austin.com.br/Historico-Rating/4635/ARTESANAL_FGTS_FIDC_-_Seniores_2ª_série,FIDCs,brAA,,brAA,2024-06-17,Rating Inicial,Estável,https://www.austin.com.br/Relatorio/Rating/ARTESANAL_FGTS_FIDC/11006
2026-09-25,ARTESANAL FGTS FIDC - SUBORDINADAS MEZANINO,https://www.austin.com.br/Historico-Rating/4461/Artesanal_FGTS_FIDC_-_Subordinadas_Mezanino_,FIDCs,brA-,,brA-,2024-06-17,Confirmação,Estável,https://www.austin.com.br/Relatorio/Rating/Artesanal_FGTS_FIDC/11004
2026-09-25,ARTESANAL FGTS FIDC - SUBORDINADAS MEZANINO,https://www.austin.com.br/Historico-Rating/4461/Artesanal_FGTS_FIDC_-_Subordinadas_Mezanino_,FIDCs,brA-,,brA-,2024-01-19,Rating Inicial,Estável,
2026-09-25,ARTESANAL FGTS FIDC - SUBORDINADAS JÚNIOR,https://www.austin.com.br/Historico-Rating/4462/Artesanal_FGTS_FIDC_-_Subordinadas_Júnior_,FIDCs,brBB+,,brBB+,2024-06-17,Confirmação,Estável,https://www.austin.com.br/Relatorio/Rating/Artesanal_FGTS_FIDC/11005
2026-09-25,ARTESANAL FGTS FIDC - SUBORDINADAS JÚNIOR,https://www.austin.com.br/Historico-Rating/4462/Artesanal_FGTS_FIDC_-_Subordinadas_Júnior_,FIDCs,brBB+,,brBB+,2024-01-19,Rating Inicial,Estável,
2026-09-25,ARTESANAL FGTS FIDC - SENIORES ÚNICA,https://www.austin.com.br/Historico-Rating/4460/Artesanal_FGTS_FIDC_-_Seniores_Única,FIDCs,brAA,,brAA,2024-06-17,Confirmação,Estável,https://www.austin.com.br/Relatorio/Rating/Artesanal_FGTS_FIDC/11003
2026-09-25,ARTESANAL FGTS FIDC - SENIORES ÚNICA,https://www.austin.com.br/Historico-Rating/4460/Artesanal_FGTS_FIDC_-_Seniores_Única,FIDCs,brAA,,brAA,2024-01-19,Rating Inicial,Estável,
2026-09-25,ARTESANAL INVESTIMENTOS LTDA.,https://www.austin.com.br/Historico-Rating/3814/Artesanal_Investimentos_Ltda,Gestão,QG2-,,QG2-,2024-11-27,Confirmação,Estável,https://www.austin.com.br/Relatorio/Rating/Artesanal_Investimentos_Ltda/11269
2026-09-25,ARTESANAL INVESTIMENTOS LTDA.,https://www.austin.com.br/Historico-Rating/3814/Artesanal_Investimentos_Ltda,Gestão,QG2-,,QG2-,2023-12-08,Confirmação,Estável,
2026-09-25,ARTESANAL INVESTIMENTOS LTDA.,https://www.austin.com.br/Historico-Rating/3814/Artesanal_Investimentos_Ltda,Gestão,QG2-,,QG2-,2022-09-20,Confirmação,Estável,
2026-09-25,ARTESANAL INVESTIMENTOS LTDA.,https://www.austin.com.br/Historico-Rating/3814/Artesanal_Investimentos_Ltda,Gestão,QG2-,,QG2-,2021-05-28,Rating Inicial,Estável,
2026-09-25,ARTESANAL RECEBÍVEIS IMOBILIÁRIOS FIDC  - SUBORDINADAS MEZANINO,https://www.austin.com.br/Historico-Rating/4763/Artesanal_Recebíveis_Imobiliários_FIDC__-_Subordinadas_Mezanino_,FIDCs,brBB+,,brBB+,2014-09-02,Confirmação,Estável,https://www.austin.com.br/Relatorio/Rating/Artesanal_Recebíveis_Imobiliários_FIDC_/11166
2026-09-25,ARTESANAL RECEBÍVEIS IMOBILIÁRIOS FIDC  - SENIORES ÚNICA,https://www.austin.com.br/Historico-Rating/4762/Artesanal_Recebíveis_Imobiliários_FIDC__-_Seniores_Única,FIDCs,brA,,brA,2014-09-02,Confirmação,Estável,https://www.austin.com.br/Relatorio/Rating/Artesanal_Recebíveis_Imobiliários_FIDC_/11165
2026-09-25,ARTESANAL RECEBÍVEIS IMOBILIÁRIOS FIDC  - SUBORDINADAS JÚNIOR,https://www.austin.com.br/Historico-Rating/4764/Artesanal_Recebíveis_Imobiliários_FIDC__-_Subordinadas_Júnior_,FIDCs,brB+,,brB+,2014-09-02,Confirmação,Estável,https://www.austin.com.br/Relatorio/Rating/Artesanal_Recebíveis_Imobiliários_FIDC_/11167
2026-09-25,ARTESANAL SECURITIZADORA DE CRÉDITOS S.A.,https://www.austin.com.br/Historico-Rating/5242/Artesanal_Securitizadora_de_Créditos_SA,Securitizadoras,brA,,brA,2026-06-17,Rating Inicial,Estável,https://www.austin.com.br/Relatorio/Rating/Artesanal_Securitizadora_de_Créditos_SA/11650
2026-09-25,ASA FIC FIDC 90 - SENIORES 2ª SÉRIE,https://www.austin.com.br/Historico-Rating/4678/ASA_FIC_FIDC_90_-_Seniores_2ª_série,FIDCs,brBB,,brBB,2024-08-14,Confirmação,Estável,https://www.austin.com.br/Relatorio/Rating/ASA_FIC_FIDC_90/11064
2026-09-25,ASA CRÉDITO DISTRESSED FIDC NP - ÚNICA,https://www.austin.com.br/Historico-Rating/4765/ASA_Crédito_Distressed_FIDC_NP_-_Única_,FIDCs,brB,,brB,2024-09-03,Confirmação,Estável,https://www.austin.com.br/Relatorio/Rating/ASA_Crédito_Distressed_FIDC_NP/11168
2026-09-25,ASA LP FIC FIDC - SENIORES 5ª SÉRIE,https://www.austin.com.br/Historico-Rating/4676/ASA_LP_FIC_FIDC_-_Seniores_5ª_série,FIDCs,brBB,,brBB,2024-08-14,Confirmação,Estável,https://www.austin.com.br/Relatorio/Rating/ASA_LP_FIC_FIDC/11062
2026-09-25,ASA LP FIC FIDC - SENIORES 6ª SÉRIE,https://www.austin.com.br/Historico-Rating/4677/ASA_LP_FIC_FIDC_-_Seniores_6ª_série,FIDCs,brBB,,brBB,2024-08-14,Confirmação,Estável,https://www.austin.com.br/Relatorio/Rating/ASA_LP_FIC_FIDC/11063
2026-09-25,ASA LP FIC FIDC - SENIORES 4ª SÉRIE,https://www.austin.com.br/Historico-Rating/4675/ASA_LP_FIC_FIDC_-_Seniores_4ª_série,FIDCs,brBB,,brBB,2024-08-14,Confirmação,Estável,https://www.austin.com.br/Relatorio/Rating/ASA_LP_FIC_FIDC/11061
2026-09-25,ASA LP FIC FIDC - SENIORES 3ª SÉRIE,https://www.austin.com.br/Historico-Rating/4674/ASA_LP_FIC_FIDC_-_Seniores_3ª_série,FIDCs,brBB,,brBB,2024-08-14,Confirmação,Estável,https://www.austin.com.br/Relatorio/Rating/ASA_LP_FIC_FIDC/11060
2026-09-25,ASA LP FIC FIDC - SENIORES 8ª SÉRIE,https://www.austin.com.br/Historico-Rating/4520/ASA_LP_FIC_FIDC_-_Seniores_8ª_série,FIDCs,brBB,,brBB,2024-08-14,Confirmação,Estável,https://www.austin.com.br/Relatorio/Rating/ASA_LP_FIC_FIDC/11058
2026-09-25,ASA LP FIC FIDC - SENIORES 8ª SÉRIE,https://www.austin.com.br/Historico-Rating/4520/ASA_LP_FIC_FIDC_-_Seniores_8ª_série,FIDCs,brBB,,brBB,2024-05-14,Rating Inicial,Estável,
2026-09-25,ASA LP FIC FIDC - SENIORES 9ª SÉRIE,https://www.austin.com.br/Historico-Rating/4521/ASA_LP_FIC_FIDC_-_Seniores_9ª_série,FIDCs,brBB,,brBB,2024-08-14,Confirmação,Estável,https://www.austin.com.br/Relatorio/Rating/ASA_LP_FIC_FIDC/11059
2026-09-25,ASA LP FIC FIDC - SENIORES 9ª SÉRIE,https://www.austin.com.br/Historico-Rating/4521/ASA_LP_FIC_FIDC_-_Seniores_9ª_série,FIDCs,brBB,,brBB,2024-05-14,Rating Inicial,Estável,
2026-09-25,ASA LP FIC FIDC - SENIORES 7ª SÉRIE,https://www.austin.com.br/Historico-Rating/4519/ASA_LP_FIC_FIDC_-_Seniores_7ª_série,FIDCs,brBB,,brBB,2024-08-14,Confirmação,Estável,https://www.austin.com.br/Relatorio/Rating/ASA_LP_FIC_FIDC/11057
2026-09-25,ASA LP FIC FIDC - SENIORES 7ª SÉRIE,https://www.austin.com.br/Historico-Rating/4519/ASA_LP_FIC_FIDC_-_Seniores_7ª_série,FIDCs,brBB,,brBB,2024-05-14,Rating Inicial,Estável,
2026-09-25,ATICCA FIC FIDC - SUBORDINADAS MEZANINO II,https://www.austin.com.br/Historico-Rating/4800/Aticca_FIC_FIDC_-_Subordinadas_Mezanino_II_,FIDCs,brBBB-,,brBBB-,2024-08-23,Confirmação,Estável,https://www.austin.com.br/Relatorio/Rating/Aticca_FIC_FIDC/11215
2026-09-25,ATICCA FIC FIDC - SUBORDINADAS JÚNIOR,https://www.austin.com.br/Historico-Rating/4801/Aticca_FIC_FIDC_-_Subordinadas_Júnior_,FIDCs,brB,,brB,2024-08-23,Confirmação,Estável,https://www.austin.com.br/Relatorio/Rating/Aticca_FIC_FIDC/11216
2026-09-25,ATICCA FIC FIDC - SENIORES ÚNICA,https://www.austin.com.br/Historico-Rating/4798/Aticca_FIC_FIDC_-_Seniores_Única,FIDCs,brBBB,,brBBB,2024-08-27,Confirmação,Estável,https://www.austin.com.br/Relatorio/Rating/Aticca_FIC_FIDC/11213
2026-09-25,ATICCA FIDC - SUBORDINADAS MEZANINO I,https://www.austin.com.br/Historico-Rating/3107/Aticca_FIDC_-_Subordinadas_Mezanino_I_,FIDCs,brB,,brB,2022-08-12,Confirmação,Estável,
2026-09-25,ATICCA FIDC - SUBORDINADAS MEZANINO I,https://www.austin.com.br/Historico-Rating/3107/Aticca_FIDC_-_Subordinadas_Mezanino_I_,FIDCs,brB,,brB,2020-04-02,Observação Negativa,,https://www.austin.com.br/Relatorio/Rating/Aticca_FIDC/9747
2026-09-25,ATICCA FIDC - SUBORDINADAS MEZANINO I,https://www.austin.com.br/Historico-Rating/3107/Aticca_FIDC_-_Subordinadas_Mezanino_I_,FIDCs,brB,,brB,2019-08-07,Elevação,Estável,
2026-09-25,ATICCA FIDC - SUBORDINADAS MEZANINO I,https://www.austin.com.br/Historico-Rating/3107/Aticca_FIDC_-_Subordinadas_Mezanino_I_,FIDCs,brB-,,brB-,2019-05-03,Confirmação,Estável,
2026-09-25,ATICCA FIDC - SUBORDINADAS MEZANINO I,https://www.austin.com.br/Historico-Rating/3107/Aticca_FIDC_-_Subordinadas_Mezanino_I_,FIDCs,brB-,,brB-,2019-02-04,Confirmação,Estável,
2026-09-25,ATICCA FIDC - SUBORDINADAS MEZANINO I,https://www.austin.com.br/Historico-Rating/3107/Aticca_FIDC_-_Subordinadas_Mezanino_I_,FIDCs,brB-,,brB-,2018-11-08,Rating Inicial,Estável,
2026-09-25,ATICCA FIC FIDC - SUBORDINADAS MEZANINO I,https://www.austin.com.br/Historico-Rating/4799/Aticca_FIC_FIDC_-_Subordinadas_Mezanino_I_,FIDCs,brBBB-,,brBBB-,2024-08-27,Confirmação,Estável,https://www.austin.com.br/Relatorio/Rating/Aticca_FIC_FIDC/11214
2026-09-25,ATICCA FIDC - SUBORDINADAS JÚNIOR,https://www.austin.com.br/Historico-Rating/2854/Aticca_FIDC_-_Subordinadas_Júnior_,FIDCs,brB-,,brB-,2022-08-12,Confirmação,Estável,
2026-09-25,ATICCA FIDC - SUBORDINADAS JÚNIOR,https://www.austin.com.br/Historico-Rating/2854/Aticca_FIDC_-_Subordinadas_Júnior_,FIDCs,brB-,,brB-,2020-04-02,Observação Negativa,,https://www.austin.com.br/Relatorio/Rating/Aticca_FIDC/9745
2026-09-25,ATICCA FIDC - SUBORDINADAS JÚNIOR,https://www.austin.com.br/Historico-Rating/2854/Aticca_FIDC_-_Subordinadas_Júnior_,FIDCs,brB-,,brB-,2019-08-07,Elevação,Estável,
2026-09-25,ATICCA FIDC - SUBORDINADAS JÚNIOR,https://www.austin.com.br/Historico-Rating/2854/Aticca_FIDC_-_Subordinadas_Júnior_,FIDCs,brCCC,,brCCC,2019-05-03,Confirmação,Estável,
2026-09-25,ATICCA FIDC - SUBORDINADAS JÚNIOR,https://www.austin.com.br/Historico-Rating/2854/Aticca_FIDC_-_Subordinadas_Júnior_,FIDCs,brCCC,,brCCC,2019-02-04,Confirmação,Estável,
2026-09-25,ATICCA FIDC - SUBORDINADAS JÚNIOR,https://www.austin.com.br/Historico-Rating/2854/Aticca_FIDC_-_Subordinadas_Júnior_,FIDCs,brCCC,,brCCC,2018-11-08,Confirmação,Estável,
2026-09-25,ATICCA FIDC - SUBORDINADAS JÚNIOR,https://www.austin.com.br/Historico-Rating/2854/Aticca_FIDC_-_Subordinadas_Júnior_,FIDCs,brCCC,,brCCC,2018-08-08,Rating Inicial,Estável,
2026-09-25,ATLANTA FIDC MULTISSETORIAL - SENIORES 8ª SÉRIE,https://www.austin.com.br/Historico-Rating/3430/Atlanta_FIDC_Multissetorial_-_Seniores_8ª_série,FIDCs,brBBB+,,brBBB+,2020-01-09,Rating Inicial,Estável,
2026-09-25,ATLANTA FIDC MULTISSETORIAL - SENIORES 6ª SÉRIE,https://www.austin.com.br/Historico-Rating/2924/Atlanta_FIDC_Multissetorial_-_Seniores_6ª_série,FIDCs,brBBB+,,brBBB+,2019-08-15,Elevação,Estável,https://www.austin.com.br/Relatorio/Rating/Atlanta_FIDC_Multissetorial/9350
2026-09-25,ATLANTA FIDC MULTISSETORIAL - SENIORES 6ª SÉRIE,https://www.austin.com.br/Historico-Rating/2924/Atlanta_FIDC_Multissetorial_-_Seniores_6ª_série,FIDCs,brBBB,,brBBB,2019-02-13,Confirmação,Estável,
2026-09-25,ATLANTA FIDC MULTISSETORIAL - SENIORES 6ª SÉRIE,https://www.austin.com.br/Historico-Rating/2924/Atlanta_FIDC_Multissetorial_-_Seniores_6ª_série,FIDCs,brBBB,,brBBB,2018-03-19,Rating Inicial,Estável,
2026-09-25,ATLANTA FIDC MULTISSETORIAL - SENIORES 5ª SÉRIE,https://www.austin.com.br/Historico-Rating/2923/Atlanta_FIDC_Multissetorial_-_Seniores_5ª_série,FIDCs,brBBB+,,brBBB+,2019-08-15,Elevação,Estável,https://www.austin.com.br/Relatorio/Rating/Atlanta_FIDC_Multissetorial/9349
2026-09-25,ATLANTA FIDC MULTISSETORIAL - SENIORES 5ª SÉRIE,https://www.austin.com.br/Historico-Rating/2923/Atlanta_FIDC_Multissetorial_-_Seniores_5ª_série,FIDCs,brBBB,,brBBB,2019-02-13,Confirmação,Estável,
2026-09-25,ATLANTA FIDC MULTISSETORIAL - SENIORES 5ª SÉRIE,https://www.austin.com.br/Historico-Rating/2923/Atlanta_FIDC_Multissetorial_-_Seniores_5ª_série,FIDCs,brBBB,,brBBB,2018-03-19,Rating Inicial,Estável,
2026-09-25,ATLÂNTICO FIDC NP - ÚNICA,https://www.austin.com.br/Historico-Rating/3632/Atlântico_FIDC_NP_-_Única_,FIDCs,brCCC,,brCCC,2022-06-15,Confirmação,Estável,
2026-09-25,ATLÂNTICO FIDC NP - ÚNICA,https://www.austin.com.br/Historico-Rating/3632/Atlântico_FIDC_NP_-_Única_,FIDCs,brCCC,,brCCC,2020-10-22,Rating Inicial,Estável,https://www.austin.com.br/Relatorio/Rating/Atlântico_FIDC_NP/10078
2026-09-25,ATLANTA FIDC MULTISSETORIAL - SUBORDINADAS,https://www.austin.com.br/Historico-Rating/1606/Atlanta_FIDC_Multissetorial_-_Subordinadas_,FIDCs,brB-,,brB-,2019-08-15,Elevação,Estável,https://www.austin.com.br/Relatorio/Rating/Atlanta_FIDC_Multissetorial/9348
2026-09-25,ATLANTA FIDC MULTISSETORIAL - SUBORDINADAS,https://www.austin.com.br/Historico-Rating/1606/Atlanta_FIDC_Multissetorial_-_Subordinadas_,FIDCs,brCCC,,brCCC,2019-02-13,Confirmação,Estável,
2026-09-25,ATLANTA FIDC MULTISSETORIAL - SUBORDINADAS,https://www.austin.com.br/Historico-Rating/1606/Atlanta_FIDC_Multissetorial_-_Subordinadas_,FIDCs,brCCC,,brCCC,2017-09-06,Confirmação,Estável,
2026-09-25,ATLANTA FIDC MULTISSETORIAL - SUBORDINADAS,https://www.austin.com.br/Historico-Rating/1606/Atlanta_FIDC_Multissetorial_-_Subordinadas_,FIDCs,brCCC,,brCCC,2017-05-31,Confirmação,Estável,
2026-09-25,ATLANTA FIDC MULTISSETORIAL - SUBORDINADAS,https://www.austin.com.br/Historico-Rating/1606/Atlanta_FIDC_Multissetorial_-_Subordinadas_,FIDCs,brCCC,,brCCC,2017-02-14,Confirmação,Estável,
2026-09-25,ATLANTA FIDC MULTISSETORIAL - SUBORDINADAS,https://www.austin.com.br/Historico-Rating/1606/Atlanta_FIDC_Multissetorial_-_Subordinadas_,FIDCs,brCCC,,brCCC,2016-09-14,Confirmação,Estável,
2026-09-25,ATLANTA FIDC MULTISSETORIAL - SUBORDINADAS,https://www.austin.com.br/Historico-Rating/1606/Atlanta_FIDC_Multissetorial_-_Subordinadas_,FIDCs,brB-,,brB-,2016-03-02,Confirmação,Estável,
2026-09-25,ATLANTA FIDC MULTISSETORIAL - SUBORDINADAS,https://www.austin.com.br/Historico-Rating/1606/Atlanta_FIDC_Multissetorial_-_Subordinadas_,FIDCs,brB,,brB,2015-12-07,Observação Negativa,,
2026-09-25,ATLANTA FIDC MULTISSETORIAL - SUBORDINADAS,https://www.austin.com.br/Historico-Rating/1606/Atlanta_FIDC_Multissetorial_-_Subordinadas_,FIDCs,brB,,brB,2015-08-10,Confirmação,Estável,
2026-09-25,ATLANTA FIDC MULTISSETORIAL - SUBORDINADAS,https://www.austin.com.br/Historico-Rating/1606/Atlanta_FIDC_Multissetorial_-_Subordinadas_,FIDCs,brB,,brB,2015-05-25,Confirmação,Estável,
2026-09-25,ATLANTA FIDC MULTISSETORIAL - SUBORDINADAS,https://www.austin.com.br/Historico-Rating/1606/Atlanta_FIDC_Multissetorial_-_Subordinadas_,FIDCs,brB,,brB,2015-03-10,Confirmação,Estável,
2026-09-25,ATLANTA FIDC MULTISSETORIAL - SUBORDINADAS,https://www.austin.com.br/Historico-Rating/1606/Atlanta_FIDC_Multissetorial_-_Subordinadas_,FIDCs,brB,,brB,2014-11-24,Confirmação,Estável,
2026-09-25,ATLANTA FIDC MULTISSETORIAL - SUBORDINADAS,https://www.austin.com.br/Historico-Rating/1606/Atlanta_FIDC_Multissetorial_-_Subordinadas_,FIDCs,brB,,brB,2014-05-26,Confirmação,Estável,
2026-09-25,ATLANTA FIDC MULTISSETORIAL - SUBORDINADAS,https://www.austin.com.br/Historico-Rating/1606/Atlanta_FIDC_Multissetorial_-_Subordinadas_,FIDCs,brB,,brB,2014-02-11,Confirmação,Estável,
2026-09-25,ATLANTA FIDC MULTISSETORIAL - SUBORDINADAS,https://www.austin.com.br/Historico-Rating/1606/Atlanta_FIDC_Multissetorial_-_Subordinadas_,FIDCs,brB,,brB,2013-11-18,Confirmação,Estável,
2026-09-25,ATLANTA FIDC MULTISSETORIAL - SUBORDINADAS,https://www.austin.com.br/Historico-Rating/1606/Atlanta_FIDC_Multissetorial_-_Subordinadas_,FIDCs,brB,,brB,2013-08-27,Confirmação,Estável,
2026-09-25,ATLANTA FIDC MULTISSETORIAL - SUBORDINADAS,https://www.austin.com.br/Historico-Rating/1606/Atlanta_FIDC_Multissetorial_-_Subordinadas_,FIDCs,brB,,brB,2013-06-21,Rating Inicial,Estável,
2026-09-25,ATLANTA FIDC MULTISSETORIAL - SENIORES 4ª SÉRIE,https://www.austin.com.br/Historico-Rating/1604/Atlanta_FIDC_Multissetorial_-_Seniores_4ª_série,FIDCs,brBBB+,,brBBB+,2019-08-15,Elevação,Estável,https://www.austin.com.br/Relatorio/Rating/Atlanta_FIDC_Multissetorial/9347
2026-09-25,ATLANTA FIDC MULTISSETORIAL - SENIORES 4ª SÉRIE,https://www.austin.com.br/Historico-Rating/1604/Atlanta_FIDC_Multissetorial_-_Seniores_4ª_série,FIDCs,brBBB,,brBBB,2019-02-13,Confirmação,Estável,
2026-09-25,ATLANTA FIDC MULTISSETORIAL - SENIORES 4ª SÉRIE,https://www.austin.com.br/Historico-Rating/1604/Atlanta_FIDC_Multissetorial_-_Seniores_4ª_série,FIDCs,brBBB,,brBBB,2017-09-06,Confirmação,Estável,
2026-09-25,ATLANTA FIDC MULTISSETORIAL - SENIORES 4ª SÉRIE,https://www.austin.com.br/Historico-Rating/1604/Atlanta_FIDC_Multissetorial_-_Seniores_4ª_série,FIDCs,brBBB,,brBBB,2017-05-31,Confirmação,Estável,
2026-09-25,ATLANTA FIDC MULTISSETORIAL - SENIORES 4ª SÉRIE,https://www.austin.com.br/Historico-Rating/1604/Atlanta_FIDC_Multissetorial_-_Seniores_4ª_série,FIDCs,brBBB,,brBBB,2017-02-14,Confirmação,Estável,
2026-09-25,ATLANTA FIDC MULTISSETORIAL - SENIORES 4ª SÉRIE,https://www.austin.com.br/Historico-Rating/1604/Atlanta_FIDC_Multissetorial_-_Seniores_4ª_série,FIDCs,brBBB,,brBBB,2016-09-14,Confirmação,Estável,
2026-09-25,ATLANTA FIDC MULTISSETORIAL - SENIORES 4ª SÉRIE,https://www.austin.com.br/Historico-Rating/1604/Atlanta_FIDC_Multissetorial_-_Seniores_4ª_série,FIDCs,brA-,,brA-,2016-03-02,Confirmação,Estável,
2026-09-25,ATLANTA FIDC MULTISSETORIAL - SENIORES 4ª SÉRIE,https://www.austin.com.br/Historico-Rating/1604/Atlanta_FIDC_Multissetorial_-_Seniores_4ª_série,FIDCs,brA-,,brA-,2015-12-07,Observação Negativa,,
2026-09-25,ATLANTA FIDC MULTISSETORIAL - SENIORES 4ª SÉRIE,https://www.austin.com.br/Historico-Rating/1604/Atlanta_FIDC_Multissetorial_-_Seniores_4ª_série,FIDCs,brA-,,brA-,2015-08-10,Confirmação,Estável,
2026-09-25,ATLANTA FIDC MULTISSETORIAL - SENIORES 4ª SÉRIE,https://www.austin.com.br/Historico-Rating/1604/Atlanta_FIDC_Multissetorial_-_Seniores_4ª_série,FIDCs,brA-,,brA-,2015-05-25,Confirmação,Estável,
2026-09-25,ATLANTA FIDC MULTISSETORIAL - SENIORES 4ª SÉRIE,https://www.austin.com.br/Historico-Rating/1604/Atlanta_FIDC_Multissetorial_-_Seniores_4ª_série,FIDCs,brA-,,brA-,2015-03-10,Confirmação,Estável,
2026-09-25,ATLANTA FIDC MULTISSETORIAL - SENIORES 4ª SÉRIE,https://www.austin.com.br/Historico-Rating/1604/Atlanta_FIDC_Multissetorial_-_Seniores_4ª_série,FIDCs,brA-,,brA-,2014-11-24,Confirmação,Estável,
2026-09-25,ATLANTA FIDC MULTISSETORIAL - SENIORES 4ª SÉRIE,https://www.austin.com.br/Historico-Rating/1604/Atlanta_FIDC_Multissetorial_-_Seniores_4ª_série,FIDCs,brA-,,brA-,2014-05-26,Confirmação,Estável,
2026-09-25,ATLANTA FIDC MULTISSETORIAL - SENIORES 4ª SÉRIE,https://www.austin.com.br/Historico-Rating/1604/Atlanta_FIDC_Multissetorial_-_Seniores_4ª_série,FIDCs,brA-,,brA-,2014-02-11,Confirmação,Estável,
2026-09-25,ATLANTA FIDC MULTISSETORIAL - SENIORES 4ª SÉRIE,https://www.austin.com.br/Historico-Rating/1604/Atlanta_FIDC_Multissetorial_-_Seniores_4ª_série,FIDCs,brA-,,brA-,2013-11-18,Confirmação,Estável,
2026-09-25,ATLANTA FIDC MULTISSETORIAL - SENIORES 4ª SÉRIE,https://www.austin.com.br/Historico-Rating/1604/Atlanta_FIDC_Multissetorial_-_Seniores_4ª_série,FIDCs,brA-,,brA-,2013-08-27,Confirmação,Estável,
2026-09-25,ATLANTA FIDC MULTISSETORIAL - SENIORES 4ª SÉRIE,https://www.austin.com.br/Historico-Rating/1604/Atlanta_FIDC_Multissetorial_-_Seniores_4ª_série,FIDCs,brA-,,brA-,2013-06-21,Rating Inicial,Estável,
2026-09-25,ATLAS FIDC NP - SENIORES 2ª SÉRIE,https://www.austin.com.br/Historico-Rating/3431/Atlas_FIDC_NP_-_Seniores_2ª_série,FIDCs,brBB+,,brBB+,2022-06-23,Confirmação,Estável,
2026-09-25,ATLAS FIDC NP - SENIORES 2ª SÉRIE,https://www.austin.com.br/Historico-Rating/3431/Atlas_FIDC_NP_-_Seniores_2ª_série,FIDCs,brBB+,,brBB+,2020-01-09,Rating Inicial,Estável,
2026-09-25,ATICCA FIDC - SENIORES 2ª SÉRIE,https://www.austin.com.br/Historico-Rating/3098/Aticca_FIDC_-_Seniores_2ª_série,FIDCs,brA-,,brA-,2022-08-12,Confirmação,Estável,
2026-09-25,ATICCA FIDC - SENIORES 2ª SÉRIE,https://www.austin.com.br/Historico-Rating/3098/Aticca_FIDC_-_Seniores_2ª_série,FIDCs,brA-,,brA-,2020-04-02,Observação Negativa,,https://www.austin.com.br/Relatorio/Rating/Aticca_FIDC/9746
2026-09-25,ATICCA FIDC - SENIORES 2ª SÉRIE,https://www.austin.com.br/Historico-Rating/3098/Aticca_FIDC_-_Seniores_2ª_série,FIDCs,brA-,,brA-,2019-09-03,Rating Inicial,Estável,
2026-09-25,ATLANTA FIDC MULTISSETORIAL - SENIORES 1ª SÉRIE,https://www.austin.com.br/Historico-Rating/769/Atlanta_FIDC_Multissetorial_-_Seniores_1ª_série,FIDCs,brBBB+,,brBBB+,2019-08-15,Elevação,Estável,https://www.austin.com.br/Relatorio/Rating/Atlanta_FIDC_Multissetorial/9345
2026-09-25,ATLANTA FIDC MULTISSETORIAL - SENIORES 1ª SÉRIE,https://www.austin.com.br/Historico-Rating/769/Atlanta_FIDC_Multissetorial_-_Seniores_1ª_série,FIDCs,brBBB,,brBBB,2019-02-13,Confirmação,Estável,
2026-09-25,ATLANTA FIDC MULTISSETORIAL - SENIORES 1ª SÉRIE,https://www.austin.com.br/Historico-Rating/769/Atlanta_FIDC_Multissetorial_-_Seniores_1ª_série,FIDCs,brBBB,,brBBB,2017-09-06,Confirmação,Estável,
2026-09-25,ATLANTA FIDC MULTISSETORIAL - SENIORES 1ª SÉRIE,https://www.austin.com.br/Historico-Rating/769/Atlanta_FIDC_Multissetorial_-_Seniores_1ª_série,FIDCs,brBBB,,brBBB,2017-05-31,Confirmação,Estável,
2026-09-25,ATLANTA FIDC MULTISSETORIAL - SENIORES 1ª SÉRIE,https://www.austin.com.br/Historico-Rating/769/Atlanta_FIDC_Multissetorial_-_Seniores_1ª_série,FIDCs,brBBB,,brBBB,2017-02-14,Confirmação,Estável,
2026-09-25,ATLANTA FIDC MULTISSETORIAL - SENIORES 1ª SÉRIE,https://www.austin.com.br/Historico-Rating/769/Atlanta_FIDC_Multissetorial_-_Seniores_1ª_série,FIDCs,brBBB,,brBBB,2016-09-14,Confirmação,Estável,
2026-09-25,ATLANTA FIDC MULTISSETORIAL - SENIORES 1ª SÉRIE,https://www.austin.com.br/Historico-Rating/769/Atlanta_FIDC_Multissetorial_-_Seniores_1ª_série,FIDCs,brA-,,brA-,2016-03-02,Confirmação,Estável,
2026-09-25,ATLANTA FIDC MULTISSETORIAL - SENIORES 1ª SÉRIE,https://www.austin.com.br/Historico-Rating/769/Atlanta_FIDC_Multissetorial_-_Seniores_1ª_série,FIDCs,brA-,,brA-,2015-12-07,Observação Negativa,,
2026-09-25,ATLANTA FIDC MULTISSETORIAL - SENIORES 1ª SÉRIE,https://www.austin.com.br/Historico-Rating/769/Atlanta_FIDC_Multissetorial_-_Seniores_1ª_série,FIDCs,brA-,,brA-,2015-08-10,Confirmação,Estável,
2026-09-25,ATLANTA FIDC MULTISSETORIAL - SENIORES 1ª SÉRIE,https://www.austin.com.br/Historico-Rating/769/Atlanta_FIDC_Multissetorial_-_Seniores_1ª_série,FIDCs,brA-,,brA-,2015-05-25,Confirmação,Estável,
2026-09-25,ATLANTA FIDC MULTISSETORIAL - SENIORES 1ª SÉRIE,https://www.austin.com.br/Historico-Rating/769/Atlanta_FIDC_Multissetorial_-_Seniores_1ª_série,FIDCs,brA-,,brA-,2015-03-10,Confirmação,Estável,
2026-09-25,ATLANTA FIDC MULTISSETORIAL - SENIORES 1ª SÉRIE,https://www.austin.com.br/Historico-Rating/769/Atlanta_FIDC_Multissetorial_-_Seniores_1ª_série,FIDCs,brA-,,brA-,2014-11-24,Confirmação,Estável,
2026-09-25,ATLANTA FIDC MULTISSETORIAL - SENIORES 1ª SÉRIE,https://www.austin.com.br/Historico-Rating/769/Atlanta_FIDC_Multissetorial_-_Seniores_1ª_série,FIDCs,brA-,,brA-,2014-05-26,Confirmação,Estável,
2026-09-25,ATLANTA FIDC MULTISSETORIAL - SENIORES 1ª SÉRIE,https://www.austin.com.br/Historico-Rating/769/Atlanta_FIDC_Multissetorial_-_Seniores_1ª_série,FIDCs,brA-,,brA-,2014-02-11,Confirmação,Estável,
2026-09-25,ATLANTA FIDC MULTISSETORIAL - SENIORES 1ª SÉRIE,https://www.austin.com.br/Historico-Rating/769/Atlanta_FIDC_Multissetorial_-_Seniores_1ª_série,FIDCs,brA-,,brA-,2013-11-18,Confirmação,Estável,
2026-09-25,ATLANTA FIDC MULTISSETORIAL - SENIORES 1ª SÉRIE,https://www.austin.com.br/Historico-Rating/769/Atlanta_FIDC_Multissetorial_-_Seniores_1ª_série,FIDCs,brA-,,brA-,2013-08-27,Confirmação,Estável,
2026-09-25,ATLANTA FIDC MULTISSETORIAL - SENIORES 1ª SÉRIE,https://www.austin.com.br/Historico-Rating/769/Atlanta_FIDC_Multissetorial_-_Seniores_1ª_série,FIDCs,brA-,,brA-,2013-05-15,Elevação,Estável,
2026-09-25,ATLANTA FIDC MULTISSETORIAL - SENIORES 1ª SÉRIE,https://www.austin.com.br/Historico-Rating/769/Atlanta_FIDC_Multissetorial_-_Seniores_1ª_série,FIDCs,brBB+,,brBB+,2013-03-08,Alteração de Perspectiva,Positiva,
2026-09-25,ATLANTA FIDC MULTISSETORIAL - SENIORES 1ª SÉRIE,https://www.austin.com.br/Historico-Rating/769/Atlanta_FIDC_Multissetorial_-_Seniores_1ª_série,FIDCs,brBB+,,brBB+,2012-08-15,Confirmação,Estável,
2026-09-25,ATLANTA FIDC MULTISSETORIAL - SENIORES 1ª SÉRIE,https://www.austin.com.br/Historico-Rating/769/Atlanta_FIDC_Multissetorial_-_Seniores_1ª_série,FIDCs,brBB+,,brBB+,2012-08-15,Confirmação,Estável,
2026-09-25,ATLANTA FIDC MULTISSETORIAL - SENIORES 1ª SÉRIE,https://www.austin.com.br/Historico-Rating/769/Atlanta_FIDC_Multissetorial_-_Seniores_1ª_série,FIDCs,brBB+,,brBB+,2012-05-15,Confirmação,Estável,
2026-09-25,ATLANTA FIDC MULTISSETORIAL - SENIORES 1ª SÉRIE,https://www.austin.com.br/Historico-Rating/769/Atlanta_FIDC_Multissetorial_-_Seniores_1ª_série,FIDCs,brBB+,,brBB+,2012-02-15,Confirmação,Estável,
2026-09-25,ATLANTA FIDC MULTISSETORIAL - SENIORES 1ª SÉRIE,https://www.austin.com.br/Historico-Rating/769/Atlanta_FIDC_Multissetorial_-_Seniores_1ª_série,FIDCs,brBB+,,brBB+,2011-08-15,Confirmação,Estável,
2026-09-25,ATLANTA FIDC MULTISSETORIAL - SENIORES 1ª SÉRIE,https://www.austin.com.br/Historico-Rating/769/Atlanta_FIDC_Multissetorial_-_Seniores_1ª_série,FIDCs,brBB+,,brBB+,2011-05-13,Confirmação,Estável,
2026-09-25,ATLANTA FIDC MULTISSETORIAL - SENIORES 1ª SÉRIE,https://www.austin.com.br/Historico-Rating/769/Atlanta_FIDC_Multissetorial_-_Seniores_1ª_série,FIDCs,brBB+,,brBB+,2011-02-23,Rating Inicial,Estável,
2026-09-25,ATLANTA FIDC MULTISSETORIAL - SENIORES 3ª SÉRIE,https://www.austin.com.br/Historico-Rating/1603/Atlanta_FIDC_Multissetorial_-_Seniores_3ª_série,FIDCs,brBBB+,,brBBB+,2019-08-15,Elevação,Estável,https://www.austin.com.br/Relatorio/Rating/Atlanta_FIDC_Multissetorial/9346
2026-09-25,ATLANTA FIDC MULTISSETORIAL - SENIORES 3ª SÉRIE,https://www.austin.com.br/Historico-Rating/1603/Atlanta_FIDC_Multissetorial_-_Seniores_3ª_série,FIDCs,brBBB,,brBBB,2019-02-13,Confirmação,Estável,
2026-09-25,ATLANTA FIDC MULTISSETORIAL - SENIORES 3ª SÉRIE,https://www.austin.com.br/Historico-Rating/1603/Atlanta_FIDC_Multissetorial_-_Seniores_3ª_série,FIDCs,brBBB,,brBBB,2017-09-06,Confirmação,Estável,
2026-09-25,ATLANTA FIDC MULTISSETORIAL - SENIORES 3ª SÉRIE,https://www.austin.com.br/Historico-Rating/1603/Atlanta_FIDC_Multissetorial_-_Seniores_3ª_série,FIDCs,brBBB,,brBBB,2017-05-31,Confirmação,Estável,
2026-09-25,ATLANTA FIDC MULTISSETORIAL - SENIORES 3ª SÉRIE,https://www.austin.com.br/Historico-Rating/1603/Atlanta_FIDC_Multissetorial_-_Seniores_3ª_série,FIDCs,brBBB,,brBBB,2017-02-14,Confirmação,Estável,
2026-09-25,ATLANTA FIDC MULTISSETORIAL - SENIORES 3ª SÉRIE,https://www.austin.com.br/Historico-Rating/1603/Atlanta_FIDC_Multissetorial_-_Seniores_3ª_série,FIDCs,brBBB,,brBBB,2016-09-14,Confirmação,Estável,
2026-09-25,ATLANTA FIDC MULTISSETORIAL - SENIORES 3ª SÉRIE,https://www.austin.com.br/Historico-Rating/1603/Atlanta_FIDC_Multissetorial_-_Seniores_3ª_série,FIDCs,brA-,,brA-,2016-03-02,Confirmação,Estável,
2026-09-25,ATLANTA FIDC MULTISSETORIAL - SENIORES 3ª SÉRIE,https://www.austin.com.br/Historico-Rating/1603/Atlanta_FIDC_Multissetorial_-_Seniores_3ª_série,FIDCs,brA-,,brA-,2015-12-07,Observação Negativa,,
2026-09-25,ATLANTA FIDC MULTISSETORIAL - SENIORES 3ª SÉRIE,https://www.austin.com.br/Historico-Rating/1603/Atlanta_FIDC_Multissetorial_-_Seniores_3ª_série,FIDCs,brA-,,brA-,2015-08-10,Confirmação,Estável,
2026-09-25,ATLANTA FIDC MULTISSETORIAL - SENIORES 3ª SÉRIE,https://www.austin.com.br/Historico-Rating/1603/Atlanta_FIDC_Multissetorial_-_Seniores_3ª_série,FIDCs,brA-,,brA-,2015-05-25,Confirmação,Estável,
2026-09-25,ATLANTA FIDC MULTISSETORIAL - SENIORES 3ª SÉRIE,https://www.austin.com.br/Historico-Rating/1603/Atlanta_FIDC_Multissetorial_-_Seniores_3ª_série,FIDCs,brA-,,brA-,2015-03-10,Confirmação,Estável,
2026-09-25,ATLANTA FIDC MULTISSETORIAL - SENIORES 3ª SÉRIE,https://www.austin.com.br/Historico-Rating/1603/Atlanta_FIDC_Multissetorial_-_Seniores_3ª_série,FIDCs,brA-,,brA-,2014-11-24,Confirmação,Estável,
2026-09-25,ATLANTA FIDC MULTISSETORIAL - SENIORES 3ª SÉRIE,https://www.austin.com.br/Historico-Rating/1603/Atlanta_FIDC_Multissetorial_-_Seniores_3ª_série,FIDCs,brA-,,brA-,2014-05-26,Confirmação,Estável,
2026-09-25,ATLANTA FIDC MULTISSETORIAL - SENIORES 3ª SÉRIE,https://www.austin.com.br/Historico-Rating/1603/Atlanta_FIDC_Multissetorial_-_Seniores_3ª_série,FIDCs,brA-,,brA-,2014-02-11,Confirmação,Estável,
2026-09-25,ATLANTA FIDC MULTISSETORIAL - SENIORES 3ª SÉRIE,https://www.austin.com.br/Historico-Rating/1603/Atlanta_FIDC_Multissetorial_-_Seniores_3ª_série,FIDCs,brA-,,brA-,2013-11-18,Confirmação,Estável,
2026-09-25,ATLANTA FIDC MULTISSETORIAL - SENIORES 3ª SÉRIE,https://www.austin.com.br/Historico-Rating/1603/Atlanta_FIDC_Multissetorial_-_Seniores_3ª_série,FIDCs,brA-,,brA-,2013-08-27,Confirmação,Estável,
2026-09-25,ATLANTA FIDC MULTISSETORIAL - SENIORES 3ª SÉRIE,https://www.austin.com.br/Historico-Rating/1603/Atlanta_FIDC_Multissetorial_-_Seniores_3ª_série,FIDCs,brA-,,brA-,2013-06-21,Rating Inicial,Estável,
2026-09-25,ATLAS HUB II FIDC - SENIORES ÚNICA,https://www.austin.com.br/Historico-Rating/5139/Atlas_Hub_II_FIDC_-_Seniores_Única,FIDCs,brBBB+,,brBBB+,2026-02-06,Rating Inicial,Estável,https://www.austin.com.br/Relatorio/Rating/Atlas_Hub_II_FIDC/11548
2026-09-25,ATLAS HUB III FIDC - SUBORDINADAS PREFERENCIAIS,https://www.austin.com.br/Historico-Rating/5244/Atlas_Hub_III_FIDC_-_Subordinadas_Preferenciais_,FIDCs,brBBB,,brBBB,2026-07-03,Rating Inicial,Estável,https://www.austin.com.br/Relatorio/Rating/Atlas_Hub_III_FIDC/11652
2026-09-25,ATLAS FIDC NP   - MEZANINO CLASSE A,https://www.austin.com.br/Historico-Rating/1921/Atlas_FIDC_NP___-_Mezanino_Classe_A_,FIDCs,brCCC,,brCCC,2022-06-23,Confirmação,Estável,
2026-09-25,ATLAS FIDC NP   - MEZANINO CLASSE A,https://www.austin.com.br/Historico-Rating/1921/Atlas_FIDC_NP___-_Mezanino_Classe_A_,FIDCs,brCCC,,brCCC,2020-04-02,Observação Negativa,,https://www.austin.com.br/Relatorio/Rating/Atlas_FIDC_NP__/9779
2026-09-25,ATLAS FIDC NP   - MEZANINO CLASSE A,https://www.austin.com.br/Historico-Rating/1921/Atlas_FIDC_NP___-_Mezanino_Classe_A_,FIDCs,brCCC,,brCCC,2020-02-28,Confirmação,Estável,
2026-09-25,ATLAS FIDC NP   - MEZANINO CLASSE A,https://www.austin.com.br/Historico-Rating/1921/Atlas_FIDC_NP___-_Mezanino_Classe_A_,FIDCs,brCCC,,brCCC,2019-11-27,Confirmação,Estável,
2026-09-25,ATLAS FIDC NP   - MEZANINO CLASSE A,https://www.austin.com.br/Historico-Rating/1921/Atlas_FIDC_NP___-_Mezanino_Classe_A_,FIDCs,brCCC,,brCCC,2019-08-15,Confirmação,Estável,
2026-09-25,ATLAS FIDC NP   - MEZANINO CLASSE A,https://www.austin.com.br/Historico-Rating/1921/Atlas_FIDC_NP___-_Mezanino_Classe_A_,FIDCs,brCCC,,brCCC,2019-05-08,Confirmação,Estável,
2026-09-25,ATLAS FIDC NP   - MEZANINO CLASSE A,https://www.austin.com.br/Historico-Rating/1921/Atlas_FIDC_NP___-_Mezanino_Classe_A_,FIDCs,brCCC,,brCCC,2019-02-13,Confirmação,Estável,
2026-09-25,ATLAS FIDC NP   - MEZANINO CLASSE A,https://www.austin.com.br/Historico-Rating/1921/Atlas_FIDC_NP___-_Mezanino_Classe_A_,FIDCs,brCCC,,brCCC,2018-07-25,Confirmação,Estável,
2026-09-25,ATLAS FIDC NP   - MEZANINO CLASSE A,https://www.austin.com.br/Historico-Rating/1921/Atlas_FIDC_NP___-_Mezanino_Classe_A_,FIDCs,brCCC,,brCCC,2018-06-25,Confirmação,Estável,
2026-09-25,ATLAS FIDC NP   - MEZANINO CLASSE A,https://www.austin.com.br/Historico-Rating/1921/Atlas_FIDC_NP___-_Mezanino_Classe_A_,FIDCs,brCCC,,brCCC,2018-03-19,Confirmação,Estável,
2026-09-25,ATLAS FIDC NP   - MEZANINO CLASSE A,https://www.austin.com.br/Historico-Rating/1921/Atlas_FIDC_NP___-_Mezanino_Classe_A_,FIDCs,brCCC,,brCCC,2017-12-19,Confirmação,Estável,
2026-09-25,ATLAS FIDC NP   - MEZANINO CLASSE A,https://www.austin.com.br/Historico-Rating/1921/Atlas_FIDC_NP___-_Mezanino_Classe_A_,FIDCs,brCCC,,brCCC,2017-08-18,Confirmação,Estável,
2026-09-25,ATLAS FIDC NP   - MEZANINO CLASSE A,https://www.austin.com.br/Historico-Rating/1921/Atlas_FIDC_NP___-_Mezanino_Classe_A_,FIDCs,brCCC,,brCCC,2017-02-10,Confirmação,Estável,
2026-09-25,ATLAS FIDC NP   - MEZANINO CLASSE A,https://www.austin.com.br/Historico-Rating/1921/Atlas_FIDC_NP___-_Mezanino_Classe_A_,FIDCs,brCCC,,brCCC,2016-11-30,Confirmação,Estável,
2026-09-25,ATLAS FIDC NP   - MEZANINO CLASSE A,https://www.austin.com.br/Historico-Rating/1921/Atlas_FIDC_NP___-_Mezanino_Classe_A_,FIDCs,brCCC,,brCCC,2016-08-05,Elevação,Estável,
2026-09-25,ATLAS FIDC NP   - MEZANINO CLASSE A,https://www.austin.com.br/Historico-Rating/1921/Atlas_FIDC_NP___-_Mezanino_Classe_A_,FIDCs,brCC,,brCC,2016-06-03,Confirmação,Estável,
2026-09-25,ATLAS FIDC NP   - MEZANINO CLASSE A,https://www.austin.com.br/Historico-Rating/1921/Atlas_FIDC_NP___-_Mezanino_Classe_A_,FIDCs,brCC,,brCC,2016-03-14,Confirmação,Estável,
2026-09-25,ATLAS FIDC NP   - MEZANINO CLASSE A,https://www.austin.com.br/Historico-Rating/1921/Atlas_FIDC_NP___-_Mezanino_Classe_A_,FIDCs,brCC,,brCC,2015-11-16,Confirmação,Estável,
2026-09-25,ATLAS FIDC NP   - MEZANINO CLASSE A,https://www.austin.com.br/Historico-Rating/1921/Atlas_FIDC_NP___-_Mezanino_Classe_A_,FIDCs,brCC,,brCC,2015-08-19,Confirmação,Estável,
2026-09-25,ATLAS FIDC NP   - MEZANINO CLASSE A,https://www.austin.com.br/Historico-Rating/1921/Atlas_FIDC_NP___-_Mezanino_Classe_A_,FIDCs,brCC,,brCC,2015-06-26,Confirmação,Estável,
2026-09-25,ATLAS FIDC NP   - MEZANINO CLASSE A,https://www.austin.com.br/Historico-Rating/1921/Atlas_FIDC_NP___-_Mezanino_Classe_A_,FIDCs,brCC,,brCC,2014-07-15,Rating Inicial,Estável,
2026-09-25,ATLAS HUB III FIDC - SENIORES ÚNICA,https://www.austin.com.br/Historico-Rating/5243/Atlas_Hub_III_FIDC_-_Seniores_Única,FIDCs,brA,,brA,2026-07-03,Rating Inicial,Estável,https://www.austin.com.br/Relatorio/Rating/Atlas_Hub_III_FIDC/11651
2026-09-25,AUTO LOANS FIDC - SUBORDINADAS MEZANINO,https://www.austin.com.br/Historico-Rating/4652/AUTO_LOANS_FIDC_-_Subordinadas_Mezanino_,FIDCs,brCC,,brCC,2024-08-08,Confirmação,Negativa,https://www.austin.com.br/Relatorio/Rating/AUTO_LOANS_FIDC/11024
2026-09-25,AUTO LOANS FIDC - SUBORDINADAS JÚNIOR,https://www.austin.com.br/Historico-Rating/4653/AUTO_LOANS_FIDC_-_Subordinadas_Júnior_,FIDCs,brD,,brD,2024-08-08,Confirmação,,https://www.austin.com.br/Relatorio/Rating/AUTO_LOANS_FIDC/11025
2026-09-25,AUTOMOTIVO FIDC - ÚNICA,https://www.austin.com.br/Historico-Rating/3080/Automotivo_FIDC_-_Única_,FIDCs,brAAA,,brAAA,2020-02-19,Confirmação,Estável,https://www.austin.com.br/Relatorio/Rating/Automotivo_FIDC/9669
2026-09-25,AUTOMOTIVO FIDC - ÚNICA,https://www.austin.com.br/Historico-Rating/3080/Automotivo_FIDC_-_Única_,FIDCs,brAAA,,brAAA,2019-11-21,Confirmação,Estável,
2026-09-25,AUTOMOTIVO FIDC - ÚNICA,https://www.austin.com.br/Historico-Rating/3080/Automotivo_FIDC_-_Única_,FIDCs,brAAA,,brAAA,2019-08-26,Confirmação,Estável,
2026-09-25,AUTOMOTIVO FIDC - ÚNICA,https://www.austin.com.br/Historico-Rating/3080/Automotivo_FIDC_-_Única_,FIDCs,brAAA,,brAAA,2019-01-09,Rating Inicial,Estável,
2026-09-25,AZURE CONSIGNADO FIDC - SENIORES ÚNICA,https://www.austin.com.br/Historico-Rating/4828/Azure_Consignado_FIDC_-_Seniores_Única,FIDCs,brAA-,,brAA-,2024-11-01,Rating Inicial,Estável,
2026-09-25,AXIS RENOVÁVEIS FIDC  - SENIORES ÚNICA,https://www.austin.com.br/Historico-Rating/3555/Axis_Renováveis_FIDC__-_Seniores_Única,FIDCs,brA,,brA,2024-08-08,Confirmação,Estável,https://www.austin.com.br/Relatorio/Rating/Axis_Renováveis_FIDC_/11026
2026-09-25,AXIS RENOVÁVEIS FIDC  - SENIORES ÚNICA,https://www.austin.com.br/Historico-Rating/3555/Axis_Renováveis_FIDC__-_Seniores_Única,FIDCs,brA,,brA,2020-06-23,Rating Preliminar,,
2026-09-25,AUTO LOANS FIDC - SENIORES ÚNICA,https://www.austin.com.br/Historico-Rating/4651/AUTO_LOANS_FIDC_-_Seniores_Única,FIDCs,brBBB-,,brBBB-,2024-08-08,Confirmação,Negativa,https://www.austin.com.br/Relatorio/Rating/AUTO_LOANS_FIDC/11023
2026-09-25,AXIS RENOVÁVEIS FIDC  - SUBORDINADAS,https://www.austin.com.br/Historico-Rating/3556/Axis_Renováveis_FIDC__-_Subordinadas_,FIDCs,brBBB+,,brBBB+,2024-08-08,Confirmação,Estável,https://www.austin.com.br/Relatorio/Rating/Axis_Renováveis_FIDC_/11027
2026-09-25,AXIS RENOVÁVEIS FIDC  - SUBORDINADAS,https://www.austin.com.br/Historico-Rating/3556/Axis_Renováveis_FIDC__-_Subordinadas_,FIDCs,brBBB+,,brBBB+,2020-06-23,Rating Preliminar,,
2026-09-25,AZURE CONSIGNADO FIDC - SENIORES ÚNICA,https://www.austin.com.br/Historico-Rating/4823/Azure_Consignado_FIDC_-_Seniores_Única,FIDCs,brAA-,,brAA-,2024-11-01,Rating Inicial,Estável,https://www.austin.com.br/Relatorio/Rating/Azure_Consignado_FIDC/11243
2026-09-25,AZURE CONSIGNADO FIDC - SUBORDINADAS MEZANINO,https://www.austin.com.br/Historico-Rating/4824/Azure_Consignado_FIDC_-_Subordinadas_Mezanino_,FIDCs,brA-,,brA-,2024-11-01,Rating Inicial,Estável,https://www.austin.com.br/Relatorio/Rating/Azure_Consignado_FIDC/11244
2026-09-25,B4 TRUST FIDC - SUBORDINADAS MEZANINO,https://www.austin.com.br/Historico-Rating/4805/B4_Trust_FIDC_-_Subordinadas_Mezanino_,FIDCs,brBBB,,brBBB,2024-08-20,Confirmação,Estável,https://www.austin.com.br/Relatorio/Rating/B4_Trust_FIDC/11220
2026-09-25,B4 TRUST FIDC - SENIORES ÚNICA,https://www.austin.com.br/Historico-Rating/4804/B4_Trust_FIDC_-_Seniores_Única,FIDCs,brA,,brA,2024-08-20,Confirmação,Estável,https://www.austin.com.br/Relatorio/Rating/B4_Trust_FIDC/11219
2026-09-25,B7 FIDC NP - SUBORDINADAS MEZANINO,https://www.austin.com.br/Historico-Rating/4808/B7_FIDC_NP_-_Subordinadas_Mezanino_,FIDCs,brBB+,,brBB+,2024-08-30,Confirmação,Estável,https://www.austin.com.br/Relatorio/Rating/B7_FIDC_NP/11223
2026-09-25,B7 FIDC NP - SENIORES ÚNICA,https://www.austin.com.br/Historico-Rating/4806/B7_FIDC_NP_-_Seniores_Única,FIDCs,brBBB,,brBBB,2024-08-30,Confirmação,Estável,https://www.austin.com.br/Relatorio/Rating/B7_FIDC_NP/11221
2026-09-25,B7 FIDC NP - SUBORDINADAS JÚNIOR,https://www.austin.com.br/Historico-Rating/4807/B7_FIDC_NP_-_Subordinadas_Júnior_,FIDCs,brBB-,,brBB-,2024-08-30,Confirmação,Estável,https://www.austin.com.br/Relatorio/Rating/B7_FIDC_NP/11222
2026-09-25,BANCO BARI DE INVESTIMENTOS E FINANCIAMENTOS S.A.,https://www.austin.com.br/Historico-Rating/4367/Banco_Bari_de_Investimentos_e_Financiamentos_SA_,Bancos,brBBB,,brBBB,2023-12-13,Rating Inicial,Estável,https://www.austin.com.br/Relatorio/Rating/Banco_Bari_de_Investimentos_e_Financiamentos_SA_/10736
2026-09-25,BACKSTAGE FIDC NP - SUBORDINADAS JÚNIOR,https://www.austin.com.br/Historico-Rating/4471/Backstage_FIDC_NP_-_Subordinadas_Júnior_,FIDCs,brB,,brB,2024-08-09,Confirmação,Estável,https://www.austin.com.br/Relatorio/Rating/Backstage_FIDC_NP/11046
2026-09-25,BACKSTAGE FIDC NP - SUBORDINADAS JÚNIOR,https://www.austin.com.br/Historico-Rating/4471/Backstage_FIDC_NP_-_Subordinadas_Júnior_,FIDCs,brB,,brB,2024-01-05,Rating Inicial,Estável,
2026-09-25,BANCO BRADESCO,https://www.austin.com.br/Historico-Rating/15/Banco_Bradesco,Governança Corporativa,brAA+,,brAA+,2014-12-17,Confirmação,,https://www.austin.com.br/Relatorio/Rating/Banco_Bradesco/5696
2026-09-25,BANCO BRADESCO,https://www.austin.com.br/Historico-Rating/15/Banco_Bradesco,Governança Corporativa,brAA+,,brAA+,2011-12-22,Elevação,,
2026-09-25,BANCO BRADESCO,https://www.austin.com.br/Historico-Rating/15/Banco_Bradesco,Governança Corporativa,brAA,,brAA,2008-08-14,Confirmação,Estável,
2026-09-25,BANCO BRADESCO,https://www.austin.com.br/Historico-Rating/15/Banco_Bradesco,Governança Corporativa,brAA,,brAA,2005-09-27,Rating Inicial,Estável,
2026-09-25,BANRISUL S/A CORRETORA DE VALORES E CÂMBIO,https://www.austin.com.br/Historico-Rating/3047/Banrisul_S_A_Corretora_de_Valores_e_Câmbio,Gestão,QG3+,,QG3+,2023-05-30,Confirmação,Estável,
2026-09-25,BANRISUL S/A CORRETORA DE VALORES E CÂMBIO,https://www.austin.com.br/Historico-Rating/3047/Banrisul_S_A_Corretora_de_Valores_e_Câmbio,Gestão,QG3+,,QG3+,2021-05-27,Confirmação,Estável,
2026-09-25,BANRISUL S/A CORRETORA DE VALORES E CÂMBIO,https://www.austin.com.br/Historico-Rating/3047/Banrisul_S_A_Corretora_de_Valores_e_Câmbio,Gestão,QG3+,,QG3+,2018-06-05,Rating Inicial,Estável,
2026-09-25,BARI COMPANHIA HIPOTECÁRIA,https://www.austin.com.br/Historico-Rating/5179/Bari_Companhia_Hipotecária,Cias Hipotecárias,brA-,,brA-,2026-04-22,Elevação,Estável,https://www.austin.com.br/Relatorio/Rating/Bari_Companhia_Hipotecária/11591
2026-09-25,BANCO SEMEAR S/A,https://www.austin.com.br/Historico-Rating/1909/Banco_Semear_S_A,Bancos,brBBB-,brA-3,brBBB-,2023-12-27,Rating Inicial,Estável,
2026-09-25,BANCO SEMEAR S/A,https://www.austin.com.br/Historico-Rating/1909/Banco_Semear_S_A,Bancos,brBBB,brA-3,brBBB,2021-12-23,Confirmação,Estável,
2026-09-25,BANCO SEMEAR S/A,https://www.austin.com.br/Historico-Rating/1909/Banco_Semear_S_A,Bancos,brBBB,brA-3,brBBB,2020-01-15,Confirmação,Estável,
2026-09-25,BANCO SEMEAR S/A,https://www.austin.com.br/Historico-Rating/1909/Banco_Semear_S_A,Bancos,brBBB-,brA-3,brBBB-,2016-06-22,Confirmação,Estável,https://www.austin.com.br/Relatorio/Rating/Banco_Semear_S_A/6741
2026-09-25,BANCO SEMEAR S/A,https://www.austin.com.br/Historico-Rating/1909/Banco_Semear_S_A,Bancos,brBBB-,brA-3,brBBB-,2014-05-27,Rating Inicial,Estável,
2026-09-25,BASSO FIDC - SENIORES 2ª SÉRIE,https://www.austin.com.br/Historico-Rating/3374/Basso_FIDC_-_Seniores_2ª_série,FIDCs,brBBB-,,brBBB-,2020-04-02,Observação Negativa,,https://www.austin.com.br/Relatorio/Rating/Basso_FIDC/9780
2026-09-25,BASSO FIDC - SENIORES 2ª SÉRIE,https://www.austin.com.br/Historico-Rating/3374/Basso_FIDC_-_Seniores_2ª_série,FIDCs,brBBB-,,brBBB-,2019-10-31,Rating Inicial,Estável,
2026-09-25,BARU FIDC - SENIORES 9ª SÉRIE,https://www.austin.com.br/Historico-Rating/5056/Baru_FIDC_-_Seniores_9ª_série,FIDCs,brBBB,,brBBB,2025-11-28,Rating Inicial,Estável,https://www.austin.com.br/Relatorio/Rating/Baru_FIDC/11462
2026-09-25,BASE SECURITIZADORA - RISCO VALE (10ª SÉRIE - 1ª EMISSÃO),https://www.austin.com.br/Historico-Rating/3933/Base_Securitizadora_-_Risco_Vale_(10ª_Série_-_1ª_Emissão),CRIs,brAA+,,brAA+,2021-11-19,Rating Inicial,Estável,https://www.austin.com.br/Relatorio/Rating/Base_Securitizadora_-_Risco_Vale_(10ª_Série_-_1ª_Emissão)/10398
2026-09-25,BASE SECURITIZADORA - RISCO VALE (10ª SÉRIE - 1ª EMISSÃO),https://www.austin.com.br/Historico-Rating/3933/Base_Securitizadora_-_Risco_Vale_(10ª_Série_-_1ª_Emissão),CRIs,brAA+,,brAA+,2021-11-19,Rating Inicial,Estável,https://www.austin.com.br/Relatorio/Rating/Base_Securitizadora_-_Risco_Vale_(10ª_Série_-_1ª_Emissão)/10292
2026-09-25,BAVIERA FIDC - SENIORES 1ª SÉRIE,https://www.austin.com.br/Historico-Rating/2741/Baviera_FIDC_-_Seniores_1ª_série,FIDCs,brD,,brD,2018-08-15,Rebaixamento,,https://www.austin.com.br/Relatorio/Rating/Baviera_FIDC/8320
2026-09-25,BAVIERA FIDC - SENIORES 1ª SÉRIE,https://www.austin.com.br/Historico-Rating/2741/Baviera_FIDC_-_Seniores_1ª_série,FIDCs,brB-,,brB-,2017-11-24,Rebaixamento,,
2026-09-25,BAVIERA FIDC - SENIORES 1ª SÉRIE,https://www.austin.com.br/Historico-Rating/2741/Baviera_FIDC_-_Seniores_1ª_série,FIDCs,brB+,,brB+,2017-09-01,Confirmação,Estável,
2026-09-25,BAVIERA FIDC - SENIORES 1ª SÉRIE,https://www.austin.com.br/Historico-Rating/2741/Baviera_FIDC_-_Seniores_1ª_série,FIDCs,brB+,,brB+,2017-06-30,Rebaixamento,Estável,
2026-09-25,BAVIERA FIDC - SENIORES 1ª SÉRIE,https://www.austin.com.br/Historico-Rating/2741/Baviera_FIDC_-_Seniores_1ª_série,FIDCs,brBB-,,brBB-,2016-05-05,Rating Inicial,Estável,
2026-09-25,BASSO FIDC - SUBORDINADAS JÚNIOR,https://www.austin.com.br/Historico-Rating/3375/Basso_FIDC_-_Subordinadas_Júnior_,FIDCs,brB-,,brB-,2019-10-31,Rating Inicial,Estável,https://www.austin.com.br/Relatorio/Rating/Basso_FIDC/9397
2026-09-25,BCR FIDC - SENIORES 6ª SÉRIE,https://www.austin.com.br/Historico-Rating/3339/BCR_FIDC_-_Seniores_6ª_série,FIDCs,brAA-,,brAA-,2020-04-02,Observação Negativa,,https://www.austin.com.br/Relatorio/Rating/BCR_FIDC/9940
2026-09-25,BCR FIDC - SENIORES 6ª SÉRIE,https://www.austin.com.br/Historico-Rating/3339/BCR_FIDC_-_Seniores_6ª_série,FIDCs,brAA-,,brAA-,2019-07-19,Confirmação,Estável,
2026-09-25,BBIF MASTER FIDC - ÚNICA,https://www.austin.com.br/Historico-Rating/4612/BBIF_Master_FIDC_-_Única_,FIDCs,brC,,brC,2024-07-17,Confirmação,Estável,https://www.austin.com.br/Relatorio/Rating/BBIF_Master_FIDC/10966
2026-09-25,BCR FIDC - SENIORES 4ª SÉRIE,https://www.austin.com.br/Historico-Rating/3136/BCR_FIDC_-_Seniores_4ª_série,FIDCs,brAA-,,brAA-,2020-04-02,Observação Negativa,,https://www.austin.com.br/Relatorio/Rating/BCR_FIDC/9938
2026-09-25,BCR FIDC - SENIORES 4ª SÉRIE,https://www.austin.com.br/Historico-Rating/3136/BCR_FIDC_-_Seniores_4ª_série,FIDCs,brAA-,,brAA-,2019-07-19,Confirmação,Estável,
2026-09-25,BCR FIDC - SENIORES 4ª SÉRIE,https://www.austin.com.br/Historico-Rating/3136/BCR_FIDC_-_Seniores_4ª_série,FIDCs,brAA-,,brAA-,2019-05-08,Confirmação,Estável,
2026-09-25,BCR FIDC - SENIORES 4ª SÉRIE,https://www.austin.com.br/Historico-Rating/3136/BCR_FIDC_-_Seniores_4ª_série,FIDCs,brAA-,,brAA-,2019-03-06,Rating Inicial,Estável,
2026-09-25,BCR FIDC - SENIORES 5ª SÉRIE,https://www.austin.com.br/Historico-Rating/3137/BCR_FIDC_-_Seniores_5ª_série,FIDCs,brAA-,,brAA-,2020-04-02,Observação Negativa,,https://www.austin.com.br/Relatorio/Rating/BCR_FIDC/9939
2026-09-25,BCR FIDC - SENIORES 5ª SÉRIE,https://www.austin.com.br/Historico-Rating/3137/BCR_FIDC_-_Seniores_5ª_série,FIDCs,brAA-,,brAA-,2019-07-19,Confirmação,Estável,
2026-09-25,BCR FIDC - SENIORES 5ª SÉRIE,https://www.austin.com.br/Historico-Rating/3137/BCR_FIDC_-_Seniores_5ª_série,FIDCs,brAA-,,brAA-,2019-05-08,Confirmação,Estável,
2026-09-25,BCR FIDC - SENIORES 5ª SÉRIE,https://www.austin.com.br/Historico-Rating/3137/BCR_FIDC_-_Seniores_5ª_série,FIDCs,brAA-,,brAA-,2019-03-06,Rating Inicial,Estável,
2026-09-25,BCR FIDC - SENIORES 2ª SÉRIE,https://www.austin.com.br/Historico-Rating/2350/BCR_FIDC_-_Seniores_2ª_série,FIDCs,brAA-,,brAA-,2017-08-18,Confirmação,Estável,https://www.austin.com.br/Relatorio/Rating/BCR_FIDC/7680
2026-09-25,BCR FIDC - SENIORES 2ª SÉRIE,https://www.austin.com.br/Historico-Rating/2350/BCR_FIDC_-_Seniores_2ª_série,FIDCs,brAA-,,brAA-,2017-05-15,Confirmação,Estável,
2026-09-25,BCR FIDC - SENIORES 2ª SÉRIE,https://www.austin.com.br/Historico-Rating/2350/BCR_FIDC_-_Seniores_2ª_série,FIDCs,brAA-,,brAA-,2017-02-15,Confirmação,Estável,
2026-09-25,BCR FIDC - SENIORES 2ª SÉRIE,https://www.austin.com.br/Historico-Rating/2350/BCR_FIDC_-_Seniores_2ª_série,FIDCs,brAA-,,brAA-,2016-11-16,Confirmação,Estável,
2026-09-25,BCR FIDC - SENIORES 2ª SÉRIE,https://www.austin.com.br/Historico-Rating/2350/BCR_FIDC_-_Seniores_2ª_série,FIDCs,brAA-,,brAA-,2016-08-18,Confirmação,Estável,
2026-09-25,BCR FIDC - SENIORES 2ª SÉRIE,https://www.austin.com.br/Historico-Rating/2350/BCR_FIDC_-_Seniores_2ª_série,FIDCs,brAA-,,brAA-,2016-05-20,Confirmação,Estável,
2026-09-25,BCR FIDC - SENIORES 2ª SÉRIE,https://www.austin.com.br/Historico-Rating/2350/BCR_FIDC_-_Seniores_2ª_série,FIDCs,brAA-,,brAA-,2016-02-17,Confirmação,Estável,
2026-09-25,BCR FIDC - SENIORES 2ª SÉRIE,https://www.austin.com.br/Historico-Rating/2350/BCR_FIDC_-_Seniores_2ª_série,FIDCs,brAA-,,brAA-,2015-12-07,Rating Inicial,Estável,
2026-09-25,BCR FIDC - SUBORDINADAS JÚNIOR,https://www.austin.com.br/Historico-Rating/2352/BCR_FIDC_-_Subordinadas_Júnior_,FIDCs,brB+,,brB+,2020-04-02,Observação Negativa,,https://www.austin.com.br/Relatorio/Rating/BCR_FIDC/9937
2026-09-25,BCR FIDC - SUBORDINADAS JÚNIOR,https://www.austin.com.br/Historico-Rating/2352/BCR_FIDC_-_Subordinadas_Júnior_,FIDCs,brB+,,brB+,2019-07-19,Confirmação,Estável,
2026-09-25,BCR FIDC - SUBORDINADAS JÚNIOR,https://www.austin.com.br/Historico-Rating/2352/BCR_FIDC_-_Subordinadas_Júnior_,FIDCs,brB+,,brB+,2019-05-08,Confirmação,Estável,
2026-09-25,BCR FIDC - SUBORDINADAS JÚNIOR,https://www.austin.com.br/Historico-Rating/2352/BCR_FIDC_-_Subordinadas_Júnior_,FIDCs,brB+,,brB+,2019-02-12,Confirmação,Estável,
2026-09-25,BCR FIDC - SUBORDINADAS JÚNIOR,https://www.austin.com.br/Historico-Rating/2352/BCR_FIDC_-_Subordinadas_Júnior_,FIDCs,brB+,,brB+,2018-08-06,Confirmação,Estável,
2026-09-25,BCR FIDC - SUBORDINADAS JÚNIOR,https://www.austin.com.br/Historico-Rating/2352/BCR_FIDC_-_Subordinadas_Júnior_,FIDCs,brB+,,brB+,2018-05-24,Confirmação,Estável,
2026-09-25,BCR FIDC - SUBORDINADAS JÚNIOR,https://www.austin.com.br/Historico-Rating/2352/BCR_FIDC_-_Subordinadas_Júnior_,FIDCs,brB,,brB,2017-08-18,Confirmação,Estável,
2026-09-25,BCR FIDC - SUBORDINADAS JÚNIOR,https://www.austin.com.br/Historico-Rating/2352/BCR_FIDC_-_Subordinadas_Júnior_,FIDCs,brB,,brB,2017-05-15,Confirmação,Estável,
2026-09-25,BCR FIDC - SUBORDINADAS JÚNIOR,https://www.austin.com.br/Historico-Rating/2352/BCR_FIDC_-_Subordinadas_Júnior_,FIDCs,brB,,brB,2017-02-15,Confirmação,Estável,
2026-09-25,BCR FIDC - SUBORDINADAS JÚNIOR,https://www.austin.com.br/Historico-Rating/2352/BCR_FIDC_-_Subordinadas_Júnior_,FIDCs,brB,,brB,2016-11-16,Confirmação,Estável,
2026-09-25,BCR FIDC - SUBORDINADAS JÚNIOR,https://www.austin.com.br/Historico-Rating/2352/BCR_FIDC_-_Subordinadas_Júnior_,FIDCs,brB,,brB,2016-08-18,Confirmação,Estável,
2026-09-25,BCR FIDC - SUBORDINADAS JÚNIOR,https://www.austin.com.br/Historico-Rating/2352/BCR_FIDC_-_Subordinadas_Júnior_,FIDCs,brB,,brB,2016-05-20,Confirmação,Estável,
2026-09-25,BCR FIDC - SUBORDINADAS JÚNIOR,https://www.austin.com.br/Historico-Rating/2352/BCR_FIDC_-_Subordinadas_Júnior_,FIDCs,brB,,brB,2016-02-17,Confirmação,Estável,
2026-09-25,BCR FIDC - SUBORDINADAS JÚNIOR,https://www.austin.com.br/Historico-Rating/2352/BCR_FIDC_-_Subordinadas_Júnior_,FIDCs,brB,,brB,2015-12-07,Confirmação,Estável,
2026-09-25,BEX FIDC - SUBORDINADAS JÚNIOR,https://www.austin.com.br/Historico-Rating/4424/BEX_FIDC_-_Subordinadas_Júnior_,FIDCs,brB,,brB,2024-03-25,Elevação,Estável,
2026-09-25,BCR FIDC - SUBORDINADAS,https://www.austin.com.br/Historico-Rating/2248/BCR_FIDC_-_Subordinadas_,FIDCs,brB,,brB,2015-08-21,Confirmação,Estável,https://www.austin.com.br/Relatorio/Rating/BCR_FIDC/6250
2026-09-25,BCR FIDC - SUBORDINADAS,https://www.austin.com.br/Historico-Rating/2248/BCR_FIDC_-_Subordinadas_,FIDCs,brB,,brB,2015-05-20,Confirmação,Estável,
2026-09-25,BCR FIDC - SUBORDINADAS,https://www.austin.com.br/Historico-Rating/2248/BCR_FIDC_-_Subordinadas_,FIDCs,brB,,brB,2015-02-09,Rating Inicial,Estável,
2026-09-25,BEX FIDC - SENIORES 1ª SÉRIE,https://www.austin.com.br/Historico-Rating/4422/BEX_FIDC_-_Seniores_1ª_série,FIDCs,brBBB,,brBBB,2024-03-25,Elevação,Estável,
2026-09-25,BEX FIDC - SENIORES 3ª SÉRIE,https://www.austin.com.br/Historico-Rating/4342/Bex_FIDC_-_Seniores_3ª_série,FIDCs,brBBB,,brBBB,2024-03-25,Elevação,Estável,https://www.austin.com.br/Relatorio/Rating/Bex_FIDC/10793
2026-09-25,BEX FIDC - SENIORES 3ª SÉRIE,https://www.austin.com.br/Historico-Rating/4342/Bex_FIDC_-_Seniores_3ª_série,FIDCs,brBBB-,,brBBB-,2023-10-06,Rating Inicial,Estável,
2026-09-25,BEX FIDC - SUBORDINADAS MEZANINO,https://www.austin.com.br/Historico-Rating/4343/Bex_FIDC_-_Subordinadas_Mezanino_,FIDCs,brBB,,brBB,2024-03-25,Elevação,Estável,https://www.austin.com.br/Relatorio/Rating/Bex_FIDC/10794
2026-09-25,BEX FIDC - SUBORDINADAS MEZANINO,https://www.austin.com.br/Historico-Rating/4343/Bex_FIDC_-_Subordinadas_Mezanino_,FIDCs,brBB-,,brBB-,2023-10-06,Rating Inicial,Estável,
2026-09-25,BENFICA FIDC  - SUBORDINADAS,https://www.austin.com.br/Historico-Rating/1730/Benfica_FIDC__-_Subordinadas_,FIDCs,brCCC,,brCCC,2020-04-02,Observação Negativa,,https://www.austin.com.br/Relatorio/Rating/Benfica_FIDC_/9781
2026-09-25,BENFICA FIDC  - SUBORDINADAS,https://www.austin.com.br/Historico-Rating/1730/Benfica_FIDC__-_Subordinadas_,FIDCs,brCCC,,brCCC,2020-02-06,Confirmação,Estável,
2026-09-25,BENFICA FIDC  - SUBORDINADAS,https://www.austin.com.br/Historico-Rating/1730/Benfica_FIDC__-_Subordinadas_,FIDCs,brCCC,,brCCC,2019-11-05,Confirmação,Estável,
2026-09-25,BENFICA FIDC  - SUBORDINADAS,https://www.austin.com.br/Historico-Rating/1730/Benfica_FIDC__-_Subordinadas_,FIDCs,brCCC,,brCCC,2019-08-12,Confirmação,Estável,
2026-09-25,BENFICA FIDC  - SUBORDINADAS,https://www.austin.com.br/Historico-Rating/1730/Benfica_FIDC__-_Subordinadas_,FIDCs,brCCC,,brCCC,2019-05-03,Confirmação,Estável,
2026-09-25,BENFICA FIDC  - SUBORDINADAS,https://www.austin.com.br/Historico-Rating/1730/Benfica_FIDC__-_Subordinadas_,FIDCs,brCCC,,brCCC,2019-02-01,Confirmação,Estável,
2026-09-25,BENFICA FIDC  - SUBORDINADAS,https://www.austin.com.br/Historico-Rating/1730/Benfica_FIDC__-_Subordinadas_,FIDCs,brCCC,,brCCC,2018-08-01,Confirmação,Estável,
2026-09-25,BENFICA FIDC  - SUBORDINADAS,https://www.austin.com.br/Historico-Rating/1730/Benfica_FIDC__-_Subordinadas_,FIDCs,brCCC,,brCCC,2018-05-23,Confirmação,Estável,
2026-09-25,BENFICA FIDC  - SUBORDINADAS,https://www.austin.com.br/Historico-Rating/1730/Benfica_FIDC__-_Subordinadas_,FIDCs,brCCC,,brCCC,2018-02-20,Confirmação,Estável,
2026-09-25,BENFICA FIDC  - SUBORDINADAS,https://www.austin.com.br/Historico-Rating/1730/Benfica_FIDC__-_Subordinadas_,FIDCs,brCCC,,brCCC,2017-12-19,Confirmação,Estável,
2026-09-25,BENFICA FIDC  - SUBORDINADAS,https://www.austin.com.br/Historico-Rating/1730/Benfica_FIDC__-_Subordinadas_,FIDCs,brCCC,,brCCC,2017-08-18,Confirmação,Estável,
2026-09-25,BENFICA FIDC  - SUBORDINADAS,https://www.austin.com.br/Historico-Rating/1730/Benfica_FIDC__-_Subordinadas_,FIDCs,brCCC,,brCCC,2017-05-15,Confirmação,Estável,
2026-09-25,BENFICA FIDC  - SUBORDINADAS,https://www.austin.com.br/Historico-Rating/1730/Benfica_FIDC__-_Subordinadas_,FIDCs,brCCC,,brCCC,2017-02-15,Confirmação,Estável,
2026-09-25,BENFICA FIDC  - SUBORDINADAS,https://www.austin.com.br/Historico-Rating/1730/Benfica_FIDC__-_Subordinadas_,FIDCs,brCCC,,brCCC,2016-11-18,Confirmação,Estável,
2026-09-25,BENFICA FIDC  - SUBORDINADAS,https://www.austin.com.br/Historico-Rating/1730/Benfica_FIDC__-_Subordinadas_,FIDCs,brCCC,,brCCC,2016-08-12,Confirmação,Estável,
2026-09-25,BENFICA FIDC  - SUBORDINADAS,https://www.austin.com.br/Historico-Rating/1730/Benfica_FIDC__-_Subordinadas_,FIDCs,brCCC,,brCCC,2016-05-20,Confirmação,Estável,
2026-09-25,BENFICA FIDC  - SUBORDINADAS,https://www.austin.com.br/Historico-Rating/1730/Benfica_FIDC__-_Subordinadas_,FIDCs,brCCC,,brCCC,2016-02-26,Confirmação,Estável,
2026-09-25,BENFICA FIDC  - SUBORDINADAS,https://www.austin.com.br/Historico-Rating/1730/Benfica_FIDC__-_Subordinadas_,FIDCs,brCCC,,brCCC,2015-11-18,Confirmação,Estável,
2026-09-25,BENFICA FIDC  - SUBORDINADAS,https://www.austin.com.br/Historico-Rating/1730/Benfica_FIDC__-_Subordinadas_,FIDCs,brCCC,,brCCC,2015-08-19,Observação Negativa,,
2026-09-25,BENFICA FIDC  - SUBORDINADAS,https://www.austin.com.br/Historico-Rating/1730/Benfica_FIDC__-_Subordinadas_,FIDCs,brCCC,,brCCC,2015-05-13,Confirmação,Estável,
2026-09-25,BENFICA FIDC  - SUBORDINADAS,https://www.austin.com.br/Historico-Rating/1730/Benfica_FIDC__-_Subordinadas_,FIDCs,brCCC,,brCCC,2015-02-11,Confirmação,Estável,
2026-09-25,BENFICA FIDC  - SUBORDINADAS,https://www.austin.com.br/Historico-Rating/1730/Benfica_FIDC__-_Subordinadas_,FIDCs,brCCC,,brCCC,2014-11-14,Confirmação,Estável,
2026-09-25,BENFICA FIDC  - SUBORDINADAS,https://www.austin.com.br/Historico-Rating/1730/Benfica_FIDC__-_Subordinadas_,FIDCs,brCCC,,brCCC,2014-08-15,Confirmação,Estável,
2026-09-25,BENFICA FIDC  - SUBORDINADAS,https://www.austin.com.br/Historico-Rating/1730/Benfica_FIDC__-_Subordinadas_,FIDCs,brCCC,,brCCC,2014-05-28,Confirmação,Estável,
2026-09-25,BENFICA FIDC  - SUBORDINADAS,https://www.austin.com.br/Historico-Rating/1730/Benfica_FIDC__-_Subordinadas_,FIDCs,brCCC,,brCCC,2013-10-31,Rating Inicial,Estável,
2026-09-25,BEX FIDC - SUBORDINADAS MEZANINO II,https://www.austin.com.br/Historico-Rating/4423/BEX_FIDC_-_Subordinadas_Mezanino_II_,FIDCs,brBB,,brBB,2024-03-25,Elevação,Estável,
2026-09-25,BENVAL FIDC - SUBORDINADAS,https://www.austin.com.br/Historico-Rating/1596/Benval_FIDC_-_Subordinadas_,FIDCs,brB-,,brB-,2020-04-02,Observação Negativa,,https://www.austin.com.br/Relatorio/Rating/Benval_FIDC/9782
2026-09-25,BENVAL FIDC - SUBORDINADAS,https://www.austin.com.br/Historico-Rating/1596/Benval_FIDC_-_Subordinadas_,FIDCs,brB-,,brB-,2020-02-18,Confirmação,Estável,
2026-09-25,BENVAL FIDC - SUBORDINADAS,https://www.austin.com.br/Historico-Rating/1596/Benval_FIDC_-_Subordinadas_,FIDCs,brB-,,brB-,2019-11-13,Confirmação,Estável,
2026-09-25,BENVAL FIDC - SUBORDINADAS,https://www.austin.com.br/Historico-Rating/1596/Benval_FIDC_-_Subordinadas_,FIDCs,brB-,,brB-,2019-08-06,Confirmação,Estável,
2026-09-25,BENVAL FIDC - SUBORDINADAS,https://www.austin.com.br/Historico-Rating/1596/Benval_FIDC_-_Subordinadas_,FIDCs,brB-,,brB-,2019-05-03,Confirmação,Estável,
2026-09-25,BENVAL FIDC - SUBORDINADAS,https://www.austin.com.br/Historico-Rating/1596/Benval_FIDC_-_Subordinadas_,FIDCs,brB-,,brB-,2019-02-01,Confirmação,Estável,
2026-09-25,BENVAL FIDC - SUBORDINADAS,https://www.austin.com.br/Historico-Rating/1596/Benval_FIDC_-_Subordinadas_,FIDCs,brB-,,brB-,2018-07-23,Confirmação,Estável,
2026-09-25,BENVAL FIDC - SUBORDINADAS,https://www.austin.com.br/Historico-Rating/1596/Benval_FIDC_-_Subordinadas_,FIDCs,brB-,,brB-,2018-05-23,Elevação,Estável,
2026-09-25,BENVAL FIDC - SUBORDINADAS,https://www.austin.com.br/Historico-Rating/1596/Benval_FIDC_-_Subordinadas_,FIDCs,brCCC,,brCCC,2018-02-09,Confirmação,Estável,
2026-09-25,BENVAL FIDC - SUBORDINADAS,https://www.austin.com.br/Historico-Rating/1596/Benval_FIDC_-_Subordinadas_,FIDCs,brCCC,,brCCC,2017-08-10,Confirmação,Estável,
2026-09-25,BENVAL FIDC - SUBORDINADAS,https://www.austin.com.br/Historico-Rating/1596/Benval_FIDC_-_Subordinadas_,FIDCs,brCCC,,brCCC,2017-05-18,Confirmação,Estável,
2026-09-25,BENVAL FIDC - SUBORDINADAS,https://www.austin.com.br/Historico-Rating/1596/Benval_FIDC_-_Subordinadas_,FIDCs,brCCC,,brCCC,2017-01-26,Confirmação,Estável,
2026-09-25,BENVAL FIDC - SUBORDINADAS,https://www.austin.com.br/Historico-Rating/1596/Benval_FIDC_-_Subordinadas_,FIDCs,brCCC,,brCCC,2016-05-13,Confirmação,Estável,
2026-09-25,BENVAL FIDC - SUBORDINADAS,https://www.austin.com.br/Historico-Rating/1596/Benval_FIDC_-_Subordinadas_,FIDCs,brCCC,,brCCC,2015-11-12,Confirmação,Estável,
2026-09-25,BENVAL FIDC - SUBORDINADAS,https://www.austin.com.br/Historico-Rating/1596/Benval_FIDC_-_Subordinadas_,FIDCs,brCCC,,brCCC,2015-08-17,Confirmação,Estável,
2026-09-25,BENVAL FIDC - SUBORDINADAS,https://www.austin.com.br/Historico-Rating/1596/Benval_FIDC_-_Subordinadas_,FIDCs,brCCC,,brCCC,2015-05-15,Confirmação,Estável,
2026-09-25,BENVAL FIDC - SUBORDINADAS,https://www.austin.com.br/Historico-Rating/1596/Benval_FIDC_-_Subordinadas_,FIDCs,brCCC,,brCCC,2015-02-11,Confirmação,Estável,
2026-09-25,BENVAL FIDC - SUBORDINADAS,https://www.austin.com.br/Historico-Rating/1596/Benval_FIDC_-_Subordinadas_,FIDCs,brCCC,,brCCC,2014-11-12,Confirmação,Estável,
2026-09-25,BENVAL FIDC - SUBORDINADAS,https://www.austin.com.br/Historico-Rating/1596/Benval_FIDC_-_Subordinadas_,FIDCs,brCCC,,brCCC,2014-08-15,Confirmação,Estável,
2026-09-25,BENVAL FIDC - SUBORDINADAS,https://www.austin.com.br/Historico-Rating/1596/Benval_FIDC_-_Subordinadas_,FIDCs,brCCC,,brCCC,2014-05-14,Confirmação,Estável,
2026-09-25,BENVAL FIDC - SUBORDINADAS,https://www.austin.com.br/Historico-Rating/1596/Benval_FIDC_-_Subordinadas_,FIDCs,brCCC,,brCCC,2014-02-19,Confirmação,Estável,
2026-09-25,BENVAL FIDC - SUBORDINADAS,https://www.austin.com.br/Historico-Rating/1596/Benval_FIDC_-_Subordinadas_,FIDCs,brCCC,,brCCC,2013-12-05,Confirmação,Estável,
2026-09-25,BENVAL FIDC - SUBORDINADAS,https://www.austin.com.br/Historico-Rating/1596/Benval_FIDC_-_Subordinadas_,FIDCs,brCCC,,brCCC,2013-06-20,Rating Inicial,Estável,
2026-09-25,BMA FIDC - SUBORDINADAS MEZANINO II,https://www.austin.com.br/Historico-Rating/3498/BMA_FIDC_-_Subordinadas_Mezanino_II_,FIDCs,brBBB+,,brBBB+,2020-04-02,Observação Negativa,,https://www.austin.com.br/Relatorio/Rating/BMA_FIDC/9790
2026-09-25,BMA FIDC - SUBORDINADAS MEZANINO II,https://www.austin.com.br/Historico-Rating/3498/BMA_FIDC_-_Subordinadas_Mezanino_II_,FIDCs,brBBB+,,brBBB+,2020-02-13,Confirmação,Estável,
2026-09-25,BMA FIDC - SUBORDINADAS MEZANINO II,https://www.austin.com.br/Historico-Rating/3498/BMA_FIDC_-_Subordinadas_Mezanino_II_,FIDCs,brBBB+,,brBBB+,2019-11-21,Confirmação,Estável,
2026-09-25,BMA INTER FIDC - SUBORDINADAS JÚNIOR,https://www.austin.com.br/Historico-Rating/3586/BMA_Inter_FIDC_-_Subordinadas_Júnior_,FIDCs,brB,,brB,2021-02-22,Elevação,Estável,
2026-09-25,BMA INTER FIDC - SUBORDINADAS JÚNIOR,https://www.austin.com.br/Historico-Rating/3586/BMA_Inter_FIDC_-_Subordinadas_Júnior_,FIDCs,brB-,,brB-,2020-08-06,Rating Inicial,Estável,https://www.austin.com.br/Relatorio/Rating/BMA_Inter_FIDC/10033
2026-09-25,BMA FIDC - SENIORES 3ª SÉRIE,https://www.austin.com.br/Historico-Rating/3304/BMA_FIDC_-_Seniores_3ª_série,FIDCs,brAA-,,brAA-,2020-04-02,Observação Negativa,,https://www.austin.com.br/Relatorio/Rating/BMA_FIDC/9789
2026-09-25,BMA FIDC - SENIORES 3ª SÉRIE,https://www.austin.com.br/Historico-Rating/3304/BMA_FIDC_-_Seniores_3ª_série,FIDCs,brAA-,,brAA-,2020-02-13,Confirmação,Estável,
2026-09-25,BMA FIDC - SENIORES 3ª SÉRIE,https://www.austin.com.br/Historico-Rating/3304/BMA_FIDC_-_Seniores_3ª_série,FIDCs,brAA-,,brAA-,2019-11-21,Confirmação,Estável,
2026-09-25,BMA FIDC - SENIORES 3ª SÉRIE,https://www.austin.com.br/Historico-Rating/3304/BMA_FIDC_-_Seniores_3ª_série,FIDCs,brAA-,,brAA-,2019-09-03,Rating Inicial,Estável,
2026-09-25,BOASAFRA FIDC - SUBORDINADAS JÚNIOR,https://www.austin.com.br/Historico-Rating/4768/Boasafra_FIDC_-_Subordinadas_Júnior_,FIDCs,brB-,,brB-,2024-09-02,Confirmação,Estável,https://www.austin.com.br/Relatorio/Rating/Boasafra_FIDC/11171
2026-09-25,BOASAFRA FIDC - SUBORDINADAS MEZANINO,https://www.austin.com.br/Historico-Rating/4767/Boasafra_FIDC_-_Subordinadas_Mezanino_,FIDCs,brBBB-,,brBBB-,2024-09-02,Confirmação,Estável,https://www.austin.com.br/Relatorio/Rating/Boasafra_FIDC/11170
2026-09-25,BMA INTER FIDC - SENIORES 1ª SÉRIE,https://www.austin.com.br/Historico-Rating/3585/BMA_Inter_FIDC_-_Seniores_1ª_série,FIDCs,brBBB,,brBBB,2021-02-22,Elevação,Estável,
2026-09-25,BMA INTER FIDC - SENIORES 1ª SÉRIE,https://www.austin.com.br/Historico-Rating/3585/BMA_Inter_FIDC_-_Seniores_1ª_série,FIDCs,brBB,,brBB,2020-08-06,Rating Inicial,Estável,https://www.austin.com.br/Relatorio/Rating/BMA_Inter_FIDC/10032
2026-09-25,BFC FIDC - SUBORDINADAS,https://www.austin.com.br/Historico-Rating/1820/BFC_FIDC_-_Subordinadas_,FIDCs,brB-,,brB-,2024-08-26,Confirmação,Estável,https://www.austin.com.br/Relatorio/Rating/BFC_FIDC/11224
2026-09-25,BFC FIDC - SUBORDINADAS,https://www.austin.com.br/Historico-Rating/1820/BFC_FIDC_-_Subordinadas_,FIDCs,brB-,,brB-,2020-04-02,Observação Negativa,,
2026-09-25,BFC FIDC - SUBORDINADAS,https://www.austin.com.br/Historico-Rating/1820/BFC_FIDC_-_Subordinadas_,FIDCs,brB-,,brB-,2020-02-11,Confirmação,Estável,
2026-09-25,BFC FIDC - SUBORDINADAS,https://www.austin.com.br/Historico-Rating/1820/BFC_FIDC_-_Subordinadas_,FIDCs,brB-,,brB-,2019-11-05,Confirmação,Estável,
2026-09-25,BFC FIDC - SUBORDINADAS,https://www.austin.com.br/Historico-Rating/1820/BFC_FIDC_-_Subordinadas_,FIDCs,brB-,,brB-,2019-08-06,Confirmação,Estável,
2026-09-25,BFC FIDC - SUBORDINADAS,https://www.austin.com.br/Historico-Rating/1820/BFC_FIDC_-_Subordinadas_,FIDCs,brB-,,brB-,2019-05-03,Confirmação,Estável,
2026-09-25,BFC FIDC - SUBORDINADAS,https://www.austin.com.br/Historico-Rating/1820/BFC_FIDC_-_Subordinadas_,FIDCs,brB-,,brB-,2019-01-18,Rebaixamento,Estável,
2026-09-25,BFC FIDC - SUBORDINADAS,https://www.austin.com.br/Historico-Rating/1820/BFC_FIDC_-_Subordinadas_,FIDCs,brB,,brB,2018-07-23,Observação Negativa,,
2026-09-25,BFC FIDC - SUBORDINADAS,https://www.austin.com.br/Historico-Rating/1820/BFC_FIDC_-_Subordinadas_,FIDCs,brB,,brB,2018-05-23,Observação Negativa,,
2026-09-25,BFC FIDC - SUBORDINADAS,https://www.austin.com.br/Historico-Rating/1820/BFC_FIDC_-_Subordinadas_,FIDCs,brB,,brB,2018-02-09,Observação Negativa,,
2026-09-25,BFC FIDC - SUBORDINADAS,https://www.austin.com.br/Historico-Rating/1820/BFC_FIDC_-_Subordinadas_,FIDCs,brB,,brB,2017-08-09,Confirmação,Estável,
2026-09-25,BFC FIDC - SUBORDINADAS,https://www.austin.com.br/Historico-Rating/1820/BFC_FIDC_-_Subordinadas_,FIDCs,brB,,brB,2017-05-29,Confirmação,Estável,
2026-09-25,BFC FIDC - SUBORDINADAS,https://www.austin.com.br/Historico-Rating/1820/BFC_FIDC_-_Subordinadas_,FIDCs,brB,,brB,2017-02-15,Confirmação,Estável,
2026-09-25,BFC FIDC - SUBORDINADAS,https://www.austin.com.br/Historico-Rating/1820/BFC_FIDC_-_Subordinadas_,FIDCs,brB,,brB,2016-11-16,Confirmação,Estável,
2026-09-25,BFC FIDC - SUBORDINADAS,https://www.austin.com.br/Historico-Rating/1820/BFC_FIDC_-_Subordinadas_,FIDCs,brB,,brB,2016-08-05,Confirmação,Estável,
2026-09-25,BFC FIDC - SUBORDINADAS,https://www.austin.com.br/Historico-Rating/1820/BFC_FIDC_-_Subordinadas_,FIDCs,brB,,brB,2016-05-13,Confirmação,Estável,
2026-09-25,BFC FIDC - SUBORDINADAS,https://www.austin.com.br/Historico-Rating/1820/BFC_FIDC_-_Subordinadas_,FIDCs,brB,,brB,2015-11-12,Confirmação,Estável,
2026-09-25,BFC FIDC - SUBORDINADAS,https://www.austin.com.br/Historico-Rating/1820/BFC_FIDC_-_Subordinadas_,FIDCs,brB,,brB,2015-08-17,Confirmação,Estável,
2026-09-25,BFC FIDC - SUBORDINADAS,https://www.austin.com.br/Historico-Rating/1820/BFC_FIDC_-_Subordinadas_,FIDCs,brB,,brB,2015-05-15,Confirmação,Estável,
2026-09-25,BFC FIDC - SUBORDINADAS,https://www.austin.com.br/Historico-Rating/1820/BFC_FIDC_-_Subordinadas_,FIDCs,brB,,brB,2015-02-11,Confirmação,Estável,
2026-09-25,BFC FIDC - SUBORDINADAS,https://www.austin.com.br/Historico-Rating/1820/BFC_FIDC_-_Subordinadas_,FIDCs,brB,,brB,2014-11-12,Confirmação,Estável,
2026-09-25,BFC FIDC - SUBORDINADAS,https://www.austin.com.br/Historico-Rating/1820/BFC_FIDC_-_Subordinadas_,FIDCs,brB,,brB,2014-08-15,Confirmação,Estável,
2026-09-25,BFC FIDC - SUBORDINADAS,https://www.austin.com.br/Historico-Rating/1820/BFC_FIDC_-_Subordinadas_,FIDCs,brB,,brB,2014-04-25,Elevação,Estável,
2026-09-25,BFC FIDC - SUBORDINADAS,https://www.austin.com.br/Historico-Rating/1820/BFC_FIDC_-_Subordinadas_,FIDCs,brCCC,,brCCC,2014-01-20,Rating Inicial,Estável,
2026-09-25,BNDESPAR XP ONE7 FIDC  - SENIORES ÚNICA,https://www.austin.com.br/Historico-Rating/3725/BNDESPAR_XP_One7_FIDC__-_Seniores_Única,FIDCs,brA-,,brA-,2021-01-20,Rating Preliminar,,
2026-09-25,BRA FIDC - SUBORDINADAS JÚNIOR,https://www.austin.com.br/Historico-Rating/3302/BRA_FIDC_-_Subordinadas_Júnior_,FIDCs,brB+,,brB+,2020-04-02,Observação Negativa,,https://www.austin.com.br/Relatorio/Rating/BRA_FIDC/9812
2026-09-25,BRA FIDC - SUBORDINADAS JÚNIOR,https://www.austin.com.br/Historico-Rating/3302/BRA_FIDC_-_Subordinadas_Júnior_,FIDCs,brB+,,brB+,2020-02-10,Confirmação,Estável,
2026-09-25,BRA FIDC - SUBORDINADAS JÚNIOR,https://www.austin.com.br/Historico-Rating/3302/BRA_FIDC_-_Subordinadas_Júnior_,FIDCs,brB+,,brB+,2019-11-14,Confirmação,Estável,
2026-09-25,BRA FIDC - SUBORDINADAS JÚNIOR,https://www.austin.com.br/Historico-Rating/3302/BRA_FIDC_-_Subordinadas_Júnior_,FIDCs,brB+,,brB+,2019-09-03,Rating Inicial,Estável,
2026-09-25,BOASAFRA FIDC - SENIORES 1ª SÉRIE,https://www.austin.com.br/Historico-Rating/4766/Boasafra_FIDC_-_Seniores_1ª_série,FIDCs,brA-,,brA-,2024-09-02,Confirmação,Estável,https://www.austin.com.br/Relatorio/Rating/Boasafra_FIDC/11169
2026-09-25,BRADESCO LEASING (3ª EMISSÃO),https://www.austin.com.br/Historico-Rating/4047/Bradesco_Leasing_(3ª_Emissão),Debêntures,brAAA,,brAAA,2022-11-25,Confirmação,Estável,
2026-09-25,BRADESCO LEASING (3ª EMISSÃO),https://www.austin.com.br/Historico-Rating/4047/Bradesco_Leasing_(3ª_Emissão),Debêntures,brAAA,,brAAA,2021-07-21,Confirmação,Estável,
2026-09-25,BRADESCO LEASING (5ª EMISSÃO),https://www.austin.com.br/Historico-Rating/4048/Bradesco_Leasing_(5ª_Emissão),Debêntures,brAAA,,brAAA,2023-08-07,Confirmação,Estável,
2026-09-25,BRADESCO LEASING (5ª EMISSÃO),https://www.austin.com.br/Historico-Rating/4048/Bradesco_Leasing_(5ª_Emissão),Debêntures,brAAA,,brAAA,2021-07-21,Confirmação,Estável,
2026-09-25,BRADESCO LEASING (1ª EMISSÃO),https://www.austin.com.br/Historico-Rating/69/Bradesco_Leasing_(1ª_Emissão),Debêntures,brAAA,,brAAA,2023-08-07,Confirmação,Estável,
2026-09-25,BRADESCO LEASING (1ª EMISSÃO),https://www.austin.com.br/Historico-Rating/69/Bradesco_Leasing_(1ª_Emissão),Debêntures,brAAA,,brAAA,2021-07-21,Confirmação,Estável,
2026-09-25,BRADESCO LEASING (1ª EMISSÃO),https://www.austin.com.br/Historico-Rating/69/Bradesco_Leasing_(1ª_Emissão),Debêntures,brAAA,,brAAA,2017-06-12,Confirmação,Estável,https://www.austin.com.br/Relatorio/Rating/Bradesco_Leasing_(1ª_Emissão)/7423
2026-09-25,BRADESCO LEASING (1ª EMISSÃO),https://www.austin.com.br/Historico-Rating/69/Bradesco_Leasing_(1ª_Emissão),Debêntures,brAAA,,brAAA,2015-06-19,Confirmação,Estável,
2026-09-25,BRADESCO LEASING (1ª EMISSÃO),https://www.austin.com.br/Historico-Rating/69/Bradesco_Leasing_(1ª_Emissão),Debêntures,brAAA,,brAAA,2014-03-17,Confirmação,Estável,
2026-09-25,BRADESCO LEASING (1ª EMISSÃO),https://www.austin.com.br/Historico-Rating/69/Bradesco_Leasing_(1ª_Emissão),Debêntures,brAAA,,brAAA,2013-04-01,Confirmação,Estável,
2026-09-25,BRADESCO LEASING (1ª EMISSÃO),https://www.austin.com.br/Historico-Rating/69/Bradesco_Leasing_(1ª_Emissão),Debêntures,brAAA,,brAAA,2012-07-12,Confirmação,Estável,
2026-09-25,BRADESCO LEASING (1ª EMISSÃO),https://www.austin.com.br/Historico-Rating/69/Bradesco_Leasing_(1ª_Emissão),Debêntures,brAAA,,brAAA,2011-04-28,Confirmação,Estável,
2026-09-25,BRADESCO LEASING (1ª EMISSÃO),https://www.austin.com.br/Historico-Rating/69/Bradesco_Leasing_(1ª_Emissão),Debêntures,brAAA,,brAAA,2010-05-23,Confirmação,Estável,
2026-09-25,BRADESCO LEASING (1ª EMISSÃO),https://www.austin.com.br/Historico-Rating/69/Bradesco_Leasing_(1ª_Emissão),Debêntures,brAAA,,brAAA,2007-08-01,Confirmação,Estável,
2026-09-25,BRADESCO LEASING (1ª EMISSÃO),https://www.austin.com.br/Historico-Rating/69/Bradesco_Leasing_(1ª_Emissão),Debêntures,brAAA,,brAAA,2006-03-31,Confirmação,Estável,
2026-09-25,BRADESCO LEASING (1ª EMISSÃO),https://www.austin.com.br/Historico-Rating/69/Bradesco_Leasing_(1ª_Emissão),Debêntures,brAAA,,brAAA,2005-04-25,Rating Inicial,Estável,
2026-09-25,BRADESCO LEASING (1ª EMISSÃO),https://www.austin.com.br/Historico-Rating/69/Bradesco_Leasing_(1ª_Emissão),Debêntures,brAAA,,brAAA,2005-03-07,Rating Inicial,Estável,
2026-09-25,BRADESCO LEASING (6ª EMISSÃO),https://www.austin.com.br/Historico-Rating/4049/Bradesco_Leasing_(6ª_Emissão),Debêntures,brAAA,,brAAA,2022-11-25,Confirmação,Estável,
2026-09-25,BRADESCO LEASING (6ª EMISSÃO),https://www.austin.com.br/Historico-Rating/4049/Bradesco_Leasing_(6ª_Emissão),Debêntures,brAAA,,brAAA,2021-07-21,Confirmação,Estável,
2026-09-25,BRASIL MICROCRÉDITO DE IMPACTO SOCIAL FIDC - SENIORES ÚNICA,https://www.austin.com.br/Historico-Rating/3727/Brasil_Microcrédito_de_Impacto_Social_FIDC_-_Seniores_Única,FIDCs,brCC,,brCC,2024-08-27,Rebaixamento,Negativa,https://www.austin.com.br/Relatorio/Rating/Brasil_Microcrédito_de_Impacto_Social_FIDC/11140
2026-09-25,BRASIL MICROCRÉDITO DE IMPACTO SOCIAL FIDC - SENIORES ÚNICA,https://www.austin.com.br/Historico-Rating/3727/Brasil_Microcrédito_de_Impacto_Social_FIDC_-_Seniores_Única,FIDCs,brBBB+,,brBBB+,2022-08-05,Confirmação,Estável,
2026-09-25,BRASIL MICROCRÉDITO DE IMPACTO SOCIAL FIDC - SENIORES ÚNICA,https://www.austin.com.br/Historico-Rating/3727/Brasil_Microcrédito_de_Impacto_Social_FIDC_-_Seniores_Única,FIDCs,brBBB+,,brBBB+,2021-06-21,Rating Inicial,Estável,
2026-09-25,BRADESCO LEASING (4ª EMISSÃO),https://www.austin.com.br/Historico-Rating/72/Bradesco_Leasing_(4ª_Emissão),Debêntures,brAAA,,brAAA,2023-08-07,Confirmação,Estável,
2026-09-25,BRADESCO LEASING (4ª EMISSÃO),https://www.austin.com.br/Historico-Rating/72/Bradesco_Leasing_(4ª_Emissão),Debêntures,brAAA,,brAAA,2021-07-21,Confirmação,Estável,
2026-09-25,BRADESCO LEASING (4ª EMISSÃO),https://www.austin.com.br/Historico-Rating/72/Bradesco_Leasing_(4ª_Emissão),Debêntures,brAAA,,brAAA,2017-04-17,Confirmação,Estável,https://www.austin.com.br/Relatorio/Rating/Bradesco_Leasing_(4ª_Emissão)/7345
2026-09-25,BRADESCO LEASING (4ª EMISSÃO),https://www.austin.com.br/Historico-Rating/72/Bradesco_Leasing_(4ª_Emissão),Debêntures,brAAA,,brAAA,2014-03-24,Confirmação,Estável,
2026-09-25,BRADESCO LEASING (4ª EMISSÃO),https://www.austin.com.br/Historico-Rating/72/Bradesco_Leasing_(4ª_Emissão),Debêntures,brAAA,,brAAA,2012-07-31,Confirmação,Estável,
2026-09-25,BRADESCO LEASING (4ª EMISSÃO),https://www.austin.com.br/Historico-Rating/72/Bradesco_Leasing_(4ª_Emissão),Debêntures,brAAA,,brAAA,2011-06-07,Confirmação,Estável,
2026-09-25,BRADESCO LEASING (4ª EMISSÃO),https://www.austin.com.br/Historico-Rating/72/Bradesco_Leasing_(4ª_Emissão),Debêntures,brAAA,,brAAA,2010-04-09,Confirmação,Estável,
2026-09-25,BRADESCO LEASING (4ª EMISSÃO),https://www.austin.com.br/Historico-Rating/72/Bradesco_Leasing_(4ª_Emissão),Debêntures,brAAA,,brAAA,2006-07-31,Rating Inicial,Estável,
2026-09-25,BRADESCO LEASING (7ª EMISSÃO),https://www.austin.com.br/Historico-Rating/1297/Bradesco_Leasing_(7ª_Emissão),Debêntures,brAAA,,brAAA,2022-11-25,Confirmação,Estável,
2026-09-25,BRADESCO LEASING (7ª EMISSÃO),https://www.austin.com.br/Historico-Rating/1297/Bradesco_Leasing_(7ª_Emissão),Debêntures,brAAA,,brAAA,2021-07-21,Confirmação,Estável,
2026-09-25,BRADESCO LEASING (7ª EMISSÃO),https://www.austin.com.br/Historico-Rating/1297/Bradesco_Leasing_(7ª_Emissão),Debêntures,brAAA,,brAAA,2018-10-02,Confirmação,Estável,https://www.austin.com.br/Relatorio/Rating/Bradesco_Leasing_(7ª_Emissão)/8483
2026-09-25,BRADESCO LEASING (7ª EMISSÃO),https://www.austin.com.br/Historico-Rating/1297/Bradesco_Leasing_(7ª_Emissão),Debêntures,brAAA,,brAAA,2014-03-17,Confirmação,Estável,
2026-09-25,BRADESCO LEASING (7ª EMISSÃO),https://www.austin.com.br/Historico-Rating/1297/Bradesco_Leasing_(7ª_Emissão),Debêntures,brAAA,,brAAA,2012-09-14,Rating Inicial,Estável,
2026-09-25,BRAVA I FIDC - SUBORDINADAS JÚNIOR,https://www.austin.com.br/Historico-Rating/3578/Brava_I_FIDC_-_Subordinadas_Júnior_,FIDCs,brB,,brB,2020-07-23,Rating Preliminar,,https://www.austin.com.br/Relatorio/Rating/Brava_I_FIDC/10017
2026-09-25,BRASPOR FIDC - SENIORES 1ª SÉRIE,https://www.austin.com.br/Historico-Rating/1888/Braspor_FIDC_-_Seniores_1ª_série,FIDCs,brBB,,brBB,2015-03-06,Rating Inicial,Estável,https://www.austin.com.br/Relatorio/Rating/Braspor_FIDC/5294
2026-09-25,BRA FIDC - SENIORES 1ª SÉRIE,https://www.austin.com.br/Historico-Rating/2525/BRA_FIDC_-_Seniores_1ª_série,FIDCs,brA,,brA,2020-04-02,Observação Negativa,,https://www.austin.com.br/Relatorio/Rating/BRA_FIDC/9792
2026-09-25,BRA FIDC - SENIORES 1ª SÉRIE,https://www.austin.com.br/Historico-Rating/2525/BRA_FIDC_-_Seniores_1ª_série,FIDCs,brA,,brA,2020-02-10,Confirmação,Estável,
2026-09-25,BRA FIDC - SENIORES 1ª SÉRIE,https://www.austin.com.br/Historico-Rating/2525/BRA_FIDC_-_Seniores_1ª_série,FIDCs,brA,,brA,2019-11-14,Confirmação,Estável,
2026-09-25,BRA FIDC - SENIORES 1ª SÉRIE,https://www.austin.com.br/Historico-Rating/2525/BRA_FIDC_-_Seniores_1ª_série,FIDCs,brA,,brA,2019-07-26,Confirmação,Estável,
2026-09-25,BRA FIDC - SENIORES 1ª SÉRIE,https://www.austin.com.br/Historico-Rating/2525/BRA_FIDC_-_Seniores_1ª_série,FIDCs,brA,,brA,2019-05-03,Confirmação,Estável,
2026-09-25,BRA FIDC - SENIORES 1ª SÉRIE,https://www.austin.com.br/Historico-Rating/2525/BRA_FIDC_-_Seniores_1ª_série,FIDCs,brA,,brA,2019-02-12,Confirmação,Estável,
2026-09-25,BRA FIDC - SENIORES 1ª SÉRIE,https://www.austin.com.br/Historico-Rating/2525/BRA_FIDC_-_Seniores_1ª_série,FIDCs,brA-,,brA-,2018-07-13,Confirmação,Estável,
2026-09-25,BRA FIDC - SENIORES 1ª SÉRIE,https://www.austin.com.br/Historico-Rating/2525/BRA_FIDC_-_Seniores_1ª_série,FIDCs,brA-,,brA-,2018-05-10,Confirmação,Estável,
2026-09-25,BRA FIDC - SENIORES 1ª SÉRIE,https://www.austin.com.br/Historico-Rating/2525/BRA_FIDC_-_Seniores_1ª_série,FIDCs,brA-,,brA-,2018-02-16,Confirmação,Estável,
2026-09-25,BRA FIDC - SENIORES 1ª SÉRIE,https://www.austin.com.br/Historico-Rating/2525/BRA_FIDC_-_Seniores_1ª_série,FIDCs,brA-,,brA-,2017-11-14,Confirmação,Estável,
2026-09-25,BRA FIDC - SENIORES 1ª SÉRIE,https://www.austin.com.br/Historico-Rating/2525/BRA_FIDC_-_Seniores_1ª_série,FIDCs,brA-,,brA-,2017-09-06,Elevação,Estável,
2026-09-25,BRA FIDC - SENIORES 1ª SÉRIE,https://www.austin.com.br/Historico-Rating/2525/BRA_FIDC_-_Seniores_1ª_série,FIDCs,brBBB+,,brBBB+,2017-02-14,Confirmação,Estável,
2026-09-25,BRA FIDC - SENIORES 1ª SÉRIE,https://www.austin.com.br/Historico-Rating/2525/BRA_FIDC_-_Seniores_1ª_série,FIDCs,brBBB+,,brBBB+,2016-09-14,Rating Inicial,Estável,
2026-09-25,BRISTOL FIDC - SUBORDINADAS MEZANINO II,https://www.austin.com.br/Historico-Rating/4732/Bristol_FIDC_-_Subordinadas_Mezanino_II_,FIDCs,brBB+,,brBB+,2024-08-15,Rating Inicial,Estável,https://www.austin.com.br/Relatorio/Rating/Bristol_FIDC/11129
2026-09-25,BRAZILIAN SECURITIES (SÉRIE 2010-186),https://www.austin.com.br/Historico-Rating/638/Brazilian_Securities_(Série_2010-186),CRIs,brCCC,,brCCC,2021-12-20,Rebaixamento,Estável,https://www.austin.com.br/Relatorio/Rating/Brazilian_Securities_(Série_2010-186)/10399
2026-09-25,BRAZILIAN SECURITIES (SÉRIE 2010-186),https://www.austin.com.br/Historico-Rating/638/Brazilian_Securities_(Série_2010-186),CRIs,brCCC,,brCCC,2021-12-20,Rebaixamento,Estável,https://www.austin.com.br/Relatorio/Rating/Brazilian_Securities_(Série_2010-186)/10376
2026-09-25,BRAZILIAN SECURITIES (SÉRIE 2010-186),https://www.austin.com.br/Historico-Rating/638/Brazilian_Securities_(Série_2010-186),CRIs,brBB+,,brBB+,2020-02-18,Rebaixamento,Negativa,
2026-09-25,BRAZILIAN SECURITIES (SÉRIE 2010-186),https://www.austin.com.br/Historico-Rating/638/Brazilian_Securities_(Série_2010-186),CRIs,brA,,brA,2019-02-04,Rebaixamento,Estável,
2026-09-25,BRAZILIAN SECURITIES (SÉRIE 2010-186),https://www.austin.com.br/Historico-Rating/638/Brazilian_Securities_(Série_2010-186),CRIs,brA+,,brA+,2018-02-05,Rebaixamento,Estável,
2026-09-25,BRAZILIAN SECURITIES (SÉRIE 2010-186),https://www.austin.com.br/Historico-Rating/638/Brazilian_Securities_(Série_2010-186),CRIs,brAA-,,brAA-,2016-01-26,Confirmação,Estável,
2026-09-25,BRAZILIAN SECURITIES (SÉRIE 2010-186),https://www.austin.com.br/Historico-Rating/638/Brazilian_Securities_(Série_2010-186),CRIs,brAA-,,brAA-,2014-12-02,Confirmação,Estável,
2026-09-25,BRAZILIAN SECURITIES (SÉRIE 2010-186),https://www.austin.com.br/Historico-Rating/638/Brazilian_Securities_(Série_2010-186),CRIs,brAA-,,brAA-,2013-11-13,Confirmação,Estável,
2026-09-25,BRAZILIAN SECURITIES (SÉRIE 2010-186),https://www.austin.com.br/Historico-Rating/638/Brazilian_Securities_(Série_2010-186),CRIs,brAA-,,brAA-,2012-01-20,Confirmação,Estável,
2026-09-25,BRAZILIAN SECURITIES (SÉRIE 2010-186),https://www.austin.com.br/Historico-Rating/638/Brazilian_Securities_(Série_2010-186),CRIs,brAA-,,brAA-,2010-12-02,Rating Inicial,Estável,
2026-09-25,BRISTOL FIDC - SENIORES 6ª SÉRIE,https://www.austin.com.br/Historico-Rating/4729/Bristol_FIDC_-_Seniores_6ª_série,FIDCs,brA-,,brA-,2024-08-15,Rating Inicial,Estável,https://www.austin.com.br/Relatorio/Rating/Bristol_FIDC/11126
2026-09-25,BRISTOL FIDC - SENIORES 5ª SÉRIE,https://www.austin.com.br/Historico-Rating/4730/Bristol_FIDC_-_Seniores_5ª_série,FIDCs,brA-,,brA-,2024-08-15,Confirmação,Estável,https://www.austin.com.br/Relatorio/Rating/Bristol_FIDC/11127
2026-09-25,BRISTOL FIDC - MEZANINO CLASSE D,https://www.austin.com.br/Historico-Rating/4731/Bristol_FIDC_-_Mezanino_Classe_D_,FIDCs,brBBB,,brBBB,2024-08-15,Rating Inicial,Estável,https://www.austin.com.br/Relatorio/Rating/Bristol_FIDC/11128
2026-09-25,BRISTOL FIDC - SUBORDINADAS JÚNIOR,https://www.austin.com.br/Historico-Rating/3362/Bristol_FIDC_-_Subordinadas_Júnior_,FIDCs,brCCC,,brCCC,2024-08-15,Confirmação,Estável,https://www.austin.com.br/Relatorio/Rating/Bristol_FIDC/11125
2026-09-25,BRISTOL FIDC - SUBORDINADAS JÚNIOR,https://www.austin.com.br/Historico-Rating/3362/Bristol_FIDC_-_Subordinadas_Júnior_,FIDCs,brCCC,,brCCC,2020-04-02,Observação Negativa,,
2026-09-25,BRISTOL FIDC - SUBORDINADAS JÚNIOR,https://www.austin.com.br/Historico-Rating/3362/Bristol_FIDC_-_Subordinadas_Júnior_,FIDCs,brCCC,,brCCC,2020-03-13,Confirmação,Estável,
2026-09-25,BRISTOL FIDC - SUBORDINADAS JÚNIOR,https://www.austin.com.br/Historico-Rating/3362/Bristol_FIDC_-_Subordinadas_Júnior_,FIDCs,brCCC,,brCCC,2019-10-17,Rating Inicial,Estável,
2026-09-25,BRISTOL FIDC - MEZANINO CLASSE A,https://www.austin.com.br/Historico-Rating/3361/Bristol_FIDC_-_Mezanino_Classe_A_,FIDCs,brBBB,,brBBB,2024-08-15,Elevação,Estável,https://www.austin.com.br/Relatorio/Rating/Bristol_FIDC/11124
2026-09-25,BRISTOL FIDC - MEZANINO CLASSE A,https://www.austin.com.br/Historico-Rating/3361/Bristol_FIDC_-_Mezanino_Classe_A_,FIDCs,brB-,,brB-,2020-04-02,Observação Negativa,,
2026-09-25,BRISTOL FIDC - MEZANINO CLASSE A,https://www.austin.com.br/Historico-Rating/3361/Bristol_FIDC_-_Mezanino_Classe_A_,FIDCs,brB-,,brB-,2020-03-13,Confirmação,Estável,
2026-09-25,BRISTOL FIDC - MEZANINO CLASSE A,https://www.austin.com.br/Historico-Rating/3361/Bristol_FIDC_-_Mezanino_Classe_A_,FIDCs,brB-,,brB-,2019-10-17,Rating Inicial,Estável,
2026-09-25,BRZ AKRK CONSIGNADOS V FIDC  - SENIORES ÚNICA,https://www.austin.com.br/Historico-Rating/4809/BRZ_AKRK_Consignados_V_FIDC__-_Seniores_Única,FIDCs,brAA-,,brAA-,2024-08-21,Confirmação,Estável,https://www.austin.com.br/Relatorio/Rating/BRZ_AKRK_Consignados_V_FIDC_/11225
2026-09-25,BRZ AKRK CONSIGNADOS V FIDC  - SUBORDINADAS MEZANINO,https://www.austin.com.br/Historico-Rating/4810/BRZ_AKRK_Consignados_V_FIDC__-_Subordinadas_Mezanino_,FIDCs,brA-,,brA-,2024-08-21,Confirmação,Estável,https://www.austin.com.br/Relatorio/Rating/BRZ_AKRK_Consignados_V_FIDC_/11226
2026-09-25,BRZ CONSIGNADOS VI FIDC - SENIORES ÚNICA,https://www.austin.com.br/Historico-Rating/4588/BRZ_Consignados_VI_FIDC_-_Seniores_Única,FIDCs,brAA-,,brAA-,2024-07-10,Rating Inicial,Estável,https://www.austin.com.br/Relatorio/Rating/BRZ_Consignados_VI_FIDC/10928
2026-09-25,BRZ CONSIGNADOS VI FIDC - SUBORDINADAS JÚNIOR,https://www.austin.com.br/Historico-Rating/4590/BRZ_Consignados_VI_FIDC_-_Subordinadas_Júnior_,FIDCs,brBB,,brBB,2024-07-10,Rating Inicial,Estável,https://www.austin.com.br/Relatorio/Rating/BRZ_Consignados_VI_FIDC/10930
2026-09-25,BRZ TECFIT FIDC - SENIORES ÚNICA,https://www.austin.com.br/Historico-Rating/4654/BRZ_TECFIT_FIDC_-_Seniores_Única,FIDCs,brB-,,brB-,2024-08-09,Confirmação,Estável,https://www.austin.com.br/Relatorio/Rating/BRZ_TECFIT_FIDC/11028
2026-09-25,BRZ CONSIGNADOS VI FIDC - SUBORDINADAS MEZANINO,https://www.austin.com.br/Historico-Rating/4589/BRZ_Consignados_VI_FIDC_-_Subordinadas_Mezanino_,FIDCs,brA-,,brA-,2024-07-10,Rating Inicial,Estável,https://www.austin.com.br/Relatorio/Rating/BRZ_Consignados_VI_FIDC/10929
2026-09-25,BTAG MASTER I FIAGRO - DC - ÚNICA,https://www.austin.com.br/Historico-Rating/4655/BTAG_MASTER_I_FIAGRO_-_DC_-_Única_,FIDCs,brA,,brA,2024-08-08,Confirmação,Estável,https://www.austin.com.br/Relatorio/Rating/BTAG_MASTER_I_FIAGRO_-_DC/11029
2026-09-25,BTG PACTUAL CRÉDITO AGRÍCOLA FIAGRO  - ÚNICA,https://www.austin.com.br/Historico-Rating/3946/BTG_Pactual_Crédito_Agrícola_FIAGRO__-_Única_,FIDCs,brA+,,brA+,2022-08-12,Confirmação,Estável,https://www.austin.com.br/Relatorio/Rating/BTG_Pactual_Crédito_Agrícola_FIAGRO_/10400
2026-09-25,BTG PACTUAL CRÉDITO AGRÍCOLA FIAGRO  - ÚNICA,https://www.austin.com.br/Historico-Rating/3946/BTG_Pactual_Crédito_Agrícola_FIAGRO__-_Única_,FIDCs,brA+,,brA+,2022-01-20,Rating Inicial,Estável,
2026-09-25,BUDAPESTE FIDC - ÚNICA,https://www.austin.com.br/Historico-Rating/3819/Budapeste_FIDC_-_Única_,FIDCs,brBB,,brBB,2021-05-10,Rating Inicial,Estável,https://www.austin.com.br/Relatorio/Rating/Budapeste_FIDC/10214
2026-09-25,CAMPO ARADO FIAGRO-DC - SENIORES ÚNICA,https://www.austin.com.br/Historico-Rating/4870/Campo_Arado_FIAGRO-DC_-_Seniores_Única,FIDCs,brBB,,brBB,2024-12-20,Rating Inicial,Estável,
2026-09-25,CANADÁ INVEST FIDC - SENIORES 1ª SÉRIE,https://www.austin.com.br/Historico-Rating/2546/Canadá_Invest_FIDC_-_Seniores_1ª_série,FIDCs,brA-,,brA-,2018-05-30,Confirmação,Estável,https://www.austin.com.br/Relatorio/Rating/Canadá_Invest_FIDC/8066
2026-09-25,CANADÁ INVEST FIDC - SENIORES 1ª SÉRIE,https://www.austin.com.br/Historico-Rating/2546/Canadá_Invest_FIDC_-_Seniores_1ª_série,FIDCs,brA-,,brA-,2018-02-08,Observação Negativa,,
2026-09-25,CANADÁ INVEST FIDC - SENIORES 1ª SÉRIE,https://www.austin.com.br/Historico-Rating/2546/Canadá_Invest_FIDC_-_Seniores_1ª_série,FIDCs,brA-,,brA-,2017-12-07,Observação Negativa,,
2026-09-25,CANADÁ INVEST FIDC - SENIORES 1ª SÉRIE,https://www.austin.com.br/Historico-Rating/2546/Canadá_Invest_FIDC_-_Seniores_1ª_série,FIDCs,brA-,,brA-,2017-08-18,Observação Negativa,,
2026-09-25,CANADÁ INVEST FIDC - SENIORES 1ª SÉRIE,https://www.austin.com.br/Historico-Rating/2546/Canadá_Invest_FIDC_-_Seniores_1ª_série,FIDCs,brA-,,brA-,2017-05-15,Observação Negativa,,
2026-09-25,CANADÁ INVEST FIDC - SENIORES 1ª SÉRIE,https://www.austin.com.br/Historico-Rating/2546/Canadá_Invest_FIDC_-_Seniores_1ª_série,FIDCs,brA-,,brA-,2017-02-15,Observação Negativa,,
2026-09-25,CANADÁ INVEST FIDC - SENIORES 1ª SÉRIE,https://www.austin.com.br/Historico-Rating/2546/Canadá_Invest_FIDC_-_Seniores_1ª_série,FIDCs,brA-,,brA-,2016-11-03,Rating Inicial,Estável,
2026-09-25,CALLOWAY FIDC  - SUBORDINADAS JÚNIOR,https://www.austin.com.br/Historico-Rating/3773/Calloway_FIDC__-_Subordinadas_Júnior_,FIDCs,brBBB+,,brBBB+,2021-03-24,Rating Preliminar,,
2026-09-25,CAPTALYS MPME FIDC - SENIORES ÚNICA,https://www.austin.com.br/Historico-Rating/3669/Captalys_MPME_FIDC_-_Seniores_Única,FIDCs,brAA,,brAA,2020-12-14,Rating Preliminar,,https://www.austin.com.br/Relatorio/Rating/Captalys_MPME_FIDC/10106
2026-09-25,CANADÁ INVEST FIDC - SUBORDINADAS JÚNIOR,https://www.austin.com.br/Historico-Rating/2159/Canadá_Invest_FIDC_-_Subordinadas_Júnior_,FIDCs,brCC,,brCC,2019-11-04,Confirmação,Estável,https://www.austin.com.br/Relatorio/Rating/Canadá_Invest_FIDC/9522
2026-09-25,CANADÁ INVEST FIDC - SUBORDINADAS JÚNIOR,https://www.austin.com.br/Historico-Rating/2159/Canadá_Invest_FIDC_-_Subordinadas_Júnior_,FIDCs,brCC,,brCC,2019-07-23,Confirmação,Estável,
2026-09-25,CANADÁ INVEST FIDC - SUBORDINADAS JÚNIOR,https://www.austin.com.br/Historico-Rating/2159/Canadá_Invest_FIDC_-_Subordinadas_Júnior_,FIDCs,brCC,,brCC,2019-05-03,Confirmação,Estável,
2026-09-25,CANADÁ INVEST FIDC - SUBORDINADAS JÚNIOR,https://www.austin.com.br/Historico-Rating/2159/Canadá_Invest_FIDC_-_Subordinadas_Júnior_,FIDCs,brCC,,brCC,2019-01-18,Observação Negativa,,
2026-09-25,CANADÁ INVEST FIDC - SUBORDINADAS JÚNIOR,https://www.austin.com.br/Historico-Rating/2159/Canadá_Invest_FIDC_-_Subordinadas_Júnior_,FIDCs,brCCC,,brCCC,2018-05-30,Confirmação,Estável,
2026-09-25,CANADÁ INVEST FIDC - SUBORDINADAS JÚNIOR,https://www.austin.com.br/Historico-Rating/2159/Canadá_Invest_FIDC_-_Subordinadas_Júnior_,FIDCs,brCCC,,brCCC,2018-02-08,Observação Negativa,,
2026-09-25,CANADÁ INVEST FIDC - SUBORDINADAS JÚNIOR,https://www.austin.com.br/Historico-Rating/2159/Canadá_Invest_FIDC_-_Subordinadas_Júnior_,FIDCs,brCCC,,brCCC,2017-12-07,Observação Negativa,,
2026-09-25,CANADÁ INVEST FIDC - SUBORDINADAS JÚNIOR,https://www.austin.com.br/Historico-Rating/2159/Canadá_Invest_FIDC_-_Subordinadas_Júnior_,FIDCs,brCCC,,brCCC,2017-08-18,Observação Negativa,,
2026-09-25,CANADÁ INVEST FIDC - SUBORDINADAS JÚNIOR,https://www.austin.com.br/Historico-Rating/2159/Canadá_Invest_FIDC_-_Subordinadas_Júnior_,FIDCs,brCCC,,brCCC,2017-05-15,Observação Negativa,,
2026-09-25,CANADÁ INVEST FIDC - SUBORDINADAS JÚNIOR,https://www.austin.com.br/Historico-Rating/2159/Canadá_Invest_FIDC_-_Subordinadas_Júnior_,FIDCs,brCCC,,brCCC,2017-02-15,Observação Negativa,,
2026-09-25,CANADÁ INVEST FIDC - SUBORDINADAS JÚNIOR,https://www.austin.com.br/Historico-Rating/2159/Canadá_Invest_FIDC_-_Subordinadas_Júnior_,FIDCs,brCCC,,brCCC,2016-11-03,Confirmação,Estável,
2026-09-25,CANADÁ INVEST FIDC - SUBORDINADAS JÚNIOR,https://www.austin.com.br/Historico-Rating/2159/Canadá_Invest_FIDC_-_Subordinadas_Júnior_,FIDCs,brCCC,,brCCC,2016-08-12,Confirmação,Estável,
2026-09-25,CANADÁ INVEST FIDC - SUBORDINADAS JÚNIOR,https://www.austin.com.br/Historico-Rating/2159/Canadá_Invest_FIDC_-_Subordinadas_Júnior_,FIDCs,brCCC,,brCCC,2016-06-03,Confirmação,Estável,
2026-09-25,CANADÁ INVEST FIDC - SUBORDINADAS JÚNIOR,https://www.austin.com.br/Historico-Rating/2159/Canadá_Invest_FIDC_-_Subordinadas_Júnior_,FIDCs,brCCC,,brCCC,2016-01-20,Confirmação,Estável,
2026-09-25,CANADÁ INVEST FIDC - SUBORDINADAS JÚNIOR,https://www.austin.com.br/Historico-Rating/2159/Canadá_Invest_FIDC_-_Subordinadas_Júnior_,FIDCs,brCCC,,brCCC,2015-04-13,Rating Inicial,Estável,
2026-09-25,CAPITAL ANNEX FIDC - SUBORDINADAS,https://www.austin.com.br/Historico-Rating/1737/Capital_Annex_FIDC_-_Subordinadas_,FIDCs,brB,,brB,2020-04-02,Observação Negativa,,https://www.austin.com.br/Relatorio/Rating/Capital_Annex_FIDC/9813
2026-09-25,CAPITAL ANNEX FIDC - SUBORDINADAS,https://www.austin.com.br/Historico-Rating/1737/Capital_Annex_FIDC_-_Subordinadas_,FIDCs,brB,,brB,2020-02-11,Confirmação,Estável,
2026-09-25,CAPITAL ANNEX FIDC - SUBORDINADAS,https://www.austin.com.br/Historico-Rating/1737/Capital_Annex_FIDC_-_Subordinadas_,FIDCs,brB,,brB,2019-11-13,Confirmação,Estável,
2026-09-25,CAPITAL ANNEX FIDC - SUBORDINADAS,https://www.austin.com.br/Historico-Rating/1737/Capital_Annex_FIDC_-_Subordinadas_,FIDCs,brB,,brB,2019-08-15,Confirmação,Estável,
2026-09-25,CAPITAL ANNEX FIDC - SUBORDINADAS,https://www.austin.com.br/Historico-Rating/1737/Capital_Annex_FIDC_-_Subordinadas_,FIDCs,brB,,brB,2019-05-13,Confirmação,Estável,
2026-09-25,CAPITAL ANNEX FIDC - SUBORDINADAS,https://www.austin.com.br/Historico-Rating/1737/Capital_Annex_FIDC_-_Subordinadas_,FIDCs,brB,,brB,2019-01-18,Confirmação,Estável,
2026-09-25,CAPITAL ANNEX FIDC - SUBORDINADAS,https://www.austin.com.br/Historico-Rating/1737/Capital_Annex_FIDC_-_Subordinadas_,FIDCs,brB,,brB,2018-08-01,Confirmação,Estável,
2026-09-25,CAPITAL ANNEX FIDC - SUBORDINADAS,https://www.austin.com.br/Historico-Rating/1737/Capital_Annex_FIDC_-_Subordinadas_,FIDCs,brB,,brB,2018-05-11,Confirmação,Estável,
2026-09-25,CAPITAL ANNEX FIDC - SUBORDINADAS,https://www.austin.com.br/Historico-Rating/1737/Capital_Annex_FIDC_-_Subordinadas_,FIDCs,brB,,brB,2018-02-09,Confirmação,Estável,
2026-09-25,CAPITAL ANNEX FIDC - SUBORDINADAS,https://www.austin.com.br/Historico-Rating/1737/Capital_Annex_FIDC_-_Subordinadas_,FIDCs,brB,,brB,2017-11-14,Confirmação,Estável,
2026-09-25,CAPITAL ANNEX FIDC - SUBORDINADAS,https://www.austin.com.br/Historico-Rating/1737/Capital_Annex_FIDC_-_Subordinadas_,FIDCs,brB,,brB,2017-08-09,Confirmação,Estável,
2026-09-25,CAPITAL ANNEX FIDC - SUBORDINADAS,https://www.austin.com.br/Historico-Rating/1737/Capital_Annex_FIDC_-_Subordinadas_,FIDCs,brB,,brB,2017-05-12,Confirmação,Estável,
2026-09-25,CAPITAL ANNEX FIDC - SUBORDINADAS,https://www.austin.com.br/Historico-Rating/1737/Capital_Annex_FIDC_-_Subordinadas_,FIDCs,brB,,brB,2017-02-15,Elevação,Estável,
2026-09-25,CAPITAL ANNEX FIDC - SUBORDINADAS,https://www.austin.com.br/Historico-Rating/1737/Capital_Annex_FIDC_-_Subordinadas_,FIDCs,brB-,,brB-,2016-11-16,Confirmação,Estável,
2026-09-25,CAPITAL ANNEX FIDC - SUBORDINADAS,https://www.austin.com.br/Historico-Rating/1737/Capital_Annex_FIDC_-_Subordinadas_,FIDCs,brB-,,brB-,2016-08-05,Confirmação,Estável,
2026-09-25,CAPITAL ANNEX FIDC - SUBORDINADAS,https://www.austin.com.br/Historico-Rating/1737/Capital_Annex_FIDC_-_Subordinadas_,FIDCs,brB-,,brB-,2016-05-13,Confirmação,Estável,
2026-09-25,CAPITAL ANNEX FIDC - SUBORDINADAS,https://www.austin.com.br/Historico-Rating/1737/Capital_Annex_FIDC_-_Subordinadas_,FIDCs,brB-,,brB-,2016-02-15,Confirmação,Estável,
2026-09-25,CAPITAL ANNEX FIDC - SUBORDINADAS,https://www.austin.com.br/Historico-Rating/1737/Capital_Annex_FIDC_-_Subordinadas_,FIDCs,brB-,,brB-,2015-11-12,Confirmação,Estável,
2026-09-25,CAPITAL ANNEX FIDC - SUBORDINADAS,https://www.austin.com.br/Historico-Rating/1737/Capital_Annex_FIDC_-_Subordinadas_,FIDCs,brB-,,brB-,2015-08-17,Confirmação,Estável,
2026-09-25,CAPITAL ANNEX FIDC - SUBORDINADAS,https://www.austin.com.br/Historico-Rating/1737/Capital_Annex_FIDC_-_Subordinadas_,FIDCs,brB-,,brB-,2015-05-15,Confirmação,Estável,
2026-09-25,CAPITAL ANNEX FIDC - SUBORDINADAS,https://www.austin.com.br/Historico-Rating/1737/Capital_Annex_FIDC_-_Subordinadas_,FIDCs,brB-,,brB-,2015-02-11,Confirmação,Estável,
2026-09-25,CAPITAL ANNEX FIDC - SUBORDINADAS,https://www.austin.com.br/Historico-Rating/1737/Capital_Annex_FIDC_-_Subordinadas_,FIDCs,brB-,,brB-,2014-11-12,Confirmação,Estável,
2026-09-25,CAPITAL ANNEX FIDC - SUBORDINADAS,https://www.austin.com.br/Historico-Rating/1737/Capital_Annex_FIDC_-_Subordinadas_,FIDCs,brB-,,brB-,2014-08-15,Confirmação,Estável,
2026-09-25,CAPITAL ANNEX FIDC - SUBORDINADAS,https://www.austin.com.br/Historico-Rating/1737/Capital_Annex_FIDC_-_Subordinadas_,FIDCs,brB-,,brB-,2014-04-25,Confirmação,Estável,
2026-09-25,CAPITAL ANNEX FIDC - SUBORDINADAS,https://www.austin.com.br/Historico-Rating/1737/Capital_Annex_FIDC_-_Subordinadas_,FIDCs,brB-,,brB-,2013-11-08,Rating Inicial,Estável,
2026-09-25,CEDAR OCTANTE FIDC - SENIORES 3ª SÉRIE,https://www.austin.com.br/Historico-Rating/4443/Cedar_Octante_FIDC_-_Seniores_3ª_série,FIDCs,brA+,,brA+,2024-02-29,Rating Inicial,Estável,
2026-09-25,CEDAR OCTANTE FIDC - SUBORDINADAS MEZANINO I,https://www.austin.com.br/Historico-Rating/4444/Cedar_Octante_FIDC_-_Subordinadas_Mezanino_I_,FIDCs,brA-,,brA-,2024-02-29,Rating Inicial,Estável,
2026-09-25,CJP FIDC NP - SUBORDINADAS,https://www.austin.com.br/Historico-Rating/3712/CJP_FIDC_NP_-_Subordinadas_,FIDCs,brC,,brC,2021-02-08,Rating Inicial,Estável,
2026-09-25,CELETI PROVEDORES BANDA LARGA - SENIORES ÚNICA,https://www.austin.com.br/Historico-Rating/3667/Celeti_Provedores_Banda_Larga_-_Seniores_Única,FIDCs,brA+,,brA+,2021-01-06,Rating Inicial,Estável,https://www.austin.com.br/Relatorio/Rating/Celeti_Provedores_Banda_Larga/10104
2026-09-25,CEDRO FIDC NP - SUBORDINADAS JÚNIOR,https://www.austin.com.br/Historico-Rating/3049/Cedro_FIDC_NP_-_Subordinadas_Júnior_,FIDCs,brB,,brB,2020-04-02,Observação Negativa,,https://www.austin.com.br/Relatorio/Rating/Cedro_FIDC_NP/9815
2026-09-25,CEDRO FIDC NP - SUBORDINADAS JÚNIOR,https://www.austin.com.br/Historico-Rating/3049/Cedro_FIDC_NP_-_Subordinadas_Júnior_,FIDCs,brB,,brB,2020-02-11,Confirmação,Estável,
2026-09-25,CEDRO FIDC NP - SUBORDINADAS JÚNIOR,https://www.austin.com.br/Historico-Rating/3049/Cedro_FIDC_NP_-_Subordinadas_Júnior_,FIDCs,brB,,brB,2019-11-12,Observação Negativa,,
2026-09-25,CEDRO FIDC NP - SUBORDINADAS JÚNIOR,https://www.austin.com.br/Historico-Rating/3049/Cedro_FIDC_NP_-_Subordinadas_Júnior_,FIDCs,brB,,brB,2019-08-06,Confirmação,Estável,
2026-09-25,CEDRO FIDC NP - SUBORDINADAS JÚNIOR,https://www.austin.com.br/Historico-Rating/3049/Cedro_FIDC_NP_-_Subordinadas_Júnior_,FIDCs,brB,,brB,2019-05-13,Confirmação,Estável,
2026-09-25,CEDRO FIDC NP - SUBORDINADAS JÚNIOR,https://www.austin.com.br/Historico-Rating/3049/Cedro_FIDC_NP_-_Subordinadas_Júnior_,FIDCs,brB,,brB,2019-02-15,Confirmação,Estável,
2026-09-25,CEDRO FIDC NP - SUBORDINADAS JÚNIOR,https://www.austin.com.br/Historico-Rating/3049/Cedro_FIDC_NP_-_Subordinadas_Júnior_,FIDCs,brB,,brB,2018-09-06,Rating Inicial,Estável,
2026-09-25,CJP FIDC NP - SENIORES ÚNICA,https://www.austin.com.br/Historico-Rating/3711/CJP_FIDC_NP_-_Seniores_Única,FIDCs,brCC,,brCC,2021-02-08,Rating Inicial,Estável,
2026-09-25,CIELO RECEBA MAIS FIDC  - SENIORES 1ª SÉRIE,https://www.austin.com.br/Historico-Rating/3777/Cielo_Receba_Mais_FIDC__-_Seniores_1ª_série,FIDCs,brAA,,brAA,2021-03-11,Rating Preliminar,,
2026-09-25,CELETI PROVEDORES BANDA LARGA - SUBORDINADAS MEZANINO,https://www.austin.com.br/Historico-Rating/3668/Celeti_Provedores_Banda_Larga_-_Subordinadas_Mezanino_,FIDCs,brBBB,,brBBB,2021-01-06,Rating Inicial,Estável,https://www.austin.com.br/Relatorio/Rating/Celeti_Provedores_Banda_Larga/10105
2026-09-25,CEDAR OCTANTE FIDC - SUBORDINADAS MEZANINO II,https://www.austin.com.br/Historico-Rating/4445/Cedar_Octante_FIDC_-_Subordinadas_Mezanino_II_,FIDCs,brBBB+,,brBBB+,2024-02-29,Rating Inicial,Estável,
2026-09-25,CONQUEST BRAZIL FIDC - SENIORES 1ª SÉRIE,https://www.austin.com.br/Historico-Rating/3303/Conquest_Brazil_FIDC_-_Seniores_1ª_série,FIDCs,brA-,,brA-,2020-04-02,Observação Negativa,,https://www.austin.com.br/Relatorio/Rating/Conquest_Brazil_FIDC/9817
2026-09-25,CONQUEST BRAZIL FIDC - SENIORES 1ª SÉRIE,https://www.austin.com.br/Historico-Rating/3303/Conquest_Brazil_FIDC_-_Seniores_1ª_série,FIDCs,brA-,,brA-,2020-02-10,Confirmação,Estável,
2026-09-25,CONQUEST BRAZIL FIDC - SENIORES 1ª SÉRIE,https://www.austin.com.br/Historico-Rating/3303/Conquest_Brazil_FIDC_-_Seniores_1ª_série,FIDCs,brA-,,brA-,2019-11-14,Confirmação,Estável,
2026-09-25,CONQUEST BRAZIL FIDC - SENIORES 1ª SÉRIE,https://www.austin.com.br/Historico-Rating/3303/Conquest_Brazil_FIDC_-_Seniores_1ª_série,FIDCs,brA-,,brA-,2019-09-03,Rating Inicial,Estável,
2026-09-25,COMPANHIA PROVÍNCIA DE SECURITIZAÇÃO - 1ª SÉRIE (SÉRIE SÊNIOR) DA 63ª EMISSÃO,https://www.austin.com.br/Historico-Rating/4733/Companhia_Província_de_Securitização_-_1ª_Série_(Série_Sênior)_da_63ª_Emissão,CRIs,brAA-,,brAA-,2024-09-10,Rating Inicial,Estável,https://www.austin.com.br/Relatorio/Rating/Companhia_Província_de_Securitização_-_1ª_Série_(Série_Sênior)_da_63ª_Emissão/11130
2026-09-25,CONQUEST BRAZIL FIDC - SUBORDINADAS JÚNIOR,https://www.austin.com.br/Historico-Rating/2708/Conquest_Brazil_FIDC_-_Subordinadas_Júnior_,FIDCs,brCCC,,brCCC,2020-04-02,Observação Negativa,,https://www.austin.com.br/Relatorio/Rating/Conquest_Brazil_FIDC/9816
2026-09-25,CONQUEST BRAZIL FIDC - SUBORDINADAS JÚNIOR,https://www.austin.com.br/Historico-Rating/2708/Conquest_Brazil_FIDC_-_Subordinadas_Júnior_,FIDCs,brCCC,,brCCC,2020-02-10,Confirmação,Estável,
2026-09-25,CONQUEST BRAZIL FIDC - SUBORDINADAS JÚNIOR,https://www.austin.com.br/Historico-Rating/2708/Conquest_Brazil_FIDC_-_Subordinadas_Júnior_,FIDCs,brCCC,,brCCC,2019-11-14,Confirmação,Estável,
2026-09-25,CONQUEST BRAZIL FIDC - SUBORDINADAS JÚNIOR,https://www.austin.com.br/Historico-Rating/2708/Conquest_Brazil_FIDC_-_Subordinadas_Júnior_,FIDCs,brCCC,,brCCC,2019-07-26,Confirmação,Estável,
2026-09-25,CONQUEST BRAZIL FIDC - SUBORDINADAS JÚNIOR,https://www.austin.com.br/Historico-Rating/2708/Conquest_Brazil_FIDC_-_Subordinadas_Júnior_,FIDCs,brCCC,,brCCC,2019-05-03,Confirmação,Estável,
2026-09-25,CONQUEST BRAZIL FIDC - SUBORDINADAS JÚNIOR,https://www.austin.com.br/Historico-Rating/2708/Conquest_Brazil_FIDC_-_Subordinadas_Júnior_,FIDCs,brCCC,,brCCC,2019-02-04,Confirmação,Estável,
2026-09-25,CONQUEST BRAZIL FIDC - SUBORDINADAS JÚNIOR,https://www.austin.com.br/Historico-Rating/2708/Conquest_Brazil_FIDC_-_Subordinadas_Júnior_,FIDCs,brCCC,,brCCC,2018-07-27,Confirmação,Estável,
2026-09-25,CONQUEST BRAZIL FIDC - SUBORDINADAS JÚNIOR,https://www.austin.com.br/Historico-Rating/2708/Conquest_Brazil_FIDC_-_Subordinadas_Júnior_,FIDCs,brCCC,,brCCC,2018-02-26,Rating Inicial,Estável,
2026-09-25,CONSTÂNCIA INVESTIMENTOS,https://www.austin.com.br/Historico-Rating/2855/Constância_Investimentos,Gestão,QG2-,,QG2-,2023-09-12,Confirmação,Estável,
2026-09-25,CONSTÂNCIA INVESTIMENTOS,https://www.austin.com.br/Historico-Rating/2855/Constância_Investimentos,Gestão,QG2-,,QG2-,2021-09-02,Elevação,Estável,
2026-09-25,CONSTÂNCIA INVESTIMENTOS,https://www.austin.com.br/Historico-Rating/2855/Constância_Investimentos,Gestão,QG3,,QG3,2018-09-13,Rating Inicial,Estável,
2026-09-25,CONTAÍ FIDC - MEZANINO CLASSE A,https://www.austin.com.br/Historico-Rating/4092/Contaí_FIDC_-_Mezanino_Classe_A_,FIDCs,brB+,,brB+,2022-08-31,Rating Inicial,Estável,https://www.austin.com.br/Relatorio/Rating/Contaí_FIDC/10469
2026-09-25,CONTAÍ FIDC - SENIORES 1ª SÉRIE,https://www.austin.com.br/Historico-Rating/4093/Contaí_FIDC_-_Seniores_1ª_série,FIDCs,brBB+,,brBB+,2022-08-31,Confirmação,Estável,https://www.austin.com.br/Relatorio/Rating/Contaí_FIDC/10470
2026-09-25,CONTAÍ FIDC - SUBORDINADAS JÚNIOR,https://www.austin.com.br/Historico-Rating/3529/Contaí_FIDC_-_Subordinadas_Júnior_,FIDCs,brCCC,,brCCC,2022-08-31,Confirmação,Estável,https://www.austin.com.br/Relatorio/Rating/Contaí_FIDC/10468
2026-09-25,CONTAÍ FIDC - SUBORDINADAS JÚNIOR,https://www.austin.com.br/Historico-Rating/3529/Contaí_FIDC_-_Subordinadas_Júnior_,FIDCs,brCC,,brCC,2020-08-24,Rating Inicial,Estável,
2026-09-25,COOPERFORTE COOPERATIVA DE CRÉDITO E INVESTIMENTOS LTDA.,https://www.austin.com.br/Historico-Rating/4579/Cooperforte_Cooperativa_de_Crédito_e_Investimentos_Ltda,Corporativo,brA+,,brA+,2026-07-01,Confirmação,Positiva,https://www.austin.com.br/Relatorio/Rating/Cooperforte_Cooperativa_de_Crédito_e_Investimentos_Ltda/11678
2026-09-25,COOPERFORTE COOPERATIVA DE CRÉDITO E INVESTIMENTOS LTDA.,https://www.austin.com.br/Historico-Rating/4579/Cooperforte_Cooperativa_de_Crédito_e_Investimentos_Ltda,Corporativo,brA+,,brA+,2025-06-25,Confirmação,Positiva,
2026-09-25,COOPERFORTE COOPERATIVA DE CRÉDITO E INVESTIMENTOS LTDA.,https://www.austin.com.br/Historico-Rating/4579/Cooperforte_Cooperativa_de_Crédito_e_Investimentos_Ltda,Corporativo,brA+,,brA+,2024-07-10,Alteração de Perspectiva,Positiva,
2026-09-25,CREDCESTA FIDC - SENIORES ÚNICA,https://www.austin.com.br/Historico-Rating/3515/Credcesta_FIDC_-_Seniores_Única,FIDCs,brBBB+,,brBBB+,2019-12-27,Rating Preliminar,,https://www.austin.com.br/Relatorio/Rating/Credcesta_FIDC/9954
2026-09-25,CRA ECOAGRO - RISCO EXPOCACER - 410ª EMISSÃO - SÉRIE ÚNICA,https://www.austin.com.br/Historico-Rating/4992/CRA_Ecoagro_-_Risco_Expocacer_-_410ª_Emissão_-_Série_Única,CRIs,brA-,,brA-,2025-09-03,Rating Inicial,Estável,
2026-09-25,CORPORE NP FIDC NÃO PADRONIZADO MULTISSETORIAL - SUBORDINADAS,https://www.austin.com.br/Historico-Rating/3266/Corpore_NP_FIDC_Não_Padronizado_Multissetorial_-_Subordinadas_,FIDCs,brCC,,brCC,2020-04-02,Observação Negativa,,https://www.austin.com.br/Relatorio/Rating/Corpore_NP_FIDC_Não_Padronizado_Multissetorial/9818
2026-09-25,CORPORE NP FIDC NÃO PADRONIZADO MULTISSETORIAL - SUBORDINADAS,https://www.austin.com.br/Historico-Rating/3266/Corpore_NP_FIDC_Não_Padronizado_Multissetorial_-_Subordinadas_,FIDCs,brCC,,brCC,2020-02-17,Confirmação,Estável,
2026-09-25,CORPORE NP FIDC NÃO PADRONIZADO MULTISSETORIAL - SUBORDINADAS,https://www.austin.com.br/Historico-Rating/3266/Corpore_NP_FIDC_Não_Padronizado_Multissetorial_-_Subordinadas_,FIDCs,brCC,,brCC,2019-11-05,Confirmação,Estável,
2026-09-25,CORPORE NP FIDC NÃO PADRONIZADO MULTISSETORIAL - SUBORDINADAS,https://www.austin.com.br/Historico-Rating/3266/Corpore_NP_FIDC_Não_Padronizado_Multissetorial_-_Subordinadas_,FIDCs,brCC,,brCC,2019-08-06,Confirmação,Estável,
2026-09-25,CORPORE NP FIDC NÃO PADRONIZADO MULTISSETORIAL - SUBORDINADAS,https://www.austin.com.br/Historico-Rating/3266/Corpore_NP_FIDC_Não_Padronizado_Multissetorial_-_Subordinadas_,FIDCs,brCC,,brCC,2019-05-03,Confirmação,Estável,
2026-09-25,CREDERE FIDC - SENIORES 1ª SÉRIE,https://www.austin.com.br/Historico-Rating/1978/Credere_FIDC_-_Seniores_1ª_série,FIDCs,brA-,,brA-,2016-05-10,Rating Preliminar,,https://www.austin.com.br/Relatorio/Rating/Credere_FIDC/6652
2026-09-25,CREDERE FIDC - SENIORES 1ª SÉRIE,https://www.austin.com.br/Historico-Rating/1978/Credere_FIDC_-_Seniores_1ª_série,FIDCs,brBBB,,brBBB,2014-09-10,Rating Preliminar,,
2026-09-25,CREDIT PARTNERS LTDA - SUBORDINADAS JÚNIOR,https://www.austin.com.br/Historico-Rating/5083/Credit_Partners_Ltda_-_Subordinadas_Júnior_,FIDCs,brB-,,brB-,2025-11-25,Observação Negativa,,https://www.austin.com.br/Relatorio/Rating/Credit_Partners_Ltda/11491
2026-09-25,CORPAL FIDC - SUBORDINADAS,https://www.austin.com.br/Historico-Rating/1868/Corpal_FIDC_-_Subordinadas_,FIDCs,brCC,,brCC,2019-01-23,Confirmação,Estável,https://www.austin.com.br/Relatorio/Rating/Corpal_FIDC/8650
2026-09-25,CORPAL FIDC - SUBORDINADAS,https://www.austin.com.br/Historico-Rating/1868/Corpal_FIDC_-_Subordinadas_,FIDCs,brCC,,brCC,2018-07-23,Confirmação,Estável,
2026-09-25,CORPAL FIDC - SUBORDINADAS,https://www.austin.com.br/Historico-Rating/1868/Corpal_FIDC_-_Subordinadas_,FIDCs,brCC,,brCC,2018-05-23,Confirmação,Estável,
2026-09-25,CORPAL FIDC - SUBORDINADAS,https://www.austin.com.br/Historico-Rating/1868/Corpal_FIDC_-_Subordinadas_,FIDCs,brCC,,brCC,2018-02-20,Confirmação,Estável,
2026-09-25,CORPAL FIDC - SUBORDINADAS,https://www.austin.com.br/Historico-Rating/1868/Corpal_FIDC_-_Subordinadas_,FIDCs,brCC,,brCC,2017-11-17,Confirmação,Estável,
2026-09-25,CORPAL FIDC - SUBORDINADAS,https://www.austin.com.br/Historico-Rating/1868/Corpal_FIDC_-_Subordinadas_,FIDCs,brCC,,brCC,2017-08-09,Confirmação,Estável,
2026-09-25,CORPAL FIDC - SUBORDINADAS,https://www.austin.com.br/Historico-Rating/1868/Corpal_FIDC_-_Subordinadas_,FIDCs,brCC,,brCC,2017-05-15,Confirmação,Estável,
2026-09-25,CORPAL FIDC - SUBORDINADAS,https://www.austin.com.br/Historico-Rating/1868/Corpal_FIDC_-_Subordinadas_,FIDCs,brCC,,brCC,2017-02-14,Confirmação,Estável,
2026-09-25,CORPAL FIDC - SUBORDINADAS,https://www.austin.com.br/Historico-Rating/1868/Corpal_FIDC_-_Subordinadas_,FIDCs,brCC,,brCC,2016-11-11,Confirmação,Estável,
2026-09-25,CORPAL FIDC - SUBORDINADAS,https://www.austin.com.br/Historico-Rating/1868/Corpal_FIDC_-_Subordinadas_,FIDCs,brCC,,brCC,2016-08-17,Confirmação,Estável,
2026-09-25,CORPAL FIDC - SUBORDINADAS,https://www.austin.com.br/Historico-Rating/1868/Corpal_FIDC_-_Subordinadas_,FIDCs,brCC,,brCC,2016-05-16,Confirmação,Estável,
2026-09-25,CORPAL FIDC - SUBORDINADAS,https://www.austin.com.br/Historico-Rating/1868/Corpal_FIDC_-_Subordinadas_,FIDCs,brCC,,brCC,2016-02-15,Confirmação,Negativa,
2026-09-25,CORPAL FIDC - SUBORDINADAS,https://www.austin.com.br/Historico-Rating/1868/Corpal_FIDC_-_Subordinadas_,FIDCs,brCC,,brCC,2015-11-19,Confirmação,Negativa,
2026-09-25,CORPAL FIDC - SUBORDINADAS,https://www.austin.com.br/Historico-Rating/1868/Corpal_FIDC_-_Subordinadas_,FIDCs,brCC,,brCC,2015-08-21,Confirmação,Negativa,
2026-09-25,CORPAL FIDC - SUBORDINADAS,https://www.austin.com.br/Historico-Rating/1868/Corpal_FIDC_-_Subordinadas_,FIDCs,brCC,,brCC,2015-06-11,Confirmação,Negativa,
2026-09-25,CORPAL FIDC - SUBORDINADAS,https://www.austin.com.br/Historico-Rating/1868/Corpal_FIDC_-_Subordinadas_,FIDCs,brCC,,brCC,2015-02-13,Confirmação,Negativa,
2026-09-25,CORPAL FIDC - SUBORDINADAS,https://www.austin.com.br/Historico-Rating/1868/Corpal_FIDC_-_Subordinadas_,FIDCs,brCC,,brCC,2014-11-19,Confirmação,Estável,
2026-09-25,CORPAL FIDC - SUBORDINADAS,https://www.austin.com.br/Historico-Rating/1868/Corpal_FIDC_-_Subordinadas_,FIDCs,brCC,,brCC,2014-04-15,Rating Inicial,Estável,
2026-09-25,CREDERE FIDC - SUBORDINADAS JÚNIOR,https://www.austin.com.br/Historico-Rating/1930/Credere_FIDC_-_Subordinadas_Júnior_,FIDCs,brB+,,brB+,2020-04-02,Observação Negativa,,
2026-09-25,CREDERE FIDC - SUBORDINADAS JÚNIOR,https://www.austin.com.br/Historico-Rating/1930/Credere_FIDC_-_Subordinadas_Júnior_,FIDCs,brB+,,brB+,2020-02-13,Confirmação,Estável,https://www.austin.com.br/Relatorio/Rating/Credere_FIDC/9683
2026-09-25,CREDERE FIDC - SUBORDINADAS JÚNIOR,https://www.austin.com.br/Historico-Rating/1930/Credere_FIDC_-_Subordinadas_Júnior_,FIDCs,brB+,,brB+,2019-11-14,Confirmação,Estável,
2026-09-25,CREDERE FIDC - SUBORDINADAS JÚNIOR,https://www.austin.com.br/Historico-Rating/1930/Credere_FIDC_-_Subordinadas_Júnior_,FIDCs,brB+,,brB+,2019-08-15,Confirmação,Estável,
2026-09-25,CREDERE FIDC - SUBORDINADAS JÚNIOR,https://www.austin.com.br/Historico-Rating/1930/Credere_FIDC_-_Subordinadas_Júnior_,FIDCs,brB+,,brB+,2019-05-03,Confirmação,Estável,
2026-09-25,CREDERE FIDC - SUBORDINADAS JÚNIOR,https://www.austin.com.br/Historico-Rating/1930/Credere_FIDC_-_Subordinadas_Júnior_,FIDCs,brB+,,brB+,2019-01-18,Confirmação,Estável,
2026-09-25,CREDERE FIDC - SUBORDINADAS JÚNIOR,https://www.austin.com.br/Historico-Rating/1930/Credere_FIDC_-_Subordinadas_Júnior_,FIDCs,brB+,,brB+,2018-07-13,Confirmação,Estável,
2026-09-25,CREDERE FIDC - SUBORDINADAS JÚNIOR,https://www.austin.com.br/Historico-Rating/1930/Credere_FIDC_-_Subordinadas_Júnior_,FIDCs,brB+,,brB+,2018-05-10,Confirmação,Estável,
2026-09-25,CREDERE FIDC - SUBORDINADAS JÚNIOR,https://www.austin.com.br/Historico-Rating/1930/Credere_FIDC_-_Subordinadas_Júnior_,FIDCs,brB+,,brB+,2018-02-16,Elevação,Estável,
2026-09-25,CREDERE FIDC - SUBORDINADAS JÚNIOR,https://www.austin.com.br/Historico-Rating/1930/Credere_FIDC_-_Subordinadas_Júnior_,FIDCs,brB,,brB,2017-11-14,Confirmação,Estável,
2026-09-25,CREDERE FIDC - SUBORDINADAS JÚNIOR,https://www.austin.com.br/Historico-Rating/1930/Credere_FIDC_-_Subordinadas_Júnior_,FIDCs,brB,,brB,2017-08-09,Confirmação,Estável,
2026-09-25,CREDERE FIDC - SUBORDINADAS JÚNIOR,https://www.austin.com.br/Historico-Rating/1930/Credere_FIDC_-_Subordinadas_Júnior_,FIDCs,brB,,brB,2017-05-12,Confirmação,Estável,
2026-09-25,CREDERE FIDC - SUBORDINADAS JÚNIOR,https://www.austin.com.br/Historico-Rating/1930/Credere_FIDC_-_Subordinadas_Júnior_,FIDCs,brB,,brB,2017-02-14,Elevação,Estável,
2026-09-25,CREDERE FIDC - SUBORDINADAS JÚNIOR,https://www.austin.com.br/Historico-Rating/1930/Credere_FIDC_-_Subordinadas_Júnior_,FIDCs,brB-,,brB-,2016-11-11,Confirmação,Estável,
2026-09-25,CREDERE FIDC - SUBORDINADAS JÚNIOR,https://www.austin.com.br/Historico-Rating/1930/Credere_FIDC_-_Subordinadas_Júnior_,FIDCs,brB-,,brB-,2016-05-10,Elevação,Estável,
2026-09-25,CREDERE FIDC - SUBORDINADAS JÚNIOR,https://www.austin.com.br/Historico-Rating/1930/Credere_FIDC_-_Subordinadas_Júnior_,FIDCs,brCCC,,brCCC,2016-02-15,Observação Positiva,,
2026-09-25,CREDERE FIDC - SUBORDINADAS JÚNIOR,https://www.austin.com.br/Historico-Rating/1930/Credere_FIDC_-_Subordinadas_Júnior_,FIDCs,brCCC,,brCCC,2015-11-19,Observação Positiva,,
2026-09-25,CREDERE FIDC - SUBORDINADAS JÚNIOR,https://www.austin.com.br/Historico-Rating/1930/Credere_FIDC_-_Subordinadas_Júnior_,FIDCs,brCCC,,brCCC,2015-06-09,Confirmação,Estável,
2026-09-25,CREDERE FIDC - SUBORDINADAS JÚNIOR,https://www.austin.com.br/Historico-Rating/1930/Credere_FIDC_-_Subordinadas_Júnior_,FIDCs,brCCC,,brCCC,2014-07-25,Rating Inicial,Estável,
2026-09-25,CREDIT PARTNERS LTDA - SUBORDINADAS MEZANINO,https://www.austin.com.br/Historico-Rating/5082/Credit_Partners_Ltda_-_Subordinadas_Mezanino_,FIDCs,brB,,brB,2025-11-25,Observação Negativa,,https://www.austin.com.br/Relatorio/Rating/Credit_Partners_Ltda/11490
2026-09-25,CREDIT PARTNERS LTDA - SENIORES ÚNICA,https://www.austin.com.br/Historico-Rating/5081/Credit_Partners_Ltda_-_Seniores_Única,FIDCs,brBB+,,brBB+,2025-11-25,Observação Negativa,,https://www.austin.com.br/Relatorio/Rating/Credit_Partners_Ltda/11489
2026-09-25,CREDSHOW FIDC - SUBORDINADAS MEZANINO I,https://www.austin.com.br/Historico-Rating/2547/Credshow_FIDC_-_Subordinadas_Mezanino_I_,FIDCs,brCCC,,brCCC,2017-05-31,Rebaixamento,,https://www.austin.com.br/Relatorio/Rating/Credshow_FIDC/7427
2026-09-25,CREDSHOW FIDC - SUBORDINADAS MEZANINO I,https://www.austin.com.br/Historico-Rating/2547/Credshow_FIDC_-_Subordinadas_Mezanino_I_,FIDCs,brB-,,brB-,2016-11-01,Rating Inicial,Estável,
2026-09-25,CRI CIBRASEC - RISCO PPP HABITACIONAL - 303ª SÉRIE DA 2ª EMISSÃO,https://www.austin.com.br/Historico-Rating/4516/CRI_Cibrasec_-_Risco_PPP_Habitacional_-_303ª_Série_da_2ª_Emissão,CRIs,brA+,,brA+,2025-10-21,Confirmação,Estável,https://www.austin.com.br/Relatorio/Rating/CRI_Cibrasec_-_Risco_PPP_Habitacional_-_303ª_Série_da_2ª_Emissão/11442
2026-09-25,CRI CIBRASEC - RISCO PPP HABITACIONAL - 303ª SÉRIE DA 2ª EMISSÃO,https://www.austin.com.br/Historico-Rating/4516/CRI_Cibrasec_-_Risco_PPP_Habitacional_-_303ª_Série_da_2ª_Emissão,CRIs,brA+,,brA+,2024-05-23,Confirmação,Estável,
2026-09-25,CRI CIBRASEC - RISCO PPP HABITACIONAL - 303ª SÉRIE DA 2ª EMISSÃO,https://www.austin.com.br/Historico-Rating/4516/CRI_Cibrasec_-_Risco_PPP_Habitacional_-_303ª_Série_da_2ª_Emissão,CRIs,brA+,,brA+,2023-11-28,Confirmação,Estável,
2026-09-25,CREDVALE FIDC - SENIORES 1ª SÉRIE,https://www.austin.com.br/Historico-Rating/2968/Credvale_FIDC_-_Seniores_1ª_série,FIDCs,brAA-,,brAA-,2020-04-02,Observação Negativa,,https://www.austin.com.br/Relatorio/Rating/Credvale_FIDC/9823
2026-09-25,CREDVALE FIDC - SENIORES 1ª SÉRIE,https://www.austin.com.br/Historico-Rating/2968/Credvale_FIDC_-_Seniores_1ª_série,FIDCs,brAA-,,brAA-,2020-02-11,Confirmação,Estável,
2026-09-25,CREDVALE FIDC - SENIORES 1ª SÉRIE,https://www.austin.com.br/Historico-Rating/2968/Credvale_FIDC_-_Seniores_1ª_série,FIDCs,brAA-,,brAA-,2019-11-05,Confirmação,Estável,
2026-09-25,CREDVALE FIDC - SENIORES 1ª SÉRIE,https://www.austin.com.br/Historico-Rating/2968/Credvale_FIDC_-_Seniores_1ª_série,FIDCs,brAA-,,brAA-,2019-08-07,Elevação,Estável,
2026-09-25,CREDVALE FIDC - SENIORES 1ª SÉRIE,https://www.austin.com.br/Historico-Rating/2968/Credvale_FIDC_-_Seniores_1ª_série,FIDCs,brA+,,brA+,2019-05-08,Confirmação,Estável,
2026-09-25,CREDVALE FIDC - SENIORES 1ª SÉRIE,https://www.austin.com.br/Historico-Rating/2968/Credvale_FIDC_-_Seniores_1ª_série,FIDCs,brA+,,brA+,2019-02-12,Elevação,Estável,
2026-09-25,CREDVALE FIDC - SENIORES 1ª SÉRIE,https://www.austin.com.br/Historico-Rating/2968/Credvale_FIDC_-_Seniores_1ª_série,FIDCs,brA-,,brA-,2018-06-08,Rating Preliminar,,
2026-09-25,CREDVALE FIDC - SENIORES 11ª SÉRIE,https://www.austin.com.br/Historico-Rating/4631/CREDVALE_FIDC_-_Seniores_11ª_série,FIDCs,brAA,,brAA,2024-06-05,Rating Inicial,Estável,https://www.austin.com.br/Relatorio/Rating/CREDVALE_FIDC/10998
2026-09-25,CREDVALE FIDC - SUBORDINADAS JÚNIOR,https://www.austin.com.br/Historico-Rating/2970/Credvale_FIDC_-_Subordinadas_Júnior_,FIDCs,brB+,,brB+,2024-06-05,Confirmação,Estável,https://www.austin.com.br/Relatorio/Rating/Credvale_FIDC/10999
2026-09-25,CREDVALE FIDC - SUBORDINADAS JÚNIOR,https://www.austin.com.br/Historico-Rating/2970/Credvale_FIDC_-_Subordinadas_Júnior_,FIDCs,brB,,brB,2020-04-02,Observação Negativa,,
2026-09-25,CREDVALE FIDC - SUBORDINADAS JÚNIOR,https://www.austin.com.br/Historico-Rating/2970/Credvale_FIDC_-_Subordinadas_Júnior_,FIDCs,brB,,brB,2020-02-11,Confirmação,Estável,
2026-09-25,CREDVALE FIDC - SUBORDINADAS JÚNIOR,https://www.austin.com.br/Historico-Rating/2970/Credvale_FIDC_-_Subordinadas_Júnior_,FIDCs,brB,,brB,2019-11-05,Confirmação,Estável,
2026-09-25,CREDVALE FIDC - SUBORDINADAS JÚNIOR,https://www.austin.com.br/Historico-Rating/2970/Credvale_FIDC_-_Subordinadas_Júnior_,FIDCs,brB,,brB,2019-08-07,Confirmação,Estável,
2026-09-25,CREDVALE FIDC - SUBORDINADAS JÚNIOR,https://www.austin.com.br/Historico-Rating/2970/Credvale_FIDC_-_Subordinadas_Júnior_,FIDCs,brB,,brB,2019-05-08,Confirmação,Estável,
2026-09-25,CREDVALE FIDC - SUBORDINADAS JÚNIOR,https://www.austin.com.br/Historico-Rating/2970/Credvale_FIDC_-_Subordinadas_Júnior_,FIDCs,brB,,brB,2019-02-12,Elevação,Estável,
2026-09-25,CREDVALE FIDC - SUBORDINADAS JÚNIOR,https://www.austin.com.br/Historico-Rating/2970/Credvale_FIDC_-_Subordinadas_Júnior_,FIDCs,brCCC,,brCCC,2018-06-05,Rating Inicial,Estável,
2026-09-25,CRI OPEA - 468ª E 470ª SÉRIES - 1ª EMISSÃO – RISCO SHOPPING MADUREIRA,https://www.austin.com.br/Historico-Rating/3949/CRI_Opea_-_468ª_e_470ª_Séries_-_1ª_Emissão_–_Risco_Shopping_Madureira,CRIs,brA,,brA,2022-01-10,Rating Inicial,Estável,https://www.austin.com.br/Relatorio/Rating/CRI_Opea_-_468ª_e_470ª_Séries_-_1ª_Emissão_–_Risco_Shopping_Madureira/10320
2026-09-25,CRI TRUE SECURITIZADORA - RISCO PULVERIZADO (MRV) - 3ª SÉRIE - 161ª EMISSÃO,https://www.austin.com.br/Historico-Rating/4256/CRI_True_Securitizadora_-_Risco_Pulverizado_(MRV)_-_3ª_Série_-_161ª_Emissão,CRIs,brBBB,,brBBB,2023-06-14,Rating Preliminar,,
2026-09-25,CRI TRUE SECURITIZADORA - RISCO PULVERIZADO (MRV) - 1ª SÉRIE - 161ª EMISSÃO,https://www.austin.com.br/Historico-Rating/4254/CRI_True_Securitizadora_-_Risco_Pulverizado_(MRV)_-_1ª_Série_-_161ª_Emissão,CRIs,brAA-,,brAA-,2023-06-14,Rating Preliminar,,
2026-09-25,CRI TRUE SECURITIZADORA - RISCO PULVERIZADO (MRV) - 2ª SÉRIE - 161ª EMISSÃO,https://www.austin.com.br/Historico-Rating/4255/CRI_True_Securitizadora_-_Risco_Pulverizado_(MRV)_-_2ª_Série_-_161ª_Emissão,CRIs,brA,,brA,2023-06-14,Rating Preliminar,,
2026-09-25,CRIS DA INFRASEC – RISCO PSA BRASIL - 2ª EMISSÃO,https://www.austin.com.br/Historico-Rating/4370/CRIs_da_Infrasec_–_Risco_PSA_Brasil_-_2ª_Emissão,CRIs,brAA-,,brAA-,2023-12-12,Rating Inicial,Estável,https://www.austin.com.br/Relatorio/Rating/CRIs_da_Infrasec_–_Risco_PSA_Brasil_-_2ª_Emissão/10739
2026-09-25,CRIS DA INFRASEC – RISCO PSA BRASIL - 1ª EMISSÃO,https://www.austin.com.br/Historico-Rating/4369/CRIs_da_Infrasec_–_Risco_PSA_Brasil_-_1ª_Emissão,CRIs,brAA-,,brAA-,2023-12-12,Rating Inicial,Estável,https://www.austin.com.br/Relatorio/Rating/CRIs_da_Infrasec_–_Risco_PSA_Brasil_-_1ª_Emissão/10738
2026-09-25,CRONOS FIDC NP - SUBORDINADAS,https://www.austin.com.br/Historico-Rating/4507/Cronos_FIDC_NP_-_Subordinadas_,FIDCs,brCCC,,brCCC,2024-04-05,Alteração de Perspectiva,Positiva,
2026-09-25,CRONOS FIDC NP - SENIORES ÚNICA,https://www.austin.com.br/Historico-Rating/4506/Cronos_FIDC_NP_-_Seniores_Única,FIDCs,brB-,,brB-,2024-04-05,Alteração de Perspectiva,Positiva,
2026-09-25,CROWN OCEAN I FIDC NP - SUBORDINADAS JÚNIOR,https://www.austin.com.br/Historico-Rating/3473/Crown_Ocean_I_FIDC_NP_-_Subordinadas_Júnior_,FIDCs,brCCC,,brCCC,2025-08-05,Confirmação,Negativa,https://www.austin.com.br/Relatorio/Rating/Crown_Ocean_I_FIDC_NP/9616
2026-09-25,CROWN OCEAN I FIDC NP - SUBORDINADAS MEZANINO,https://www.austin.com.br/Historico-Rating/3474/Crown_Ocean_I_FIDC_NP_-_Subordinadas_Mezanino_,FIDCs,brB+,,brB+,2025-08-05,Confirmação,Negativa,https://www.austin.com.br/Relatorio/Rating/Crown_Ocean_I_FIDC_NP/9617
2026-09-25,CROWN OCEAN I FIDC NP - SUBORDINADAS,https://www.austin.com.br/Historico-Rating/2451/Crown_Ocean_I_FIDC_NP_-_Subordinadas_,FIDCs,brB,,brB,2020-02-11,Confirmação,Estável,https://www.austin.com.br/Relatorio/Rating/Crown_Ocean_I_FIDC_NP/9686
2026-09-25,CROWN OCEAN I FIDC NP - SUBORDINADAS,https://www.austin.com.br/Historico-Rating/2451/Crown_Ocean_I_FIDC_NP_-_Subordinadas_,FIDCs,brB,,brB,2019-11-14,Confirmação,Estável,
2026-09-25,CROWN OCEAN I FIDC NP - SUBORDINADAS,https://www.austin.com.br/Historico-Rating/2451/Crown_Ocean_I_FIDC_NP_-_Subordinadas_,FIDCs,brB,,brB,2019-05-03,Confirmação,Estável,
2026-09-25,CROWN OCEAN I FIDC NP - SUBORDINADAS,https://www.austin.com.br/Historico-Rating/2451/Crown_Ocean_I_FIDC_NP_-_Subordinadas_,FIDCs,brB,,brB,2019-02-06,Confirmação,Estável,
2026-09-25,CROWN OCEAN I FIDC NP - SUBORDINADAS,https://www.austin.com.br/Historico-Rating/2451/Crown_Ocean_I_FIDC_NP_-_Subordinadas_,FIDCs,brB,,brB,2018-07-27,Confirmação,Estável,
2026-09-25,CROWN OCEAN I FIDC NP - SUBORDINADAS,https://www.austin.com.br/Historico-Rating/2451/Crown_Ocean_I_FIDC_NP_-_Subordinadas_,FIDCs,brB,,brB,2018-04-30,Confirmação,Estável,
2026-09-25,CROWN OCEAN I FIDC NP - SUBORDINADAS,https://www.austin.com.br/Historico-Rating/2451/Crown_Ocean_I_FIDC_NP_-_Subordinadas_,FIDCs,brB,,brB,2018-02-09,Confirmação,Estável,
2026-09-25,CROWN OCEAN I FIDC NP - SUBORDINADAS,https://www.austin.com.br/Historico-Rating/2451/Crown_Ocean_I_FIDC_NP_-_Subordinadas_,FIDCs,brB,,brB,2017-11-17,Confirmação,Estável,
2026-09-25,CROWN OCEAN I FIDC NP - SUBORDINADAS,https://www.austin.com.br/Historico-Rating/2451/Crown_Ocean_I_FIDC_NP_-_Subordinadas_,FIDCs,brB,,brB,2017-08-09,Confirmação,Estável,
2026-09-25,CROWN OCEAN I FIDC NP - SUBORDINADAS,https://www.austin.com.br/Historico-Rating/2451/Crown_Ocean_I_FIDC_NP_-_Subordinadas_,FIDCs,brB,,brB,2017-05-11,Confirmação,Estável,
2026-09-25,CROWN OCEAN I FIDC NP - SUBORDINADAS,https://www.austin.com.br/Historico-Rating/2451/Crown_Ocean_I_FIDC_NP_-_Subordinadas_,FIDCs,brB,,brB,2016-06-09,Rating Inicial,Estável,
2026-09-25,CULTURA AGROMAIS FIDC - SUBORDINADAS JÚNIOR,https://www.austin.com.br/Historico-Rating/4771/Cultura_Agromais_FIDC_-_Subordinadas_Júnior_,FIDCs,brB-,,brB-,2024-09-02,Confirmação,Estável,https://www.austin.com.br/Relatorio/Rating/Cultura_Agromais_FIDC/11174
2026-09-25,CULTURA AGROMAIS FIDC - SENIORES ÚNICA,https://www.austin.com.br/Historico-Rating/4769/Cultura_Agromais_FIDC_-_Seniores_Única,FIDCs,brA-,,brA-,2024-09-02,Confirmação,Estável,https://www.austin.com.br/Relatorio/Rating/Cultura_Agromais_FIDC/11172
2026-09-25,CROWN OCEAN III FIDC NP - ÚNICA,https://www.austin.com.br/Historico-Rating/2592/Crown_Ocean_III_FIDC_NP_-_Única_,FIDCs,brB-,,brB-,2020-03-03,Confirmação,Estável,https://www.austin.com.br/Relatorio/Rating/Crown_Ocean_III_FIDC_NP/9684
2026-09-25,CROWN OCEAN III FIDC NP - ÚNICA,https://www.austin.com.br/Historico-Rating/2592/Crown_Ocean_III_FIDC_NP_-_Única_,FIDCs,brB-,,brB-,2019-11-14,Confirmação,Estável,
2026-09-25,CROWN OCEAN III FIDC NP - ÚNICA,https://www.austin.com.br/Historico-Rating/2592/Crown_Ocean_III_FIDC_NP_-_Única_,FIDCs,brB-,,brB-,2019-07-25,Confirmação,Estável,
2026-09-25,CROWN OCEAN III FIDC NP - ÚNICA,https://www.austin.com.br/Historico-Rating/2592/Crown_Ocean_III_FIDC_NP_-_Única_,FIDCs,brB-,,brB-,2019-05-03,Confirmação,Estável,
2026-09-25,CROWN OCEAN III FIDC NP - ÚNICA,https://www.austin.com.br/Historico-Rating/2592/Crown_Ocean_III_FIDC_NP_-_Única_,FIDCs,brB-,,brB-,2019-02-06,Confirmação,Estável,
2026-09-25,CROWN OCEAN III FIDC NP - ÚNICA,https://www.austin.com.br/Historico-Rating/2592/Crown_Ocean_III_FIDC_NP_-_Única_,FIDCs,brB-,,brB-,2018-07-27,Confirmação,Estável,
2026-09-25,CROWN OCEAN III FIDC NP - ÚNICA,https://www.austin.com.br/Historico-Rating/2592/Crown_Ocean_III_FIDC_NP_-_Única_,FIDCs,brB-,,brB-,2018-04-30,Confirmação,Estável,
2026-09-25,CROWN OCEAN III FIDC NP - ÚNICA,https://www.austin.com.br/Historico-Rating/2592/Crown_Ocean_III_FIDC_NP_-_Única_,FIDCs,brB-,,brB-,2018-03-01,Confirmação,Estável,
2026-09-25,CROWN OCEAN III FIDC NP - ÚNICA,https://www.austin.com.br/Historico-Rating/2592/Crown_Ocean_III_FIDC_NP_-_Única_,FIDCs,brB-,,brB-,2017-08-09,Rating Inicial,Estável,
2026-09-25,CULTURA AGROMAIS FIDC - SUBORDINADAS MEZANINO,https://www.austin.com.br/Historico-Rating/4770/Cultura_Agromais_FIDC_-_Subordinadas_Mezanino_,FIDCs,brBBB-,,brBBB-,2024-09-02,Confirmação,Estável,https://www.austin.com.br/Relatorio/Rating/Cultura_Agromais_FIDC/11173
2026-09-25,DBS FIDC - SENIORES 4ª SÉRIE,https://www.austin.com.br/Historico-Rating/3187/DBS_FIDC_-_Seniores_4ª_série,FIDCs,brB-,,brB-,2019-08-21,Confirmação,Estável,https://www.austin.com.br/Relatorio/Rating/DBS_FIDC/9344
2026-09-25,DBS FIDC - SENIORES 4ª SÉRIE,https://www.austin.com.br/Historico-Rating/3187/DBS_FIDC_-_Seniores_4ª_série,FIDCs,brB-,,brB-,2019-04-10,Rating Inicial,Estável,
2026-09-25,CUPERTINO FIDC NP - SUBORDINADAS JÚNIOR,https://www.austin.com.br/Historico-Rating/3800/Cupertino_FIDC_NP_-_Subordinadas_Júnior_,FIDCs,brB-,,brB-,2021-04-30,Rating Inicial,Estável,https://www.austin.com.br/Relatorio/Rating/Cupertino_FIDC_NP/10196
2026-09-25,DBS FIDC - SENIORES 3ª SÉRIE,https://www.austin.com.br/Historico-Rating/3186/DBS_FIDC_-_Seniores_3ª_série,FIDCs,brB-,,brB-,2019-08-21,Confirmação,Estável,https://www.austin.com.br/Relatorio/Rating/DBS_FIDC/9343
2026-09-25,DBS FIDC - SENIORES 3ª SÉRIE,https://www.austin.com.br/Historico-Rating/3186/DBS_FIDC_-_Seniores_3ª_série,FIDCs,brB-,,brB-,2019-04-10,Rating Inicial,Estável,
2026-09-25,DBS FIDC - SENIORES 2ª SÉRIE,https://www.austin.com.br/Historico-Rating/3185/DBS_FIDC_-_Seniores_2ª_série,FIDCs,brB-,,brB-,2019-08-21,Confirmação,Estável,https://www.austin.com.br/Relatorio/Rating/DBS_FIDC/9342
2026-09-25,DBS FIDC - SENIORES 2ª SÉRIE,https://www.austin.com.br/Historico-Rating/3185/DBS_FIDC_-_Seniores_2ª_série,FIDCs,brB-,,brB-,2019-04-10,Rating Inicial,Estável,
2026-09-25,DAE S.A. – ÁGUA E ESGOTO,https://www.austin.com.br/Historico-Rating/4586/DAE_SA_–_ÁGUA_E_ESGOTO,Corporativo,brAA,,brAA,2025-08-29,Confirmação,Positiva,https://www.austin.com.br/Relatorio/Rating/DAE_SA_–_ÁGUA_E_ESGOTO/11431
2026-09-25,DAE S.A. – ÁGUA E ESGOTO,https://www.austin.com.br/Historico-Rating/4586/DAE_SA_–_ÁGUA_E_ESGOTO,Corporativo,brAA,,brAA,2024-07-31,Alteração de Perspectiva,Positiva,
2026-09-25,DAE S.A. – ÁGUA E ESGOTO,https://www.austin.com.br/Historico-Rating/4586/DAE_SA_–_ÁGUA_E_ESGOTO,Corporativo,brAA,,brAA,2023-05-31,Rating Inicial,Estável,
2026-09-25,DBS FIDC - SENIORES 1ª SÉRIE,https://www.austin.com.br/Historico-Rating/3184/DBS_FIDC_-_Seniores_1ª_série,FIDCs,brB-,,brB-,2019-08-21,Confirmação,Estável,https://www.austin.com.br/Relatorio/Rating/DBS_FIDC/9341
2026-09-25,DBS FIDC - SENIORES 1ª SÉRIE,https://www.austin.com.br/Historico-Rating/3184/DBS_FIDC_-_Seniores_1ª_série,FIDCs,brB-,,brB-,2019-04-10,Rating Inicial,Estável,
2026-09-25,DELTA ENERGIA PRÉ-PAGAMENTO I FIDC - SENIORES ÚNICA,https://www.austin.com.br/Historico-Rating/3438/Delta_Energia_Pré-Pagamento_I_FIDC_-_Seniores_Única,FIDCs,brA,,brA,2020-05-11,Rating Inicial,Estável,https://www.austin.com.br/Relatorio/Rating/Delta_Energia_Pré-Pagamento_I_FIDC/10011
2026-09-25,DEBÊNTURES DA BGO - 1ª EMISSÃO - 1ª E 2ª SÉRIES,https://www.austin.com.br/Historico-Rating/4984/Debêntures_da_BGO_-_1ª_Emissão_-_1ª_e_2ª_Séries,Debêntures,brA-,,brA-,2025-07-04,Rating Inicial,Estável,https://www.austin.com.br/Relatorio/Rating/Debêntures_da_BGO_-_1ª_Emissão_-_1ª_e_2ª_Séries/11396
2026-09-25,DEMAND FIDC - SENIORES 1ª SÉRIE,https://www.austin.com.br/Historico-Rating/4472/Demand_FIDC_-_Seniores_1ª_série,FIDCs,brBB-,,brBB-,2024-01-05,Rating Inicial,Estável,
2026-09-25,DEL CRED FIDC - SUBORDINADAS JÚNIOR,https://www.austin.com.br/Historico-Rating/1758/Del_Cred_FIDC_-_Subordinadas_Júnior_,FIDCs,brC,,brC,2018-08-02,Confirmação,Estável,https://www.austin.com.br/Relatorio/Rating/Del_Cred_FIDC/8249
2026-09-25,DEL CRED FIDC - SUBORDINADAS JÚNIOR,https://www.austin.com.br/Historico-Rating/1758/Del_Cred_FIDC_-_Subordinadas_Júnior_,FIDCs,brC,,brC,2018-02-09,Confirmação,Estável,
2026-09-25,DEL CRED FIDC - SUBORDINADAS JÚNIOR,https://www.austin.com.br/Historico-Rating/1758/Del_Cred_FIDC_-_Subordinadas_Júnior_,FIDCs,brC,,brC,2017-12-01,Confirmação,Estável,
2026-09-25,DEL CRED FIDC - SUBORDINADAS JÚNIOR,https://www.austin.com.br/Historico-Rating/1758/Del_Cred_FIDC_-_Subordinadas_Júnior_,FIDCs,brC,,brC,2017-08-25,Confirmação,Estável,
2026-09-25,DEL CRED FIDC - SUBORDINADAS JÚNIOR,https://www.austin.com.br/Historico-Rating/1758/Del_Cred_FIDC_-_Subordinadas_Júnior_,FIDCs,brC,,brC,2017-05-16,Confirmação,Estável,
2026-09-25,DEL CRED FIDC - SUBORDINADAS JÚNIOR,https://www.austin.com.br/Historico-Rating/1758/Del_Cred_FIDC_-_Subordinadas_Júnior_,FIDCs,brC,,brC,2017-02-16,Observação Negativa,,
2026-09-25,DEL CRED FIDC - SUBORDINADAS JÚNIOR,https://www.austin.com.br/Historico-Rating/1758/Del_Cred_FIDC_-_Subordinadas_Júnior_,FIDCs,brC,,brC,2016-11-21,Observação Negativa,,
2026-09-25,DEL CRED FIDC - SUBORDINADAS JÚNIOR,https://www.austin.com.br/Historico-Rating/1758/Del_Cred_FIDC_-_Subordinadas_Júnior_,FIDCs,brC,,brC,2016-08-15,Observação Negativa,,
2026-09-25,DEL CRED FIDC - SUBORDINADAS JÚNIOR,https://www.austin.com.br/Historico-Rating/1758/Del_Cred_FIDC_-_Subordinadas_Júnior_,FIDCs,brC,,brC,2016-05-20,Observação Negativa,,
2026-09-25,DEL CRED FIDC - SUBORDINADAS JÚNIOR,https://www.austin.com.br/Historico-Rating/1758/Del_Cred_FIDC_-_Subordinadas_Júnior_,FIDCs,brC,,brC,2016-02-26,Confirmação,Estável,
2026-09-25,DEL CRED FIDC - SUBORDINADAS JÚNIOR,https://www.austin.com.br/Historico-Rating/1758/Del_Cred_FIDC_-_Subordinadas_Júnior_,FIDCs,brC,,brC,2015-11-24,Rebaixamento,Estável,
2026-09-25,DEL CRED FIDC - SUBORDINADAS JÚNIOR,https://www.austin.com.br/Historico-Rating/1758/Del_Cred_FIDC_-_Subordinadas_Júnior_,FIDCs,brCC,,brCC,2015-08-14,Confirmação,Estável,
2026-09-25,DEL CRED FIDC - SUBORDINADAS JÚNIOR,https://www.austin.com.br/Historico-Rating/1758/Del_Cred_FIDC_-_Subordinadas_Júnior_,FIDCs,brCC,,brCC,2015-05-13,Confirmação,Estável,
2026-09-25,DEL CRED FIDC - SUBORDINADAS JÚNIOR,https://www.austin.com.br/Historico-Rating/1758/Del_Cred_FIDC_-_Subordinadas_Júnior_,FIDCs,brCC,,brCC,2015-02-12,Confirmação,Estável,
2026-09-25,DEL CRED FIDC - SUBORDINADAS JÚNIOR,https://www.austin.com.br/Historico-Rating/1758/Del_Cred_FIDC_-_Subordinadas_Júnior_,FIDCs,brCC,,brCC,2014-11-17,Confirmação,Estável,
2026-09-25,DEL CRED FIDC - SUBORDINADAS JÚNIOR,https://www.austin.com.br/Historico-Rating/1758/Del_Cred_FIDC_-_Subordinadas_Júnior_,FIDCs,brCC,,brCC,2014-05-21,Confirmação,Estável,
2026-09-25,DEL CRED FIDC - SUBORDINADAS JÚNIOR,https://www.austin.com.br/Historico-Rating/1758/Del_Cred_FIDC_-_Subordinadas_Júnior_,FIDCs,brCC,,brCC,2013-12-09,Rating Inicial,Estável,
2026-09-25,DBS FIDC - SUBORDINADAS JÚNIOR,https://www.austin.com.br/Historico-Rating/3183/DBS_FIDC_-_Subordinadas_Júnior_,FIDCs,brCC,,brCC,2019-08-21,Confirmação,Estável,https://www.austin.com.br/Relatorio/Rating/DBS_FIDC/9340
2026-09-25,DBS FIDC - SUBORDINADAS JÚNIOR,https://www.austin.com.br/Historico-Rating/3183/DBS_FIDC_-_Subordinadas_Júnior_,FIDCs,brCC,,brCC,2019-04-10,Rating Inicial,Estável,
2026-09-25,DFG FIDC - SUBORDINADAS MEZANINO,https://www.austin.com.br/Historico-Rating/3167/DFG_FIDC_-_Subordinadas_Mezanino_,FIDCs,brB-,,brB-,2019-08-07,Confirmação,Estável,https://www.austin.com.br/Relatorio/Rating/DFG_FIDC/9249
2026-09-25,DFG FIDC - SUBORDINADAS MEZANINO,https://www.austin.com.br/Historico-Rating/3167/DFG_FIDC_-_Subordinadas_Mezanino_,FIDCs,brB-,,brB-,2019-02-25,Rating Inicial,,
2026-09-25,DFC FIDC NP - SUBORDINADAS JÚNIOR,https://www.austin.com.br/Historico-Rating/3065/DFC_FIDC_NP_-_Subordinadas_Júnior_,FIDCs,brCCC,,brCCC,2019-07-26,Confirmação,Estável,https://www.austin.com.br/Relatorio/Rating/DFC_FIDC_NP/9247
2026-09-25,DFC FIDC NP - SUBORDINADAS JÚNIOR,https://www.austin.com.br/Historico-Rating/3065/DFC_FIDC_NP_-_Subordinadas_Júnior_,FIDCs,brCCC,,brCCC,2018-10-15,Rating Inicial,Estável,
2026-09-25,DFG FIDC - SUBORDINADAS JÚNIOR,https://www.austin.com.br/Historico-Rating/3021/DFG_FIDC_-_Subordinadas_Júnior_,FIDCs,brCCC,,brCCC,2019-08-07,Confirmação,Estável,https://www.austin.com.br/Relatorio/Rating/DFG_FIDC/9248
2026-09-25,DFG FIDC - SUBORDINADAS JÚNIOR,https://www.austin.com.br/Historico-Rating/3021/DFG_FIDC_-_Subordinadas_Júnior_,FIDCs,brCCC,,brCCC,2019-02-25,Rating Inicial,,
2026-09-25,DUAS RODAS FIDC - SENIORES 1ª SÉRIE,https://www.austin.com.br/Historico-Rating/2161/Duas_Rodas_FIDC_-_Seniores_1ª_série,FIDCs,brA,,brA,2016-09-01,Confirmação,Estável,https://www.austin.com.br/Relatorio/Rating/Duas_Rodas_FIDC/6911
2026-09-25,DUAS RODAS FIDC - SENIORES 1ª SÉRIE,https://www.austin.com.br/Historico-Rating/2161/Duas_Rodas_FIDC_-_Seniores_1ª_série,FIDCs,brA,,brA,2015-11-30,Confirmação,Estável,
2026-09-25,DUAS RODAS FIDC - SENIORES 1ª SÉRIE,https://www.austin.com.br/Historico-Rating/2161/Duas_Rodas_FIDC_-_Seniores_1ª_série,FIDCs,brA,,brA,2015-09-04,Confirmação,Estável,
2026-09-25,DUAS RODAS FIDC - SENIORES 1ª SÉRIE,https://www.austin.com.br/Historico-Rating/2161/Duas_Rodas_FIDC_-_Seniores_1ª_série,FIDCs,brA,,brA,2015-04-15,Rating Inicial,Estável,
2026-09-25,DISAM BANK FIDC - SUBORDINADAS MEZANINO,https://www.austin.com.br/Historico-Rating/4778/Disam_Bank_FIDC_-_Subordinadas_Mezanino_,FIDCs,brBB-,,brBB-,2024-07-04,Confirmação,Estável,https://www.austin.com.br/Relatorio/Rating/Disam_Bank_FIDC/11186
2026-09-25,DUAS RODAS FIDC - SUBORDINADAS JÚNIOR,https://www.austin.com.br/Historico-Rating/2160/Duas_Rodas_FIDC_-_Subordinadas_Júnior_,FIDCs,brB,,brB,2016-09-01,Confirmação,Estável,https://www.austin.com.br/Relatorio/Rating/Duas_Rodas_FIDC/6910
2026-09-25,DUAS RODAS FIDC - SUBORDINADAS JÚNIOR,https://www.austin.com.br/Historico-Rating/2160/Duas_Rodas_FIDC_-_Subordinadas_Júnior_,FIDCs,brB,,brB,2015-11-30,Confirmação,Estável,
2026-09-25,DUAS RODAS FIDC - SUBORDINADAS JÚNIOR,https://www.austin.com.br/Historico-Rating/2160/Duas_Rodas_FIDC_-_Subordinadas_Júnior_,FIDCs,brB,,brB,2015-09-04,Confirmação,Estável,
2026-09-25,DUAS RODAS FIDC - SUBORDINADAS JÚNIOR,https://www.austin.com.br/Historico-Rating/2160/Duas_Rodas_FIDC_-_Subordinadas_Júnior_,FIDCs,brB,,brB,2015-04-15,Rating Inicial,Estável,
2026-09-25,DISAM BANK FIDC - SENIORES 1ª SÉRIE,https://www.austin.com.br/Historico-Rating/4777/Disam_Bank_FIDC_-_Seniores_1ª_série,FIDCs,brA-,,brA-,2024-07-04,Confirmação,Estável,https://www.austin.com.br/Relatorio/Rating/Disam_Bank_FIDC/11185
2026-09-25,ECOAGRO INSUMOS FIDC NP - SENIORES 2ª SÉRIE,https://www.austin.com.br/Historico-Rating/3566/Ecoagro_Insumos_FIDC_NP_-_Seniores_2ª_série,FIDCs,brA,,brA,2024-06-05,Confirmação,Estável,https://www.austin.com.br/Relatorio/Rating/Ecoagro_Insumos_FIDC_NP/10987
2026-09-25,ECOAGRO INSUMOS FIDC NP - SENIORES 2ª SÉRIE,https://www.austin.com.br/Historico-Rating/3566/Ecoagro_Insumos_FIDC_NP_-_Seniores_2ª_série,FIDCs,brBBB,,brBBB,2020-06-19,Rating Preliminar,,
2026-09-25,ECOAGRO INSUMOS FIDC NP - SUBORDINADAS MEZANINO,https://www.austin.com.br/Historico-Rating/3385/Ecoagro_Insumos_FIDC_NP_-_Subordinadas_Mezanino_,FIDCs,brBB,,brBB,2024-06-05,Confirmação,Estável,https://www.austin.com.br/Relatorio/Rating/Ecoagro_Insumos_FIDC_NP/10986
2026-09-25,ECOAGRO INSUMOS FIDC NP - SUBORDINADAS MEZANINO,https://www.austin.com.br/Historico-Rating/3385/Ecoagro_Insumos_FIDC_NP_-_Subordinadas_Mezanino_,FIDCs,brB,,brB,2019-11-08,Rating Inicial,Estável,
2026-09-25,ECOAGRO INSUMOS FIDC NP - SUBORDINADAS MEZANINO,https://www.austin.com.br/Historico-Rating/3567/Ecoagro_Insumos_FIDC_NP_-_Subordinadas_Mezanino_,FIDCs,brBB,,brBB,2024-06-05,Confirmação,Estável,https://www.austin.com.br/Relatorio/Rating/Ecoagro_Insumos_FIDC_NP/10988
2026-09-25,ECOAGRO INSUMOS FIDC NP - SUBORDINADAS MEZANINO,https://www.austin.com.br/Historico-Rating/3567/Ecoagro_Insumos_FIDC_NP_-_Subordinadas_Mezanino_,FIDCs,brB,,brB,2020-06-19,Rating Preliminar,,
2026-09-25,ECOAGRO INSUMOS FIDC NP - SENIORES 1ª SÉRIE,https://www.austin.com.br/Historico-Rating/3382/Ecoagro_Insumos_FIDC_NP_-_Seniores_1ª_série,FIDCs,brA,,brA,2024-06-05,Confirmação,Estável,https://www.austin.com.br/Relatorio/Rating/Ecoagro_Insumos_FIDC_NP/10985
2026-09-25,ECOAGRO INSUMOS FIDC NP - SENIORES 1ª SÉRIE,https://www.austin.com.br/Historico-Rating/3382/Ecoagro_Insumos_FIDC_NP_-_Seniores_1ª_série,FIDCs,brBBB+,,brBBB+,2021-02-23,Elevação,,
2026-09-25,ECOAGRO INSUMOS FIDC NP - SENIORES 1ª SÉRIE,https://www.austin.com.br/Historico-Rating/3382/Ecoagro_Insumos_FIDC_NP_-_Seniores_1ª_série,FIDCs,brBBB,,brBBB,2019-11-08,Rating Inicial,Estável,
2026-09-25,EMPÍRICA DEBÊNTURES FIDC  - ÚNICA,https://www.austin.com.br/Historico-Rating/3656/Empírica_Debêntures_FIDC__-_Única_,FIDCs,brBB,,brBB,2020-11-30,Rating Preliminar,,https://www.austin.com.br/Relatorio/Rating/Empírica_Debêntures_FIDC_/10119
2026-09-25,ELETRONET FIDC - SENIORES 1ª SÉRIE,https://www.austin.com.br/Historico-Rating/4191/Eletronet_FIDC_-_Seniores_1ª_série,FIDCs,brBB,,brBB,2024-03-07,Elevação,Estável,https://www.austin.com.br/Relatorio/Rating/Eletronet_FIDC/10798
2026-09-25,ELETRONET FIDC - SENIORES 1ª SÉRIE,https://www.austin.com.br/Historico-Rating/4191/Eletronet_FIDC_-_Seniores_1ª_série,FIDCs,brBB,,brBB,2023-03-07,Rating Inicial,Estável,
2026-09-25,EDISON FIDC - SENIORES 4ª SÉRIE,https://www.austin.com.br/Historico-Rating/4449/Edison_FIDC_-_Seniores_4ª_série,FIDCs,brBBB,,brBBB,2024-02-20,Rating Inicial,Estável,
2026-09-25,EFFICIENTIA FIDC - SENIORES ÚNICA,https://www.austin.com.br/Historico-Rating/3313/Efficientia_FIDC_-_Seniores_Única,FIDCs,brBBB+,,brBBB+,2019-06-19,Rating Inicial,Estável,https://www.austin.com.br/Relatorio/Rating/Efficientia_FIDC/9102
2026-09-25,ENERGÉTICA FIDC - SUBORDINADAS JÚNIOR,https://www.austin.com.br/Historico-Rating/2616/Energética_FIDC_-_Subordinadas_Júnior_,FIDCs,brB,,brB,2017-02-17,Rating Preliminar,,https://www.austin.com.br/Relatorio/Rating/Energética_FIDC/7145
2026-09-25,ENERGÉTICA FIDC - SUBORDINADAS MEZANINO,https://www.austin.com.br/Historico-Rating/2615/Energética_FIDC_-_Subordinadas_Mezanino_,FIDCs,brBB,,brBB,2017-02-17,Rating Preliminar,,https://www.austin.com.br/Relatorio/Rating/Energética_FIDC/7144
2026-09-25,"EQUIPMED FIDC - 1ª, 2ª E 3ª SÉRIES - SENIORES 1ª SÉRIE","https://www.austin.com.br/Historico-Rating/3628/EquipMed_FIDC_-_1ª,_2ª_e_3ª_Séries_-_Seniores_1ª_série",FIDCs,brBBB,,brBBB,2025-04-17,Rebaixamento,Negativa,"https://www.austin.com.br/Relatorio/Rating/EquipMed_FIDC_-_1ª,_2ª_e_3ª_Séries/10069"
2026-09-25,ENERGÉTICA FIDC - SENIORES 1ª SÉRIE,https://www.austin.com.br/Historico-Rating/2590/Energética_FIDC_-_Seniores_1ª_série,FIDCs,brA,,brA,2016-12-21,Rating Preliminar,,https://www.austin.com.br/Relatorio/Rating/Energética_FIDC/7091
2026-09-25,EQUIPMED FIDC  - SUBORDINADAS MEZANINO,https://www.austin.com.br/Historico-Rating/5016/EquipMed_FIDC__-_Subordinadas_Mezanino_,FIDCs,brBB,,brBB,2025-04-17,Rebaixamento,Negativa,
2026-09-25,ESTADO DO PIAUÍ,https://www.austin.com.br/Historico-Rating/3074/Estado_do_Piauí,Estados e Municípios,brA-,,brA-,2018-11-13,Rating Inicial,Estável,https://www.austin.com.br/Relatorio/Rating/Estado_do_Piauí/8469
2026-09-25,ESTANHO CRÉDITO CONSIGNADO FIDC - SENIORES 1ª SÉRIE,https://www.austin.com.br/Historico-Rating/5102/Estanho_Crédito_Consignado_FIDC_-_Seniores_1ª_série,FIDCs,brA+,,brA+,2026-01-30,Rating Inicial,Estável,https://www.austin.com.br/Relatorio/Rating/Estanho_Crédito_Consignado_FIDC/11511
2026-09-25,ESTRATÉGIA EDUCACIONAL FIDC - SENIORES 1ª SÉRIE,https://www.austin.com.br/Historico-Rating/3931/Estratégia_Educacional_FIDC_-_Seniores_1ª_série,FIDCs,brAA-,,brAA-,2022-05-18,Confirmação,Estável,https://www.austin.com.br/Relatorio/Rating/Estratégia_Educacional_FIDC/10410
2026-09-25,ESTRATÉGIA EDUCACIONAL FIDC - SENIORES 1ª SÉRIE,https://www.austin.com.br/Historico-Rating/3931/Estratégia_Educacional_FIDC_-_Seniores_1ª_série,FIDCs,brAA-,,brAA-,2021-12-01,Rating Inicial,Estável,
2026-09-25,ESTRATÉGIA EDUCACIONAL FIDC - SENIORES 1ª SÉRIE,https://www.austin.com.br/Historico-Rating/3831/Estratégia_Educacional_FIDC_-_Seniores_1ª_série,FIDCs,brAA-,,brAA-,2021-12-12,Rating Inicial,Estável,
2026-09-25,ESTADO DE SÃO PAULO,https://www.austin.com.br/Historico-Rating/266/Estado_de_São_Paulo,Estados e Municípios,brAA-,,brAA-,2014-05-29,Rating Inicial,Estável,https://www.austin.com.br/Relatorio/Rating/Estado_de_São_Paulo/5468
2026-09-25,ESTADO DE SÃO PAULO,https://www.austin.com.br/Historico-Rating/266/Estado_de_São_Paulo,Estados e Municípios,brA+,,brA+,2009-05-27,Alteração de Perspectiva,Negativa,
2026-09-25,ESTADO DE SÃO PAULO,https://www.austin.com.br/Historico-Rating/266/Estado_de_São_Paulo,Estados e Municípios,brA+,,brA+,2007-03-05,Rating Inicial,Estável,
2026-09-25,ESTRATÉGIA EDUCACIONAL FIDC - MEZANINO CLASSE A,https://www.austin.com.br/Historico-Rating/3932/Estratégia_Educacional_FIDC_-_Mezanino_Classe_A_,FIDCs,brA-,,brA-,2022-05-18,Confirmação,Estável,https://www.austin.com.br/Relatorio/Rating/Estratégia_Educacional_FIDC/10411
2026-09-25,ESTRATÉGIA EDUCACIONAL FIDC - MEZANINO CLASSE A,https://www.austin.com.br/Historico-Rating/3932/Estratégia_Educacional_FIDC_-_Mezanino_Classe_A_,FIDCs,brA-,,brA-,2021-12-01,Rating Inicial,Estável,
2026-09-25,EUD FICTOR CONSIGNADO FIDC - SUBORDINADAS MEZANINO II,https://www.austin.com.br/Historico-Rating/5103/EUD_Fictor_Consignado_FIDC_-_Subordinadas_Mezanino_II_,FIDCs,brBB,,brBB,2025-12-23,Rebaixamento,Negativa,https://www.austin.com.br/Relatorio/Rating/EUD_Fictor_Consignado_FIDC/11512
2026-09-25,ETR FIDC - SENIORES ÚNICA,https://www.austin.com.br/Historico-Rating/3402/ETR_FIDC_-_Seniores_Única,FIDCs,brBBB+,,brBBB+,2020-04-09,Observação Negativa,,https://www.austin.com.br/Relatorio/Rating/ETR_FIDC/9846
2026-09-25,ETR FIDC - SENIORES ÚNICA,https://www.austin.com.br/Historico-Rating/3402/ETR_FIDC_-_Seniores_Única,FIDCs,brBBB+,,brBBB+,2019-11-28,Rating Inicial,Estável,
2026-09-25,EURO FIDC - SENIORES 1ª SÉRIE,https://www.austin.com.br/Historico-Rating/2558/Euro_FIDC_-_Seniores_1ª_série,FIDCs,brBB+,,brBB+,2016-11-18,Rating Inicial,Estável,https://www.austin.com.br/Relatorio/Rating/Euro_FIDC/6997
2026-09-25,EURO FIDC - SUBORDINADAS JÚNIOR,https://www.austin.com.br/Historico-Rating/2425/Euro_FIDC_-_Subordinadas_Júnior_,FIDCs,brB-,,brB-,2020-04-02,Observação Negativa,,https://www.austin.com.br/Relatorio/Rating/Euro_FIDC/9831
2026-09-25,EURO FIDC - SUBORDINADAS JÚNIOR,https://www.austin.com.br/Historico-Rating/2425/Euro_FIDC_-_Subordinadas_Júnior_,FIDCs,brB-,,brB-,2020-02-13,Confirmação,Estável,
2026-09-25,EURO FIDC - SUBORDINADAS JÚNIOR,https://www.austin.com.br/Historico-Rating/2425/Euro_FIDC_-_Subordinadas_Júnior_,FIDCs,brB-,,brB-,2019-11-14,Confirmação,Estável,
2026-09-25,EURO FIDC - SUBORDINADAS JÚNIOR,https://www.austin.com.br/Historico-Rating/2425/Euro_FIDC_-_Subordinadas_Júnior_,FIDCs,brB-,,brB-,2019-08-13,Confirmação,Estável,
2026-09-25,EURO FIDC - SUBORDINADAS JÚNIOR,https://www.austin.com.br/Historico-Rating/2425/Euro_FIDC_-_Subordinadas_Júnior_,FIDCs,brB-,,brB-,2019-05-10,Confirmação,Estável,
2026-09-25,EURO FIDC - SUBORDINADAS JÚNIOR,https://www.austin.com.br/Historico-Rating/2425/Euro_FIDC_-_Subordinadas_Júnior_,FIDCs,brB-,,brB-,2019-02-12,Observação Negativa,,
2026-09-25,EURO FIDC - SUBORDINADAS JÚNIOR,https://www.austin.com.br/Historico-Rating/2425/Euro_FIDC_-_Subordinadas_Júnior_,FIDCs,brB-,,brB-,2018-07-13,Confirmação,Estável,
2026-09-25,EURO FIDC - SUBORDINADAS JÚNIOR,https://www.austin.com.br/Historico-Rating/2425/Euro_FIDC_-_Subordinadas_Júnior_,FIDCs,brB-,,brB-,2018-05-10,Confirmação,Estável,
2026-09-25,EURO FIDC - SUBORDINADAS JÚNIOR,https://www.austin.com.br/Historico-Rating/2425/Euro_FIDC_-_Subordinadas_Júnior_,FIDCs,brCCC,,brCCC,2017-08-10,Confirmação,Estável,
2026-09-25,EURO FIDC - SUBORDINADAS JÚNIOR,https://www.austin.com.br/Historico-Rating/2425/Euro_FIDC_-_Subordinadas_Júnior_,FIDCs,brCCC,,brCCC,2017-05-11,Confirmação,Estável,
2026-09-25,EURO FIDC - SUBORDINADAS JÚNIOR,https://www.austin.com.br/Historico-Rating/2425/Euro_FIDC_-_Subordinadas_Júnior_,FIDCs,brCCC,,brCCC,2017-02-15,Confirmação,Estável,
2026-09-25,EURO FIDC - SUBORDINADAS JÚNIOR,https://www.austin.com.br/Historico-Rating/2425/Euro_FIDC_-_Subordinadas_Júnior_,FIDCs,brCCC,,brCCC,2016-11-18,Confirmação,Estável,
2026-09-25,EURO FIDC - SUBORDINADAS JÚNIOR,https://www.austin.com.br/Historico-Rating/2425/Euro_FIDC_-_Subordinadas_Júnior_,FIDCs,brCCC,,brCCC,2016-05-17,Rating Inicial,Estável,
2026-09-25,ETR FIDC - SUBORDINADAS MEZANINO,https://www.austin.com.br/Historico-Rating/3403/ETR_FIDC_-_Subordinadas_Mezanino_,FIDCs,brBB-,,brBB-,2020-04-09,Observação Negativa,,https://www.austin.com.br/Relatorio/Rating/ETR_FIDC/9847
2026-09-25,ETR FIDC - SUBORDINADAS MEZANINO,https://www.austin.com.br/Historico-Rating/3403/ETR_FIDC_-_Subordinadas_Mezanino_,FIDCs,brBB-,,brBB-,2019-11-28,Rating Inicial,Estável,
2026-09-25,EVOLUT FIDC MULTISSETORIAL - SENIORES 4ª SÉRIE,https://www.austin.com.br/Historico-Rating/4524/Evolut_FIDC_Multissetorial_-_Seniores_4ª_série,FIDCs,brA+,,brA+,2024-05-14,Confirmação,Estável,https://www.austin.com.br/Relatorio/Rating/Evolut_FIDC_Multissetorial/10861
2026-09-25,EUD FICTOR CONSIGNADO FIDC - SUBORDINADAS JÚNIOR,https://www.austin.com.br/Historico-Rating/5104/EUD_Fictor_Consignado_FIDC_-_Subordinadas_Júnior_,FIDCs,brB-,,brB-,2025-12-23,Rebaixamento,Negativa,https://www.austin.com.br/Relatorio/Rating/EUD_Fictor_Consignado_FIDC/11513
2026-09-25,EVOLUT FIDC MULTISSETORIAL - SENIORES 3ª SÉRIE,https://www.austin.com.br/Historico-Rating/4522/Evolut_FIDC_Multissetorial_-_Seniores_3ª_série,FIDCs,brA+,,brA+,2024-05-14,Rating Inicial,Estável,https://www.austin.com.br/Relatorio/Rating/Evolut_FIDC_Multissetorial/10859
2026-09-25,EVOLUT FIDC MULTISSETORIAL - SUBORDINADAS JÚNIOR,https://www.austin.com.br/Historico-Rating/4523/Evolut_FIDC_Multissetorial_-_Subordinadas_Júnior_,FIDCs,brB-,,brB-,2024-05-14,Confirmação,Estável,https://www.austin.com.br/Relatorio/Rating/Evolut_FIDC_Multissetorial/10860
2026-09-25,EVOLVE FIDC NP - SUBORDINADAS JÚNIOR,https://www.austin.com.br/Historico-Rating/3507/Evolve_FIDC_NP_-_Subordinadas_Júnior_,FIDCs,brCC,,brCC,2020-04-02,Observação Negativa,,https://www.austin.com.br/Relatorio/Rating/Evolve_FIDC_NP/9880
2026-09-25,EVOLVE FIDC NP - SUBORDINADAS JÚNIOR,https://www.austin.com.br/Historico-Rating/3507/Evolve_FIDC_NP_-_Subordinadas_Júnior_,FIDCs,brCC,,brCC,2020-02-19,Rebaixamento,Estável,
2026-09-25,EXES MÁQUINAS FIDC - MEZANINO CLASSE A,https://www.austin.com.br/Historico-Rating/4773/Exes_Máquinas_FIDC_-_Mezanino_Classe_A_,FIDCs,brBB+,,brBB+,2024-09-02,Confirmação,Estável,https://www.austin.com.br/Relatorio/Rating/Exes_Máquinas_FIDC/11178
2026-09-25,EXES AGRO XINGU - SUBORDINADAS,https://www.austin.com.br/Historico-Rating/4670/EXES_AGRO_XINGU_-_Subordinadas_,FIDCs,brBB-,,brBB-,2024-09-02,Confirmação,Estável,https://www.austin.com.br/Relatorio/Rating/EXES_AGRO_XINGU/11176
2026-09-25,EXES AGRO XINGU - SUBORDINADAS,https://www.austin.com.br/Historico-Rating/4670/EXES_AGRO_XINGU_-_Subordinadas_,FIDCs,brBB-,,brBB-,2024-05-23,Confirmação,Estável,
2026-09-25,EVOLVE FIDC NP - MEZANINO CLASSE A,https://www.austin.com.br/Historico-Rating/3506/Evolve_FIDC_NP_-_Mezanino_Classe_A_,FIDCs,brCCC,,brCCC,2020-04-02,Observação Negativa,,https://www.austin.com.br/Relatorio/Rating/Evolve_FIDC_NP/9877
2026-09-25,EVOLVE FIDC NP - MEZANINO CLASSE A,https://www.austin.com.br/Historico-Rating/3506/Evolve_FIDC_NP_-_Mezanino_Classe_A_,FIDCs,brCCC,,brCCC,2020-02-19,Rebaixamento,Estável,
2026-09-25,EXES MÁQUINAS FIDC - SENIORES 1ª SÉRIE,https://www.austin.com.br/Historico-Rating/4772/Exes_Máquinas_FIDC_-_Seniores_1ª_série,FIDCs,brA-,,brA-,2024-09-02,Confirmação,Estável,https://www.austin.com.br/Relatorio/Rating/Exes_Máquinas_FIDC/11177
2026-09-25,EXES AGRO XINGU - SENIORES ÚNICA,https://www.austin.com.br/Historico-Rating/3595/Exes_Agro_Xingu_-_Seniores_Única,FIDCs,brA-,,brA-,2024-09-02,Confirmação,Estável,https://www.austin.com.br/Relatorio/Rating/Exes_Agro_Xingu/11175
2026-09-25,EXES AGRO XINGU - SENIORES ÚNICA,https://www.austin.com.br/Historico-Rating/3595/Exes_Agro_Xingu_-_Seniores_Única,FIDCs,brA-,,brA-,2024-05-23,Confirmação,Estável,
2026-09-25,EXTRA BALANCE TOP SIERRA FIDC - SENIORES ÚNICA,https://www.austin.com.br/Historico-Rating/4695/Extra_Balance_Top_Sierra_FIDC_-_Seniores_Única,FIDCs,brBBB,,brBBB,2024-08-12,Confirmação,Estável,https://www.austin.com.br/Relatorio/Rating/Extra_Balance_Top_Sierra_FIDC/11089
2026-09-25,EXES SPECIAL FIDC - ÚNICA,https://www.austin.com.br/Historico-Rating/4657/EXES_SPECIAL_FIDC_-_Única_,FIDCs,brBB,,brBB,2024-08-08,Confirmação,Estável,https://www.austin.com.br/Relatorio/Rating/EXES_SPECIAL_FIDC/11034
2026-09-25,FARM M I FIC FIDC - ÚNICA,https://www.austin.com.br/Historico-Rating/3425/FARM_M_I_FIC_FIDC_-_Única_,FIDCs,brBBB,,brBBB,2020-06-19,Rating Inicial,Estável,https://www.austin.com.br/Relatorio/Rating/FARM_M_I_FIC_FIDC/10064
2026-09-25,FATORI FIDC - SUBORDINADAS JÚNIOR,https://www.austin.com.br/Historico-Rating/2709/Fatori_FIDC_-_Subordinadas_Júnior_,FIDCs,brCCC,,brCCC,2017-06-22,Rating Preliminar,,https://www.austin.com.br/Relatorio/Rating/Fatori_FIDC/7446
2026-09-25,FATOR UCB FIDC - SENIORES 1ª SÉRIE,https://www.austin.com.br/Historico-Rating/4061/Fator_UCB_FIDC_-_Seniores_1ª_série,FIDCs,brA,,brA,2022-07-28,Rating Inicial,Estável,https://www.austin.com.br/Relatorio/Rating/Fator_UCB_FIDC/10425
2026-09-25,FEDERAL IAA FIDC NP - ÚNICA,https://www.austin.com.br/Historico-Rating/3575/Federal_IAA_FIDC_NP_-_Única_,FIDCs,brCC,,brCC,2020-07-22,Rating Inicial,Estável,https://www.austin.com.br/Relatorio/Rating/Federal_IAA_FIDC_NP/10012
2026-09-25,FEDERAL INVEST CO FIDC - SUBORDINADAS JÚNIOR,https://www.austin.com.br/Historico-Rating/2863/Federal_Invest_CO_FIDC_-_Subordinadas_Júnior_,FIDCs,brCCC,,brCCC,2017-01-13,Rating Preliminar,,https://www.austin.com.br/Relatorio/Rating/Federal_Invest_CO_FIDC/7855
2026-09-25,FEDERAL INVEST FIDC - SUBORDINADAS JÚNIOR,https://www.austin.com.br/Historico-Rating/2240/Federal_Invest_FIDC_-_Subordinadas_Júnior_,FIDCs,brCC,,brCC,2019-08-06,Rebaixamento,Estável,https://www.austin.com.br/Relatorio/Rating/Federal_Invest_FIDC/9259
2026-09-25,FEDERAL INVEST FIDC - SUBORDINADAS JÚNIOR,https://www.austin.com.br/Historico-Rating/2240/Federal_Invest_FIDC_-_Subordinadas_Júnior_,FIDCs,brCCC,,brCCC,2019-05-14,Confirmação,Estável,
2026-09-25,FEDERAL INVEST FIDC - SUBORDINADAS JÚNIOR,https://www.austin.com.br/Historico-Rating/2240/Federal_Invest_FIDC_-_Subordinadas_Júnior_,FIDCs,brCCC,,brCCC,2019-02-22,Elevação,Estável,
2026-09-25,FEDERAL INVEST FIDC - SUBORDINADAS JÚNIOR,https://www.austin.com.br/Historico-Rating/2240/Federal_Invest_FIDC_-_Subordinadas_Júnior_,FIDCs,brCC,,brCC,2017-12-01,Rebaixamento,,
2026-09-25,FEDERAL INVEST FIDC - SUBORDINADAS JÚNIOR,https://www.austin.com.br/Historico-Rating/2240/Federal_Invest_FIDC_-_Subordinadas_Júnior_,FIDCs,brCCC,,brCCC,2017-08-18,Observação Negativa,,
2026-09-25,FEDERAL INVEST FIDC - SUBORDINADAS JÚNIOR,https://www.austin.com.br/Historico-Rating/2240/Federal_Invest_FIDC_-_Subordinadas_Júnior_,FIDCs,brCCC,,brCCC,2017-05-18,Confirmação,Estável,
2026-09-25,FEDERAL INVEST FIDC - SUBORDINADAS JÚNIOR,https://www.austin.com.br/Historico-Rating/2240/Federal_Invest_FIDC_-_Subordinadas_Júnior_,FIDCs,brCCC,,brCCC,2016-12-13,Confirmação,Estável,
2026-09-25,FEDERAL INVEST FIDC - SUBORDINADAS JÚNIOR,https://www.austin.com.br/Historico-Rating/2240/Federal_Invest_FIDC_-_Subordinadas_Júnior_,FIDCs,brCCC,,brCCC,2016-08-03,Confirmação,Estável,
2026-09-25,FEDERAL INVEST FIDC - SUBORDINADAS JÚNIOR,https://www.austin.com.br/Historico-Rating/2240/Federal_Invest_FIDC_-_Subordinadas_Júnior_,FIDCs,brCCC,,brCCC,2016-02-26,Confirmação,Estável,
2026-09-25,FEDERAL INVEST FIDC - SUBORDINADAS JÚNIOR,https://www.austin.com.br/Historico-Rating/2240/Federal_Invest_FIDC_-_Subordinadas_Júnior_,FIDCs,brCCC,,brCCC,2015-08-03,Rating Inicial,Estável,
2026-09-25,FEDERAL INVEST FIDC - SUBORDINADAS MEZANINO IV,https://www.austin.com.br/Historico-Rating/2929/Federal_Invest_FIDC_-_Subordinadas_Mezanino_IV_,FIDCs,brCCC,,brCCC,2019-08-06,Rebaixamento,Estável,https://www.austin.com.br/Relatorio/Rating/Federal_Invest_FIDC/9260
2026-09-25,FEDERAL INVEST FIDC - SUBORDINADAS MEZANINO IV,https://www.austin.com.br/Historico-Rating/2929/Federal_Invest_FIDC_-_Subordinadas_Mezanino_IV_,FIDCs,brB-,,brB-,2019-05-14,Confirmação,Estável,
2026-09-25,FEDERAL INVEST FIDC - SUBORDINADAS MEZANINO IV,https://www.austin.com.br/Historico-Rating/2929/Federal_Invest_FIDC_-_Subordinadas_Mezanino_IV_,FIDCs,brB-,,brB-,2019-02-22,Elevação,Estável,
2026-09-25,FEDERAL INVEST FIDC - SUBORDINADAS MEZANINO IV,https://www.austin.com.br/Historico-Rating/2929/Federal_Invest_FIDC_-_Subordinadas_Mezanino_IV_,FIDCs,brCCC,,brCCC,2018-03-08,Rating Inicial,Estável,
2026-09-25,FEDERAL INVEST FIDC - SUBORDINADAS MEZANINO II,https://www.austin.com.br/Historico-Rating/2239/Federal_Invest_FIDC_-_Subordinadas_Mezanino_II_,FIDCs,brCCC,,brCCC,2017-12-01,Rebaixamento,,https://www.austin.com.br/Relatorio/Rating/Federal_Invest_FIDC/7799
2026-09-25,FEDERAL INVEST FIDC - SUBORDINADAS MEZANINO II,https://www.austin.com.br/Historico-Rating/2239/Federal_Invest_FIDC_-_Subordinadas_Mezanino_II_,FIDCs,brB-,,brB-,2017-08-18,Observação Negativa,,
2026-09-25,FEDERAL INVEST FIDC - SUBORDINADAS MEZANINO II,https://www.austin.com.br/Historico-Rating/2239/Federal_Invest_FIDC_-_Subordinadas_Mezanino_II_,FIDCs,brB-,,brB-,2017-05-18,Confirmação,Estável,
2026-09-25,FEDERAL INVEST FIDC - SUBORDINADAS MEZANINO II,https://www.austin.com.br/Historico-Rating/2239/Federal_Invest_FIDC_-_Subordinadas_Mezanino_II_,FIDCs,brB-,,brB-,2016-12-13,Rebaixamento,Estável,
2026-09-25,FEDERAL INVEST FIDC - SUBORDINADAS MEZANINO II,https://www.austin.com.br/Historico-Rating/2239/Federal_Invest_FIDC_-_Subordinadas_Mezanino_II_,FIDCs,brBB,,brBB,2016-08-03,Confirmação,Estável,
2026-09-25,FEDERAL INVEST FIDC - SUBORDINADAS MEZANINO II,https://www.austin.com.br/Historico-Rating/2239/Federal_Invest_FIDC_-_Subordinadas_Mezanino_II_,FIDCs,brBB,,brBB,2016-02-26,Confirmação,Estável,
2026-09-25,FEDERAL INVEST FIDC - SUBORDINADAS MEZANINO II,https://www.austin.com.br/Historico-Rating/2239/Federal_Invest_FIDC_-_Subordinadas_Mezanino_II_,FIDCs,brBB,,brBB,2015-08-03,Rating Inicial,Estável,
2026-09-25,FEDERAL INVEST FIDC - SUBORDINADAS MEZANINO I,https://www.austin.com.br/Historico-Rating/2238/Federal_Invest_FIDC_-_Subordinadas_Mezanino_I_,FIDCs,brCCC,,brCCC,2017-12-01,Rebaixamento,,https://www.austin.com.br/Relatorio/Rating/Federal_Invest_FIDC/7798
2026-09-25,FEDERAL INVEST FIDC - SUBORDINADAS MEZANINO I,https://www.austin.com.br/Historico-Rating/2238/Federal_Invest_FIDC_-_Subordinadas_Mezanino_I_,FIDCs,brB-,,brB-,2017-08-18,Observação Negativa,,
2026-09-25,FEDERAL INVEST FIDC - SUBORDINADAS MEZANINO I,https://www.austin.com.br/Historico-Rating/2238/Federal_Invest_FIDC_-_Subordinadas_Mezanino_I_,FIDCs,brB-,,brB-,2017-05-18,Confirmação,Estável,
2026-09-25,FEDERAL INVEST FIDC - SUBORDINADAS MEZANINO I,https://www.austin.com.br/Historico-Rating/2238/Federal_Invest_FIDC_-_Subordinadas_Mezanino_I_,FIDCs,brB-,,brB-,2016-12-13,Rebaixamento,Estável,
2026-09-25,FEDERAL INVEST FIDC - SUBORDINADAS MEZANINO I,https://www.austin.com.br/Historico-Rating/2238/Federal_Invest_FIDC_-_Subordinadas_Mezanino_I_,FIDCs,brBBB+,,brBBB+,2016-08-03,Confirmação,Estável,
2026-09-25,FEDERAL INVEST FIDC - SUBORDINADAS MEZANINO I,https://www.austin.com.br/Historico-Rating/2238/Federal_Invest_FIDC_-_Subordinadas_Mezanino_I_,FIDCs,brBBB+,,brBBB+,2016-02-26,Confirmação,Estável,
2026-09-25,FEDERAL INVEST FIDC - SUBORDINADAS MEZANINO I,https://www.austin.com.br/Historico-Rating/2238/Federal_Invest_FIDC_-_Subordinadas_Mezanino_I_,FIDCs,brBBB+,,brBBB+,2015-08-03,Rating Inicial,Estável,
2026-09-25,FEDERAL INVEST I FIC FIDC - MEZANINO CLASSE B,https://www.austin.com.br/Historico-Rating/2333/Federal_Invest_I_FIC_FIDC_-_Mezanino_Classe_B_,FIDCs,brA+,,brA+,2015-12-14,Rating Preliminar,,https://www.austin.com.br/Relatorio/Rating/Federal_Invest_I_FIC_FIDC/6471
2026-09-25,FEDERAL INVEST I FIC FIDC - SENIORES 1ª SÉRIE,https://www.austin.com.br/Historico-Rating/2313/Federal_Invest_I_FIC_FIDC_-_Seniores_1ª_série,FIDCs,brAA,,brAA,2015-12-14,Rating Preliminar,,https://www.austin.com.br/Relatorio/Rating/Federal_Invest_I_FIC_FIDC/6472
2026-09-25,FEDERAL INVEST I FIC FIDC - SENIORES 1ª SÉRIE,https://www.austin.com.br/Historico-Rating/2313/Federal_Invest_I_FIC_FIDC_-_Seniores_1ª_série,FIDCs,brAA,,brAA,2015-10-27,Rating Preliminar,,
2026-09-25,FEDERAL INVEST FIDC - SENIORES 1ª SÉRIE,https://www.austin.com.br/Historico-Rating/2100/Federal_Invest_FIDC_-_Seniores_1ª_série,FIDCs,brA+,,brA+,2016-02-26,Confirmação,Estável,https://www.austin.com.br/Relatorio/Rating/Federal_Invest_FIDC/6716
2026-09-25,FEDERAL INVEST FIDC - SENIORES 1ª SÉRIE,https://www.austin.com.br/Historico-Rating/2100/Federal_Invest_FIDC_-_Seniores_1ª_série,FIDCs,brA+,,brA+,2015-01-29,Rating Preliminar,,
2026-09-25,FG NOW FIDC - SUBORDINADAS MEZANINO,https://www.austin.com.br/Historico-Rating/4538/FG_Now_FIDC_-_Subordinadas_Mezanino_,FIDCs,brA-,,brA-,2024-05-10,Elevação,Estável,https://www.austin.com.br/Relatorio/Rating/FG_Now_FIDC/10878
2026-09-25,FG NOW FIDC - SENIORES ÚNICA,https://www.austin.com.br/Historico-Rating/4537/FG_Now_FIDC_-_Seniores_Única,FIDCs,brAA,,brAA,2024-05-10,Elevação,Estável,https://www.austin.com.br/Relatorio/Rating/FG_Now_FIDC/10877
2026-09-25,FEDERAL INVEST I FIC FIDC - MEZANINO CLASSE A,https://www.austin.com.br/Historico-Rating/2332/Federal_Invest_I_FIC_FIDC_-_Mezanino_Classe_A_,FIDCs,brA+,,brA+,2015-12-14,Rating Preliminar,,https://www.austin.com.br/Relatorio/Rating/Federal_Invest_I_FIC_FIDC/6470
2026-09-25,FG NOW FIDC - SUBORDINADAS JÚNIOR,https://www.austin.com.br/Historico-Rating/4539/FG_Now_FIDC_-_Subordinadas_Júnior_,FIDCs,brBB+,,brBB+,2024-05-10,Elevação,,https://www.austin.com.br/Relatorio/Rating/FG_Now_FIDC/10879
2026-09-25,FGR FIDC - SENIORES ÚNICA,https://www.austin.com.br/Historico-Rating/4952/FGR_FIDC_-_Seniores_Única,FIDCs,brBB-,,brBB-,2025-01-30,Rating Preliminar,,https://www.austin.com.br/Relatorio/Rating/FGR_FIDC/11361
2026-09-25,FIC FIDC BIZCAPITAL I - SUBORDINADAS JÚNIOR,https://www.austin.com.br/Historico-Rating/4141/FIC_FIDC_BIZCAPITAL_I_-_Subordinadas_Júnior_,FIDCs,brC,,brC,2023-02-10,Rebaixamento,Negativa,https://www.austin.com.br/Relatorio/Rating/FIC_FIDC_BIZCAPITAL_I/10523
2026-09-25,FIC FIDC BIZCAPITAL I - SUBORDINADAS JÚNIOR,https://www.austin.com.br/Historico-Rating/4141/FIC_FIDC_BIZCAPITAL_I_-_Subordinadas_Júnior_,FIDCs,brCC,,brCC,2022-10-22,Rebaixamento,Negativa,
2026-09-25,FIC FIDC BIZCAPITAL I - SUBORDINADAS JÚNIOR,https://www.austin.com.br/Historico-Rating/4141/FIC_FIDC_BIZCAPITAL_I_-_Subordinadas_Júnior_,FIDCs,brB-,,brB-,2022-03-15,Rating Inicial,Estável,
2026-09-25,FIC FIDC BIZCAPITAL I - SUBORDINADAS MEZANINO,https://www.austin.com.br/Historico-Rating/4140/FIC_FIDC_BIZCAPITAL_I_-_Subordinadas_Mezanino_,FIDCs,brCC,,brCC,2023-02-10,Rebaixamento,Negativa,https://www.austin.com.br/Relatorio/Rating/FIC_FIDC_BIZCAPITAL_I/10521
2026-09-25,FIC FIDC BIZCAPITAL I - SUBORDINADAS MEZANINO,https://www.austin.com.br/Historico-Rating/4140/FIC_FIDC_BIZCAPITAL_I_-_Subordinadas_Mezanino_,FIDCs,brCCC,,brCCC,2022-10-22,Rebaixamento,Negativa,
2026-09-25,FIC FIDC BIZCAPITAL I - SUBORDINADAS MEZANINO,https://www.austin.com.br/Historico-Rating/4140/FIC_FIDC_BIZCAPITAL_I_-_Subordinadas_Mezanino_,FIDCs,brBB-,,brBB-,2022-03-15,Rating Inicial,Estável,
2026-09-25,FIC FIDC BRAZIL PLUS  - SUBORDINADAS MEZANINO,https://www.austin.com.br/Historico-Rating/1020/FIC_FIDC_Brazil_Plus__-_Subordinadas_Mezanino_,FIDCs,brCC,,brCC,2018-02-06,Observação Negativa,,https://www.austin.com.br/Relatorio/Rating/FIC_FIDC_Brazil_Plus_/7939
2026-09-25,FIC FIDC BRAZIL PLUS  - SUBORDINADAS MEZANINO,https://www.austin.com.br/Historico-Rating/1020/FIC_FIDC_Brazil_Plus__-_Subordinadas_Mezanino_,FIDCs,brB-,,brB-,2017-11-27,Observação Negativa,,
2026-09-25,FIC FIDC BRAZIL PLUS  - SUBORDINADAS MEZANINO,https://www.austin.com.br/Historico-Rating/1020/FIC_FIDC_Brazil_Plus__-_Subordinadas_Mezanino_,FIDCs,brBB,,brBB,2017-08-15,Confirmação,Estável,
2026-09-25,FIC FIDC BRAZIL PLUS  - SUBORDINADAS MEZANINO,https://www.austin.com.br/Historico-Rating/1020/FIC_FIDC_Brazil_Plus__-_Subordinadas_Mezanino_,FIDCs,brBB,,brBB,2017-05-15,Elevação,Estável,
2026-09-25,FIC FIDC BRAZIL PLUS  - SUBORDINADAS MEZANINO,https://www.austin.com.br/Historico-Rating/1020/FIC_FIDC_Brazil_Plus__-_Subordinadas_Mezanino_,FIDCs,brB,,brB,2017-02-17,Rebaixamento,Estável,
2026-09-25,FIC FIDC BRAZIL PLUS  - SUBORDINADAS MEZANINO,https://www.austin.com.br/Historico-Rating/1020/FIC_FIDC_Brazil_Plus__-_Subordinadas_Mezanino_,FIDCs,brBBB,,brBBB,2016-06-17,Rebaixamento,Estável,
2026-09-25,FIC FIDC BRAZIL PLUS  - SUBORDINADAS MEZANINO,https://www.austin.com.br/Historico-Rating/1020/FIC_FIDC_Brazil_Plus__-_Subordinadas_Mezanino_,FIDCs,brA,,brA,2016-03-02,Observação Negativa,,
2026-09-25,FIC FIDC BRAZIL PLUS  - SUBORDINADAS MEZANINO,https://www.austin.com.br/Historico-Rating/1020/FIC_FIDC_Brazil_Plus__-_Subordinadas_Mezanino_,FIDCs,brA,,brA,2016-01-26,Observação Negativa,,
2026-09-25,FIC FIDC BRAZIL PLUS  - SUBORDINADAS MEZANINO,https://www.austin.com.br/Historico-Rating/1020/FIC_FIDC_Brazil_Plus__-_Subordinadas_Mezanino_,FIDCs,brA,,brA,2015-08-21,Confirmação,Estável,
2026-09-25,FIC FIDC BRAZIL PLUS  - SUBORDINADAS MEZANINO,https://www.austin.com.br/Historico-Rating/1020/FIC_FIDC_Brazil_Plus__-_Subordinadas_Mezanino_,FIDCs,brA,,brA,2015-06-09,Confirmação,Estável,
2026-09-25,FIC FIDC BRAZIL PLUS  - SUBORDINADAS MEZANINO,https://www.austin.com.br/Historico-Rating/1020/FIC_FIDC_Brazil_Plus__-_Subordinadas_Mezanino_,FIDCs,brA,,brA,2015-03-02,Confirmação,Estável,
2026-09-25,FIC FIDC BRAZIL PLUS  - SUBORDINADAS MEZANINO,https://www.austin.com.br/Historico-Rating/1020/FIC_FIDC_Brazil_Plus__-_Subordinadas_Mezanino_,FIDCs,brA,,brA,2014-05-23,Confirmação,Estável,
2026-09-25,FIC FIDC BRAZIL PLUS  - SUBORDINADAS MEZANINO,https://www.austin.com.br/Historico-Rating/1020/FIC_FIDC_Brazil_Plus__-_Subordinadas_Mezanino_,FIDCs,brA,,brA,2014-02-19,Confirmação,Estável,
2026-09-25,FIC FIDC BRAZIL PLUS  - SUBORDINADAS MEZANINO,https://www.austin.com.br/Historico-Rating/1020/FIC_FIDC_Brazil_Plus__-_Subordinadas_Mezanino_,FIDCs,brA,,brA,2013-12-12,Confirmação,Estável,
2026-09-25,FIC FIDC BRAZIL PLUS  - SUBORDINADAS MEZANINO,https://www.austin.com.br/Historico-Rating/1020/FIC_FIDC_Brazil_Plus__-_Subordinadas_Mezanino_,FIDCs,brA,,brA,2013-08-29,Confirmação,Estável,
2026-09-25,FIC FIDC BRAZIL PLUS  - SUBORDINADAS MEZANINO,https://www.austin.com.br/Historico-Rating/1020/FIC_FIDC_Brazil_Plus__-_Subordinadas_Mezanino_,FIDCs,brA,,brA,2013-05-20,Confirmação,Estável,
2026-09-25,FIC FIDC BRAZIL PLUS  - SUBORDINADAS MEZANINO,https://www.austin.com.br/Historico-Rating/1020/FIC_FIDC_Brazil_Plus__-_Subordinadas_Mezanino_,FIDCs,brA,,brA,2013-03-01,Confirmação,Estável,
2026-09-25,FIC FIDC BRAZIL PLUS  - SUBORDINADAS MEZANINO,https://www.austin.com.br/Historico-Rating/1020/FIC_FIDC_Brazil_Plus__-_Subordinadas_Mezanino_,FIDCs,brA,,brA,2012-12-07,Confirmação,Estável,
2026-09-25,FIC FIDC BRAZIL PLUS  - SUBORDINADAS MEZANINO,https://www.austin.com.br/Historico-Rating/1020/FIC_FIDC_Brazil_Plus__-_Subordinadas_Mezanino_,FIDCs,brA,,brA,2012-04-24,Rating Inicial,Estável,
2026-09-25,FIC FIDC EMPÍRICA NOVERDE - SUBORDINADAS,https://www.austin.com.br/Historico-Rating/4467/FIC_FIDC_Empírica_Noverde_-_Subordinadas_,FIDCs,brB,,brB,2024-01-17,Rating Inicial,Estável,
2026-09-25,FIC FIDC BRAZIL PLUS  - SENIORES ÚNICA,https://www.austin.com.br/Historico-Rating/1019/FIC_FIDC_Brazil_Plus__-_Seniores_Única,FIDCs,brD,,brD,2018-08-16,Rebaixamento,,https://www.austin.com.br/Relatorio/Rating/FIC_FIDC_Brazil_Plus_/8314
2026-09-25,FIC FIDC BRAZIL PLUS  - SENIORES ÚNICA,https://www.austin.com.br/Historico-Rating/1019/FIC_FIDC_Brazil_Plus__-_Seniores_Única,FIDCs,brCCC,,brCCC,2018-02-06,Observação Negativa,,
2026-09-25,FIC FIDC BRAZIL PLUS  - SENIORES ÚNICA,https://www.austin.com.br/Historico-Rating/1019/FIC_FIDC_Brazil_Plus__-_Seniores_Única,FIDCs,brBB-,,brBB-,2017-11-27,Observação Negativa,,
2026-09-25,FIC FIDC BRAZIL PLUS  - SENIORES ÚNICA,https://www.austin.com.br/Historico-Rating/1019/FIC_FIDC_Brazil_Plus__-_Seniores_Única,FIDCs,brBBB,,brBBB,2017-08-15,Confirmação,Estável,
2026-09-25,FIC FIDC BRAZIL PLUS  - SENIORES ÚNICA,https://www.austin.com.br/Historico-Rating/1019/FIC_FIDC_Brazil_Plus__-_Seniores_Única,FIDCs,brBBB,,brBBB,2017-05-15,Confirmação,Estável,
2026-09-25,FIC FIDC BRAZIL PLUS  - SENIORES ÚNICA,https://www.austin.com.br/Historico-Rating/1019/FIC_FIDC_Brazil_Plus__-_Seniores_Única,FIDCs,brBBB,,brBBB,2017-02-17,Rebaixamento,Estável,
2026-09-25,FIC FIDC BRAZIL PLUS  - SENIORES ÚNICA,https://www.austin.com.br/Historico-Rating/1019/FIC_FIDC_Brazil_Plus__-_Seniores_Única,FIDCs,brAA-,,brAA-,2016-06-17,Rebaixamento,Estável,
2026-09-25,FIC FIDC BRAZIL PLUS  - SENIORES ÚNICA,https://www.austin.com.br/Historico-Rating/1019/FIC_FIDC_Brazil_Plus__-_Seniores_Única,FIDCs,brAA+,,brAA+,2016-03-02,Observação Negativa,,
2026-09-25,FIC FIDC BRAZIL PLUS  - SENIORES ÚNICA,https://www.austin.com.br/Historico-Rating/1019/FIC_FIDC_Brazil_Plus__-_Seniores_Única,FIDCs,brAA+,,brAA+,2016-01-26,Observação Negativa,,
2026-09-25,FIC FIDC BRAZIL PLUS  - SENIORES ÚNICA,https://www.austin.com.br/Historico-Rating/1019/FIC_FIDC_Brazil_Plus__-_Seniores_Única,FIDCs,brAA+,,brAA+,2015-08-21,Confirmação,Estável,
2026-09-25,FIC FIDC BRAZIL PLUS  - SENIORES ÚNICA,https://www.austin.com.br/Historico-Rating/1019/FIC_FIDC_Brazil_Plus__-_Seniores_Única,FIDCs,brAA+,,brAA+,2015-06-09,Confirmação,Estável,
2026-09-25,FIC FIDC BRAZIL PLUS  - SENIORES ÚNICA,https://www.austin.com.br/Historico-Rating/1019/FIC_FIDC_Brazil_Plus__-_Seniores_Única,FIDCs,brAA+,,brAA+,2015-03-02,Confirmação,Estável,
2026-09-25,FIC FIDC BRAZIL PLUS  - SENIORES ÚNICA,https://www.austin.com.br/Historico-Rating/1019/FIC_FIDC_Brazil_Plus__-_Seniores_Única,FIDCs,brAA+,,brAA+,2014-05-23,Confirmação,Estável,
2026-09-25,FIC FIDC BRAZIL PLUS  - SENIORES ÚNICA,https://www.austin.com.br/Historico-Rating/1019/FIC_FIDC_Brazil_Plus__-_Seniores_Única,FIDCs,brAA+,,brAA+,2014-02-19,Confirmação,Estável,
2026-09-25,FIC FIDC BRAZIL PLUS  - SENIORES ÚNICA,https://www.austin.com.br/Historico-Rating/1019/FIC_FIDC_Brazil_Plus__-_Seniores_Única,FIDCs,brAA+,,brAA+,2013-12-12,Confirmação,Estável,
2026-09-25,FIC FIDC BRAZIL PLUS  - SENIORES ÚNICA,https://www.austin.com.br/Historico-Rating/1019/FIC_FIDC_Brazil_Plus__-_Seniores_Única,FIDCs,brAA+,,brAA+,2013-08-29,Confirmação,Estável,
2026-09-25,FIC FIDC BRAZIL PLUS  - SENIORES ÚNICA,https://www.austin.com.br/Historico-Rating/1019/FIC_FIDC_Brazil_Plus__-_Seniores_Única,FIDCs,brAA+,,brAA+,2013-05-20,Confirmação,Estável,
2026-09-25,FIC FIDC BRAZIL PLUS  - SENIORES ÚNICA,https://www.austin.com.br/Historico-Rating/1019/FIC_FIDC_Brazil_Plus__-_Seniores_Única,FIDCs,brAA+,,brAA+,2013-03-01,Confirmação,Estável,
2026-09-25,FIC FIDC BRAZIL PLUS  - SENIORES ÚNICA,https://www.austin.com.br/Historico-Rating/1019/FIC_FIDC_Brazil_Plus__-_Seniores_Única,FIDCs,brAA+,,brAA+,2012-12-07,Confirmação,Estável,
2026-09-25,FIC FIDC BRAZIL PLUS  - SENIORES ÚNICA,https://www.austin.com.br/Historico-Rating/1019/FIC_FIDC_Brazil_Plus__-_Seniores_Única,FIDCs,brAA+,,brAA+,2012-04-24,Rating Inicial,Estável,
2026-09-25,FIC FIDC EXODUS INSTITUCIONAL - MEZANINO CLASSE A,https://www.austin.com.br/Historico-Rating/4663/FIC_FIDC_EXODUS_INSTITUCIONAL_-_Mezanino_Classe_A_,FIDCs,brBB+,,brBB+,2024-08-08,Confirmação,Estável,https://www.austin.com.br/Relatorio/Rating/FIC_FIDC_EXODUS_INSTITUCIONAL/11043
2026-09-25,FIC FIDC EMPÍRICA NOVERDE - SENIORES ÚNICA,https://www.austin.com.br/Historico-Rating/4466/FIC_FIDC_Empírica_Noverde_-_Seniores_Única,FIDCs,brA,,brA,2024-01-17,Rating Inicial,Estável,
2026-09-25,FIC FIDC EXODUS INSTITUCIONAL - MEZANINO CLASSE B,https://www.austin.com.br/Historico-Rating/4664/FIC_FIDC_EXODUS_INSTITUCIONAL_-_Mezanino_Classe_B_,FIDCs,brBB+,,brBB+,2024-08-08,Confirmação,Estável,https://www.austin.com.br/Relatorio/Rating/FIC_FIDC_EXODUS_INSTITUCIONAL/11044
2026-09-25,FIC FIDC EXODUS INSTITUCIONAL - SUBORDINADAS MEZANINO I,https://www.austin.com.br/Historico-Rating/4662/FIC_FIDC_EXODUS_INSTITUCIONAL_-_Subordinadas_Mezanino_I_,FIDCs,brBB+,,brBB+,2024-08-08,Confirmação,Estável,https://www.austin.com.br/Relatorio/Rating/FIC_FIDC_EXODUS_INSTITUCIONAL/11042
2026-09-25,FIC FIDC EXODUS INSTITUCIONAL - SENIORES 4ª SÉRIE,https://www.austin.com.br/Historico-Rating/4660/FIC_FIDC_EXODUS_INSTITUCIONAL_-_Seniores_4ª_série,FIDCs,brA+,,brA+,2024-08-08,Confirmação,Estável,https://www.austin.com.br/Relatorio/Rating/FIC_FIDC_EXODUS_INSTITUCIONAL/11040
2026-09-25,FIC FIDC EXODUS INSTITUCIONAL - SENIORES 5ª SÉRIE,https://www.austin.com.br/Historico-Rating/4661/FIC_FIDC_EXODUS_INSTITUCIONAL_-_Seniores_5ª_série,FIDCs,brA+,,brA+,2024-08-08,Rating Inicial,Estável,https://www.austin.com.br/Relatorio/Rating/FIC_FIDC_EXODUS_INSTITUCIONAL/11041
2026-09-25,FIC FIDC EXODUS INSTITUCIONAL - SENIORES 2ª SÉRIE,https://www.austin.com.br/Historico-Rating/4658/FIC_FIDC_EXODUS_INSTITUCIONAL_-_Seniores_2ª_série,FIDCs,brA+,,brA+,2024-08-08,Confirmação,Estável,https://www.austin.com.br/Relatorio/Rating/FIC_FIDC_EXODUS_INSTITUCIONAL/11038
2026-09-25,FIC FIDC NP JIVE PRECATÓRIOS - SENIORES ÚNICA,https://www.austin.com.br/Historico-Rating/3376/FIC_FIDC_NP_Jive_Precatórios_-_Seniores_Única,FIDCs,brBBB,,brBBB,2020-02-14,Confirmação,Estável,https://www.austin.com.br/Relatorio/Rating/FIC_FIDC_NP_Jive_Precatórios/9634
2026-09-25,FIC FIDC NP JIVE PRECATÓRIOS - SENIORES ÚNICA,https://www.austin.com.br/Historico-Rating/3376/FIC_FIDC_NP_Jive_Precatórios_-_Seniores_Única,FIDCs,brBBB,,brBBB,2019-10-31,Rating Inicial,Estável,
2026-09-25,FIC FIDC MULTIPLIX - SUBORDINADAS JÚNIOR,https://www.austin.com.br/Historico-Rating/3134/FIC_FIDC_Multiplix_-_Subordinadas_Júnior_,FIDCs,brB-,,brB-,2020-04-02,Observação Negativa,,https://www.austin.com.br/Relatorio/Rating/FIC_FIDC_Multiplix/9871
2026-09-25,FIC FIDC MULTIPLIX - SUBORDINADAS JÚNIOR,https://www.austin.com.br/Historico-Rating/3134/FIC_FIDC_Multiplix_-_Subordinadas_Júnior_,FIDCs,brB-,,brB-,2020-02-17,Confirmação,Estável,
2026-09-25,FIC FIDC MULTIPLIX - SUBORDINADAS JÚNIOR,https://www.austin.com.br/Historico-Rating/3134/FIC_FIDC_Multiplix_-_Subordinadas_Júnior_,FIDCs,brB-,,brB-,2019-11-21,Elevação,Estável,
2026-09-25,FIC FIDC MULTIPLIX - SUBORDINADAS JÚNIOR,https://www.austin.com.br/Historico-Rating/3134/FIC_FIDC_Multiplix_-_Subordinadas_Júnior_,FIDCs,brCCC,,brCCC,2019-08-07,Confirmação,Estável,
2026-09-25,FIC FIDC MULTIPLIX - SUBORDINADAS JÚNIOR,https://www.austin.com.br/Historico-Rating/3134/FIC_FIDC_Multiplix_-_Subordinadas_Júnior_,FIDCs,brCCC,,brCCC,2019-03-06,Rating Inicial,Estável,
2026-09-25,FIC FIDC EXODUS INSTITUCIONAL - SENIORES 3ª SÉRIE,https://www.austin.com.br/Historico-Rating/4659/FIC_FIDC_EXODUS_INSTITUCIONAL_-_Seniores_3ª_série,FIDCs,brA+,,brA+,2024-08-08,Confirmação,Estável,https://www.austin.com.br/Relatorio/Rating/FIC_FIDC_EXODUS_INSTITUCIONAL/11039
2026-09-25,FIC FIDC PACÍFICO - SENIORES ÚNICA,https://www.austin.com.br/Historico-Rating/4993/FIC_FIDC_Pacífico_-_Seniores_Única,FIDCs,brA-,,brA-,2025-07-24,Rating Preliminar,,https://www.austin.com.br/Relatorio/Rating/FIC_FIDC_Pacífico/11482
2026-09-25,FIC FIDC RNX FEEDER - SUBORDINADAS,https://www.austin.com.br/Historico-Rating/2533/FIC_FIDC_RNX_Feeder_-_Subordinadas_,FIDCs,brBB-,,brBB-,2020-04-02,Observação Negativa,,https://www.austin.com.br/Relatorio/Rating/FIC_FIDC_RNX_Feeder/9900
2026-09-25,FIC FIDC RNX FEEDER - SUBORDINADAS,https://www.austin.com.br/Historico-Rating/2533/FIC_FIDC_RNX_Feeder_-_Subordinadas_,FIDCs,brBB-,,brBB-,2020-02-17,Confirmação,Estável,
2026-09-25,FIC FIDC RNX FEEDER - SUBORDINADAS,https://www.austin.com.br/Historico-Rating/2533/FIC_FIDC_RNX_Feeder_-_Subordinadas_,FIDCs,brBB-,,brBB-,2019-11-13,Confirmação,Estável,
2026-09-25,FIC FIDC RNX FEEDER - SUBORDINADAS,https://www.austin.com.br/Historico-Rating/2533/FIC_FIDC_RNX_Feeder_-_Subordinadas_,FIDCs,brBB-,,brBB-,2019-08-12,Confirmação,Estável,
2026-09-25,FIC FIDC RNX FEEDER - SUBORDINADAS,https://www.austin.com.br/Historico-Rating/2533/FIC_FIDC_RNX_Feeder_-_Subordinadas_,FIDCs,brBB-,,brBB-,2019-05-13,Confirmação,Estável,
2026-09-25,FIC FIDC RNX FEEDER - SUBORDINADAS,https://www.austin.com.br/Historico-Rating/2533/FIC_FIDC_RNX_Feeder_-_Subordinadas_,FIDCs,brBB-,,brBB-,2019-02-12,Confirmação,Estável,
2026-09-25,FIC FIDC RNX FEEDER - SUBORDINADAS,https://www.austin.com.br/Historico-Rating/2533/FIC_FIDC_RNX_Feeder_-_Subordinadas_,FIDCs,brBB-,,brBB-,2018-11-12,Confirmação,Estável,
2026-09-25,FIC FIDC RNX FEEDER - SUBORDINADAS,https://www.austin.com.br/Historico-Rating/2533/FIC_FIDC_RNX_Feeder_-_Subordinadas_,FIDCs,brB-,,brB-,2016-10-03,Rating Preliminar,,
2026-09-25,FIC FIDC SRM   - SENIORES 3ª SÉRIE,https://www.austin.com.br/Historico-Rating/1926/FIC_FIDC_SRM___-_Seniores_3ª_série,FIDCs,brA,,brA,2018-08-23,Confirmação,Estável,https://www.austin.com.br/Relatorio/Rating/FIC_FIDC_SRM__/8378
2026-09-25,FIC FIDC SRM   - SENIORES 3ª SÉRIE,https://www.austin.com.br/Historico-Rating/1926/FIC_FIDC_SRM___-_Seniores_3ª_série,FIDCs,brA,,brA,2018-06-14,Confirmação,Estável,
2026-09-25,FIC FIDC SRM   - SENIORES 3ª SÉRIE,https://www.austin.com.br/Historico-Rating/1926/FIC_FIDC_SRM___-_Seniores_3ª_série,FIDCs,brA,,brA,2017-12-28,Confirmação,Estável,
2026-09-25,FIC FIDC SRM   - SENIORES 3ª SÉRIE,https://www.austin.com.br/Historico-Rating/1926/FIC_FIDC_SRM___-_Seniores_3ª_série,FIDCs,brA,,brA,2017-09-15,Confirmação,Estável,
2026-09-25,FIC FIDC SRM   - SENIORES 3ª SÉRIE,https://www.austin.com.br/Historico-Rating/1926/FIC_FIDC_SRM___-_Seniores_3ª_série,FIDCs,brA,,brA,2017-05-26,Confirmação,Estável,
2026-09-25,FIC FIDC SRM   - SENIORES 3ª SÉRIE,https://www.austin.com.br/Historico-Rating/1926/FIC_FIDC_SRM___-_Seniores_3ª_série,FIDCs,brA,,brA,2017-04-07,Confirmação,Estável,
2026-09-25,FIC FIDC SRM   - SENIORES 3ª SÉRIE,https://www.austin.com.br/Historico-Rating/1926/FIC_FIDC_SRM___-_Seniores_3ª_série,FIDCs,brA,,brA,2016-12-08,Confirmação,Estável,
2026-09-25,FIC FIDC SRM   - SENIORES 3ª SÉRIE,https://www.austin.com.br/Historico-Rating/1926/FIC_FIDC_SRM___-_Seniores_3ª_série,FIDCs,brA,,brA,2016-07-01,Confirmação,Estável,
2026-09-25,FIC FIDC SRM   - SENIORES 3ª SÉRIE,https://www.austin.com.br/Historico-Rating/1926/FIC_FIDC_SRM___-_Seniores_3ª_série,FIDCs,brA,,brA,2015-12-17,Confirmação,Estável,
2026-09-25,FIC FIDC SRM   - SENIORES 3ª SÉRIE,https://www.austin.com.br/Historico-Rating/1926/FIC_FIDC_SRM___-_Seniores_3ª_série,FIDCs,brA,,brA,2015-08-19,Confirmação,Estável,
2026-09-25,FIC FIDC SRM   - SENIORES 3ª SÉRIE,https://www.austin.com.br/Historico-Rating/1926/FIC_FIDC_SRM___-_Seniores_3ª_série,FIDCs,brA,,brA,2015-05-14,Confirmação,Estável,
2026-09-25,FIC FIDC SRM   - SENIORES 3ª SÉRIE,https://www.austin.com.br/Historico-Rating/1926/FIC_FIDC_SRM___-_Seniores_3ª_série,FIDCs,brA,,brA,2015-03-02,Confirmação,Estável,
2026-09-25,FIC FIDC SRM   - SENIORES 3ª SÉRIE,https://www.austin.com.br/Historico-Rating/1926/FIC_FIDC_SRM___-_Seniores_3ª_série,FIDCs,brA,,brA,2014-12-18,Confirmação,Estável,
2026-09-25,FIC FIDC SRM   - SENIORES 3ª SÉRIE,https://www.austin.com.br/Historico-Rating/1926/FIC_FIDC_SRM___-_Seniores_3ª_série,FIDCs,brA,,brA,2014-07-17,Rating Inicial,Estável,
2026-09-25,FIC FIDC RNX FEEDER - SENIORES ÚNICA,https://www.austin.com.br/Historico-Rating/2532/FIC_FIDC_RNX_Feeder_-_Seniores_Única,FIDCs,brBB,,brBB,2020-04-02,Observação Negativa,,https://www.austin.com.br/Relatorio/Rating/FIC_FIDC_RNX_Feeder/9899
2026-09-25,FIC FIDC RNX FEEDER - SENIORES ÚNICA,https://www.austin.com.br/Historico-Rating/2532/FIC_FIDC_RNX_Feeder_-_Seniores_Única,FIDCs,brBB,,brBB,2020-02-17,Confirmação,Estável,
2026-09-25,FIC FIDC RNX FEEDER - SENIORES ÚNICA,https://www.austin.com.br/Historico-Rating/2532/FIC_FIDC_RNX_Feeder_-_Seniores_Única,FIDCs,brBB,,brBB,2019-11-13,Confirmação,Estável,
2026-09-25,FIC FIDC RNX FEEDER - SENIORES ÚNICA,https://www.austin.com.br/Historico-Rating/2532/FIC_FIDC_RNX_Feeder_-_Seniores_Única,FIDCs,brBB,,brBB,2019-08-12,Confirmação,Estável,
2026-09-25,FIC FIDC RNX FEEDER - SENIORES ÚNICA,https://www.austin.com.br/Historico-Rating/2532/FIC_FIDC_RNX_Feeder_-_Seniores_Única,FIDCs,brBB,,brBB,2019-05-13,Confirmação,Estável,
2026-09-25,FIC FIDC RNX FEEDER - SENIORES ÚNICA,https://www.austin.com.br/Historico-Rating/2532/FIC_FIDC_RNX_Feeder_-_Seniores_Única,FIDCs,brBB,,brBB,2019-02-12,Confirmação,Estável,
2026-09-25,FIC FIDC RNX FEEDER - SENIORES ÚNICA,https://www.austin.com.br/Historico-Rating/2532/FIC_FIDC_RNX_Feeder_-_Seniores_Única,FIDCs,brBB,,brBB,2018-11-12,Confirmação,Estável,
2026-09-25,FIC FIDC RNX FEEDER - SENIORES ÚNICA,https://www.austin.com.br/Historico-Rating/2532/FIC_FIDC_RNX_Feeder_-_Seniores_Única,FIDCs,brBB-,,brBB-,2016-10-03,Rating Preliminar,,
2026-09-25,FIC FIDC SUL BRASIL MEZANINO - SENIORES 4ª SÉRIE,https://www.austin.com.br/Historico-Rating/3496/FIC_FIDC_Sul_Brasil_Mezanino_-_Seniores_4ª_série,FIDCs,brBBB-,,brBBB-,2020-04-02,Observação Negativa,,https://www.austin.com.br/Relatorio/Rating/FIC_FIDC_Sul_Brasil_Mezanino/9811
2026-09-25,FIC FIDC SUL BRASIL MEZANINO - SENIORES 4ª SÉRIE,https://www.austin.com.br/Historico-Rating/3496/FIC_FIDC_Sul_Brasil_Mezanino_-_Seniores_4ª_série,FIDCs,brBBB-,,brBBB-,2020-03-18,Rating Inicial,Estável,
2026-09-25,FIC FIDC SUL BRASIL MEZANINO - SENIORES 1ª SÉRIE,https://www.austin.com.br/Historico-Rating/3265/FIC_FIDC_Sul_Brasil_Mezanino_-_Seniores_1ª_série,FIDCs,brBBB-,,brBBB-,2020-04-02,Observação Negativa,,https://www.austin.com.br/Relatorio/Rating/FIC_FIDC_Sul_Brasil_Mezanino/9809
2026-09-25,FIC FIDC SUL BRASIL MEZANINO - SENIORES 1ª SÉRIE,https://www.austin.com.br/Historico-Rating/3265/FIC_FIDC_Sul_Brasil_Mezanino_-_Seniores_1ª_série,FIDCs,brBBB-,,brBBB-,2020-02-19,Confirmação,Estável,
2026-09-25,FIC FIDC SUL BRASIL MEZANINO - SENIORES 1ª SÉRIE,https://www.austin.com.br/Historico-Rating/3265/FIC_FIDC_Sul_Brasil_Mezanino_-_Seniores_1ª_série,FIDCs,brBBB-,,brBBB-,2019-07-10,Rating Inicial,Estável,
2026-09-25,FIC FIDC SUL BRASIL MEZANINO - SENIORES 3ª SÉRIE,https://www.austin.com.br/Historico-Rating/3495/FIC_FIDC_Sul_Brasil_Mezanino_-_Seniores_3ª_série,FIDCs,brBBB-,,brBBB-,2020-04-02,Observação Negativa,,https://www.austin.com.br/Relatorio/Rating/FIC_FIDC_Sul_Brasil_Mezanino/9810
2026-09-25,FIC FIDC SUL BRASIL MEZANINO - SENIORES 3ª SÉRIE,https://www.austin.com.br/Historico-Rating/3495/FIC_FIDC_Sul_Brasil_Mezanino_-_Seniores_3ª_série,FIDCs,brBBB-,,brBBB-,2020-03-18,Rating Inicial,Estável,
2026-09-25,FIC FIDC SUL BRASIL MEZANINO - SUBORDINADAS,https://www.austin.com.br/Historico-Rating/2961/FIC_FIDC_Sul_Brasil_Mezanino_-_Subordinadas_,FIDCs,brCC,,brCC,2019-09-10,Rebaixamento,Negativa,https://www.austin.com.br/Relatorio/Rating/FIC_FIDC_Sul_Brasil_Mezanino/9177
2026-09-25,FIC FIDC SUL BRASIL MEZANINO - SUBORDINADAS,https://www.austin.com.br/Historico-Rating/2961/FIC_FIDC_Sul_Brasil_Mezanino_-_Subordinadas_,FIDCs,brCCC,,brCCC,2019-05-15,Rebaixamento,Estável,
2026-09-25,FIC FIDC SUL BRASIL MEZANINO - SUBORDINADAS,https://www.austin.com.br/Historico-Rating/2961/FIC_FIDC_Sul_Brasil_Mezanino_-_Subordinadas_,FIDCs,brBBB-,,brBBB-,2019-02-21,Confirmação,Estável,
2026-09-25,FIC FIDC SUL BRASIL MEZANINO - SUBORDINADAS,https://www.austin.com.br/Historico-Rating/2961/FIC_FIDC_Sul_Brasil_Mezanino_-_Subordinadas_,FIDCs,brBBB-,,brBBB-,2018-11-22,Confirmação,Estável,
2026-09-25,FIC FIDC SUL BRASIL MEZANINO - SUBORDINADAS,https://www.austin.com.br/Historico-Rating/2961/FIC_FIDC_Sul_Brasil_Mezanino_-_Subordinadas_,FIDCs,brBBB-,,brBBB-,2018-05-14,Rating Inicial,Estável,
2026-09-25,FIC FIDC TERCON MULTICRÉDITO - SENIORES ÚNICA,https://www.austin.com.br/Historico-Rating/2599/FIC_FIDC_Tercon_Multicrédito_-_Seniores_Única,FIDCs,brA-,,brA-,2017-01-18,Rating Preliminar,,https://www.austin.com.br/Relatorio/Rating/FIC_FIDC_Tercon_Multicrédito/7096
2026-09-25,FICTOR CONSIGNADO II FIDC - SENIORES 2ª SÉRIE,https://www.austin.com.br/Historico-Rating/5107/Fictor_Consignado_II_FIDC_-_Seniores_2ª_série,FIDCs,brA,,brA,2025-12-23,Alteração de Perspectiva,Negativa,https://www.austin.com.br/Relatorio/Rating/Fictor_Consignado_II_FIDC/11516
2026-09-25,FIC FIDC SUL BRASIL MEZANINO - SENIORES 2ª SÉRIE,https://www.austin.com.br/Historico-Rating/3230/FIC_FIDC_Sul_Brasil_Mezanino_-_Seniores_2ª_série,FIDCs,brBBB-,,brBBB-,2020-04-02,Observação Negativa,,https://www.austin.com.br/Relatorio/Rating/FIC_FIDC_Sul_Brasil_Mezanino/9808
2026-09-25,FIC FIDC SUL BRASIL MEZANINO - SENIORES 2ª SÉRIE,https://www.austin.com.br/Historico-Rating/3230/FIC_FIDC_Sul_Brasil_Mezanino_-_Seniores_2ª_série,FIDCs,brBBB-,,brBBB-,2020-02-19,Confirmação,Estável,
2026-09-25,FIC FIDC SUL BRASIL MEZANINO - SENIORES 2ª SÉRIE,https://www.austin.com.br/Historico-Rating/3230/FIC_FIDC_Sul_Brasil_Mezanino_-_Seniores_2ª_série,FIDCs,brBBB-,,brBBB-,2019-05-15,Rating Inicial,Estável,
2026-09-25,FIC FIDC VIA MULTICRÉDITO - SUBORDINADAS JÚNIOR,https://www.austin.com.br/Historico-Rating/3497/FIC_FIDC_Via_Multicrédito_-_Subordinadas_Júnior_,FIDCs,brB-,,brB-,2024-08-09,Confirmação,Estável,https://www.austin.com.br/Relatorio/Rating/FIC_FIDC_Via_Multicrédito/11037
2026-09-25,FIC FIDC VIA MULTICRÉDITO - SUBORDINADAS JÚNIOR,https://www.austin.com.br/Historico-Rating/3497/FIC_FIDC_Via_Multicrédito_-_Subordinadas_Júnior_,FIDCs,brB-,,brB-,2020-04-02,Observação Negativa,,
2026-09-25,FIC FIDC VIA MULTICRÉDITO - SUBORDINADAS JÚNIOR,https://www.austin.com.br/Historico-Rating/3497/FIC_FIDC_Via_Multicrédito_-_Subordinadas_Júnior_,FIDCs,brB-,,brB-,2020-02-19,Confirmação,Estável,
2026-09-25,FICTOR FIC FIDC - SUBORDINADAS MEZANINO,https://www.austin.com.br/Historico-Rating/4347/FICTOR_FIC_FIDC_-_Subordinadas_Mezanino_,FIDCs,brBB+,,brBB+,2023-10-04,Rating Inicial,Estável,https://www.austin.com.br/Relatorio/Rating/FICTOR_FIC_FIDC/10716
2026-09-25,FICTOR CONSIGNADO II FIDC - SUBORDINADAS JÚNIOR,https://www.austin.com.br/Historico-Rating/5108/Fictor_Consignado_II_FIDC_-_Subordinadas_Júnior_,FIDCs,brBB-,,brBB-,2025-12-23,Alteração de Perspectiva,Negativa,https://www.austin.com.br/Relatorio/Rating/Fictor_Consignado_II_FIDC/11517
2026-09-25,FICTOR INVEST FIDC - SUBORDINADAS MEZANINO,https://www.austin.com.br/Historico-Rating/5038/Fictor_Invest_FIDC_-_Subordinadas_Mezanino_,FIDCs,brB+,,brB+,2025-10-09,Rating Inicial,Negativa,
2026-09-25,FIC FIDC VIA MULTICRÉDITO  - SENIORES ÚNICA,https://www.austin.com.br/Historico-Rating/2661/FIC_FIDC_Via_Multicrédito__-_Seniores_Única,FIDCs,brBBB+,,brBBB+,2024-08-09,Confirmação,Estável,https://www.austin.com.br/Relatorio/Rating/FIC_FIDC_Via_Multicrédito_/11035
2026-09-25,FIC FIDC VIA MULTICRÉDITO  - SENIORES ÚNICA,https://www.austin.com.br/Historico-Rating/2661/FIC_FIDC_Via_Multicrédito__-_Seniores_Única,FIDCs,brBBB+,,brBBB+,2020-04-02,Observação Negativa,,
2026-09-25,FIC FIDC VIA MULTICRÉDITO  - SENIORES ÚNICA,https://www.austin.com.br/Historico-Rating/2661/FIC_FIDC_Via_Multicrédito__-_Seniores_Única,FIDCs,brBBB+,,brBBB+,2020-02-19,Confirmação,Estável,
2026-09-25,FIC FIDC VIA MULTICRÉDITO  - SENIORES ÚNICA,https://www.austin.com.br/Historico-Rating/2661/FIC_FIDC_Via_Multicrédito__-_Seniores_Única,FIDCs,brBBB+,,brBBB+,2019-11-27,Confirmação,Estável,
2026-09-25,FIC FIDC VIA MULTICRÉDITO  - SENIORES ÚNICA,https://www.austin.com.br/Historico-Rating/2661/FIC_FIDC_Via_Multicrédito__-_Seniores_Única,FIDCs,brBBB+,,brBBB+,2019-08-09,Confirmação,Estável,
2026-09-25,FIC FIDC VIA MULTICRÉDITO  - SENIORES ÚNICA,https://www.austin.com.br/Historico-Rating/2661/FIC_FIDC_Via_Multicrédito__-_Seniores_Única,FIDCs,brBBB+,,brBBB+,2019-05-14,Confirmação,Estável,
2026-09-25,FIC FIDC VIA MULTICRÉDITO  - SENIORES ÚNICA,https://www.austin.com.br/Historico-Rating/2661/FIC_FIDC_Via_Multicrédito__-_Seniores_Única,FIDCs,brBBB+,,brBBB+,2019-02-15,Confirmação,Estável,
2026-09-25,FIC FIDC VIA MULTICRÉDITO  - SENIORES ÚNICA,https://www.austin.com.br/Historico-Rating/2661/FIC_FIDC_Via_Multicrédito__-_Seniores_Única,FIDCs,brBBB+,,brBBB+,2018-11-08,Confirmação,Estável,
2026-09-25,FIC FIDC VIA MULTICRÉDITO  - SENIORES ÚNICA,https://www.austin.com.br/Historico-Rating/2661/FIC_FIDC_Via_Multicrédito__-_Seniores_Única,FIDCs,brBBB+,,brBBB+,2018-08-15,Confirmação,Estável,
2026-09-25,FIC FIDC VIA MULTICRÉDITO  - SENIORES ÚNICA,https://www.austin.com.br/Historico-Rating/2661/FIC_FIDC_Via_Multicrédito__-_Seniores_Única,FIDCs,brBBB+,,brBBB+,2017-04-06,Rating Inicial,Estável,
2026-09-25,FIC FIDC VIA MULTICRÉDITO - SUBORDINADAS MEZANINO,https://www.austin.com.br/Historico-Rating/3263/FIC_FIDC_Via_Multicrédito_-_Subordinadas_Mezanino_,FIDCs,brB+,,brB+,2024-08-09,Confirmação,Estável,https://www.austin.com.br/Relatorio/Rating/FIC_FIDC_Via_Multicrédito/11036
2026-09-25,FIC FIDC VIA MULTICRÉDITO - SUBORDINADAS MEZANINO,https://www.austin.com.br/Historico-Rating/3263/FIC_FIDC_Via_Multicrédito_-_Subordinadas_Mezanino_,FIDCs,brB+,,brB+,2020-04-02,Observação Negativa,,
2026-09-25,FIC FIDC VIA MULTICRÉDITO - SUBORDINADAS MEZANINO,https://www.austin.com.br/Historico-Rating/3263/FIC_FIDC_Via_Multicrédito_-_Subordinadas_Mezanino_,FIDCs,brB+,,brB+,2020-02-19,Confirmação,Estável,
2026-09-25,FIC FIDC VIA MULTICRÉDITO - SUBORDINADAS MEZANINO,https://www.austin.com.br/Historico-Rating/3263/FIC_FIDC_Via_Multicrédito_-_Subordinadas_Mezanino_,FIDCs,brB+,,brB+,2019-11-27,Confirmação,Estável,
2026-09-25,FIC FIDC VIA MULTICRÉDITO - SUBORDINADAS MEZANINO,https://www.austin.com.br/Historico-Rating/3263/FIC_FIDC_Via_Multicrédito_-_Subordinadas_Mezanino_,FIDCs,brB+,,brB+,2019-08-09,Confirmação,Estável,
2026-09-25,FIC FIDC VIA MULTICRÉDITO - SUBORDINADAS MEZANINO,https://www.austin.com.br/Historico-Rating/3263/FIC_FIDC_Via_Multicrédito_-_Subordinadas_Mezanino_,FIDCs,brB+,,brB+,2019-05-14,Confirmação,Estável,
2026-09-25,FICTOR INVEST FIDC - SUBORDINADAS MEZANINO,https://www.austin.com.br/Historico-Rating/5037/Fictor_Invest_FIDC_-_Subordinadas_Mezanino_,FIDCs,brBB-,,brBB-,2025-10-09,Rating Inicial,Negativa,
2026-09-25,FICTOR FIC FIDC - SENIORES ÚNICA,https://www.austin.com.br/Historico-Rating/4346/FICTOR_FIC_FIDC_-_Seniores_Única,FIDCs,brBBB,,brBBB,2023-10-04,Rating Inicial,Estável,https://www.austin.com.br/Relatorio/Rating/FICTOR_FIC_FIDC/10715
2026-09-25,FICTOR INVEST FIDC - SUBORDINADAS MEZANINO,https://www.austin.com.br/Historico-Rating/5036/Fictor_Invest_FIDC_-_Subordinadas_Mezanino_,FIDCs,brBB,,brBB,2025-10-09,Rating Inicial,Negativa,
2026-09-25,FICTOR INVEST FIDC - SUBORDINADAS MEZANINO,https://www.austin.com.br/Historico-Rating/5035/Fictor_Invest_FIDC_-_Subordinadas_Mezanino_,FIDCs,brBB+,,brBB+,2025-10-09,Rating Inicial,Negativa,https://www.austin.com.br/Relatorio/Rating/Fictor_Invest_FIDC/11444
2026-09-25,FIDC ABERTO CAIXA RPPS CC CONSIGNADO BMG INSS - SENIORES ÚNICA,https://www.austin.com.br/Historico-Rating/2482/FIDC_Aberto_Caixa_RPPS_CC_Consignado_BMG_INSS_-_Seniores_Única,FIDCs,brAAA,,brAAA,2016-09-16,Rating Preliminar,,https://www.austin.com.br/Relatorio/Rating/FIDC_Aberto_Caixa_RPPS_CC_Consignado_BMG_INSS/6744
2026-09-25,FIDC 3R AGRO PRODUTORES AGRÍCOLAS I - SENIORES 1ª SÉRIE,https://www.austin.com.br/Historico-Rating/3452/FIDC_3R_Agro_Produtores_Agrícolas_I_-_Seniores_1ª_série,FIDCs,brBBB+,,brBBB+,2020-01-30,Rating Preliminar,,https://www.austin.com.br/Relatorio/Rating/FIDC_3R_Agro_Produtores_Agrícolas_I/9541
2026-09-25,FICTOR INVEST FIDC - SUBORDINADAS MEZANINO,https://www.austin.com.br/Historico-Rating/5034/Fictor_Invest_FIDC_-_Subordinadas_Mezanino_,FIDCs,brBBB,,brBBB,2025-10-09,Rating Inicial,Negativa,https://www.austin.com.br/Relatorio/Rating/Fictor_Invest_FIDC/11443
2026-09-25,FIDC ACR II - SUBORDINADAS,https://www.austin.com.br/Historico-Rating/4614/FIDC_ACR_II_-_Subordinadas_,FIDCs,brAA-,,brAA-,2024-07-25,Confirmação,Estável,https://www.austin.com.br/Relatorio/Rating/FIDC_ACR_II/10969
2026-09-25,FIDC ABERTO MIT - SENIORES ÚNICA,https://www.austin.com.br/Historico-Rating/1126/FIDC_Aberto_MIT_-_Seniores_Única,FIDCs,brBBB-,,brBBB-,2024-08-13,Confirmação,Estável,https://www.austin.com.br/Relatorio/Rating/FIDC_Aberto_MIT/11066
2026-09-25,FIDC ABERTO MIT - SENIORES ÚNICA,https://www.austin.com.br/Historico-Rating/1126/FIDC_Aberto_MIT_-_Seniores_Única,FIDCs,brBBB-,,brBBB-,2019-11-13,Confirmação,Estável,
2026-09-25,FIDC ABERTO MIT - SENIORES ÚNICA,https://www.austin.com.br/Historico-Rating/1126/FIDC_Aberto_MIT_-_Seniores_Única,FIDCs,brBBB-,,brBBB-,2019-05-15,Confirmação,Estável,
2026-09-25,FIDC ABERTO MIT - SENIORES ÚNICA,https://www.austin.com.br/Historico-Rating/1126/FIDC_Aberto_MIT_-_Seniores_Única,FIDCs,brBBB-,,brBBB-,2019-02-15,Confirmação,Estável,
2026-09-25,FIDC ABERTO MIT - SENIORES ÚNICA,https://www.austin.com.br/Historico-Rating/1126/FIDC_Aberto_MIT_-_Seniores_Única,FIDCs,brBBB-,,brBBB-,2018-08-08,Confirmação,Estável,
2026-09-25,FIDC ABERTO MIT - SENIORES ÚNICA,https://www.austin.com.br/Historico-Rating/1126/FIDC_Aberto_MIT_-_Seniores_Única,FIDCs,brBBB-,,brBBB-,2018-05-11,Confirmação,Estável,
2026-09-25,FIDC ABERTO MIT - SENIORES ÚNICA,https://www.austin.com.br/Historico-Rating/1126/FIDC_Aberto_MIT_-_Seniores_Única,FIDCs,brBB,,brBB,2017-05-08,Confirmação,Estável,
2026-09-25,FIDC ABERTO MIT - SENIORES ÚNICA,https://www.austin.com.br/Historico-Rating/1126/FIDC_Aberto_MIT_-_Seniores_Única,FIDCs,brBB,,brBB,2017-02-14,Confirmação,Estável,
2026-09-25,FIDC ABERTO MIT - SENIORES ÚNICA,https://www.austin.com.br/Historico-Rating/1126/FIDC_Aberto_MIT_-_Seniores_Única,FIDCs,brBB,,brBB,2016-12-15,Confirmação,Estável,
2026-09-25,FIDC ABERTO MIT - SENIORES ÚNICA,https://www.austin.com.br/Historico-Rating/1126/FIDC_Aberto_MIT_-_Seniores_Única,FIDCs,brBB,,brBB,2016-05-12,Confirmação,Estável,
2026-09-25,FIDC ABERTO MIT - SENIORES ÚNICA,https://www.austin.com.br/Historico-Rating/1126/FIDC_Aberto_MIT_-_Seniores_Única,FIDCs,brBB,,brBB,2015-11-13,Confirmação,Estável,
2026-09-25,FIDC ABERTO MIT - SENIORES ÚNICA,https://www.austin.com.br/Historico-Rating/1126/FIDC_Aberto_MIT_-_Seniores_Única,FIDCs,brBB,,brBB,2015-08-10,Confirmação,Estável,
2026-09-25,FIDC ABERTO MIT - SENIORES ÚNICA,https://www.austin.com.br/Historico-Rating/1126/FIDC_Aberto_MIT_-_Seniores_Única,FIDCs,brBB,,brBB,2015-05-15,Confirmação,Estável,
2026-09-25,FIDC ABERTO MIT - SENIORES ÚNICA,https://www.austin.com.br/Historico-Rating/1126/FIDC_Aberto_MIT_-_Seniores_Única,FIDCs,brBB,,brBB,2014-11-14,Confirmação,Estável,
2026-09-25,FIDC ABERTO MIT - SENIORES ÚNICA,https://www.austin.com.br/Historico-Rating/1126/FIDC_Aberto_MIT_-_Seniores_Única,FIDCs,brBB,,brBB,2014-08-15,Confirmação,Estável,
2026-09-25,FIDC ABERTO MIT - SENIORES ÚNICA,https://www.austin.com.br/Historico-Rating/1126/FIDC_Aberto_MIT_-_Seniores_Única,FIDCs,brBB,,brBB,2014-05-15,Confirmação,Estável,
2026-09-25,FIDC ABERTO MIT - SENIORES ÚNICA,https://www.austin.com.br/Historico-Rating/1126/FIDC_Aberto_MIT_-_Seniores_Única,FIDCs,brBB,,brBB,2014-02-11,Confirmação,Estável,
2026-09-25,FIDC ABERTO MIT - SENIORES ÚNICA,https://www.austin.com.br/Historico-Rating/1126/FIDC_Aberto_MIT_-_Seniores_Única,FIDCs,brBB,,brBB,2013-11-12,Confirmação,Estável,
2026-09-25,FIDC ABERTO MIT - SENIORES ÚNICA,https://www.austin.com.br/Historico-Rating/1126/FIDC_Aberto_MIT_-_Seniores_Única,FIDCs,brBB,,brBB,2013-08-15,Confirmação,Estável,
2026-09-25,FIDC ABERTO MIT - SENIORES ÚNICA,https://www.austin.com.br/Historico-Rating/1126/FIDC_Aberto_MIT_-_Seniores_Única,FIDCs,brBB,,brBB,2013-05-15,Confirmação,Estável,
2026-09-25,FIDC ABERTO MIT - SENIORES ÚNICA,https://www.austin.com.br/Historico-Rating/1126/FIDC_Aberto_MIT_-_Seniores_Única,FIDCs,brBB,,brBB,2013-02-26,Confirmação,Estável,
2026-09-25,FIDC ABERTO MIT - SENIORES ÚNICA,https://www.austin.com.br/Historico-Rating/1126/FIDC_Aberto_MIT_-_Seniores_Única,FIDCs,brBB,,brBB,2012-11-16,Confirmação,Estável,
2026-09-25,FIDC ABERTO MIT - SENIORES ÚNICA,https://www.austin.com.br/Historico-Rating/1126/FIDC_Aberto_MIT_-_Seniores_Única,FIDCs,brBB,,brBB,2012-08-21,Confirmação,Estável,
2026-09-25,FIDC ABERTO MIT - SENIORES ÚNICA,https://www.austin.com.br/Historico-Rating/1126/FIDC_Aberto_MIT_-_Seniores_Única,FIDCs,brBB,,brBB,2012-05-15,Confirmação,Estável,
2026-09-25,FIDC ABERTO MIT - SENIORES ÚNICA,https://www.austin.com.br/Historico-Rating/1126/FIDC_Aberto_MIT_-_Seniores_Única,FIDCs,brBB,,brBB,2012-03-26,Confirmação,Estável,
2026-09-25,FIDC ABERTO MIT - SENIORES ÚNICA,https://www.austin.com.br/Historico-Rating/1126/FIDC_Aberto_MIT_-_Seniores_Única,FIDCs,brBB,,brBB,2011-06-03,Rating Inicial,Estável,
2026-09-25,FIDC ACR FAST - SENIORES ÚNICA,https://www.austin.com.br/Historico-Rating/4230/FIDC_ACR_Fast_-_Seniores_Única,FIDCs,brAA+,,brAA+,2024-07-25,Confirmação,Estável,https://www.austin.com.br/Relatorio/Rating/FIDC_ACR_Fast/10967
2026-09-25,FIDC ACR II - SENIORES ÚNICA,https://www.austin.com.br/Historico-Rating/4613/FIDC_ACR_II_-_Seniores_Única,FIDCs,brAA+,,brAA+,2024-07-25,Confirmação,Estável,https://www.austin.com.br/Relatorio/Rating/FIDC_ACR_II/10968
2026-09-25,FIDC ACR I - SENIORES ÚNICA,https://www.austin.com.br/Historico-Rating/4463/FIDC_ACR_I_-_Seniores_Única,FIDCs,brAAA,,brAAA,2024-07-16,Confirmação,Estável,https://www.austin.com.br/Relatorio/Rating/FIDC_ACR_I/10960
2026-09-25,FIDC ACR I - SENIORES ÚNICA,https://www.austin.com.br/Historico-Rating/4463/FIDC_ACR_I_-_Seniores_Única,FIDCs,brAAA,,brAAA,2024-01-19,Rating Inicial,Estável,
2026-09-25,FIDC ALBAUGH - SENIORES 4ª SÉRIE,https://www.austin.com.br/Historico-Rating/4728/FIDC_Albaugh_-_Seniores_4ª_série,FIDCs,brA,,brA,2024-08-21,Rating Inicial,Negativa,https://www.austin.com.br/Relatorio/Rating/FIDC_Albaugh/11122
2026-09-25,FIDC ACTUS 1 - ÚNICA,https://www.austin.com.br/Historico-Rating/3386/FIDC_Actus_1_-_Única_,FIDCs,brBBB,,brBBB,2020-04-02,Observação Negativa,,https://www.austin.com.br/Relatorio/Rating/FIDC_Actus_1/9712
2026-09-25,FIDC ACTUS 1 - ÚNICA,https://www.austin.com.br/Historico-Rating/3386/FIDC_Actus_1_-_Única_,FIDCs,brBBB,,brBBB,2020-02-04,Confirmação,Estável,
2026-09-25,FIDC ACTUS 1 - ÚNICA,https://www.austin.com.br/Historico-Rating/3386/FIDC_Actus_1_-_Única_,FIDCs,brBBB,,brBBB,2019-11-08,Rating Inicial,Estável,
2026-09-25,FIDC ALION CONSIGNADOS - SUBORDINADAS JÚNIOR,https://www.austin.com.br/Historico-Rating/4606/FIDC_Alion_Consignados_-_Subordinadas_Júnior_,FIDCs,brBB,,brBB,2024-07-01,Confirmação,Estável,https://www.austin.com.br/Relatorio/Rating/FIDC_Alion_Consignados/10947
2026-09-25,FIDC ABERTO MIT - SUBORDINADAS,https://www.austin.com.br/Historico-Rating/1127/FIDC_Aberto_MIT_-_Subordinadas_,FIDCs,brBB+,,brBB+,2024-08-13,Confirmação,Estável,https://www.austin.com.br/Relatorio/Rating/FIDC_Aberto_MIT/11067
2026-09-25,FIDC ABERTO MIT - SUBORDINADAS,https://www.austin.com.br/Historico-Rating/1127/FIDC_Aberto_MIT_-_Subordinadas_,FIDCs,brBB+,,brBB+,2019-11-13,Confirmação,Estável,
2026-09-25,FIDC ABERTO MIT - SUBORDINADAS,https://www.austin.com.br/Historico-Rating/1127/FIDC_Aberto_MIT_-_Subordinadas_,FIDCs,brBB+,,brBB+,2019-05-15,Confirmação,Estável,
2026-09-25,FIDC ABERTO MIT - SUBORDINADAS,https://www.austin.com.br/Historico-Rating/1127/FIDC_Aberto_MIT_-_Subordinadas_,FIDCs,brBB+,,brBB+,2019-02-15,Confirmação,Estável,
2026-09-25,FIDC ABERTO MIT - SUBORDINADAS,https://www.austin.com.br/Historico-Rating/1127/FIDC_Aberto_MIT_-_Subordinadas_,FIDCs,brBB+,,brBB+,2018-08-08,Confirmação,Estável,
2026-09-25,FIDC ABERTO MIT - SUBORDINADAS,https://www.austin.com.br/Historico-Rating/1127/FIDC_Aberto_MIT_-_Subordinadas_,FIDCs,brBB+,,brBB+,2018-05-11,Confirmação,Estável,
2026-09-25,FIDC ABERTO MIT - SUBORDINADAS,https://www.austin.com.br/Historico-Rating/1127/FIDC_Aberto_MIT_-_Subordinadas_,FIDCs,brBB,,brBB,2017-05-08,Confirmação,Estável,
2026-09-25,FIDC ABERTO MIT - SUBORDINADAS,https://www.austin.com.br/Historico-Rating/1127/FIDC_Aberto_MIT_-_Subordinadas_,FIDCs,brBB,,brBB,2017-02-14,Confirmação,Estável,
2026-09-25,FIDC ABERTO MIT - SUBORDINADAS,https://www.austin.com.br/Historico-Rating/1127/FIDC_Aberto_MIT_-_Subordinadas_,FIDCs,brBB,,brBB,2016-12-15,Confirmação,Estável,
2026-09-25,FIDC ABERTO MIT - SUBORDINADAS,https://www.austin.com.br/Historico-Rating/1127/FIDC_Aberto_MIT_-_Subordinadas_,FIDCs,brBB,,brBB,2016-05-12,Confirmação,Estável,
2026-09-25,FIDC ABERTO MIT - SUBORDINADAS,https://www.austin.com.br/Historico-Rating/1127/FIDC_Aberto_MIT_-_Subordinadas_,FIDCs,brBB,,brBB,2015-11-13,Confirmação,Estável,
2026-09-25,FIDC ABERTO MIT - SUBORDINADAS,https://www.austin.com.br/Historico-Rating/1127/FIDC_Aberto_MIT_-_Subordinadas_,FIDCs,brBB,,brBB,2015-08-10,Confirmação,Estável,
2026-09-25,FIDC ABERTO MIT - SUBORDINADAS,https://www.austin.com.br/Historico-Rating/1127/FIDC_Aberto_MIT_-_Subordinadas_,FIDCs,brBB,,brBB,2015-05-15,Confirmação,Estável,
2026-09-25,FIDC ABERTO MIT - SUBORDINADAS,https://www.austin.com.br/Historico-Rating/1127/FIDC_Aberto_MIT_-_Subordinadas_,FIDCs,brBB,,brBB,2014-11-14,Confirmação,Estável,
2026-09-25,FIDC ABERTO MIT - SUBORDINADAS,https://www.austin.com.br/Historico-Rating/1127/FIDC_Aberto_MIT_-_Subordinadas_,FIDCs,brBB,,brBB,2014-08-15,Confirmação,Estável,
2026-09-25,FIDC ABERTO MIT - SUBORDINADAS,https://www.austin.com.br/Historico-Rating/1127/FIDC_Aberto_MIT_-_Subordinadas_,FIDCs,brBB,,brBB,2014-05-15,Confirmação,Estável,
2026-09-25,FIDC ABERTO MIT - SUBORDINADAS,https://www.austin.com.br/Historico-Rating/1127/FIDC_Aberto_MIT_-_Subordinadas_,FIDCs,brBB,,brBB,2014-02-11,Confirmação,Estável,
2026-09-25,FIDC ABERTO MIT - SUBORDINADAS,https://www.austin.com.br/Historico-Rating/1127/FIDC_Aberto_MIT_-_Subordinadas_,FIDCs,brBB,,brBB,2013-11-12,Confirmação,Estável,
2026-09-25,FIDC ABERTO MIT - SUBORDINADAS,https://www.austin.com.br/Historico-Rating/1127/FIDC_Aberto_MIT_-_Subordinadas_,FIDCs,brBB,,brBB,2013-08-15,Confirmação,Estável,
2026-09-25,FIDC ABERTO MIT - SUBORDINADAS,https://www.austin.com.br/Historico-Rating/1127/FIDC_Aberto_MIT_-_Subordinadas_,FIDCs,brBB,,brBB,2013-05-15,Confirmação,Estável,
2026-09-25,FIDC ABERTO MIT - SUBORDINADAS,https://www.austin.com.br/Historico-Rating/1127/FIDC_Aberto_MIT_-_Subordinadas_,FIDCs,brBB,,brBB,2013-02-26,Confirmação,Estável,
2026-09-25,FIDC ABERTO MIT - SUBORDINADAS,https://www.austin.com.br/Historico-Rating/1127/FIDC_Aberto_MIT_-_Subordinadas_,FIDCs,brBB,,brBB,2012-11-16,Confirmação,Estável,
2026-09-25,FIDC ABERTO MIT - SUBORDINADAS,https://www.austin.com.br/Historico-Rating/1127/FIDC_Aberto_MIT_-_Subordinadas_,FIDCs,brBB,,brBB,2012-08-21,Confirmação,Estável,
2026-09-25,FIDC ABERTO MIT - SUBORDINADAS,https://www.austin.com.br/Historico-Rating/1127/FIDC_Aberto_MIT_-_Subordinadas_,FIDCs,brBB,,brBB,2012-05-15,Confirmação,Estável,
2026-09-25,FIDC ABERTO MIT - SUBORDINADAS,https://www.austin.com.br/Historico-Rating/1127/FIDC_Aberto_MIT_-_Subordinadas_,FIDCs,brBB,,brBB,2012-03-26,Confirmação,Estável,
2026-09-25,FIDC ABERTO MIT - SUBORDINADAS,https://www.austin.com.br/Historico-Rating/1127/FIDC_Aberto_MIT_-_Subordinadas_,FIDCs,brBB,,brBB,2011-06-03,Rating Inicial,Estável,
2026-09-25,"FIDC ALBAUGH - 1ª, 2ª, 3ª E 5ª SÉRIES - SENIORES 1ª SÉRIE","https://www.austin.com.br/Historico-Rating/4536/FIDC_Albaugh_-_1ª,_2ª,_3ª_e_5ª_Séries_-_Seniores_1ª_série",FIDCs,brA,,brA,2024-08-21,Confirmação,Negativa,"https://www.austin.com.br/Relatorio/Rating/FIDC_Albaugh_-_1ª,_2ª,_3ª_e_5ª_Séries/11123"
2026-09-25,"FIDC ALBAUGH - 1ª, 2ª, 3ª E 5ª SÉRIES - SENIORES 1ª SÉRIE","https://www.austin.com.br/Historico-Rating/4536/FIDC_Albaugh_-_1ª,_2ª,_3ª_e_5ª_Séries_-_Seniores_1ª_série",FIDCs,brA,,brA,2024-05-10,Observação Negativa,,
2026-09-25,FIDC ALION CONSIGNADOS - SENIORES ÚNICA,https://www.austin.com.br/Historico-Rating/4604/FIDC_Alion_Consignados_-_Seniores_Única,FIDCs,brAA-,,brAA-,2024-07-01,Elevação,Estável,https://www.austin.com.br/Relatorio/Rating/FIDC_Alion_Consignados/10945
2026-09-25,FIDC ALION CONSIGNADOS - SUBORDINADAS MEZANINO,https://www.austin.com.br/Historico-Rating/4605/FIDC_Alion_Consignados_-_Subordinadas_Mezanino_,FIDCs,brBBB,,brBBB,2024-07-01,Confirmação,Estável,https://www.austin.com.br/Relatorio/Rating/FIDC_Alion_Consignados/10946
2026-09-25,FIDC ALION II CONSIGNADOS - SUBORDINADAS JÚNIOR,https://www.austin.com.br/Historico-Rating/4795/FIDC_Alion_II_Consignados_-_Subordinadas_Júnior_,FIDCs,brBB,,brBB,2024-08-13,Confirmação,Estável,https://www.austin.com.br/Relatorio/Rating/FIDC_Alion_II_Consignados/11208
2026-09-25,FIDC ALION II CONSIGNADOS - MEZANINO CLASSE A,https://www.austin.com.br/Historico-Rating/4794/FIDC_Alion_II_Consignados_-_Mezanino_Classe_A_,FIDCs,brBBB,,brBBB,2024-08-13,Confirmação,Estável,https://www.austin.com.br/Relatorio/Rating/FIDC_Alion_II_Consignados/11207
2026-09-25,FIDC ALION II CONSIGNADOS - SENIORES ÚNICA,https://www.austin.com.br/Historico-Rating/4792/FIDC_Alion_II_Consignados_-_Seniores_Única,FIDCs,brAA,,brAA,2024-08-13,Confirmação,Estável,https://www.austin.com.br/Relatorio/Rating/FIDC_Alion_II_Consignados/11205
2026-09-25,FIDC ALION II CONSIGNADOS - MEZANINO CLASSE B,https://www.austin.com.br/Historico-Rating/4793/FIDC_Alion_II_Consignados_-_Mezanino_Classe_B_,FIDCs,brA,,brA,2024-08-13,Confirmação,Estável,https://www.austin.com.br/Relatorio/Rating/FIDC_Alion_II_Consignados/11206
2026-09-25,FIDC ALION III CONSIGNADOS - MEZANINO CLASSE A,https://www.austin.com.br/Historico-Rating/4442/FIDC_Alion_III_Consignados_-_Mezanino_Classe_A_,FIDCs,brBBB,,brBBB,2024-03-06,Rating Inicial,Estável,
2026-09-25,FIDC ANGÁ CREDITAS CONSIGNADO PRIVADO - SUBORDINADAS PREFERENCIAIS,https://www.austin.com.br/Historico-Rating/4020/FIDC_Angá_Creditas_Consignado_Privado_-_Subordinadas_Preferenciais_,FIDCs,brBBB+,,brBBB+,2022-06-23,Rating Inicial,Estável,
2026-09-25,FIDC ALION III CONSIGNADOS - SENIORES 1ª SÉRIE,https://www.austin.com.br/Historico-Rating/4440/FIDC_Alion_III_Consignados_-_Seniores_1ª_série,FIDCs,brAA,,brAA,2024-03-06,Rating Inicial,Estável,
2026-09-25,FIDC ALION III CONSIGNADOS - MEZANINO CLASSE B,https://www.austin.com.br/Historico-Rating/4441/FIDC_Alion_III_Consignados_-_Mezanino_Classe_B_,FIDCs,brA,,brA,2024-03-06,Rating Inicial,Estável,
2026-09-25,FIDC ANGÁ CREDITAS CONSIGNADO PRIVADO - SUBORDINADAS PREFERENCIAIS,https://www.austin.com.br/Historico-Rating/4018/FIDC_Angá_Creditas_Consignado_Privado_-_Subordinadas_Preferenciais_,FIDCs,brBBB+,,brBBB+,2022-06-23,Confirmação,Estável,
2026-09-25,FIDC ANGÁ CREDITAS CONSIGNADO PRIVADO - SENIORES 2ª SÉRIE,https://www.austin.com.br/Historico-Rating/4017/FIDC_Angá_Creditas_Consignado_Privado_-_Seniores_2ª_série,FIDCs,brA+,,brA+,2022-06-23,Confirmação,Estável,
2026-09-25,FIDC ANGÁ CREDITAS CONSIGNADO PRIVADO - SUBORDINADAS PREFERENCIAIS,https://www.austin.com.br/Historico-Rating/3860/FIDC_Angá_Creditas_Consignado_Privado_-_Subordinadas_Preferenciais_,FIDCs,brBBB+,,brBBB+,2022-06-23,Confirmação,Estável,
2026-09-25,FIDC ANGÁ CREDITAS CONSIGNADO PRIVADO - SUBORDINADAS PREFERENCIAIS,https://www.austin.com.br/Historico-Rating/3860/FIDC_Angá_Creditas_Consignado_Privado_-_Subordinadas_Preferenciais_,FIDCs,brBBB+,,brBBB+,2021-10-13,Rating Inicial,Estável,https://www.austin.com.br/Relatorio/Rating/FIDC_Angá_Creditas_Consignado_Privado/10244
2026-09-25,FIDC ANGÁ CREDITAS CONSIGNADO PRIVADO - SENIORES 1ª SÉRIE,https://www.austin.com.br/Historico-Rating/4019/FIDC_Angá_Creditas_Consignado_Privado_-_Seniores_1ª_série,FIDCs,brA+,,brA+,2022-06-23,Rating Inicial,Estável,
2026-09-25,FIDC ANGÁ FGTS - SENIORES ÚNICA,https://www.austin.com.br/Historico-Rating/4779/FIDC_Angá_FGTS_-_Seniores_Única,FIDCs,brAA-,,brAA-,2024-07-02,Confirmação,Estável,https://www.austin.com.br/Relatorio/Rating/FIDC_Angá_FGTS/11187
2026-09-25,FIDC ANGÁ FACTA CONSIGNADOS INSS I - SUBORDINADAS ORDINÁRIAS,https://www.austin.com.br/Historico-Rating/3622/FIDC_Angá_Facta_Consignados_INSS_I_-_Subordinadas_Ordinárias_,FIDCs,brB+,,brB+,2020-10-02,Rating Inicial,Estável,https://www.austin.com.br/Relatorio/Rating/FIDC_Angá_Facta_Consignados_INSS_I/10063
2026-09-25,FIDC ANGÁ MULTI CONSIGNADOS I - SUBORDINADAS,https://www.austin.com.br/Historico-Rating/3611/FIDC_Angá_Multi_Consignados_I_-_Subordinadas_,FIDCs,brBB-,,brBB-,2020-09-22,Rating Preliminar,,https://www.austin.com.br/Relatorio/Rating/FIDC_Angá_Multi_Consignados_I/10072
2026-09-25,FIDC ANGÁ FGTS - SUBORDINADAS MEZANINO,https://www.austin.com.br/Historico-Rating/4780/FIDC_Angá_FGTS_-_Subordinadas_Mezanino_,FIDCs,brBBB+,,brBBB+,2024-07-02,Confirmação,Estável,https://www.austin.com.br/Relatorio/Rating/FIDC_Angá_FGTS/11188
2026-09-25,FIDC ANGÁ LEASING 2921 - SENIORES 1ª SÉRIE,https://www.austin.com.br/Historico-Rating/2680/FIDC_Angá_Leasing_2921_-_Seniores_1ª_série,FIDCs,brA,,brA,2020-02-13,Confirmação,Estável,https://www.austin.com.br/Relatorio/Rating/FIDC_Angá_Leasing_2921/9653
2026-09-25,FIDC ANGÁ LEASING 2921 - SENIORES 1ª SÉRIE,https://www.austin.com.br/Historico-Rating/2680/FIDC_Angá_Leasing_2921_-_Seniores_1ª_série,FIDCs,brA,,brA,2019-11-21,Confirmação,Estável,
2026-09-25,FIDC ANGÁ LEASING 2921 - SENIORES 1ª SÉRIE,https://www.austin.com.br/Historico-Rating/2680/FIDC_Angá_Leasing_2921_-_Seniores_1ª_série,FIDCs,brA,,brA,2019-09-04,Confirmação,Estável,
2026-09-25,FIDC ANGÁ LEASING 2921 - SENIORES 1ª SÉRIE,https://www.austin.com.br/Historico-Rating/2680/FIDC_Angá_Leasing_2921_-_Seniores_1ª_série,FIDCs,brA,,brA,2019-05-17,Confirmação,Estável,
2026-09-25,FIDC ANGÁ LEASING 2921 - SENIORES 1ª SÉRIE,https://www.austin.com.br/Historico-Rating/2680/FIDC_Angá_Leasing_2921_-_Seniores_1ª_série,FIDCs,brA,,brA,2019-02-13,Confirmação,Estável,
2026-09-25,FIDC ANGÁ LEASING 2921 - SENIORES 1ª SÉRIE,https://www.austin.com.br/Historico-Rating/2680/FIDC_Angá_Leasing_2921_-_Seniores_1ª_série,FIDCs,brA,,brA,2018-11-12,Confirmação,Estável,
2026-09-25,FIDC ANGÁ LEASING 2921 - SENIORES 1ª SÉRIE,https://www.austin.com.br/Historico-Rating/2680/FIDC_Angá_Leasing_2921_-_Seniores_1ª_série,FIDCs,brA,,brA,2018-08-14,Confirmação,Estável,
2026-09-25,FIDC ANGÁ LEASING 2921 - SENIORES 1ª SÉRIE,https://www.austin.com.br/Historico-Rating/2680/FIDC_Angá_Leasing_2921_-_Seniores_1ª_série,FIDCs,brA,,brA,2018-05-09,Confirmação,Estável,
2026-09-25,FIDC ANGÁ LEASING 2921 - SENIORES 1ª SÉRIE,https://www.austin.com.br/Historico-Rating/2680/FIDC_Angá_Leasing_2921_-_Seniores_1ª_série,FIDCs,brA,,brA,2017-12-07,Rating Inicial,Estável,
2026-09-25,FIDC ANGÁ LEASING 2921 - SUBORDINADAS,https://www.austin.com.br/Historico-Rating/2679/FIDC_Angá_Leasing_2921_-_Subordinadas_,FIDCs,brB-,,brB-,2020-02-13,Confirmação,Estável,https://www.austin.com.br/Relatorio/Rating/FIDC_Angá_Leasing_2921/9652
2026-09-25,FIDC ANGÁ LEASING 2921 - SUBORDINADAS,https://www.austin.com.br/Historico-Rating/2679/FIDC_Angá_Leasing_2921_-_Subordinadas_,FIDCs,brB-,,brB-,2019-11-21,Confirmação,Estável,
2026-09-25,FIDC ANGÁ LEASING 2921 - SUBORDINADAS,https://www.austin.com.br/Historico-Rating/2679/FIDC_Angá_Leasing_2921_-_Subordinadas_,FIDCs,brB-,,brB-,2019-09-04,Confirmação,Estável,
2026-09-25,FIDC ANGÁ LEASING 2921 - SUBORDINADAS,https://www.austin.com.br/Historico-Rating/2679/FIDC_Angá_Leasing_2921_-_Subordinadas_,FIDCs,brB-,,brB-,2019-05-17,Elevação,Estável,
2026-09-25,FIDC ANGÁ LEASING 2921 - SUBORDINADAS,https://www.austin.com.br/Historico-Rating/2679/FIDC_Angá_Leasing_2921_-_Subordinadas_,FIDCs,brCCC,,brCCC,2019-02-13,Confirmação,Estável,
2026-09-25,FIDC ANGÁ LEASING 2921 - SUBORDINADAS,https://www.austin.com.br/Historico-Rating/2679/FIDC_Angá_Leasing_2921_-_Subordinadas_,FIDCs,brCCC,,brCCC,2018-11-12,Confirmação,Estável,
2026-09-25,FIDC ANGÁ LEASING 2921 - SUBORDINADAS,https://www.austin.com.br/Historico-Rating/2679/FIDC_Angá_Leasing_2921_-_Subordinadas_,FIDCs,brCCC,,brCCC,2018-08-14,Confirmação,Estável,
2026-09-25,FIDC ANGÁ LEASING 2921 - SUBORDINADAS,https://www.austin.com.br/Historico-Rating/2679/FIDC_Angá_Leasing_2921_-_Subordinadas_,FIDCs,brCCC,,brCCC,2018-05-09,Confirmação,Estável,
2026-09-25,FIDC ANGÁ LEASING 2921 - SUBORDINADAS,https://www.austin.com.br/Historico-Rating/2679/FIDC_Angá_Leasing_2921_-_Subordinadas_,FIDCs,brCCC,,brCCC,2017-12-07,Rating Inicial,Estável,
2026-09-25,FIDC ANGÁ MULTIESTRATÉGIA I - SUBORDINADAS,https://www.austin.com.br/Historico-Rating/2849/FIDC_Angá_Multiestratégia_I_-_Subordinadas_,FIDCs,brB+,,brB+,2020-02-13,Confirmação,Estável,https://www.austin.com.br/Relatorio/Rating/FIDC_Angá_Multiestratégia_I/9656
2026-09-25,FIDC ANGÁ MULTIESTRATÉGIA I - SUBORDINADAS,https://www.austin.com.br/Historico-Rating/2849/FIDC_Angá_Multiestratégia_I_-_Subordinadas_,FIDCs,brB+,,brB+,2019-11-21,Confirmação,Estável,
2026-09-25,FIDC ANGÁ MULTIESTRATÉGIA I - SUBORDINADAS,https://www.austin.com.br/Historico-Rating/2849/FIDC_Angá_Multiestratégia_I_-_Subordinadas_,FIDCs,brB+,,brB+,2019-09-04,Confirmação,Estável,
2026-09-25,FIDC ANGÁ MULTIESTRATÉGIA I - SUBORDINADAS,https://www.austin.com.br/Historico-Rating/2849/FIDC_Angá_Multiestratégia_I_-_Subordinadas_,FIDCs,brB+,,brB+,2019-05-21,Confirmação,Estável,
2026-09-25,FIDC ANGÁ MULTIESTRATÉGIA I - SUBORDINADAS,https://www.austin.com.br/Historico-Rating/2849/FIDC_Angá_Multiestratégia_I_-_Subordinadas_,FIDCs,brB+,,brB+,2019-02-13,Elevação,Estável,
2026-09-25,FIDC ANGÁ MULTIESTRATÉGIA I - SUBORDINADAS,https://www.austin.com.br/Historico-Rating/2849/FIDC_Angá_Multiestratégia_I_-_Subordinadas_,FIDCs,brB,,brB,2018-08-08,Rating Inicial,Estável,
2026-09-25,FIDC ANGÁ MULTI CONSIGNADOS I - SENIORES ÚNICA,https://www.austin.com.br/Historico-Rating/3610/FIDC_Angá_Multi_Consignados_I_-_Seniores_Única,FIDCs,brAA-,,brAA-,2020-09-21,Rating Preliminar,,https://www.austin.com.br/Relatorio/Rating/FIDC_Angá_Multi_Consignados_I/10073
2026-09-25,FIDC ANGÁ MULTIESTRATÉGIA II - SENIORES 1ª SÉRIE,https://www.austin.com.br/Historico-Rating/3120/FIDC_Angá_Multiestratégia_II_-_Seniores_1ª_série,FIDCs,brBBB-,,brBBB-,2020-02-17,Confirmação,Estável,https://www.austin.com.br/Relatorio/Rating/FIDC_Angá_Multiestratégia_II/9657
2026-09-25,FIDC ANGÁ MULTIESTRATÉGIA II - SENIORES 1ª SÉRIE,https://www.austin.com.br/Historico-Rating/3120/FIDC_Angá_Multiestratégia_II_-_Seniores_1ª_série,FIDCs,brBBB-,,brBBB-,2019-09-12,Rating Inicial,Estável,
2026-09-25,FIDC ANGÁ SABEMI CONSIGNADOS XI  - SUBORDINADAS ORDINÁRIAS,https://www.austin.com.br/Historico-Rating/3767/FIDC_Angá_Sabemi_Consignados_XI__-_Subordinadas_Ordinárias_,FIDCs,brBB+,,brBB+,2024-08-21,Confirmação,Estável,https://www.austin.com.br/Relatorio/Rating/FIDC_Angá_Sabemi_Consignados_XI_/11210
2026-09-25,FIDC ANGÁ SABEMI CONSIGNADOS IX - SUBORDINADAS ORDINÁRIAS,https://www.austin.com.br/Historico-Rating/2966/FIDC_Angá_Sabemi_Consignados_IX_-_Subordinadas_Ordinárias_,FIDCs,brBB+,,brBB+,2021-02-22,Elevação,Estável,
2026-09-25,FIDC ANGÁ SABEMI CONSIGNADOS IX - SUBORDINADAS ORDINÁRIAS,https://www.austin.com.br/Historico-Rating/2966/FIDC_Angá_Sabemi_Consignados_IX_-_Subordinadas_Ordinárias_,FIDCs,brBB-,,brBB-,2020-02-13,Confirmação,Estável,https://www.austin.com.br/Relatorio/Rating/FIDC_Angá_Sabemi_Consignados_IX/9660
2026-09-25,FIDC ANGÁ SABEMI CONSIGNADOS IX - SUBORDINADAS ORDINÁRIAS,https://www.austin.com.br/Historico-Rating/2966/FIDC_Angá_Sabemi_Consignados_IX_-_Subordinadas_Ordinárias_,FIDCs,brBB-,,brBB-,2019-11-27,Confirmação,Estável,
2026-09-25,FIDC ANGÁ SABEMI CONSIGNADOS IX - SUBORDINADAS ORDINÁRIAS,https://www.austin.com.br/Historico-Rating/2966/FIDC_Angá_Sabemi_Consignados_IX_-_Subordinadas_Ordinárias_,FIDCs,brBB-,,brBB-,2019-09-04,Confirmação,Estável,
2026-09-25,FIDC ANGÁ SABEMI CONSIGNADOS IX - SUBORDINADAS ORDINÁRIAS,https://www.austin.com.br/Historico-Rating/2966/FIDC_Angá_Sabemi_Consignados_IX_-_Subordinadas_Ordinárias_,FIDCs,brBB-,,brBB-,2019-05-17,Confirmação,Estável,
2026-09-25,FIDC ANGÁ SABEMI CONSIGNADOS IX - SUBORDINADAS ORDINÁRIAS,https://www.austin.com.br/Historico-Rating/2966/FIDC_Angá_Sabemi_Consignados_IX_-_Subordinadas_Ordinárias_,FIDCs,brBB-,,brBB-,2019-02-21,Confirmação,Estável,
2026-09-25,FIDC ANGÁ SABEMI CONSIGNADOS IX - SUBORDINADAS ORDINÁRIAS,https://www.austin.com.br/Historico-Rating/2966/FIDC_Angá_Sabemi_Consignados_IX_-_Subordinadas_Ordinárias_,FIDCs,brBB-,,brBB-,2018-11-12,Confirmação,Estável,
2026-09-25,FIDC ANGÁ SABEMI CONSIGNADOS IX - SUBORDINADAS ORDINÁRIAS,https://www.austin.com.br/Historico-Rating/2966/FIDC_Angá_Sabemi_Consignados_IX_-_Subordinadas_Ordinárias_,FIDCs,brBB-,,brBB-,2018-06-01,Rating Inicial,Estável,
2026-09-25,FIDC ANGÁ MULTIESTRATÉGIA I - SENIORES 1ª SÉRIE,https://www.austin.com.br/Historico-Rating/2848/FIDC_Angá_Multiestratégia_I_-_Seniores_1ª_série,FIDCs,brBBB,,brBBB,2020-02-13,Confirmação,Estável,https://www.austin.com.br/Relatorio/Rating/FIDC_Angá_Multiestratégia_I/9654
2026-09-25,FIDC ANGÁ MULTIESTRATÉGIA I - SENIORES 1ª SÉRIE,https://www.austin.com.br/Historico-Rating/2848/FIDC_Angá_Multiestratégia_I_-_Seniores_1ª_série,FIDCs,brBBB,,brBBB,2019-11-21,Confirmação,Estável,
2026-09-25,FIDC ANGÁ MULTIESTRATÉGIA I - SENIORES 1ª SÉRIE,https://www.austin.com.br/Historico-Rating/2848/FIDC_Angá_Multiestratégia_I_-_Seniores_1ª_série,FIDCs,brBBB,,brBBB,2019-09-04,Confirmação,Estável,
2026-09-25,FIDC ANGÁ MULTIESTRATÉGIA I - SENIORES 1ª SÉRIE,https://www.austin.com.br/Historico-Rating/2848/FIDC_Angá_Multiestratégia_I_-_Seniores_1ª_série,FIDCs,brBBB,,brBBB,2019-05-21,Confirmação,Estável,
2026-09-25,FIDC ANGÁ MULTIESTRATÉGIA I - SENIORES 1ª SÉRIE,https://www.austin.com.br/Historico-Rating/2848/FIDC_Angá_Multiestratégia_I_-_Seniores_1ª_série,FIDCs,brBBB,,brBBB,2019-02-13,Elevação,Estável,
2026-09-25,FIDC ANGÁ MULTIESTRATÉGIA I - SENIORES 1ª SÉRIE,https://www.austin.com.br/Historico-Rating/2848/FIDC_Angá_Multiestratégia_I_-_Seniores_1ª_série,FIDCs,brBBB-,,brBBB-,2018-08-08,Rating Inicial,Estável,
2026-09-25,FIDC ANGÁ MULTIESTRATÉGIA II - SUBORDINADAS,https://www.austin.com.br/Historico-Rating/3121/FIDC_Angá_Multiestratégia_II_-_Subordinadas_,FIDCs,brB,,brB,2020-02-17,Confirmação,Estável,https://www.austin.com.br/Relatorio/Rating/FIDC_Angá_Multiestratégia_II/9658
2026-09-25,FIDC ANGÁ MULTIESTRATÉGIA II - SUBORDINADAS,https://www.austin.com.br/Historico-Rating/3121/FIDC_Angá_Multiestratégia_II_-_Subordinadas_,FIDCs,brB,,brB,2019-09-12,Rating Inicial,Estável,
2026-09-25,FIDC ANGÁ SABEMI X - SUBORDINADAS ORDINÁRIAS,https://www.austin.com.br/Historico-Rating/3116/FIDC_Angá_Sabemi_X_-_Subordinadas_Ordinárias_,FIDCs,brBB-,,brBB-,2024-08-15,Confirmação,Estável,https://www.austin.com.br/Relatorio/Rating/FIDC_Angá_Sabemi_X/11209
2026-09-25,FIDC ANGÁ SABEMI X - SUBORDINADAS ORDINÁRIAS,https://www.austin.com.br/Historico-Rating/3116/FIDC_Angá_Sabemi_X_-_Subordinadas_Ordinárias_,FIDCs,brBB+,,brBB+,2021-02-22,Elevação,Estável,
2026-09-25,FIDC ANGÁ SABEMI X - SUBORDINADAS ORDINÁRIAS,https://www.austin.com.br/Historico-Rating/3116/FIDC_Angá_Sabemi_X_-_Subordinadas_Ordinárias_,FIDCs,brBB-,,brBB-,2020-02-13,Confirmação,Estável,
2026-09-25,FIDC ANGÁ SABEMI X - SUBORDINADAS ORDINÁRIAS,https://www.austin.com.br/Historico-Rating/3116/FIDC_Angá_Sabemi_X_-_Subordinadas_Ordinárias_,FIDCs,brBB-,,brBB-,2019-10-29,Elevação,Estável,
2026-09-25,FIDC ANGÁ SABEMI X - SUBORDINADAS ORDINÁRIAS,https://www.austin.com.br/Historico-Rating/3116/FIDC_Angá_Sabemi_X_-_Subordinadas_Ordinárias_,FIDCs,brB,,brB,2019-07-15,Rating Inicial,Estável,
2026-09-25,FIDC ARTESANAL MP MICROFINANÇAS - SENIORES 2ª SÉRIE,https://www.austin.com.br/Historico-Rating/3165/FIDC_Artesanal_MP_Microfinanças_-_Seniores_2ª_série,FIDCs,brBB+,,brBB+,2020-04-02,Observação Negativa,,https://www.austin.com.br/Relatorio/Rating/FIDC_Artesanal_MP_Microfinanças/9743
2026-09-25,FIDC ARTESANAL MP MICROFINANÇAS - SENIORES 2ª SÉRIE,https://www.austin.com.br/Historico-Rating/3165/FIDC_Artesanal_MP_Microfinanças_-_Seniores_2ª_série,FIDCs,brBB+,,brBB+,2019-08-21,Confirmação,Estável,
2026-09-25,FIDC ARTESANAL MP MICROFINANÇAS - SENIORES 2ª SÉRIE,https://www.austin.com.br/Historico-Rating/3165/FIDC_Artesanal_MP_Microfinanças_-_Seniores_2ª_série,FIDCs,brBB+,,brBB+,2019-03-27,Rating Inicial,Estável,
2026-09-25,FIDC ARTESANAL MP MICROFINANÇAS - SUBORDINADAS JÚNIOR,https://www.austin.com.br/Historico-Rating/3176/FIDC_Artesanal_MP_Microfinanças_-_Subordinadas_Júnior_,FIDCs,brCC,,brCC,2020-04-02,Observação Negativa,,https://www.austin.com.br/Relatorio/Rating/FIDC_Artesanal_MP_Microfinanças/9744
2026-09-25,FIDC ARTESANAL MP MICROFINANÇAS - SUBORDINADAS JÚNIOR,https://www.austin.com.br/Historico-Rating/3176/FIDC_Artesanal_MP_Microfinanças_-_Subordinadas_Júnior_,FIDCs,brCC,,brCC,2019-08-21,Confirmação,Estável,
2026-09-25,FIDC ARTESANAL MP MICROFINANÇAS - SUBORDINADAS JÚNIOR,https://www.austin.com.br/Historico-Rating/3176/FIDC_Artesanal_MP_Microfinanças_-_Subordinadas_Júnior_,FIDCs,brCC,,brCC,2019-04-08,Rating Inicial,Estável,
2026-09-25,FIDC ANGÁ FGTS - SUBORDINADAS JÚNIOR,https://www.austin.com.br/Historico-Rating/4781/FIDC_Angá_FGTS_-_Subordinadas_Júnior_,FIDCs,brBB,,brBB,2024-07-02,Confirmação,Estável,https://www.austin.com.br/Relatorio/Rating/FIDC_Angá_FGTS/11189
2026-09-25,FIDC BANCO EMISSORES DE CARTÃO DE CRÉDITO V - SUBORDINADAS,https://www.austin.com.br/Historico-Rating/4014/FIDC_Banco_Emissores_de_Cartão_de_Crédito_V_-_Subordinadas_,FIDCs,brAA-,,brAA-,2022-06-17,Rating Inicial,Estável,
2026-09-25,FIDC ARTESANAL MP MICROFINANÇAS - MEZANINO CLASSE C,https://www.austin.com.br/Historico-Rating/3163/FIDC_Artesanal_MP_Microfinanças_-_Mezanino_Classe_C_,FIDCs,brB,,brB,2020-04-02,Observação Negativa,,https://www.austin.com.br/Relatorio/Rating/FIDC_Artesanal_MP_Microfinanças/9742
2026-09-25,FIDC ARTESANAL MP MICROFINANÇAS - MEZANINO CLASSE C,https://www.austin.com.br/Historico-Rating/3163/FIDC_Artesanal_MP_Microfinanças_-_Mezanino_Classe_C_,FIDCs,brB,,brB,2019-08-21,Confirmação,Estável,
2026-09-25,FIDC ARTESANAL MP MICROFINANÇAS - MEZANINO CLASSE C,https://www.austin.com.br/Historico-Rating/3163/FIDC_Artesanal_MP_Microfinanças_-_Mezanino_Classe_C_,FIDCs,brB,,brB,2019-03-27,Rating Inicial,Estável,
2026-09-25,FIDC ARTESANAL MP MICROFINANÇAS - SENIORES 1ª SÉRIE,https://www.austin.com.br/Historico-Rating/3164/FIDC_Artesanal_MP_Microfinanças_-_Seniores_1ª_série,FIDCs,brBB+,,brBB+,2019-03-27,Rating Inicial,Estável,https://www.austin.com.br/Relatorio/Rating/FIDC_Artesanal_MP_Microfinanças/8568
2026-09-25,FIDC BANCOS EMISSORES DE CARTÃO DE CRÉDITO V - SUBORDINADAS,https://www.austin.com.br/Historico-Rating/4615/FIDC_Bancos_Emissores_de_Cartão_de_Crédito_V_-_Subordinadas_,FIDCs,brAA-,,brAA-,2024-07-25,Confirmação,Estável,https://www.austin.com.br/Relatorio/Rating/FIDC_Bancos_Emissores_de_Cartão_de_Crédito_V/10970
2026-09-25,FIDC AUTO-HONDA - SENIORES ÚNICA,https://www.austin.com.br/Historico-Rating/2782/FIDC_Auto-Honda_-_Seniores_Única,FIDCs,brA,,brA,2024-07-17,Confirmação,Estável,https://www.austin.com.br/Relatorio/Rating/FIDC_Auto-Honda/10965
2026-09-25,FIDC AUTO-HONDA - SENIORES ÚNICA,https://www.austin.com.br/Historico-Rating/2782/FIDC_Auto-Honda_-_Seniores_Única,FIDCs,brA,,brA,2020-02-11,Confirmação,Estável,
2026-09-25,FIDC AUTO-HONDA - SENIORES ÚNICA,https://www.austin.com.br/Historico-Rating/2782/FIDC_Auto-Honda_-_Seniores_Única,FIDCs,brA,,brA,2019-11-11,Confirmação,Estável,
2026-09-25,FIDC AUTO-HONDA - SENIORES ÚNICA,https://www.austin.com.br/Historico-Rating/2782/FIDC_Auto-Honda_-_Seniores_Única,FIDCs,brA,,brA,2019-08-08,Confirmação,Estável,
2026-09-25,FIDC AUTO-HONDA - SENIORES ÚNICA,https://www.austin.com.br/Historico-Rating/2782/FIDC_Auto-Honda_-_Seniores_Única,FIDCs,brA,,brA,2019-05-08,Confirmação,Estável,
2026-09-25,FIDC AUTO-HONDA - SENIORES ÚNICA,https://www.austin.com.br/Historico-Rating/2782/FIDC_Auto-Honda_-_Seniores_Única,FIDCs,brA,,brA,2019-02-13,Confirmação,Estável,
2026-09-25,FIDC AUTO-HONDA - SENIORES ÚNICA,https://www.austin.com.br/Historico-Rating/2782/FIDC_Auto-Honda_-_Seniores_Única,FIDCs,brA,,brA,2018-08-02,Confirmação,Estável,
2026-09-25,FIDC AUTO-HONDA - SENIORES ÚNICA,https://www.austin.com.br/Historico-Rating/2782/FIDC_Auto-Honda_-_Seniores_Única,FIDCs,brA,,brA,2018-05-04,Confirmação,Estável,
2026-09-25,FIDC AUTO-HONDA - SENIORES ÚNICA,https://www.austin.com.br/Historico-Rating/2782/FIDC_Auto-Honda_-_Seniores_Única,FIDCs,brA,,brA,2018-02-08,Rating Inicial,Estável,
2026-09-25,FIDC BANDEIRANTES - SENIORES ÚNICA,https://www.austin.com.br/Historico-Rating/5091/FIDC_Bandeirantes_-_Seniores_Única,FIDCs,brA+,,brA+,2025-12-10,Rating Preliminar,,https://www.austin.com.br/Relatorio/Rating/FIDC_Bandeirantes/11495
2026-09-25,FIDC BEEF TECH - SUBORDINADAS JÚNIOR,https://www.austin.com.br/Historico-Rating/3619/FIDC_Beef_Tech_-_Subordinadas_Júnior_,FIDCs,brB-,,brB-,2021-02-22,Rating Inicial,Estável,https://www.austin.com.br/Relatorio/Rating/FIDC_Beef_Tech/10059
2026-09-25,FIDC BNP PARIBAS CAFAM INFRAESTRUTURA I - SUBORDINADAS MEZANINO,https://www.austin.com.br/Historico-Rating/2954/FIDC_BNP_Paribas_CAFAM_Infraestrutura_I_-_Subordinadas_Mezanino_,FIDCs,brA-,,brA-,2018-12-05,Rating Inicial,Estável,https://www.austin.com.br/Relatorio/Rating/FIDC_BNP_Paribas_CAFAM_Infraestrutura_I/8032
2026-09-25,FIDC BRZ CAPITAL CONSIG I  - SUBORDINADAS JÚNIOR,https://www.austin.com.br/Historico-Rating/3730/FIDC_BRZ_Capital_Consig_I__-_Subordinadas_Júnior_,FIDCs,brBB+,,brBB+,2025-05-14,Confirmação,Estável,
2026-09-25,FIDC BEEF TECH - SENIORES ÚNICA,https://www.austin.com.br/Historico-Rating/3617/FIDC_Beef_Tech_-_Seniores_Única,FIDCs,brBB-,,brBB-,2021-02-22,Rating Inicial,Estável,https://www.austin.com.br/Relatorio/Rating/FIDC_Beef_Tech/10057
2026-09-25,FIDC BNP PARIBAS CAFAM INFRAESTRUTURA I - SENIORES ÚNICA,https://www.austin.com.br/Historico-Rating/2955/FIDC_BNP_Paribas_CAFAM_Infraestrutura_I_-_Seniores_Única,FIDCs,brAA,,brAA,2018-12-05,Rating Inicial,Estável,https://www.austin.com.br/Relatorio/Rating/FIDC_BNP_Paribas_CAFAM_Infraestrutura_I/8033
2026-09-25,FIDC BRZ CAPITAL CONSIG I  - SENIORES ÚNICA,https://www.austin.com.br/Historico-Rating/3728/FIDC_BRZ_Capital_Consig_I__-_Seniores_Única,FIDCs,brAA+,,brAA+,2025-05-14,Confirmação,Estável,
2026-09-25,FIDC BEEF TECH - SUBORDINADAS MEZANINO,https://www.austin.com.br/Historico-Rating/3618/FIDC_Beef_Tech_-_Subordinadas_Mezanino_,FIDCs,brB,,brB,2021-02-22,Rating Inicial,Estável,https://www.austin.com.br/Relatorio/Rating/FIDC_Beef_Tech/10058
2026-09-25,FIDC BRZ CAPITAL CONSIG I  - SUBORDINADAS MEZANINO,https://www.austin.com.br/Historico-Rating/3729/FIDC_BRZ_Capital_Consig_I__-_Subordinadas_Mezanino_,FIDCs,brA+,,brA+,2025-05-14,Confirmação,Estável,
2026-09-25,FIDC BRZ CIASPREV II - SUBORDINADAS JÚNIOR,https://www.austin.com.br/Historico-Rating/3707/FIDC_BRZ_Ciasprev_II_-_Subordinadas_Júnior_,FIDCs,brBB,,brBB,2024-08-21,Confirmação,Estável,https://www.austin.com.br/Relatorio/Rating/FIDC_BRZ_Ciasprev_II/11229
2026-09-25,FIDC BRZ CIASPREV II - SUBORDINADAS JÚNIOR,https://www.austin.com.br/Historico-Rating/3707/FIDC_BRZ_Ciasprev_II_-_Subordinadas_Júnior_,FIDCs,brBB,,brBB,2021-02-16,Elevação,Estável,
2026-09-25,FIDC BRZ CIASPREV II - SENIORES ÚNICA,https://www.austin.com.br/Historico-Rating/3252/FIDC_BRZ_Ciasprev_II_-_Seniores_Única,FIDCs,brAA,,brAA,2024-08-21,Confirmação,Estável,https://www.austin.com.br/Relatorio/Rating/FIDC_BRZ_Ciasprev_II/11227
2026-09-25,FIDC BRZ CIASPREV II - SENIORES ÚNICA,https://www.austin.com.br/Historico-Rating/3252/FIDC_BRZ_Ciasprev_II_-_Seniores_Única,FIDCs,brAA,,brAA,2021-02-16,Elevação,Estável,
2026-09-25,FIDC BRZ CIASPREV II - SENIORES ÚNICA,https://www.austin.com.br/Historico-Rating/3252/FIDC_BRZ_Ciasprev_II_-_Seniores_Única,FIDCs,brA+,,brA+,2020-02-27,Rating Inicial,Estável,
2026-09-25,FIDC BRZ CIASPREV II - SUBORDINADAS MEZANINO,https://www.austin.com.br/Historico-Rating/3253/FIDC_BRZ_Ciasprev_II_-_Subordinadas_Mezanino_,FIDCs,brA,,brA,2024-08-21,Confirmação,Estável,https://www.austin.com.br/Relatorio/Rating/FIDC_BRZ_Ciasprev_II/11228
2026-09-25,FIDC BRZ CIASPREV II - SUBORDINADAS MEZANINO,https://www.austin.com.br/Historico-Rating/3253/FIDC_BRZ_Ciasprev_II_-_Subordinadas_Mezanino_,FIDCs,brA,,brA,2021-02-16,Elevação,Estável,
2026-09-25,FIDC BRZ CIASPREV II - SUBORDINADAS MEZANINO,https://www.austin.com.br/Historico-Rating/3253/FIDC_BRZ_Ciasprev_II_-_Subordinadas_Mezanino_,FIDCs,brA-,,brA-,2020-02-27,Rating Inicial,Estável,
2026-09-25,FIDC BUNGE BRASIL  - SENIORES 1ª SÉRIE,https://www.austin.com.br/Historico-Rating/1374/FIDC_Bunge_Brasil__-_Seniores_1ª_série,FIDCs,brAA,,brAA,2012-11-23,Rating Preliminar,,https://www.austin.com.br/Relatorio/Rating/FIDC_Bunge_Brasil_/4263
2026-09-25,FIDC CADEIAS AGROINDUSTRIAIS– FIAGRO ÂNIMA COCARI - SENIORES 1ª SÉRIE,https://www.austin.com.br/Historico-Rating/5032/FIDC_Cadeias_Agroindustriais–_Fiagro_Ânima_Cocari_-_Seniores_1ª_série,FIDCs,brBBB,,brBBB,2025-10-15,Rating Inicial,Estável,https://www.austin.com.br/Relatorio/Rating/FIDC_Cadeias_Agroindustriais–_Fiagro_Ânima_Cocari/11440
2026-09-25,FIDC CAP - SUBORDINADAS PREFERENCIAIS,https://www.austin.com.br/Historico-Rating/4698/FIDC_Cap_-_Subordinadas_Preferenciais_,FIDCs,brBBB+,,brBBB+,2024-08-13,Confirmação,Estável,https://www.austin.com.br/Relatorio/Rating/FIDC_Cap/11092
2026-09-25,FIDC CAP - SUBORDINADAS PREFERENCIAIS,https://www.austin.com.br/Historico-Rating/4699/FIDC_Cap_-_Subordinadas_Preferenciais_,FIDCs,brBBB+,,brBBB+,2024-08-13,Confirmação,Estável,https://www.austin.com.br/Relatorio/Rating/FIDC_Cap/11093
2026-09-25,FIDC CAP - SENIORES 2ª SÉRIE,https://www.austin.com.br/Historico-Rating/4697/FIDC_Cap_-_Seniores_2ª_série,FIDCs,brA+,,brA+,2024-08-13,Confirmação,Estável,https://www.austin.com.br/Relatorio/Rating/FIDC_Cap/11091
2026-09-25,FIDC CAP - SENIORES 1ª SÉRIE,https://www.austin.com.br/Historico-Rating/4696/FIDC_Cap_-_Seniores_1ª_série,FIDCs,brA+,,brA+,2024-08-13,Confirmação,Estável,https://www.austin.com.br/Relatorio/Rating/FIDC_Cap/11090
2026-09-25,FIDC CAPITAL BR  - SENIORES 1ª SÉRIE,https://www.austin.com.br/Historico-Rating/3391/FIDC_Capital_BR__-_Seniores_1ª_série,FIDCs,brBB+,,brBB+,2019-11-11,Rating Preliminar,,https://www.austin.com.br/Relatorio/Rating/FIDC_Capital_BR_/9555
2026-09-25,FIDC CERES CONFINA - MEZANINO CLASSE B,https://www.austin.com.br/Historico-Rating/4656/FIDC_Ceres_Confina_-_Mezanino_Classe_B_,FIDCs,brBBB,,brBBB,2024-08-08,Rating Inicial,Estável,https://www.austin.com.br/Relatorio/Rating/FIDC_Ceres_Confina/11033
2026-09-25,FIDC CEEE VII-D - SENIORES 2ª SÉRIE,https://www.austin.com.br/Historico-Rating/3000/FIDC_CEEE_VII-D_-_Seniores_2ª_série,FIDCs,brAAA,,brAAA,2018-08-01,Rating Preliminar,,https://www.austin.com.br/Relatorio/Rating/FIDC_CEEE_VII-D/8263
2026-09-25,FIDC CAR10  - SENIORES ÚNICA,https://www.austin.com.br/Historico-Rating/3774/FIDC_Car10__-_Seniores_Única,FIDCs,brA,,brA,2021-03-16,Rating Preliminar,,
2026-09-25,FIDC CERES CONFINA - SENIORES 2ª SÉRIE,https://www.austin.com.br/Historico-Rating/4630/FIDC_Ceres_Confina_-_Seniores_2ª_série,FIDCs,brA,,brA,2024-08-08,Confirmação,Estável,
2026-09-25,FIDC CERES CONFINA - SENIORES 2ª SÉRIE,https://www.austin.com.br/Historico-Rating/4630/FIDC_Ceres_Confina_-_Seniores_2ª_série,FIDCs,brA,,brA,2024-06-07,Rating Inicial,Estável,https://www.austin.com.br/Relatorio/Rating/FIDC_Ceres_Confina/10997
2026-09-25,FIDC CEEE VII-D - SENIORES 1ª SÉRIE,https://www.austin.com.br/Historico-Rating/2999/FIDC_CEEE_VII-D_-_Seniores_1ª_série,FIDCs,brAAA,,brAAA,2018-08-01,Rating Preliminar,,https://www.austin.com.br/Relatorio/Rating/FIDC_CEEE_VII-D/8262
2026-09-25,FIDC CENTERCOB - SENIORES ÚNICA,https://www.austin.com.br/Historico-Rating/2920/FIDC_Centercob_-_Seniores_Única,FIDCs,brA-,,brA-,2018-03-16,Rating Preliminar,,https://www.austin.com.br/Relatorio/Rating/FIDC_Centercob/7994
2026-09-25,FIDC CERES CONFINA - SUBORDINADAS JÚNIOR,https://www.austin.com.br/Historico-Rating/4081/FIDC_Ceres_Confina_-_Subordinadas_Júnior_,FIDCs,brB+,,brB+,2024-08-08,Confirmação,Estável,https://www.austin.com.br/Relatorio/Rating/FIDC_Ceres_Confina/11032
2026-09-25,FIDC CERES CONFINA - SUBORDINADAS JÚNIOR,https://www.austin.com.br/Historico-Rating/4081/FIDC_Ceres_Confina_-_Subordinadas_Júnior_,FIDCs,brB+,,brB+,2024-06-07,Confirmação,Estável,
2026-09-25,FIDC CERES CONFINA - SUBORDINADAS JÚNIOR,https://www.austin.com.br/Historico-Rating/4081/FIDC_Ceres_Confina_-_Subordinadas_Júnior_,FIDCs,brB-,,brB-,2022-04-08,Rating Inicial,Estável,
2026-09-25,FIDC CONSIGNADOS FEDERAIS - SUBORDINADAS ORDINÁRIAS,https://www.austin.com.br/Historico-Rating/3349/FIDC_Consignados_Federais_-_Subordinadas_Ordinárias_,FIDCs,brBB-,,brBB-,2019-09-27,Rating Preliminar,,https://www.austin.com.br/Relatorio/Rating/FIDC_Consignados_Federais/9415
2026-09-25,FIDC CERES CONFINA - SENIORES 1ª SÉRIE,https://www.austin.com.br/Historico-Rating/4079/FIDC_Ceres_Confina_-_Seniores_1ª_série,FIDCs,brA,,brA,2024-08-08,Confirmação,Estável,https://www.austin.com.br/Relatorio/Rating/FIDC_Ceres_Confina/11030
2026-09-25,FIDC CERES CONFINA - SENIORES 1ª SÉRIE,https://www.austin.com.br/Historico-Rating/4079/FIDC_Ceres_Confina_-_Seniores_1ª_série,FIDCs,brA,,brA,2024-06-07,Confirmação,Estável,
2026-09-25,FIDC CERES CONFINA - SENIORES 1ª SÉRIE,https://www.austin.com.br/Historico-Rating/4079/FIDC_Ceres_Confina_-_Seniores_1ª_série,FIDCs,brBBB,,brBBB,2022-04-08,Rating Inicial,Estável,
2026-09-25,FIDC CERES CONFINA - MEZANINO CLASSE A,https://www.austin.com.br/Historico-Rating/4080/FIDC_Ceres_Confina_-_Mezanino_Classe_A_,FIDCs,brBBB,,brBBB,2024-08-08,Confirmação,Estável,https://www.austin.com.br/Relatorio/Rating/FIDC_Ceres_Confina/11031
2026-09-25,FIDC CERES CONFINA - MEZANINO CLASSE A,https://www.austin.com.br/Historico-Rating/4080/FIDC_Ceres_Confina_-_Mezanino_Classe_A_,FIDCs,brBBB,,brBBB,2024-06-07,Confirmação,Estável,
2026-09-25,FIDC CERES CONFINA - MEZANINO CLASSE A,https://www.austin.com.br/Historico-Rating/4080/FIDC_Ceres_Confina_-_Mezanino_Classe_A_,FIDCs,brBB,,brBB,2022-04-08,Rating Inicial,Estável,
2026-09-25,FIDC COLUMBIA - SUBORDINADAS MEZANINO,https://www.austin.com.br/Historico-Rating/2413/FIDC_Columbia_-_Subordinadas_Mezanino_,FIDCs,brBBB-,,brBBB-,2016-04-29,Rating Preliminar,,https://www.austin.com.br/Relatorio/Rating/FIDC_Columbia/6608
2026-09-25,FIDC COLUMBIA - SENIORES ÚNICA,https://www.austin.com.br/Historico-Rating/2412/FIDC_Columbia_-_Seniores_Única,FIDCs,brA-,,brA-,2016-04-29,Rating Preliminar,,https://www.austin.com.br/Relatorio/Rating/FIDC_Columbia/6607
2026-09-25,FIDC CONSIGNADOS FEDERAIS - SUBORDINADAS PREFERENCIAIS,https://www.austin.com.br/Historico-Rating/3348/FIDC_Consignados_Federais_-_Subordinadas_Preferenciais_,FIDCs,brAA-,,brAA-,2019-09-27,Rating Preliminar,,https://www.austin.com.br/Relatorio/Rating/FIDC_Consignados_Federais/9414
2026-09-25,FIDC CREDIBLUE-GENIAL - SENIORES 1ª SÉRIE,https://www.austin.com.br/Historico-Rating/4682/FIDC_Crediblue-Genial_-_Seniores_1ª_série,FIDCs,brA+,,brA+,2024-08-13,Confirmação,Estável,https://www.austin.com.br/Relatorio/Rating/FIDC_Crediblue-Genial/11071
2026-09-25,FIDC CONSIGNADOS FEDERAIS - SUBORDINADAS PREFERENCIAIS,https://www.austin.com.br/Historico-Rating/3347/FIDC_Consignados_Federais_-_Subordinadas_Preferenciais_,FIDCs,brAA,,brAA,2019-09-27,Rating Preliminar,,https://www.austin.com.br/Relatorio/Rating/FIDC_Consignados_Federais/9413
2026-09-25,FIDC CONSIGNADOS FEDERAIS - SENIORES ÚNICA,https://www.austin.com.br/Historico-Rating/3346/FIDC_Consignados_Federais_-_Seniores_Única,FIDCs,brAAA,,brAAA,2019-09-27,Rating Preliminar,,https://www.austin.com.br/Relatorio/Rating/FIDC_Consignados_Federais/9412
2026-09-25,FIDC DANIELE - SENIORES 4ª SÉRIE,https://www.austin.com.br/Historico-Rating/4013/FIDC_Daniele_-_Seniores_4ª_série,FIDCs,brA+,,brA+,2022-06-22,Rating Inicial,Estável,
2026-09-25,FIDC CORBAN - ÚNICA,https://www.austin.com.br/Historico-Rating/2806/FIDC_Corban_-_Única_,FIDCs,brA,,brA,2017-10-06,Rating Preliminar,,https://www.austin.com.br/Relatorio/Rating/FIDC_Corban/7763
2026-09-25,FIDC CONSORCIEI I  - SUBORDINADAS,https://www.austin.com.br/Historico-Rating/3390/FIDC_Consorciei_I__-_Subordinadas_,FIDCs,brBB,,brBB,2022-08-15,Confirmação,Estável,https://www.austin.com.br/Relatorio/Rating/FIDC_Consorciei_I_/10458
2026-09-25,FIDC CONSORCIEI I  - SUBORDINADAS,https://www.austin.com.br/Historico-Rating/3390/FIDC_Consorciei_I__-_Subordinadas_,FIDCs,brBB,,brBB,2021-02-22,Elevação,Estável,
2026-09-25,FIDC CONSORCIEI I  - SUBORDINADAS,https://www.austin.com.br/Historico-Rating/3390/FIDC_Consorciei_I__-_Subordinadas_,FIDCs,brB+,,brB+,2020-08-13,Rating Inicial,Estável,
2026-09-25,FIDC DA INDÚSTRIA EXODUS INSTITUCIONAL - SENIORES ÚNICA,https://www.austin.com.br/Historico-Rating/4666/FIDC_DA_INDÚSTRIA_EXODUS_INSTITUCIONAL_-_Seniores_Única,FIDCs,brA+,,brA+,2024-08-08,Confirmação,Estável,https://www.austin.com.br/Relatorio/Rating/FIDC_DA_INDÚSTRIA_EXODUS_INSTITUCIONAL/11047
2026-09-25,FIDC DE  RESPONSABILIDADE LIMITADA FGTS MT II - SENIORES 1ª SÉRIE,https://www.austin.com.br/Historico-Rating/4512/FIDC_de__Responsabilidade_Limitada_FGTS_MT_II_-_Seniores_1ª_série,FIDCs,brAA,,brAA,2024-04-10,Rating Inicial,Estável,https://www.austin.com.br/Relatorio/Rating/FIDC_de__Responsabilidade_Limitada_FGTS_MT_II/10849
2026-09-25,FIDC EMPÍRICA FUTURO PREVIDÊNCIA CONSIGNADO PÚBLICO - SUBORDINADAS MEZANINO,https://www.austin.com.br/Historico-Rating/4063/FIDC_Empírica_Futuro_Previdência_Consignado_Público_-_Subordinadas_Mezanino_,FIDCs,brA+,,brA+,2025-08-29,Confirmação,Estável,https://www.austin.com.br/Relatorio/Rating/FIDC_Empírica_Futuro_Previdência_Consignado_Público/10427
2026-09-25,FIDC DOM PEDRO I - SENIORES 1ª SÉRIE,https://www.austin.com.br/Historico-Rating/3037/FIDC_Dom_Pedro_I_-_Seniores_1ª_série,FIDCs,brA-,,brA-,2019-09-02,Rating Inicial,Estável,https://www.austin.com.br/Relatorio/Rating/FIDC_Dom_Pedro_I/8346
2026-09-25,FIDC EMPÍRICA FUTURO PREVIDÊNCIA CONSIGNADO PÚBLICO - SUBORDINADAS JÚNIOR,https://www.austin.com.br/Historico-Rating/4064/FIDC_Empírica_Futuro_Previdência_Consignado_Público_-_Subordinadas_Júnior_,FIDCs,brBB+,,brBB+,2025-08-29,Confirmação,Estável,https://www.austin.com.br/Relatorio/Rating/FIDC_Empírica_Futuro_Previdência_Consignado_Público/10428
2026-09-25,FIDC DOM PEDRO I - SENIORES 2ª SÉRIE,https://www.austin.com.br/Historico-Rating/3038/FIDC_Dom_Pedro_I_-_Seniores_2ª_série,FIDCs,brA-,,brA-,2018-09-24,Rating Preliminar,,https://www.austin.com.br/Relatorio/Rating/FIDC_Dom_Pedro_I/8347
2026-09-25,FIDC CREDITAS TEMPUS - ÚNICA,https://www.austin.com.br/Historico-Rating/3750/FIDC_Creditas_Tempus_-_Única_,FIDCs,brB-,,brB-,2021-03-25,Rating Inicial,Estável,https://www.austin.com.br/Relatorio/Rating/FIDC_Creditas_Tempus/10164
2026-09-25,FIDC EMPÍRICA GOAL ONE - SUBORDINADAS JÚNIOR,https://www.austin.com.br/Historico-Rating/1889/FIDC_Empírica_Goal_One_-_Subordinadas_Júnior_,FIDCs,brB+,,brB+,2015-05-13,Rating Inicial,Estável,https://www.austin.com.br/Relatorio/Rating/FIDC_Empírica_Goal_One/6037
2026-09-25,FIDC EMPÍRICA GOAL ONE - SUBORDINADAS JÚNIOR,https://www.austin.com.br/Historico-Rating/1889/FIDC_Empírica_Goal_One_-_Subordinadas_Júnior_,FIDCs,brB+,,brB+,2015-02-12,Confirmação,Estável,
2026-09-25,FIDC EMPÍRICA GOAL ONE - SUBORDINADAS JÚNIOR,https://www.austin.com.br/Historico-Rating/1889/FIDC_Empírica_Goal_One_-_Subordinadas_Júnior_,FIDCs,brB+,,brB+,2014-12-05,Confirmação,Estável,
2026-09-25,FIDC EMPÍRICA GOAL ONE - SUBORDINADAS JÚNIOR,https://www.austin.com.br/Historico-Rating/1889/FIDC_Empírica_Goal_One_-_Subordinadas_Júnior_,FIDCs,brB+,,brB+,2014-06-09,Rating Inicial,Estável,
2026-09-25,FIDC EMPÍRICA NOVERDE - SUBORDINADAS,https://www.austin.com.br/Historico-Rating/4511/FIDC_Empírica_Noverde_-_Subordinadas_,FIDCs,brB,,brB,2024-04-10,Rating Inicial,Estável,https://www.austin.com.br/Relatorio/Rating/FIDC_Empírica_Noverde/10848
2026-09-25,FIDC EMPÍRICA FUTURO PREVIDÊNCIA CONSIGNADO PÚBLICO - SENIORES ÚNICA,https://www.austin.com.br/Historico-Rating/4062/FIDC_Empírica_Futuro_Previdência_Consignado_Público_-_Seniores_Única,FIDCs,brAAA,,brAAA,2025-08-29,Confirmação,Estável,https://www.austin.com.br/Relatorio/Rating/FIDC_Empírica_Futuro_Previdência_Consignado_Público/10426
2026-09-25,FIDC EMPÍRICA NOVERDE - ÚNICA,https://www.austin.com.br/Historico-Rating/4689/FIDC_Empírica_Noverde_-_Única_,FIDCs,brBB-,,brBB-,2024-08-12,Confirmação,Estável,https://www.austin.com.br/Relatorio/Rating/FIDC_Empírica_Noverde/11083
2026-09-25,FIDC EMPÍRICA NOVERDE - SENIORES 2ª SÉRIE,https://www.austin.com.br/Historico-Rating/4510/FIDC_Empírica_Noverde_-_Seniores_2ª_série,FIDCs,brA,,brA,2024-04-10,Rating Inicial,Estável,https://www.austin.com.br/Relatorio/Rating/FIDC_Empírica_Noverde/10847
2026-09-25,FIDC EVEREST CONSIGNADO FEDERAL - SUBORDINADAS MEZANINO,https://www.austin.com.br/Historico-Rating/3753/FIDC_Everest_Consignado_Federal_-_Subordinadas_Mezanino_,FIDCs,brA-,,brA-,2021-03-25,Rating Inicial,Estável,
2026-09-25,FIDC EXODUS INSTITUCIONAL - MEZANINO CLASSE C,https://www.austin.com.br/Historico-Rating/2711/FIDC_Exodus_Institucional_-_Mezanino_Classe_C_,FIDCs,brBBB,,brBBB,2020-04-02,Observação Negativa,,https://www.austin.com.br/Relatorio/Rating/FIDC_Exodus_Institucional/9915
2026-09-25,FIDC EXODUS INSTITUCIONAL - MEZANINO CLASSE C,https://www.austin.com.br/Historico-Rating/2711/FIDC_Exodus_Institucional_-_Mezanino_Classe_C_,FIDCs,brBBB,,brBBB,2019-05-20,Confirmação,Estável,
2026-09-25,FIDC EXODUS INSTITUCIONAL - MEZANINO CLASSE C,https://www.austin.com.br/Historico-Rating/2711/FIDC_Exodus_Institucional_-_Mezanino_Classe_C_,FIDCs,brBBB,,brBBB,2019-02-26,Confirmação,Estável,
2026-09-25,FIDC EXODUS INSTITUCIONAL - MEZANINO CLASSE C,https://www.austin.com.br/Historico-Rating/2711/FIDC_Exodus_Institucional_-_Mezanino_Classe_C_,FIDCs,brBBB,,brBBB,2017-12-19,Confirmação,Estável,
2026-09-25,FIDC EXODUS INSTITUCIONAL - MEZANINO CLASSE C,https://www.austin.com.br/Historico-Rating/2711/FIDC_Exodus_Institucional_-_Mezanino_Classe_C_,FIDCs,brBBB,,brBBB,2017-08-15,Confirmação,Estável,
2026-09-25,FIDC EXODUS INSTITUCIONAL - MEZANINO CLASSE C,https://www.austin.com.br/Historico-Rating/2711/FIDC_Exodus_Institucional_-_Mezanino_Classe_C_,FIDCs,brBBB,,brBBB,2017-05-12,Confirmação,Estável,
2026-09-25,FIDC EVEREST CONSIGNADO FEDERAL - SENIORES ÚNICA,https://www.austin.com.br/Historico-Rating/3752/FIDC_Everest_Consignado_Federal_-_Seniores_Única,FIDCs,brAA-,,brAA-,2021-03-25,Rating Inicial,Estável,
2026-09-25,FIDC ESPÍRITO SANTO - SUBORDINADAS JÚNIOR,https://www.austin.com.br/Historico-Rating/2296/FIDC_Espírito_Santo_-_Subordinadas_Júnior_,FIDCs,brCCC,,brCCC,2020-04-02,Observação Negativa,,https://www.austin.com.br/Relatorio/Rating/FIDC_Espírito_Santo/9830
2026-09-25,FIDC ESPÍRITO SANTO - SUBORDINADAS JÚNIOR,https://www.austin.com.br/Historico-Rating/2296/FIDC_Espírito_Santo_-_Subordinadas_Júnior_,FIDCs,brCCC,,brCCC,2020-02-06,Confirmação,Estável,
2026-09-25,FIDC ESPÍRITO SANTO - SUBORDINADAS JÚNIOR,https://www.austin.com.br/Historico-Rating/2296/FIDC_Espírito_Santo_-_Subordinadas_Júnior_,FIDCs,brCCC,,brCCC,2019-11-04,Confirmação,Estável,
2026-09-25,FIDC ESPÍRITO SANTO - SUBORDINADAS JÚNIOR,https://www.austin.com.br/Historico-Rating/2296/FIDC_Espírito_Santo_-_Subordinadas_Júnior_,FIDCs,brCCC,,brCCC,2019-07-23,Confirmação,Estável,
2026-09-25,FIDC ESPÍRITO SANTO - SUBORDINADAS JÚNIOR,https://www.austin.com.br/Historico-Rating/2296/FIDC_Espírito_Santo_-_Subordinadas_Júnior_,FIDCs,brCCC,,brCCC,2019-05-03,Confirmação,Estável,
2026-09-25,FIDC ESPÍRITO SANTO - SUBORDINADAS JÚNIOR,https://www.austin.com.br/Historico-Rating/2296/FIDC_Espírito_Santo_-_Subordinadas_Júnior_,FIDCs,brCCC,,brCCC,2019-01-23,Confirmação,Estável,
2026-09-25,FIDC ESPÍRITO SANTO - SUBORDINADAS JÚNIOR,https://www.austin.com.br/Historico-Rating/2296/FIDC_Espírito_Santo_-_Subordinadas_Júnior_,FIDCs,brCCC,,brCCC,2018-07-19,Confirmação,Estável,
2026-09-25,FIDC ESPÍRITO SANTO - SUBORDINADAS JÚNIOR,https://www.austin.com.br/Historico-Rating/2296/FIDC_Espírito_Santo_-_Subordinadas_Júnior_,FIDCs,brCCC,,brCCC,2018-05-11,Confirmação,Estável,
2026-09-25,FIDC ESPÍRITO SANTO - SUBORDINADAS JÚNIOR,https://www.austin.com.br/Historico-Rating/2296/FIDC_Espírito_Santo_-_Subordinadas_Júnior_,FIDCs,brCCC,,brCCC,2018-02-09,Confirmação,Estável,
2026-09-25,FIDC ESPÍRITO SANTO - SUBORDINADAS JÚNIOR,https://www.austin.com.br/Historico-Rating/2296/FIDC_Espírito_Santo_-_Subordinadas_Júnior_,FIDCs,brCCC,,brCCC,2017-11-14,Confirmação,Estável,
2026-09-25,FIDC ESPÍRITO SANTO - SUBORDINADAS JÚNIOR,https://www.austin.com.br/Historico-Rating/2296/FIDC_Espírito_Santo_-_Subordinadas_Júnior_,FIDCs,brCCC,,brCCC,2017-08-09,Elevação,Estável,
2026-09-25,FIDC ESPÍRITO SANTO - SUBORDINADAS JÚNIOR,https://www.austin.com.br/Historico-Rating/2296/FIDC_Espírito_Santo_-_Subordinadas_Júnior_,FIDCs,brCC,,brCC,2017-05-12,Confirmação,Estável,
2026-09-25,FIDC ESPÍRITO SANTO - SUBORDINADAS JÚNIOR,https://www.austin.com.br/Historico-Rating/2296/FIDC_Espírito_Santo_-_Subordinadas_Júnior_,FIDCs,brCC,,brCC,2017-02-15,Confirmação,Estável,
2026-09-25,FIDC ESPÍRITO SANTO - SUBORDINADAS JÚNIOR,https://www.austin.com.br/Historico-Rating/2296/FIDC_Espírito_Santo_-_Subordinadas_Júnior_,FIDCs,brCC,,brCC,2016-11-22,Confirmação,Estável,
2026-09-25,FIDC ESPÍRITO SANTO - SUBORDINADAS JÚNIOR,https://www.austin.com.br/Historico-Rating/2296/FIDC_Espírito_Santo_-_Subordinadas_Júnior_,FIDCs,brCC,,brCC,2016-06-09,Rating Inicial,Estável,
2026-09-25,FIDC EXODUS INSTITUCIONAL - MEZANINO CLASSE B,https://www.austin.com.br/Historico-Rating/2665/FIDC_Exodus_Institucional_-_Mezanino_Classe_B_,FIDCs,brBBB,,brBBB,2020-04-02,Observação Negativa,,https://www.austin.com.br/Relatorio/Rating/FIDC_Exodus_Institucional/9914
2026-09-25,FIDC EXODUS INSTITUCIONAL - MEZANINO CLASSE B,https://www.austin.com.br/Historico-Rating/2665/FIDC_Exodus_Institucional_-_Mezanino_Classe_B_,FIDCs,brBBB,,brBBB,2019-05-20,Confirmação,Estável,
2026-09-25,FIDC EXODUS INSTITUCIONAL - MEZANINO CLASSE B,https://www.austin.com.br/Historico-Rating/2665/FIDC_Exodus_Institucional_-_Mezanino_Classe_B_,FIDCs,brBBB,,brBBB,2019-02-26,Confirmação,Estável,
2026-09-25,FIDC EXODUS INSTITUCIONAL - MEZANINO CLASSE B,https://www.austin.com.br/Historico-Rating/2665/FIDC_Exodus_Institucional_-_Mezanino_Classe_B_,FIDCs,brBBB,,brBBB,2017-12-19,Confirmação,Estável,
2026-09-25,FIDC EXODUS INSTITUCIONAL - MEZANINO CLASSE B,https://www.austin.com.br/Historico-Rating/2665/FIDC_Exodus_Institucional_-_Mezanino_Classe_B_,FIDCs,brBBB,,brBBB,2017-08-15,Confirmação,Estável,
2026-09-25,FIDC EXODUS INSTITUCIONAL - MEZANINO CLASSE B,https://www.austin.com.br/Historico-Rating/2665/FIDC_Exodus_Institucional_-_Mezanino_Classe_B_,FIDCs,brBBB,,brBBB,2017-05-12,Confirmação,Estável,
2026-09-25,FIDC EXODUS INSTITUCIONAL - MEZANINO CLASSE B,https://www.austin.com.br/Historico-Rating/2665/FIDC_Exodus_Institucional_-_Mezanino_Classe_B_,FIDCs,brBBB,,brBBB,2017-02-24,Rating Inicial,Estável,
2026-09-25,FIDC FCT CONSIGNADO II - SUBORDINADAS MEZANINO,https://www.austin.com.br/Historico-Rating/4628/FIDC_FCT_Consignado_II_-_Subordinadas_Mezanino_,FIDCs,brBBB,,brBBB,2024-07-19,Confirmação,Estável,https://www.austin.com.br/Relatorio/Rating/FIDC_FCT_Consignado_II/10990
2026-09-25,FIDC FCT CONSIGNADO II - SUBORDINADAS JÚNIOR,https://www.austin.com.br/Historico-Rating/4629/FIDC_FCT_Consignado_II_-_Subordinadas_Júnior_,FIDCs,brBB-,,brBB-,2024-07-19,Confirmação,Estável,https://www.austin.com.br/Relatorio/Rating/FIDC_FCT_Consignado_II/10991
2026-09-25,FIDC FCT CONSIGNADO II - SENIORES ÚNICA,https://www.austin.com.br/Historico-Rating/4627/FIDC_FCT_Consignado_II_-_Seniores_Única,FIDCs,brA,,brA,2024-07-19,Confirmação,Estável,https://www.austin.com.br/Relatorio/Rating/FIDC_FCT_Consignado_II/10989
2026-09-25,FIDC EXODUS INSTITUCIONAL - SENIORES ÚNICA,https://www.austin.com.br/Historico-Rating/1092/FIDC_Exodus_Institucional_-_Seniores_Única,FIDCs,brA+,,brA+,2020-04-02,Observação Negativa,,https://www.austin.com.br/Relatorio/Rating/FIDC_Exodus_Institucional/9912
2026-09-25,FIDC EXODUS INSTITUCIONAL - SENIORES ÚNICA,https://www.austin.com.br/Historico-Rating/1092/FIDC_Exodus_Institucional_-_Seniores_Única,FIDCs,brA+,,brA+,2019-05-20,Confirmação,Estável,
2026-09-25,FIDC EXODUS INSTITUCIONAL - SENIORES ÚNICA,https://www.austin.com.br/Historico-Rating/1092/FIDC_Exodus_Institucional_-_Seniores_Única,FIDCs,brA+,,brA+,2019-02-26,Confirmação,Estável,
2026-09-25,FIDC EXODUS INSTITUCIONAL - SENIORES ÚNICA,https://www.austin.com.br/Historico-Rating/1092/FIDC_Exodus_Institucional_-_Seniores_Única,FIDCs,brA+,,brA+,2017-12-19,Confirmação,Estável,
2026-09-25,FIDC EXODUS INSTITUCIONAL - SENIORES ÚNICA,https://www.austin.com.br/Historico-Rating/1092/FIDC_Exodus_Institucional_-_Seniores_Única,FIDCs,brA+,,brA+,2017-08-15,Confirmação,Estável,
2026-09-25,FIDC EXODUS INSTITUCIONAL - SENIORES ÚNICA,https://www.austin.com.br/Historico-Rating/1092/FIDC_Exodus_Institucional_-_Seniores_Única,FIDCs,brA+,,brA+,2017-05-12,Confirmação,Estável,
2026-09-25,FIDC EXODUS INSTITUCIONAL - SENIORES ÚNICA,https://www.austin.com.br/Historico-Rating/1092/FIDC_Exodus_Institucional_-_Seniores_Única,FIDCs,brA+,,brA+,2017-02-24,Confirmação,Estável,
2026-09-25,FIDC EXODUS INSTITUCIONAL - SENIORES ÚNICA,https://www.austin.com.br/Historico-Rating/1092/FIDC_Exodus_Institucional_-_Seniores_Única,FIDCs,brA+,,brA+,2016-11-11,Confirmação,Estável,
2026-09-25,FIDC EXODUS INSTITUCIONAL - SENIORES ÚNICA,https://www.austin.com.br/Historico-Rating/1092/FIDC_Exodus_Institucional_-_Seniores_Única,FIDCs,brA+,,brA+,2016-08-22,Confirmação,Estável,
2026-09-25,FIDC EXODUS INSTITUCIONAL - SENIORES ÚNICA,https://www.austin.com.br/Historico-Rating/1092/FIDC_Exodus_Institucional_-_Seniores_Única,FIDCs,brA+,,brA+,2016-07-01,Confirmação,Estável,
2026-09-25,FIDC EXODUS INSTITUCIONAL - SENIORES ÚNICA,https://www.austin.com.br/Historico-Rating/1092/FIDC_Exodus_Institucional_-_Seniores_Única,FIDCs,brA+,,brA+,2015-12-07,Confirmação,Estável,
2026-09-25,FIDC EXODUS INSTITUCIONAL - SENIORES ÚNICA,https://www.austin.com.br/Historico-Rating/1092/FIDC_Exodus_Institucional_-_Seniores_Única,FIDCs,brA+,,brA+,2015-08-10,Confirmação,Estável,
2026-09-25,FIDC EXODUS INSTITUCIONAL - SENIORES ÚNICA,https://www.austin.com.br/Historico-Rating/1092/FIDC_Exodus_Institucional_-_Seniores_Única,FIDCs,brA+,,brA+,2015-05-14,Confirmação,Estável,
2026-09-25,FIDC EXODUS INSTITUCIONAL - SENIORES ÚNICA,https://www.austin.com.br/Historico-Rating/1092/FIDC_Exodus_Institucional_-_Seniores_Única,FIDCs,brA+,,brA+,2014-12-01,Confirmação,Estável,
2026-09-25,FIDC EXODUS INSTITUCIONAL - SENIORES ÚNICA,https://www.austin.com.br/Historico-Rating/1092/FIDC_Exodus_Institucional_-_Seniores_Única,FIDCs,brA+,,brA+,2014-08-18,Confirmação,Estável,
2026-09-25,FIDC EXODUS INSTITUCIONAL - SENIORES ÚNICA,https://www.austin.com.br/Historico-Rating/1092/FIDC_Exodus_Institucional_-_Seniores_Única,FIDCs,brA+,,brA+,2014-05-20,Confirmação,Estável,
2026-09-25,FIDC EXODUS INSTITUCIONAL - SENIORES ÚNICA,https://www.austin.com.br/Historico-Rating/1092/FIDC_Exodus_Institucional_-_Seniores_Única,FIDCs,brA+,,brA+,2014-02-14,Confirmação,Estável,
2026-09-25,FIDC EXODUS INSTITUCIONAL - SENIORES ÚNICA,https://www.austin.com.br/Historico-Rating/1092/FIDC_Exodus_Institucional_-_Seniores_Única,FIDCs,brA+,,brA+,2013-11-13,Confirmação,Estável,
2026-09-25,FIDC EXODUS INSTITUCIONAL - SENIORES ÚNICA,https://www.austin.com.br/Historico-Rating/1092/FIDC_Exodus_Institucional_-_Seniores_Única,FIDCs,brA+,,brA+,2013-08-16,Confirmação,Estável,
2026-09-25,FIDC EXODUS INSTITUCIONAL - SENIORES ÚNICA,https://www.austin.com.br/Historico-Rating/1092/FIDC_Exodus_Institucional_-_Seniores_Única,FIDCs,brA+,,brA+,2013-05-15,Confirmação,Estável,
2026-09-25,FIDC EXODUS INSTITUCIONAL - SENIORES ÚNICA,https://www.austin.com.br/Historico-Rating/1092/FIDC_Exodus_Institucional_-_Seniores_Única,FIDCs,brA+,,brA+,2013-02-15,Confirmação,Estável,
2026-09-25,FIDC EXODUS INSTITUCIONAL - SENIORES ÚNICA,https://www.austin.com.br/Historico-Rating/1092/FIDC_Exodus_Institucional_-_Seniores_Única,FIDCs,brA+,,brA+,2012-05-15,Confirmação,Estável,
2026-09-25,FIDC EXODUS INSTITUCIONAL - SENIORES ÚNICA,https://www.austin.com.br/Historico-Rating/1092/FIDC_Exodus_Institucional_-_Seniores_Única,FIDCs,brA+,,brA+,2012-02-14,Rating Inicial,Estável,
2026-09-25,FIDC EXODUS INSTITUCIONAL - MEZANINO CLASSE A,https://www.austin.com.br/Historico-Rating/1265/FIDC_Exodus_Institucional_-_Mezanino_Classe_A_,FIDCs,brBBB,,brBBB,2020-04-02,Observação Negativa,,https://www.austin.com.br/Relatorio/Rating/FIDC_Exodus_Institucional/9913
2026-09-25,FIDC EXODUS INSTITUCIONAL - MEZANINO CLASSE A,https://www.austin.com.br/Historico-Rating/1265/FIDC_Exodus_Institucional_-_Mezanino_Classe_A_,FIDCs,brBBB,,brBBB,2019-05-20,Confirmação,Estável,
2026-09-25,FIDC EXODUS INSTITUCIONAL - MEZANINO CLASSE A,https://www.austin.com.br/Historico-Rating/1265/FIDC_Exodus_Institucional_-_Mezanino_Classe_A_,FIDCs,brBBB,,brBBB,2019-02-26,Confirmação,Estável,
2026-09-25,FIDC EXODUS INSTITUCIONAL - MEZANINO CLASSE A,https://www.austin.com.br/Historico-Rating/1265/FIDC_Exodus_Institucional_-_Mezanino_Classe_A_,FIDCs,brBBB,,brBBB,2017-12-19,Confirmação,Estável,
2026-09-25,FIDC EXODUS INSTITUCIONAL - MEZANINO CLASSE A,https://www.austin.com.br/Historico-Rating/1265/FIDC_Exodus_Institucional_-_Mezanino_Classe_A_,FIDCs,brBBB,,brBBB,2017-08-15,Confirmação,Estável,
2026-09-25,FIDC EXODUS INSTITUCIONAL - MEZANINO CLASSE A,https://www.austin.com.br/Historico-Rating/1265/FIDC_Exodus_Institucional_-_Mezanino_Classe_A_,FIDCs,brBBB,,brBBB,2017-05-12,Confirmação,Estável,
2026-09-25,FIDC EXODUS INSTITUCIONAL - MEZANINO CLASSE A,https://www.austin.com.br/Historico-Rating/1265/FIDC_Exodus_Institucional_-_Mezanino_Classe_A_,FIDCs,brBBB,,brBBB,2017-02-24,Confirmação,Estável,
2026-09-25,FIDC EXODUS INSTITUCIONAL - MEZANINO CLASSE A,https://www.austin.com.br/Historico-Rating/1265/FIDC_Exodus_Institucional_-_Mezanino_Classe_A_,FIDCs,brBBB,,brBBB,2016-11-11,Confirmação,Estável,
2026-09-25,FIDC EXODUS INSTITUCIONAL - MEZANINO CLASSE A,https://www.austin.com.br/Historico-Rating/1265/FIDC_Exodus_Institucional_-_Mezanino_Classe_A_,FIDCs,brBBB,,brBBB,2016-08-22,Confirmação,Estável,
2026-09-25,FIDC EXODUS INSTITUCIONAL - MEZANINO CLASSE A,https://www.austin.com.br/Historico-Rating/1265/FIDC_Exodus_Institucional_-_Mezanino_Classe_A_,FIDCs,brBBB,,brBBB,2016-07-01,Confirmação,Estável,
2026-09-25,FIDC EXODUS INSTITUCIONAL - MEZANINO CLASSE A,https://www.austin.com.br/Historico-Rating/1265/FIDC_Exodus_Institucional_-_Mezanino_Classe_A_,FIDCs,brBBB,,brBBB,2015-12-07,Confirmação,Estável,
2026-09-25,FIDC EXODUS INSTITUCIONAL - MEZANINO CLASSE A,https://www.austin.com.br/Historico-Rating/1265/FIDC_Exodus_Institucional_-_Mezanino_Classe_A_,FIDCs,brBBB,,brBBB,2015-08-10,Confirmação,Estável,
2026-09-25,FIDC EXODUS INSTITUCIONAL - MEZANINO CLASSE A,https://www.austin.com.br/Historico-Rating/1265/FIDC_Exodus_Institucional_-_Mezanino_Classe_A_,FIDCs,brBBB,,brBBB,2015-05-14,Confirmação,Estável,
2026-09-25,FIDC EXODUS INSTITUCIONAL - MEZANINO CLASSE A,https://www.austin.com.br/Historico-Rating/1265/FIDC_Exodus_Institucional_-_Mezanino_Classe_A_,FIDCs,brBBB,,brBBB,2014-12-01,Confirmação,Estável,
2026-09-25,FIDC EXODUS INSTITUCIONAL - MEZANINO CLASSE A,https://www.austin.com.br/Historico-Rating/1265/FIDC_Exodus_Institucional_-_Mezanino_Classe_A_,FIDCs,brBBB,,brBBB,2014-08-18,Confirmação,Estável,
2026-09-25,FIDC EXODUS INSTITUCIONAL - MEZANINO CLASSE A,https://www.austin.com.br/Historico-Rating/1265/FIDC_Exodus_Institucional_-_Mezanino_Classe_A_,FIDCs,brBBB,,brBBB,2014-05-20,Confirmação,Estável,
2026-09-25,FIDC EXODUS INSTITUCIONAL - MEZANINO CLASSE A,https://www.austin.com.br/Historico-Rating/1265/FIDC_Exodus_Institucional_-_Mezanino_Classe_A_,FIDCs,brBBB,,brBBB,2014-02-14,Confirmação,Estável,
2026-09-25,FIDC EXODUS INSTITUCIONAL - MEZANINO CLASSE A,https://www.austin.com.br/Historico-Rating/1265/FIDC_Exodus_Institucional_-_Mezanino_Classe_A_,FIDCs,brBBB,,brBBB,2013-11-13,Confirmação,Estável,
2026-09-25,FIDC EXODUS INSTITUCIONAL - MEZANINO CLASSE A,https://www.austin.com.br/Historico-Rating/1265/FIDC_Exodus_Institucional_-_Mezanino_Classe_A_,FIDCs,brBBB,,brBBB,2013-08-16,Confirmação,Estável,
2026-09-25,FIDC EXODUS INSTITUCIONAL - MEZANINO CLASSE A,https://www.austin.com.br/Historico-Rating/1265/FIDC_Exodus_Institucional_-_Mezanino_Classe_A_,FIDCs,brBBB,,brBBB,2013-05-15,Confirmação,Estável,
2026-09-25,FIDC EXODUS INSTITUCIONAL - MEZANINO CLASSE A,https://www.austin.com.br/Historico-Rating/1265/FIDC_Exodus_Institucional_-_Mezanino_Classe_A_,FIDCs,brBBB,,brBBB,2012-10-17,Rating Inicial,Estável,
2026-09-25,FIDC FCT CONSIGNADO II - SUBORDINADAS JÚNIOR,https://www.austin.com.br/Historico-Rating/4453/FIDC_FCT_Consignado_II_-_Subordinadas_Júnior_,FIDCs,brBB-,,brBB-,2024-02-08,Rating Inicial,Estável,
2026-09-25,FIDC FCT CONSIGNADO II - SENIORES ÚNICA,https://www.austin.com.br/Historico-Rating/4451/FIDC_FCT_Consignado_II_-_Seniores_Única,FIDCs,brA,,brA,2024-02-08,Rating Inicial,Estável,
2026-09-25,FIDC FÊNIX - SUBORDINADAS MEZANINO,https://www.austin.com.br/Historico-Rating/4448/FIDC_Fênix_-_Subordinadas_Mezanino_,FIDCs,brBB-,,brBB-,2024-02-28,Rating Inicial,Estável,
2026-09-25,FIDC FÊNIX - SENIORES 3ª SÉRIE,https://www.austin.com.br/Historico-Rating/4447/FIDC_Fênix_-_Seniores_3ª_série,FIDCs,brBBB+,,brBBB+,2024-02-28,Rating Inicial,Estável,
2026-09-25,FIDC FCT CONSIGNADO II - SUBORDINADAS MEZANINO,https://www.austin.com.br/Historico-Rating/4452/FIDC_FCT_Consignado_II_-_Subordinadas_Mezanino_,FIDCs,brBBB,,brBBB,2024-02-08,Rating Inicial,Estável,
2026-09-25,FIDC FORNECEDORES MADEIRAMADEIRA I - SENIORES 1ª SÉRIE,https://www.austin.com.br/Historico-Rating/3723/FIDC_Fornecedores_MadeiraMadeira_I_-_Seniores_1ª_série,FIDCs,brA-,,brA-,2024-08-14,Confirmação,Estável,https://www.austin.com.br/Relatorio/Rating/FIDC_Fornecedores_MadeiraMadeira_I/11065
2026-09-25,FIDC FORNECEDORES MADEIRAMADEIRA I - SENIORES 1ª SÉRIE,https://www.austin.com.br/Historico-Rating/3723/FIDC_Fornecedores_MadeiraMadeira_I_-_Seniores_1ª_série,FIDCs,brA-,,brA-,2021-02-04,Rating Preliminar,,
2026-09-25,FIDC FICTOR - SENIORES 1ª SÉRIE,https://www.austin.com.br/Historico-Rating/5105/FIDC_Fictor_-_Seniores_1ª_série,FIDCs,brBBB,,brBBB,2025-12-23,Rebaixamento,Negativa,https://www.austin.com.br/Relatorio/Rating/FIDC_Fictor/11514
2026-09-25,FIDC FÊNIX - SENIORES 1ª SÉRIE,https://www.austin.com.br/Historico-Rating/4446/FIDC_Fênix_-_Seniores_1ª_série,FIDCs,brBBB+,,brBBB+,2024-02-28,Rating Inicial,Estável,
2026-09-25,FIDC GALLERIA - SENIORES 3ª SÉRIE,https://www.austin.com.br/Historico-Rating/4830/FIDC_Galleria_-_Seniores_3ª_série,FIDCs,brA,,brA,2024-10-08,Rating Inicial,Estável,
2026-09-25,FIDC FREI 19  - SUBORDINADAS,https://www.austin.com.br/Historico-Rating/3737/FIDC_Frei_19__-_Subordinadas_,FIDCs,brCCC,,brCCC,2021-01-12,Rating Preliminar,,
2026-09-25,FIDC GALLERIA - SENIORES ÚNICA,https://www.austin.com.br/Historico-Rating/3869/FIDC_Galleria_-_Seniores_Única,FIDCs,brA,,brA,2022-02-15,Rating Inicial,Estável,https://www.austin.com.br/Relatorio/Rating/FIDC_Galleria/10299
2026-09-25,FIDC GO KENERSON - SUBORDINADAS JÚNIOR,https://www.austin.com.br/Historico-Rating/4786/FIDC_GO_Kenerson_-_Subordinadas_Júnior_,FIDCs,brB-,,brB-,2024-08-05,Confirmação,Estável,https://www.austin.com.br/Relatorio/Rating/FIDC_GO_Kenerson/11194
2026-09-25,FIDC GALLERIA - MEZANINO CLASSE B,https://www.austin.com.br/Historico-Rating/4831/FIDC_Galleria_-_Mezanino_Classe_B_,FIDCs,brBBB-,,brBBB-,2024-10-08,Rating Inicial,Positiva,
2026-09-25,FIDC GO KENERSON - SENIORES 2ª SÉRIE,https://www.austin.com.br/Historico-Rating/4783/FIDC_GO_Kenerson_-_Seniores_2ª_série,FIDCs,brA,,brA,2024-08-05,Confirmação,Estável,https://www.austin.com.br/Relatorio/Rating/FIDC_GO_Kenerson/11191
2026-09-25,FIDC GO KENERSON - SUBORDINADAS MEZANINO I,https://www.austin.com.br/Historico-Rating/4784/FIDC_GO_Kenerson_-_Subordinadas_Mezanino_I_,FIDCs,brBB+,,brBB+,2024-08-05,Rating Inicial,Estável,https://www.austin.com.br/Relatorio/Rating/FIDC_GO_Kenerson/11192
2026-09-25,FIDC GO KENERSON - SENIORES 1ª SÉRIE,https://www.austin.com.br/Historico-Rating/4782/FIDC_GO_Kenerson_-_Seniores_1ª_série,FIDCs,brA,,brA,2024-08-05,Rating Inicial,Estável,https://www.austin.com.br/Relatorio/Rating/FIDC_GO_Kenerson/11190
2026-09-25,FIDC GO KENERSON - SUBORDINADAS MEZANINO II,https://www.austin.com.br/Historico-Rating/4785/FIDC_GO_Kenerson_-_Subordinadas_Mezanino_II_,FIDCs,brBB+,,brBB+,2024-08-05,Rating Inicial,Estável,https://www.austin.com.br/Relatorio/Rating/FIDC_GO_Kenerson/11193
2026-09-25,FIDC IC SOMAPAY - SUBORDINADAS MEZANINO,https://www.austin.com.br/Historico-Rating/4694/FIDC_IC_Somapay_-_Subordinadas_Mezanino_,FIDCs,brB-,,brB-,2024-08-12,Confirmação,Estável,https://www.austin.com.br/Relatorio/Rating/FIDC_IC_Somapay/11088
2026-09-25,FIDC IC SOMAPAY - SENIORES 1ª SÉRIE,https://www.austin.com.br/Historico-Rating/4692/FIDC_IC_Somapay_-_Seniores_1ª_série,FIDCs,brBBB-,,brBBB-,2024-08-12,Confirmação,Estável,https://www.austin.com.br/Relatorio/Rating/FIDC_IC_Somapay/11086
2026-09-25,FIDC INCLUSÃO FINANCEIRA - MEZANINO CLASSE A,https://www.austin.com.br/Historico-Rating/4534/FIDC_Inclusão_Financeira_-_Mezanino_Classe_A_,FIDCs,brBB-,,brBB-,2024-05-17,Rating Inicial,Estável,https://www.austin.com.br/Relatorio/Rating/FIDC_Inclusão_Financeira/10874
2026-09-25,FIDC INCLUSÃO FINANCEIRA - MEZANINO CLASSE E,https://www.austin.com.br/Historico-Rating/4535/FIDC_Inclusão_Financeira_-_Mezanino_Classe_E_,FIDCs,brB+,,brB+,2024-05-17,Rating Inicial,Estável,https://www.austin.com.br/Relatorio/Rating/FIDC_Inclusão_Financeira/10875
2026-09-25,FIDC IC SOMAPAY - SUBORDINADAS MEZANINO,https://www.austin.com.br/Historico-Rating/4693/FIDC_IC_Somapay_-_Subordinadas_Mezanino_,FIDCs,brBB+,,brBB+,2024-08-12,Confirmação,Estável,https://www.austin.com.br/Relatorio/Rating/FIDC_IC_Somapay/11087
2026-09-25,FIDC INCLUSÃO FINANCEIRA PLUS - SENIORES ÚNICA,https://www.austin.com.br/Historico-Rating/4591/FIDC_Inclusão_Financeira_Plus_-_Seniores_Única,FIDCs,brA-,,brA-,2024-07-17,Rating Inicial,Estável,https://www.austin.com.br/Relatorio/Rating/FIDC_Inclusão_Financeira_Plus/10931
2026-09-25,FIDC INCLUSÃO FINANCEIRA - SUBORDINADAS PREFERENCIAIS,https://www.austin.com.br/Historico-Rating/4533/FIDC_Inclusão_Financeira_-_Subordinadas_Preferenciais_,FIDCs,brBBB,,brBBB,2024-05-17,Rating Inicial,Estável,https://www.austin.com.br/Relatorio/Rating/FIDC_Inclusão_Financeira/10873
2026-09-25,FIDC INCLUSÃO FINANCEIRA - MEZANINO CLASSE A,https://www.austin.com.br/Historico-Rating/4483/FIDC_Inclusão_Financeira_-_Mezanino_Classe_A_,FIDCs,brBBB-,,brBBB-,2024-04-03,Confirmação,Estável,https://www.austin.com.br/Relatorio/Rating/FIDC_Inclusão_Financeira/10817
2026-09-25,FIDC INCLUSÃO FINANCEIRA - MEZANINO CLASSE D,https://www.austin.com.br/Historico-Rating/4484/FIDC_Inclusão_Financeira_-_Mezanino_Classe_D_,FIDCs,brBB+,,brBB+,2024-04-03,Confirmação,Estável,https://www.austin.com.br/Relatorio/Rating/FIDC_Inclusão_Financeira/10818
2026-09-25,FIDC INCLUSÃO FINANCEIRA - SENIORES 4ª SÉRIE,https://www.austin.com.br/Historico-Rating/4482/FIDC_Inclusão_Financeira_-_Seniores_4ª_série,FIDCs,brA-,,brA-,2024-04-03,Confirmação,Estável,https://www.austin.com.br/Relatorio/Rating/FIDC_Inclusão_Financeira/10816
2026-09-25,FIDC INVEST DUNAS - SUBORDINADAS JÚNIOR,https://www.austin.com.br/Historico-Rating/4486/FIDC_Invest_Dunas_-_Subordinadas_Júnior_,FIDCs,brD,,brD,2024-04-03,Rebaixamento,Estável,https://www.austin.com.br/Relatorio/Rating/FIDC_Invest_Dunas/10822
2026-09-25,FIDC INVEST - SUBORDINADAS JÚNIOR,https://www.austin.com.br/Historico-Rating/3840/FIDC_Invest_-_Subordinadas_Júnior_,FIDCs,brBB-,,brBB-,2021-06-30,Rating Preliminar,,
2026-09-25,FIDC INFRA BRASIL  - SUBORDINADAS MEZANINO,https://www.austin.com.br/Historico-Rating/3160/FIDC_Infra_Brasil__-_Subordinadas_Mezanino_,FIDCs,brBBB,,brBBB,2020-04-02,Observação Negativa,,https://www.austin.com.br/Relatorio/Rating/FIDC_Infra_Brasil_/9885
2026-09-25,FIDC INFRA BRASIL  - SUBORDINADAS MEZANINO,https://www.austin.com.br/Historico-Rating/3160/FIDC_Infra_Brasil__-_Subordinadas_Mezanino_,FIDCs,brBBB,,brBBB,2019-11-14,Confirmação,Estável,
2026-09-25,FIDC INFRA BRASIL  - SUBORDINADAS MEZANINO,https://www.austin.com.br/Historico-Rating/3160/FIDC_Infra_Brasil__-_Subordinadas_Mezanino_,FIDCs,brBBB,,brBBB,2019-09-10,Confirmação,Estável,
2026-09-25,FIDC INFRA BRASIL  - SUBORDINADAS MEZANINO,https://www.austin.com.br/Historico-Rating/3160/FIDC_Infra_Brasil__-_Subordinadas_Mezanino_,FIDCs,brBBB,,brBBB,2019-03-22,Rating Inicial,Estável,
2026-09-25,FIDC INFRA BRASIL  - SUBORDINADAS JÚNIOR,https://www.austin.com.br/Historico-Rating/3161/FIDC_Infra_Brasil__-_Subordinadas_Júnior_,FIDCs,brB+,,brB+,2020-04-02,Observação Negativa,,https://www.austin.com.br/Relatorio/Rating/FIDC_Infra_Brasil_/9886
2026-09-25,FIDC INFRA BRASIL  - SUBORDINADAS JÚNIOR,https://www.austin.com.br/Historico-Rating/3161/FIDC_Infra_Brasil__-_Subordinadas_Júnior_,FIDCs,brB+,,brB+,2019-11-14,Confirmação,Estável,
2026-09-25,FIDC INFRA BRASIL  - SUBORDINADAS JÚNIOR,https://www.austin.com.br/Historico-Rating/3161/FIDC_Infra_Brasil__-_Subordinadas_Júnior_,FIDCs,brB+,,brB+,2019-09-10,Confirmação,Estável,
2026-09-25,FIDC INFRA BRASIL  - SUBORDINADAS JÚNIOR,https://www.austin.com.br/Historico-Rating/3161/FIDC_Infra_Brasil__-_Subordinadas_Júnior_,FIDCs,brB+,,brB+,2019-03-22,Rating Inicial,Estável,
2026-09-25,FIDC INVEST - SENIORES 1ª SÉRIE,https://www.austin.com.br/Historico-Rating/3839/FIDC_Invest_-_Seniores_1ª_série,FIDCs,brA-,,brA-,2021-06-30,Rating Preliminar,,
2026-09-25,FIDC INVEST DUNAS - SUBORDINADAS MEZANINO,https://www.austin.com.br/Historico-Rating/2461/FIDC_Invest_Dunas_-_Subordinadas_Mezanino_,FIDCs,brD,,brD,2024-04-03,Rebaixamento,Estável,https://www.austin.com.br/Relatorio/Rating/FIDC_Invest_Dunas/10821
2026-09-25,FIDC INVEST DUNAS - SUBORDINADAS MEZANINO,https://www.austin.com.br/Historico-Rating/2461/FIDC_Invest_Dunas_-_Subordinadas_Mezanino_,FIDCs,brD,,brD,2018-06-19,Rebaixamento,,
2026-09-25,FIDC INVEST DUNAS - SUBORDINADAS MEZANINO,https://www.austin.com.br/Historico-Rating/2461/FIDC_Invest_Dunas_-_Subordinadas_Mezanino_,FIDCs,brB-,,brB-,2017-11-27,Observação Negativa,,
2026-09-25,FIDC INVEST DUNAS - SUBORDINADAS MEZANINO,https://www.austin.com.br/Historico-Rating/2461/FIDC_Invest_Dunas_-_Subordinadas_Mezanino_,FIDCs,brBB,,brBB,2017-05-15,Elevação,Estável,
2026-09-25,FIDC INVEST DUNAS - SUBORDINADAS MEZANINO,https://www.austin.com.br/Historico-Rating/2461/FIDC_Invest_Dunas_-_Subordinadas_Mezanino_,FIDCs,brB,,brB,2017-02-17,Rating Inicial,Estável,
2026-09-25,FIDC INVEST DUNAS - SUBORDINADAS MEZANINO,https://www.austin.com.br/Historico-Rating/2461/FIDC_Invest_Dunas_-_Subordinadas_Mezanino_,FIDCs,,,,2016-12-28,Rating Retirado,,
2026-09-25,FIDC INVEST DUNAS - SUBORDINADAS MEZANINO,https://www.austin.com.br/Historico-Rating/2461/FIDC_Invest_Dunas_-_Subordinadas_Mezanino_,FIDCs,brBBB,,brBBB,2016-11-18,Confirmação,Estável,
2026-09-25,FIDC INVEST DUNAS - SUBORDINADAS MEZANINO,https://www.austin.com.br/Historico-Rating/2461/FIDC_Invest_Dunas_-_Subordinadas_Mezanino_,FIDCs,brBBB,,brBBB,2016-06-17,Rating Inicial,Estável,
2026-09-25,"FIDC IOSAN - 6ª, 7ª E 8ª  - SENIORES 6ª SÉRIE","https://www.austin.com.br/Historico-Rating/4734/FIDC_Iosan_-_6ª,_7ª_e_8ª__-_Seniores_6ª_série",FIDCs,brA,,brA,2024-08-27,Confirmação,Estável,"https://www.austin.com.br/Relatorio/Rating/FIDC_Iosan_-_6ª,_7ª_e_8ª_/11131"
2026-09-25,FIDC INVEST DUNAS - SENIORES ÚNICA,https://www.austin.com.br/Historico-Rating/2460/FIDC_Invest_Dunas_-_Seniores_Única,FIDCs,brD,,brD,2024-04-03,Rebaixamento,Estável,https://www.austin.com.br/Relatorio/Rating/FIDC_Invest_Dunas/10820
2026-09-25,FIDC INVEST DUNAS - SENIORES ÚNICA,https://www.austin.com.br/Historico-Rating/2460/FIDC_Invest_Dunas_-_Seniores_Única,FIDCs,brD,,brD,2018-08-15,Rebaixamento,,
2026-09-25,FIDC INVEST DUNAS - SENIORES ÚNICA,https://www.austin.com.br/Historico-Rating/2460/FIDC_Invest_Dunas_-_Seniores_Única,FIDCs,brC,,brC,2018-06-19,Rebaixamento,,
2026-09-25,FIDC INVEST DUNAS - SENIORES ÚNICA,https://www.austin.com.br/Historico-Rating/2460/FIDC_Invest_Dunas_-_Seniores_Única,FIDCs,brBB-,,brBB-,2017-11-27,Observação Negativa,,
2026-09-25,FIDC INVEST DUNAS - SENIORES ÚNICA,https://www.austin.com.br/Historico-Rating/2460/FIDC_Invest_Dunas_-_Seniores_Única,FIDCs,brBBB,,brBBB,2017-05-15,Confirmação,Estável,
2026-09-25,FIDC INVEST DUNAS - SENIORES ÚNICA,https://www.austin.com.br/Historico-Rating/2460/FIDC_Invest_Dunas_-_Seniores_Única,FIDCs,brAA-,,brAA-,2016-11-18,Confirmação,Estável,
2026-09-25,FIDC INVEST DUNAS - SENIORES ÚNICA,https://www.austin.com.br/Historico-Rating/2460/FIDC_Invest_Dunas_-_Seniores_Única,FIDCs,brAA-,,brAA-,2016-06-17,Rating Inicial,Estável,
2026-09-25,FIDC IOSAN - 9ª E 10ª - SENIORES 9ª SÉRIE,https://www.austin.com.br/Historico-Rating/4735/FIDC_Iosan_-_9ª_e_10ª_-_Seniores_9ª_série,FIDCs,brA,,brA,2024-08-27,Rating Inicial,Estável,https://www.austin.com.br/Relatorio/Rating/FIDC_Iosan_-_9ª_e_10ª/11132
2026-09-25,FIDC JUVO - SENIORES ÚNICA,https://www.austin.com.br/Historico-Rating/4690/FIDC_Juvo_-_Seniores_Única,FIDCs,brBBB-,,brBBB-,2024-08-12,Confirmação,Estável,https://www.austin.com.br/Relatorio/Rating/FIDC_Juvo/11084
2026-09-25,FIDC JUVO - SUBORDINADAS MEZANINO,https://www.austin.com.br/Historico-Rating/4691/FIDC_Juvo_-_Subordinadas_Mezanino_,FIDCs,brB+,,brB+,2024-08-12,Confirmação,Estável,https://www.austin.com.br/Relatorio/Rating/FIDC_Juvo/11085
2026-09-25,FIDC KIJANI - SENIORES ÚNICA,https://www.austin.com.br/Historico-Rating/5090/FIDC_Kijani_-_Seniores_Única,FIDCs,brA,,brA,2025-12-12,Rating Preliminar,,https://www.austin.com.br/Relatorio/Rating/FIDC_Kijani/11494
2026-09-25,FIDC LESTE FICTOR CONSIGNADO – CLASSE I - SENIORES 2ª SÉRIE,https://www.austin.com.br/Historico-Rating/4759/FIDC_LESTE_FICTOR_CONSIGNADO_–_CLASSE_I_-_Seniores_2ª_série,FIDCs,brA,,brA,2024-08-05,Confirmação,Estável,https://www.austin.com.br/Relatorio/Rating/FIDC_LESTE_FICTOR_CONSIGNADO_–_CLASSE_I/11162
2026-09-25,FIDC LESTE FICTOR CONSIGNADO – CLASSE I - SENIORES 2ª SÉRIE,https://www.austin.com.br/Historico-Rating/4759/FIDC_LESTE_FICTOR_CONSIGNADO_–_CLASSE_I_-_Seniores_2ª_série,FIDCs,brA,,brA,2024-03-20,Rating Inicial,Estável,
2026-09-25,FIDC LECCA CCP I - SUBORDINADAS MEZANINO I,https://www.austin.com.br/Historico-Rating/2298/FIDC_Lecca_CCP_I_-_Subordinadas_Mezanino_I_,FIDCs,brB+,,brB+,2015-09-18,Rating Preliminar,,https://www.austin.com.br/Relatorio/Rating/FIDC_Lecca_CCP_I/6325
2026-09-25,FIDC IOSAN - SUBORDINADA MEZANINO G E H - MEZANINO CLASSE G,https://www.austin.com.br/Historico-Rating/4736/FIDC_Iosan_-_Subordinada_Mezanino_G_e_H_-_Mezanino_Classe_G_,FIDCs,brBBB-,,brBBB-,2024-08-27,Confirmação,Estável,https://www.austin.com.br/Relatorio/Rating/FIDC_Iosan_-_Subordinada_Mezanino_G_e_H/11133
2026-09-25,FIDC LESTE FICTOR CONSIGNADO – CLASSE I - SENIORES 1ª SÉRIE,https://www.austin.com.br/Historico-Rating/4758/FIDC_LESTE_FICTOR_CONSIGNADO_–_CLASSE_I_-_Seniores_1ª_série,FIDCs,brA,,brA,2024-08-05,Confirmação,Estável,https://www.austin.com.br/Relatorio/Rating/FIDC_LESTE_FICTOR_CONSIGNADO_–_CLASSE_I/11161
2026-09-25,FIDC LESTE FICTOR CONSIGNADO – CLASSE I - SENIORES 1ª SÉRIE,https://www.austin.com.br/Historico-Rating/4758/FIDC_LESTE_FICTOR_CONSIGNADO_–_CLASSE_I_-_Seniores_1ª_série,FIDCs,brA,,brA,2024-03-20,Rating Inicial,Estável,
2026-09-25,FIDC LESTE FICTOR CONSIGNADO - SUBORDINADAS JÚNIOR,https://www.austin.com.br/Historico-Rating/5106/FIDC_Leste_Fictor_Consignado_-_Subordinadas_Júnior_,FIDCs,brB+,,brB+,2025-12-23,Alteração de Perspectiva,Negativa,https://www.austin.com.br/Relatorio/Rating/FIDC_Leste_Fictor_Consignado/11515
2026-09-25,FIDC MONEY PLUS  - SUBORDINADAS JÚNIOR,https://www.austin.com.br/Historico-Rating/2042/FIDC_Money_Plus__-_Subordinadas_Júnior_,FIDCs,brCC,,brCC,2015-07-03,Confirmação,Estável,https://www.austin.com.br/Relatorio/Rating/FIDC_Money_Plus_/6157
2026-09-25,FIDC MONEY PLUS  - SUBORDINADAS JÚNIOR,https://www.austin.com.br/Historico-Rating/2042/FIDC_Money_Plus__-_Subordinadas_Júnior_,FIDCs,brCC,,brCC,2015-02-23,Confirmação,Estável,
2026-09-25,FIDC MONEY PLUS  - SUBORDINADAS JÚNIOR,https://www.austin.com.br/Historico-Rating/2042/FIDC_Money_Plus__-_Subordinadas_Júnior_,FIDCs,brCC,,brCC,2014-10-31,Confirmação,Estável,
2026-09-25,FIDC MOTO-HONDA - SENIORES ÚNICA,https://www.austin.com.br/Historico-Rating/3277/FIDC_Moto-Honda_-_Seniores_Única,FIDCs,brA,,brA,2024-07-17,Confirmação,Estável,https://www.austin.com.br/Relatorio/Rating/FIDC_Moto-Honda/10979
2026-09-25,FIDC MOTO-HONDA - SENIORES ÚNICA,https://www.austin.com.br/Historico-Rating/3277/FIDC_Moto-Honda_-_Seniores_Única,FIDCs,brA,,brA,2019-07-29,Rating Preliminar,,
2026-09-25,FIDC MULTIAGRO - SUBORDINADAS JÚNIOR,https://www.austin.com.br/Historico-Rating/3621/FIDC_Multiagro_-_Subordinadas_Júnior_,FIDCs,brB,,brB,2024-03-27,Elevação,Estável,
2026-09-25,FIDC MULTIAGRO - SUBORDINADAS JÚNIOR,https://www.austin.com.br/Historico-Rating/3621/FIDC_Multiagro_-_Subordinadas_Júnior_,FIDCs,brB-,,brB-,2020-10-02,Rating Inicial,Estável,https://www.austin.com.br/Relatorio/Rating/FIDC_Multiagro/10062
2026-09-25,FIDC MULTIAGRO - SENIORES ÚNICA,https://www.austin.com.br/Historico-Rating/4421/FIDC_Multiagro_-_Seniores_Única,FIDCs,brA-,,brA-,2024-03-27,Elevação,Estável,https://www.austin.com.br/Relatorio/Rating/FIDC_Multiagro/10792
2026-09-25,FIDC MULTIPLIX - SENIORES ÚNICA,https://www.austin.com.br/Historico-Rating/3026/FIDC_Multiplix_-_Seniores_Única,FIDCs,brA-,,brA-,2020-04-02,Observação Negativa,,https://www.austin.com.br/Relatorio/Rating/FIDC_Multiplix/9895
2026-09-25,FIDC MULTIPLIX - SENIORES ÚNICA,https://www.austin.com.br/Historico-Rating/3026/FIDC_Multiplix_-_Seniores_Única,FIDCs,brA-,,brA-,2019-11-21,Elevação,Estável,
2026-09-25,FIDC MULTIPLIX - SENIORES ÚNICA,https://www.austin.com.br/Historico-Rating/3026/FIDC_Multiplix_-_Seniores_Única,FIDCs,brBBB+,,brBBB+,2019-07-22,Confirmação,Estável,
2026-09-25,FIDC MULTIPLIX - SENIORES ÚNICA,https://www.austin.com.br/Historico-Rating/3026/FIDC_Multiplix_-_Seniores_Única,FIDCs,brBBB+,,brBBB+,2019-05-14,Elevação,Estável,
2026-09-25,FIDC MULTIPLIX - SENIORES ÚNICA,https://www.austin.com.br/Historico-Rating/3026/FIDC_Multiplix_-_Seniores_Única,FIDCs,brBBB,,brBBB,2019-02-06,Confirmação,Estável,
2026-09-25,FIDC MULTIPLIX - SENIORES ÚNICA,https://www.austin.com.br/Historico-Rating/3026/FIDC_Multiplix_-_Seniores_Única,FIDCs,brBBB,,brBBB,2018-08-28,Rating Inicial,Estável,
2026-09-25,FIDC MULTIAGRO - SUBORDINADAS MEZANINO,https://www.austin.com.br/Historico-Rating/3620/FIDC_Multiagro_-_Subordinadas_Mezanino_,FIDCs,brBB+,,brBB+,2024-03-27,Elevação,Estável,
2026-09-25,FIDC MULTIAGRO - SUBORDINADAS MEZANINO,https://www.austin.com.br/Historico-Rating/3620/FIDC_Multiagro_-_Subordinadas_Mezanino_,FIDCs,brBB-,,brBB-,2020-10-02,Rating Inicial,Estável,https://www.austin.com.br/Relatorio/Rating/FIDC_Multiagro/10061
2026-09-25,FIDC MULTIPLIX - SUBORDINADAS JÚNIOR,https://www.austin.com.br/Historico-Rating/3027/FIDC_Multiplix_-_Subordinadas_Júnior_,FIDCs,brB-,,brB-,2020-04-02,Observação Negativa,,https://www.austin.com.br/Relatorio/Rating/FIDC_Multiplix/9896
2026-09-25,FIDC MULTIPLIX - SUBORDINADAS JÚNIOR,https://www.austin.com.br/Historico-Rating/3027/FIDC_Multiplix_-_Subordinadas_Júnior_,FIDCs,brB-,,brB-,2019-11-21,Confirmação,Estável,
2026-09-25,FIDC MULTIPLIX - SUBORDINADAS JÚNIOR,https://www.austin.com.br/Historico-Rating/3027/FIDC_Multiplix_-_Subordinadas_Júnior_,FIDCs,brB-,,brB-,2019-07-22,Confirmação,Estável,
2026-09-25,FIDC MULTIPLIX - SUBORDINADAS JÚNIOR,https://www.austin.com.br/Historico-Rating/3027/FIDC_Multiplix_-_Subordinadas_Júnior_,FIDCs,brB-,,brB-,2019-05-14,Elevação,Estável,
2026-09-25,FIDC MULTIPLIX - SUBORDINADAS JÚNIOR,https://www.austin.com.br/Historico-Rating/3027/FIDC_Multiplix_-_Subordinadas_Júnior_,FIDCs,brCCC,,brCCC,2019-02-06,Confirmação,Estável,
2026-09-25,FIDC MULTIPLIX - SUBORDINADAS JÚNIOR,https://www.austin.com.br/Historico-Rating/3027/FIDC_Multiplix_-_Subordinadas_Júnior_,FIDCs,brCCC,,brCCC,2018-08-28,Rating Inicial,Estável,
2026-09-25,FIDC MULTISETORIAL SM LP - SENIORES 3ª SÉRIE,https://www.austin.com.br/Historico-Rating/2299/FIDC_Multisetorial_SM_LP_-_Seniores_3ª_série,FIDCs,brAA-,,brAA-,2020-04-02,Observação Negativa,,https://www.austin.com.br/Relatorio/Rating/FIDC_Multisetorial_SM_LP/9904
2026-09-25,FIDC MULTISETORIAL SM LP - SENIORES 3ª SÉRIE,https://www.austin.com.br/Historico-Rating/2299/FIDC_Multisetorial_SM_LP_-_Seniores_3ª_série,FIDCs,brAA-,,brAA-,2019-07-22,Confirmação,Estável,
2026-09-25,FIDC MULTISETORIAL SM LP - SENIORES 3ª SÉRIE,https://www.austin.com.br/Historico-Rating/2299/FIDC_Multisetorial_SM_LP_-_Seniores_3ª_série,FIDCs,brAA-,,brAA-,2019-05-03,Confirmação,Estável,
2026-09-25,FIDC MULTISETORIAL SM LP - SENIORES 3ª SÉRIE,https://www.austin.com.br/Historico-Rating/2299/FIDC_Multisetorial_SM_LP_-_Seniores_3ª_série,FIDCs,brAA-,,brAA-,2019-01-23,Confirmação,Estável,
2026-09-25,FIDC MULTISETORIAL SM LP - SENIORES 3ª SÉRIE,https://www.austin.com.br/Historico-Rating/2299/FIDC_Multisetorial_SM_LP_-_Seniores_3ª_série,FIDCs,brAA-,,brAA-,2017-05-19,Confirmação,Estável,
2026-09-25,FIDC MULTISETORIAL SM LP - SENIORES 3ª SÉRIE,https://www.austin.com.br/Historico-Rating/2299/FIDC_Multisetorial_SM_LP_-_Seniores_3ª_série,FIDCs,brAA-,,brAA-,2017-02-14,Confirmação,Negativa,
2026-09-25,FIDC MULTISETORIAL SM LP - SENIORES 3ª SÉRIE,https://www.austin.com.br/Historico-Rating/2299/FIDC_Multisetorial_SM_LP_-_Seniores_3ª_série,FIDCs,brAA-,,brAA-,2016-11-16,Confirmação,Negativa,
2026-09-25,FIDC MULTISETORIAL SM LP - SENIORES 3ª SÉRIE,https://www.austin.com.br/Historico-Rating/2299/FIDC_Multisetorial_SM_LP_-_Seniores_3ª_série,FIDCs,brAA-,,brAA-,2016-08-17,Confirmação,Negativa,
2026-09-25,FIDC MULTISETORIAL SM LP - SENIORES 3ª SÉRIE,https://www.austin.com.br/Historico-Rating/2299/FIDC_Multisetorial_SM_LP_-_Seniores_3ª_série,FIDCs,brAA-,,brAA-,2016-07-04,Confirmação,Negativa,
2026-09-25,FIDC MULTISETORIAL SM LP - SENIORES 3ª SÉRIE,https://www.austin.com.br/Historico-Rating/2299/FIDC_Multisetorial_SM_LP_-_Seniores_3ª_série,FIDCs,brAA-,,brAA-,2016-02-29,Confirmação,Estável,
2026-09-25,FIDC MULTISETORIAL SM LP - SENIORES 3ª SÉRIE,https://www.austin.com.br/Historico-Rating/2299/FIDC_Multisetorial_SM_LP_-_Seniores_3ª_série,FIDCs,brAA-,,brAA-,2015-10-08,Rating Inicial,Estável,
2026-09-25,FIDC MULTISETORIAL SM LP - SENIORES 3ª SÉRIE,https://www.austin.com.br/Historico-Rating/2299/FIDC_Multisetorial_SM_LP_-_Seniores_3ª_série,FIDCs,brAA-,,brAA-,2015-09-21,Rating Preliminar,,
2026-09-25,FIDC MÚLTIPLO NP - ÚNICA,https://www.austin.com.br/Historico-Rating/1984/FIDC_Múltiplo_NP_-_Única_,FIDCs,brB,,brB,2022-06-27,Elevação,Estável,
2026-09-25,FIDC MÚLTIPLO NP - ÚNICA,https://www.austin.com.br/Historico-Rating/1984/FIDC_Múltiplo_NP_-_Única_,FIDCs,brB,,brB,2022-06-27,Elevação,Estável,
2026-09-25,FIDC MÚLTIPLO NP - ÚNICA,https://www.austin.com.br/Historico-Rating/1984/FIDC_Múltiplo_NP_-_Única_,FIDCs,brB-,,brB-,2020-04-02,Observação Negativa,,https://www.austin.com.br/Relatorio/Rating/FIDC_Múltiplo_NP/9872
2026-09-25,FIDC MÚLTIPLO NP - ÚNICA,https://www.austin.com.br/Historico-Rating/1984/FIDC_Múltiplo_NP_-_Única_,FIDCs,brB-,,brB-,2019-11-13,Confirmação,Estável,
2026-09-25,FIDC MÚLTIPLO NP - ÚNICA,https://www.austin.com.br/Historico-Rating/1984/FIDC_Múltiplo_NP_-_Única_,FIDCs,brB-,,brB-,2019-08-08,Confirmação,Estável,
2026-09-25,FIDC MÚLTIPLO NP - ÚNICA,https://www.austin.com.br/Historico-Rating/1984/FIDC_Múltiplo_NP_-_Única_,FIDCs,brB-,,brB-,2019-05-14,Confirmação,Estável,
2026-09-25,FIDC MÚLTIPLO NP - ÚNICA,https://www.austin.com.br/Historico-Rating/1984/FIDC_Múltiplo_NP_-_Única_,FIDCs,brB-,,brB-,2019-02-15,Elevação,Estável,
2026-09-25,FIDC MÚLTIPLO NP - ÚNICA,https://www.austin.com.br/Historico-Rating/1984/FIDC_Múltiplo_NP_-_Única_,FIDCs,brCCC,,brCCC,2018-07-30,Confirmação,Estável,
2026-09-25,FIDC MÚLTIPLO NP - ÚNICA,https://www.austin.com.br/Historico-Rating/1984/FIDC_Múltiplo_NP_-_Única_,FIDCs,brCCC,,brCCC,2018-05-30,Confirmação,Estável,
2026-09-25,FIDC MÚLTIPLO NP - ÚNICA,https://www.austin.com.br/Historico-Rating/1984/FIDC_Múltiplo_NP_-_Única_,FIDCs,brCCC,,brCCC,2018-02-21,Confirmação,Estável,
2026-09-25,FIDC MÚLTIPLO NP - ÚNICA,https://www.austin.com.br/Historico-Rating/1984/FIDC_Múltiplo_NP_-_Única_,FIDCs,brCCC,,brCCC,2017-11-17,Confirmação,Estável,
2026-09-25,FIDC MÚLTIPLO NP - ÚNICA,https://www.austin.com.br/Historico-Rating/1984/FIDC_Múltiplo_NP_-_Única_,FIDCs,brCCC,,brCCC,2017-08-18,Confirmação,Estável,
2026-09-25,FIDC MÚLTIPLO NP - ÚNICA,https://www.austin.com.br/Historico-Rating/1984/FIDC_Múltiplo_NP_-_Única_,FIDCs,brCCC,,brCCC,2017-05-12,Confirmação,Estável,
2026-09-25,FIDC MÚLTIPLO NP - ÚNICA,https://www.austin.com.br/Historico-Rating/1984/FIDC_Múltiplo_NP_-_Única_,FIDCs,brCCC,,brCCC,2017-02-10,Confirmação,Estável,
2026-09-25,FIDC MÚLTIPLO NP - ÚNICA,https://www.austin.com.br/Historico-Rating/1984/FIDC_Múltiplo_NP_-_Única_,FIDCs,brCCC,,brCCC,2016-02-17,Confirmação,Estável,
2026-09-25,FIDC MÚLTIPLO NP - ÚNICA,https://www.austin.com.br/Historico-Rating/1984/FIDC_Múltiplo_NP_-_Única_,FIDCs,brCCC,,brCCC,2015-12-16,Confirmação,Estável,
2026-09-25,FIDC MÚLTIPLO NP - ÚNICA,https://www.austin.com.br/Historico-Rating/1984/FIDC_Múltiplo_NP_-_Única_,FIDCs,brCCC,,brCCC,2015-06-23,Confirmação,Estável,
2026-09-25,FIDC MÚLTIPLO NP - ÚNICA,https://www.austin.com.br/Historico-Rating/1984/FIDC_Múltiplo_NP_-_Única_,FIDCs,brCCC,,brCCC,2015-02-27,Confirmação,Estável,
2026-09-25,FIDC MÚLTIPLO NP - ÚNICA,https://www.austin.com.br/Historico-Rating/1984/FIDC_Múltiplo_NP_-_Única_,FIDCs,brCCC,,brCCC,2015-02-27,Confirmação,Estável,
2026-09-25,FIDC MÚLTIPLO NP - ÚNICA,https://www.austin.com.br/Historico-Rating/1984/FIDC_Múltiplo_NP_-_Única_,FIDCs,brCCC,,brCCC,2014-09-18,Rating Inicial,Estável,
2026-09-25,FIDC NP ATIVOS JUDICIAIS I - SUBORDINADAS JÚNIOR,https://www.austin.com.br/Historico-Rating/4803/FIDC_NP_Ativos_Judiciais_I_-_Subordinadas_Júnior_,FIDCs,brBB,,brBB,2024-08-13,Alteração de Perspectiva,Negativa,https://www.austin.com.br/Relatorio/Rating/FIDC_NP_Ativos_Judiciais_I/11218
2026-09-25,FIDC NP ALTERNATIVO I - SENIORES ÚNICA,https://www.austin.com.br/Historico-Rating/3072/FIDC_NP_Alternativo_I_-_Seniores_Única,FIDCs,brBBB+,,brBBB+,2018-11-05,Rating Preliminar,,https://www.austin.com.br/Relatorio/Rating/FIDC_NP_Alternativo_I/8470
2026-09-25,FIDC NP ALTERNATIVO I - SUBORDINADAS,https://www.austin.com.br/Historico-Rating/3073/FIDC_NP_Alternativo_I_-_Subordinadas_,FIDCs,brBB,,brBB,2018-11-05,Rating Preliminar,,https://www.austin.com.br/Relatorio/Rating/FIDC_NP_Alternativo_I/8471
2026-09-25,FIDC MULTISETORIAL SM LP - SUBORDINADAS,https://www.austin.com.br/Historico-Rating/1811/FIDC_Multisetorial_SM_LP_-_Subordinadas_,FIDCs,brB+,,brB+,2020-04-02,Observação Negativa,,https://www.austin.com.br/Relatorio/Rating/FIDC_Multisetorial_SM_LP/9903
2026-09-25,FIDC MULTISETORIAL SM LP - SUBORDINADAS,https://www.austin.com.br/Historico-Rating/1811/FIDC_Multisetorial_SM_LP_-_Subordinadas_,FIDCs,brB+,,brB+,2019-07-22,Confirmação,Estável,
2026-09-25,FIDC MULTISETORIAL SM LP - SUBORDINADAS,https://www.austin.com.br/Historico-Rating/1811/FIDC_Multisetorial_SM_LP_-_Subordinadas_,FIDCs,brB+,,brB+,2019-05-03,Confirmação,Estável,
2026-09-25,FIDC MULTISETORIAL SM LP - SUBORDINADAS,https://www.austin.com.br/Historico-Rating/1811/FIDC_Multisetorial_SM_LP_-_Subordinadas_,FIDCs,brB+,,brB+,2019-01-23,Confirmação,Estável,
2026-09-25,FIDC MULTISETORIAL SM LP - SUBORDINADAS,https://www.austin.com.br/Historico-Rating/1811/FIDC_Multisetorial_SM_LP_-_Subordinadas_,FIDCs,brB+,,brB+,2017-05-19,Confirmação,Estável,
2026-09-25,FIDC MULTISETORIAL SM LP - SUBORDINADAS,https://www.austin.com.br/Historico-Rating/1811/FIDC_Multisetorial_SM_LP_-_Subordinadas_,FIDCs,brB+,,brB+,2017-02-14,Confirmação,Negativa,
2026-09-25,FIDC MULTISETORIAL SM LP - SUBORDINADAS,https://www.austin.com.br/Historico-Rating/1811/FIDC_Multisetorial_SM_LP_-_Subordinadas_,FIDCs,brB+,,brB+,2016-11-16,Confirmação,Negativa,
2026-09-25,FIDC MULTISETORIAL SM LP - SUBORDINADAS,https://www.austin.com.br/Historico-Rating/1811/FIDC_Multisetorial_SM_LP_-_Subordinadas_,FIDCs,brB+,,brB+,2016-08-17,Confirmação,Negativa,
2026-09-25,FIDC MULTISETORIAL SM LP - SUBORDINADAS,https://www.austin.com.br/Historico-Rating/1811/FIDC_Multisetorial_SM_LP_-_Subordinadas_,FIDCs,brB+,,brB+,2016-07-04,Confirmação,Negativa,
2026-09-25,FIDC MULTISETORIAL SM LP - SUBORDINADAS,https://www.austin.com.br/Historico-Rating/1811/FIDC_Multisetorial_SM_LP_-_Subordinadas_,FIDCs,brB+,,brB+,2016-02-29,Confirmação,Estável,
2026-09-25,FIDC MULTISETORIAL SM LP - SUBORDINADAS,https://www.austin.com.br/Historico-Rating/1811/FIDC_Multisetorial_SM_LP_-_Subordinadas_,FIDCs,brB+,,brB+,2015-11-19,Confirmação,Estável,
2026-09-25,FIDC MULTISETORIAL SM LP - SUBORDINADAS,https://www.austin.com.br/Historico-Rating/1811/FIDC_Multisetorial_SM_LP_-_Subordinadas_,FIDCs,brB+,,brB+,2015-05-14,Confirmação,Estável,
2026-09-25,FIDC MULTISETORIAL SM LP - SUBORDINADAS,https://www.austin.com.br/Historico-Rating/1811/FIDC_Multisetorial_SM_LP_-_Subordinadas_,FIDCs,brB+,,brB+,2015-02-13,Confirmação,Estável,
2026-09-25,FIDC MULTISETORIAL SM LP - SUBORDINADAS,https://www.austin.com.br/Historico-Rating/1811/FIDC_Multisetorial_SM_LP_-_Subordinadas_,FIDCs,brB+,,brB+,2014-11-19,Confirmação,Estável,
2026-09-25,FIDC MULTISETORIAL SM LP - SUBORDINADAS,https://www.austin.com.br/Historico-Rating/1811/FIDC_Multisetorial_SM_LP_-_Subordinadas_,FIDCs,brB+,,brB+,2014-01-31,Rating Inicial,Estável,
2026-09-25,FIDC NP ATIVOS JUDICIAIS I - 1ª/2ª/3ª/4ª/5ª/6ª/7ª SÉRIES SÊNIOR - SENIORES ÚNICA,https://www.austin.com.br/Historico-Rating/4802/FIDC_NP_Ativos_Judiciais_I_-_1ª_2ª_3ª_4ª_5ª_6ª_7ª_Séries_Sênior_-_Seniores_Única,FIDCs,brBBB,,brBBB,2024-08-13,Alteração de Perspectiva,Negativa,https://www.austin.com.br/Relatorio/Rating/FIDC_NP_Ativos_Judiciais_I_-_1ª_2ª_3ª_4ª_5ª_6ª_7ª_Séries_Sênior/11217
2026-09-25,FIDC NP CONSÓRCIOS  - SUBORDINADAS,https://www.austin.com.br/Historico-Rating/3665/FIDC_NP_Consórcios__-_Subordinadas_,FIDCs,brBBB+,,brBBB+,2020-12-17,Rating Preliminar,,https://www.austin.com.br/Relatorio/Rating/FIDC_NP_Consórcios_/10102
2026-09-25,FIDC NP ANGÁ ALTERNATIVO I - SUBORDINADAS,https://www.austin.com.br/Historico-Rating/3439/FIDC_NP_Angá_Alternativo_I_-_Subordinadas_,FIDCs,brBB,,brBB,2020-02-11,Confirmação,Estável,https://www.austin.com.br/Relatorio/Rating/FIDC_NP_Angá_Alternativo_I/9662
2026-09-25,FIDC NP ANGÁ ALTERNATIVO I - SUBORDINADAS,https://www.austin.com.br/Historico-Rating/3439/FIDC_NP_Angá_Alternativo_I_-_Subordinadas_,FIDCs,brBB,,brBB,2019-11-14,Confirmação,Estável,
2026-09-25,FIDC NP ANGÁ ALTERNATIVO I - SUBORDINADAS,https://www.austin.com.br/Historico-Rating/3439/FIDC_NP_Angá_Alternativo_I_-_Subordinadas_,FIDCs,brBB,,brBB,2018-12-07,Rating Inicial,,
2026-09-25,FIDC MULTISETORIAL ITÁLIA  - SENIORES ÚNICA,https://www.austin.com.br/Historico-Rating/842/FIDC_Multisetorial_Itália__-_Seniores_Única,FIDCs,brCC,,brCC,2019-11-08,Confirmação,Estável,https://www.austin.com.br/Relatorio/Rating/FIDC_Multisetorial_Itália_/9598
2026-09-25,FIDC MULTISETORIAL ITÁLIA  - SENIORES ÚNICA,https://www.austin.com.br/Historico-Rating/842/FIDC_Multisetorial_Itália__-_Seniores_Única,FIDCs,brCC,,brCC,2019-08-09,Confirmação,Estável,
2026-09-25,FIDC MULTISETORIAL ITÁLIA  - SENIORES ÚNICA,https://www.austin.com.br/Historico-Rating/842/FIDC_Multisetorial_Itália__-_Seniores_Única,FIDCs,brCC,,brCC,2019-05-03,Confirmação,Estável,
2026-09-25,FIDC MULTISETORIAL ITÁLIA  - SENIORES ÚNICA,https://www.austin.com.br/Historico-Rating/842/FIDC_Multisetorial_Itália__-_Seniores_Única,FIDCs,brCC,,brCC,2019-01-23,Confirmação,Estável,
2026-09-25,FIDC MULTISETORIAL ITÁLIA  - SENIORES ÚNICA,https://www.austin.com.br/Historico-Rating/842/FIDC_Multisetorial_Itália__-_Seniores_Única,FIDCs,brCC,,brCC,2018-07-27,Confirmação,Estável,
2026-09-25,FIDC MULTISETORIAL ITÁLIA  - SENIORES ÚNICA,https://www.austin.com.br/Historico-Rating/842/FIDC_Multisetorial_Itália__-_Seniores_Única,FIDCs,brCC,,brCC,2018-05-11,Confirmação,Estável,
2026-09-25,FIDC MULTISETORIAL ITÁLIA  - SENIORES ÚNICA,https://www.austin.com.br/Historico-Rating/842/FIDC_Multisetorial_Itália__-_Seniores_Única,FIDCs,brCC,,brCC,2018-02-07,Confirmação,Estável,
2026-09-25,FIDC MULTISETORIAL ITÁLIA  - SENIORES ÚNICA,https://www.austin.com.br/Historico-Rating/842/FIDC_Multisetorial_Itália__-_Seniores_Única,FIDCs,brCC,,brCC,2017-11-08,Confirmação,Estável,
2026-09-25,FIDC MULTISETORIAL ITÁLIA  - SENIORES ÚNICA,https://www.austin.com.br/Historico-Rating/842/FIDC_Multisetorial_Itália__-_Seniores_Única,FIDCs,brCC,,brCC,2017-08-09,Confirmação,Estável,
2026-09-25,FIDC MULTISETORIAL ITÁLIA  - SENIORES ÚNICA,https://www.austin.com.br/Historico-Rating/842/FIDC_Multisetorial_Itália__-_Seniores_Única,FIDCs,brCC,,brCC,2017-02-07,Rebaixamento,Estável,
2026-09-25,FIDC MULTISETORIAL ITÁLIA  - SENIORES ÚNICA,https://www.austin.com.br/Historico-Rating/842/FIDC_Multisetorial_Itália__-_Seniores_Única,FIDCs,brCCC,,brCCC,2016-11-09,Confirmação,Estável,
2026-09-25,FIDC MULTISETORIAL ITÁLIA  - SENIORES ÚNICA,https://www.austin.com.br/Historico-Rating/842/FIDC_Multisetorial_Itália__-_Seniores_Única,FIDCs,brCCC,,brCCC,2016-07-21,Confirmação,Estável,
2026-09-25,FIDC MULTISETORIAL ITÁLIA  - SENIORES ÚNICA,https://www.austin.com.br/Historico-Rating/842/FIDC_Multisetorial_Itália__-_Seniores_Única,FIDCs,brCCC,,brCCC,2016-05-12,Confirmação,Estável,
2026-09-25,FIDC MULTISETORIAL ITÁLIA  - SENIORES ÚNICA,https://www.austin.com.br/Historico-Rating/842/FIDC_Multisetorial_Itália__-_Seniores_Única,FIDCs,brCCC,,brCCC,2016-02-15,Confirmação,Estável,
2026-09-25,FIDC MULTISETORIAL ITÁLIA  - SENIORES ÚNICA,https://www.austin.com.br/Historico-Rating/842/FIDC_Multisetorial_Itália__-_Seniores_Única,FIDCs,brCCC,,brCCC,2015-11-05,Confirmação,Estável,
2026-09-25,FIDC MULTISETORIAL ITÁLIA  - SENIORES ÚNICA,https://www.austin.com.br/Historico-Rating/842/FIDC_Multisetorial_Itália__-_Seniores_Única,FIDCs,brCCC,,brCCC,2015-08-11,Confirmação,Estável,
2026-09-25,FIDC MULTISETORIAL ITÁLIA  - SENIORES ÚNICA,https://www.austin.com.br/Historico-Rating/842/FIDC_Multisetorial_Itália__-_Seniores_Única,FIDCs,brCCC,,brCCC,2015-05-14,Confirmação,Estável,
2026-09-25,FIDC MULTISETORIAL ITÁLIA  - SENIORES ÚNICA,https://www.austin.com.br/Historico-Rating/842/FIDC_Multisetorial_Itália__-_Seniores_Única,FIDCs,brCCC,,brCCC,2015-01-28,Confirmação,Estável,
2026-09-25,FIDC MULTISETORIAL ITÁLIA  - SENIORES ÚNICA,https://www.austin.com.br/Historico-Rating/842/FIDC_Multisetorial_Itália__-_Seniores_Única,FIDCs,brCCC,,brCCC,2014-05-12,Confirmação,Estável,
2026-09-25,FIDC MULTISETORIAL ITÁLIA  - SENIORES ÚNICA,https://www.austin.com.br/Historico-Rating/842/FIDC_Multisetorial_Itália__-_Seniores_Única,FIDCs,brCCC,,brCCC,2013-11-01,Observação Negativa,,
2026-09-25,FIDC MULTISETORIAL ITÁLIA  - SENIORES ÚNICA,https://www.austin.com.br/Historico-Rating/842/FIDC_Multisetorial_Itália__-_Seniores_Única,FIDCs,brCCC,,brCCC,2013-08-15,Observação Negativa,,
2026-09-25,FIDC MULTISETORIAL ITÁLIA  - SENIORES ÚNICA,https://www.austin.com.br/Historico-Rating/842/FIDC_Multisetorial_Itália__-_Seniores_Única,FIDCs,brCCC,,brCCC,2013-05-13,Rebaixamento,,
2026-09-25,FIDC MULTISETORIAL ITÁLIA  - SENIORES ÚNICA,https://www.austin.com.br/Historico-Rating/842/FIDC_Multisetorial_Itália__-_Seniores_Única,FIDCs,brB,,brB,2013-02-13,Confirmação,Negativa,
2026-09-25,FIDC MULTISETORIAL ITÁLIA  - SENIORES ÚNICA,https://www.austin.com.br/Historico-Rating/842/FIDC_Multisetorial_Itália__-_Seniores_Única,FIDCs,brB,,brB,2013-01-28,Observação Negativa,,
2026-09-25,FIDC MULTISETORIAL ITÁLIA  - SENIORES ÚNICA,https://www.austin.com.br/Historico-Rating/842/FIDC_Multisetorial_Itália__-_Seniores_Única,FIDCs,brA-,,brA-,2012-10-11,Rebaixamento,Negativa,
2026-09-25,FIDC MULTISETORIAL ITÁLIA  - SENIORES ÚNICA,https://www.austin.com.br/Historico-Rating/842/FIDC_Multisetorial_Itália__-_Seniores_Única,FIDCs,brAA,,brAA,2012-08-15,Confirmação,Estável,
2026-09-25,FIDC MULTISETORIAL ITÁLIA  - SENIORES ÚNICA,https://www.austin.com.br/Historico-Rating/842/FIDC_Multisetorial_Itália__-_Seniores_Única,FIDCs,brAA,,brAA,2012-05-15,Confirmação,Estável,
2026-09-25,FIDC MULTISETORIAL ITÁLIA  - SENIORES ÚNICA,https://www.austin.com.br/Historico-Rating/842/FIDC_Multisetorial_Itália__-_Seniores_Única,FIDCs,brAA,,brAA,2011-07-22,Rating Inicial,Estável,
2026-09-25,FIDC NP CONSÓRCIOS  - SENIORES ÚNICA,https://www.austin.com.br/Historico-Rating/3663/FIDC_NP_Consórcios__-_Seniores_Única,FIDCs,brA+,,brA+,2020-12-17,Rating Preliminar,,https://www.austin.com.br/Relatorio/Rating/FIDC_NP_Consórcios_/10101
2026-09-25,FIDC NP MULTISSETORIAL R&G LP - SENIORES 2ª SÉRIE,https://www.austin.com.br/Historico-Rating/1099/FIDC_NP_Multissetorial_R&G_LP_-_Seniores_2ª_série,FIDCs,brA-,,brA-,2013-05-20,Confirmação,Estável,https://www.austin.com.br/Relatorio/Rating/FIDC_NP_Multissetorial_ReG_LP/4661
2026-09-25,FIDC NP MULTISSETORIAL R&G LP - SENIORES 2ª SÉRIE,https://www.austin.com.br/Historico-Rating/1099/FIDC_NP_Multissetorial_R&G_LP_-_Seniores_2ª_série,FIDCs,brA-,,brA-,2013-02-15,Confirmação,Estável,
2026-09-25,FIDC NP MULTISSETORIAL R&G LP - SENIORES 2ª SÉRIE,https://www.austin.com.br/Historico-Rating/1099/FIDC_NP_Multissetorial_R&G_LP_-_Seniores_2ª_série,FIDCs,brA-,,brA-,2012-11-13,Confirmação,Estável,
2026-09-25,FIDC NP MULTISSETORIAL R&G LP - SENIORES 2ª SÉRIE,https://www.austin.com.br/Historico-Rating/1099/FIDC_NP_Multissetorial_R&G_LP_-_Seniores_2ª_série,FIDCs,brA-,,brA-,2012-08-15,Confirmação,Estável,
2026-09-25,FIDC NP MULTISSETORIAL R&G LP - SENIORES 2ª SÉRIE,https://www.austin.com.br/Historico-Rating/1099/FIDC_NP_Multissetorial_R&G_LP_-_Seniores_2ª_série,FIDCs,brA-,,brA-,2012-05-15,Rating Inicial,Estável,
2026-09-25,FIDC NP MULTISSETORIAL R&G LP - SENIORES 2ª SÉRIE,https://www.austin.com.br/Historico-Rating/1099/FIDC_NP_Multissetorial_R&G_LP_-_Seniores_2ª_série,FIDCs,brA-,,brA-,2012-02-15,Elevação,Estável,
2026-09-25,FIDC NP MULTISSETORIAL R&G LP - SENIORES 2ª SÉRIE,https://www.austin.com.br/Historico-Rating/1099/FIDC_NP_Multissetorial_R&G_LP_-_Seniores_2ª_série,FIDCs,brBBB+,,brBBB+,2011-11-11,Confirmação,Estável,
2026-09-25,FIDC NP MULTISSETORIAL R&G LP - SENIORES 2ª SÉRIE,https://www.austin.com.br/Historico-Rating/1099/FIDC_NP_Multissetorial_R&G_LP_-_Seniores_2ª_série,FIDCs,brBBB+,,brBBB+,2011-08-10,Rating Inicial,Estável,
2026-09-25,FIDC NP EXODUS INSTITUCIONAL - MEZANINO CLASSE B,https://www.austin.com.br/Historico-Rating/3269/FIDC_NP_Exodus_Institucional_-_Mezanino_Classe_B_,FIDCs,brB-,,brB-,2020-04-02,Observação Negativa,,https://www.austin.com.br/Relatorio/Rating/FIDC_NP_Exodus_Institucional/9832
2026-09-25,FIDC NP EXODUS INSTITUCIONAL - MEZANINO CLASSE B,https://www.austin.com.br/Historico-Rating/3269/FIDC_NP_Exodus_Institucional_-_Mezanino_Classe_B_,FIDCs,brB-,,brB-,2020-02-21,Confirmação,Estável,
2026-09-25,FIDC NP EXODUS INSTITUCIONAL - MEZANINO CLASSE B,https://www.austin.com.br/Historico-Rating/3269/FIDC_NP_Exodus_Institucional_-_Mezanino_Classe_B_,FIDCs,brB-,,brB-,2019-11-13,Confirmação,Estável,
2026-09-25,FIDC NP EXODUS INSTITUCIONAL - MEZANINO CLASSE B,https://www.austin.com.br/Historico-Rating/3269/FIDC_NP_Exodus_Institucional_-_Mezanino_Classe_B_,FIDCs,brB-,,brB-,2019-08-21,Confirmação,Estável,
2026-09-25,FIDC NP EXODUS INSTITUCIONAL - MEZANINO CLASSE B,https://www.austin.com.br/Historico-Rating/3269/FIDC_NP_Exodus_Institucional_-_Mezanino_Classe_B_,FIDCs,brB-,,brB-,2019-05-20,Confirmação,Estável,
2026-09-25,FIDC NP EXODUS INSTITUCIONAL - MEZANINO CLASSE B,https://www.austin.com.br/Historico-Rating/3269/FIDC_NP_Exodus_Institucional_-_Mezanino_Classe_B_,FIDCs,brB-,,brB-,2017-12-19,Confirmação,Estável,
2026-09-25,FIDC NP EXODUS INSTITUCIONAL - MEZANINO CLASSE B,https://www.austin.com.br/Historico-Rating/3269/FIDC_NP_Exodus_Institucional_-_Mezanino_Classe_B_,FIDCs,brB-,,brB-,2017-03-20,Rating Inicial,Estável,
2026-09-25,FIDC NP NPL BRASIL I  - ÚNICA,https://www.austin.com.br/Historico-Rating/4097/FIDC_NP_NPL_Brasil_I__-_Única_,FIDCs,brB-,,brB-,2024-08-09,Confirmação,Estável,https://www.austin.com.br/Relatorio/Rating/FIDC_NP_NPL_Brasil_I_/11048
2026-09-25,FIDC NP NPL BRASIL I  - ÚNICA,https://www.austin.com.br/Historico-Rating/4097/FIDC_NP_NPL_Brasil_I__-_Única_,FIDCs,brB-,,brB-,2022-08-12,Confirmação,Estável,
2026-09-25,FIDC NP PJUS II  - SENIORES ÚNICA,https://www.austin.com.br/Historico-Rating/3291/FIDC_NP_Pjus_II__-_Seniores_Única,FIDCs,brBB+,,brBB+,2025-08-05,Confirmação,Estável,https://www.austin.com.br/Relatorio/Rating/FIDC_NP_Pjus_II_/9110
2026-09-25,FIDC NP PEARL  - SENIORES 1ª SÉRIE,https://www.austin.com.br/Historico-Rating/715/FIDC_NP_Pearl__-_Seniores_1ª_série,FIDCs,brCCC,,brCCC,2024-08-15,Confirmação,Estável,https://www.austin.com.br/Relatorio/Rating/FIDC_NP_Pearl_/11198
2026-09-25,FIDC NP PEARL  - SENIORES 1ª SÉRIE,https://www.austin.com.br/Historico-Rating/715/FIDC_NP_Pearl__-_Seniores_1ª_série,FIDCs,brB,,brB,2019-11-21,Rating Inicial,Estável,
2026-09-25,FIDC NP PEARL  - SENIORES 1ª SÉRIE,https://www.austin.com.br/Historico-Rating/715/FIDC_NP_Pearl__-_Seniores_1ª_série,FIDCs,brBB+,,brBB+,2019-04-15,Rating Retirado,,
2026-09-25,FIDC NP PEARL  - SENIORES 1ª SÉRIE,https://www.austin.com.br/Historico-Rating/715/FIDC_NP_Pearl__-_Seniores_1ª_série,FIDCs,brBB+,,brBB+,2018-04-30,Confirmação,Estável,
2026-09-25,FIDC NP PEARL  - SENIORES 1ª SÉRIE,https://www.austin.com.br/Historico-Rating/715/FIDC_NP_Pearl__-_Seniores_1ª_série,FIDCs,brBB+,,brBB+,2017-05-18,Confirmação,Estável,
2026-09-25,FIDC NP PEARL  - SENIORES 1ª SÉRIE,https://www.austin.com.br/Historico-Rating/715/FIDC_NP_Pearl__-_Seniores_1ª_série,FIDCs,brBB+,,brBB+,2017-02-15,Confirmação,Estável,
2026-09-25,FIDC NP PEARL  - SENIORES 1ª SÉRIE,https://www.austin.com.br/Historico-Rating/715/FIDC_NP_Pearl__-_Seniores_1ª_série,FIDCs,brBB+,,brBB+,2016-11-09,Confirmação,Estável,
2026-09-25,FIDC NP PEARL  - SENIORES 1ª SÉRIE,https://www.austin.com.br/Historico-Rating/715/FIDC_NP_Pearl__-_Seniores_1ª_série,FIDCs,brBB+,,brBB+,2016-08-12,Confirmação,Estável,
2026-09-25,FIDC NP PEARL  - SENIORES 1ª SÉRIE,https://www.austin.com.br/Historico-Rating/715/FIDC_NP_Pearl__-_Seniores_1ª_série,FIDCs,brBB+,,brBB+,2016-05-16,Confirmação,Estável,
2026-09-25,FIDC NP PEARL  - SENIORES 1ª SÉRIE,https://www.austin.com.br/Historico-Rating/715/FIDC_NP_Pearl__-_Seniores_1ª_série,FIDCs,brBB+,,brBB+,2016-03-08,Confirmação,Estável,
2026-09-25,FIDC NP PEARL  - SENIORES 1ª SÉRIE,https://www.austin.com.br/Historico-Rating/715/FIDC_NP_Pearl__-_Seniores_1ª_série,FIDCs,brBB+,,brBB+,2015-05-20,Confirmação,Estável,
2026-09-25,FIDC NP PEARL  - SENIORES 1ª SÉRIE,https://www.austin.com.br/Historico-Rating/715/FIDC_NP_Pearl__-_Seniores_1ª_série,FIDCs,brBB+,,brBB+,2015-02-20,Confirmação,Estável,
2026-09-25,FIDC NP PEARL  - SENIORES 1ª SÉRIE,https://www.austin.com.br/Historico-Rating/715/FIDC_NP_Pearl__-_Seniores_1ª_série,FIDCs,brBB+,,brBB+,2014-12-02,Confirmação,Estável,
2026-09-25,FIDC NP PEARL  - SENIORES 1ª SÉRIE,https://www.austin.com.br/Historico-Rating/715/FIDC_NP_Pearl__-_Seniores_1ª_série,FIDCs,brBB+,,brBB+,2013-08-15,Confirmação,Estável,
2026-09-25,FIDC NP PEARL  - SENIORES 1ª SÉRIE,https://www.austin.com.br/Historico-Rating/715/FIDC_NP_Pearl__-_Seniores_1ª_série,FIDCs,brBB+,,brBB+,2012-05-15,Confirmação,Estável,
2026-09-25,FIDC NP PEARL  - SENIORES 1ª SÉRIE,https://www.austin.com.br/Historico-Rating/715/FIDC_NP_Pearl__-_Seniores_1ª_série,FIDCs,brBB+,,brBB+,2011-08-12,Confirmação,Estável,
2026-09-25,FIDC NP PEARL  - SENIORES 1ª SÉRIE,https://www.austin.com.br/Historico-Rating/715/FIDC_NP_Pearl__-_Seniores_1ª_série,FIDCs,brBB+,,brBB+,2011-05-17,Confirmação,Estável,
2026-09-25,FIDC NP PEARL  - SENIORES 1ª SÉRIE,https://www.austin.com.br/Historico-Rating/715/FIDC_NP_Pearl__-_Seniores_1ª_série,FIDCs,brBB+,,brBB+,2011-02-14,Rating Inicial,Estável,
2026-09-25,FIDC NP PEARL - SENIORES 2ª SÉRIE,https://www.austin.com.br/Historico-Rating/2127/FIDC_NP_Pearl_-_Seniores_2ª_série,FIDCs,brCCC,,brCCC,2024-08-15,Confirmação,Estável,https://www.austin.com.br/Relatorio/Rating/FIDC_NP_Pearl/11199
2026-09-25,FIDC NP PEARL - SENIORES 2ª SÉRIE,https://www.austin.com.br/Historico-Rating/2127/FIDC_NP_Pearl_-_Seniores_2ª_série,FIDCs,brB,,brB,2019-11-21,Rating Inicial,Estável,
2026-09-25,FIDC NP PEARL - SENIORES 2ª SÉRIE,https://www.austin.com.br/Historico-Rating/2127/FIDC_NP_Pearl_-_Seniores_2ª_série,FIDCs,brBB+,,brBB+,2019-04-15,Rating Retirado,,
2026-09-25,FIDC NP PEARL - SENIORES 2ª SÉRIE,https://www.austin.com.br/Historico-Rating/2127/FIDC_NP_Pearl_-_Seniores_2ª_série,FIDCs,brBB+,,brBB+,2018-04-30,Confirmação,Estável,
2026-09-25,FIDC NP PEARL - SENIORES 2ª SÉRIE,https://www.austin.com.br/Historico-Rating/2127/FIDC_NP_Pearl_-_Seniores_2ª_série,FIDCs,brBB+,,brBB+,2017-05-18,Confirmação,Estável,
2026-09-25,FIDC NP PEARL - SENIORES 2ª SÉRIE,https://www.austin.com.br/Historico-Rating/2127/FIDC_NP_Pearl_-_Seniores_2ª_série,FIDCs,brBB+,,brBB+,2017-02-15,Confirmação,Estável,
2026-09-25,FIDC NP PEARL - SENIORES 2ª SÉRIE,https://www.austin.com.br/Historico-Rating/2127/FIDC_NP_Pearl_-_Seniores_2ª_série,FIDCs,brBB+,,brBB+,2016-11-09,Confirmação,Estável,
2026-09-25,FIDC NP PEARL - SENIORES 2ª SÉRIE,https://www.austin.com.br/Historico-Rating/2127/FIDC_NP_Pearl_-_Seniores_2ª_série,FIDCs,brBB+,,brBB+,2016-08-12,Confirmação,Estável,
2026-09-25,FIDC NP PEARL - SENIORES 2ª SÉRIE,https://www.austin.com.br/Historico-Rating/2127/FIDC_NP_Pearl_-_Seniores_2ª_série,FIDCs,brBB+,,brBB+,2016-05-16,Confirmação,Estável,
2026-09-25,FIDC NP PEARL - SENIORES 2ª SÉRIE,https://www.austin.com.br/Historico-Rating/2127/FIDC_NP_Pearl_-_Seniores_2ª_série,FIDCs,brBB+,,brBB+,2016-03-08,Confirmação,Estável,
2026-09-25,FIDC NP PEARL - SENIORES 2ª SÉRIE,https://www.austin.com.br/Historico-Rating/2127/FIDC_NP_Pearl_-_Seniores_2ª_série,FIDCs,brBB+,,brBB+,2015-05-20,Confirmação,Estável,
2026-09-25,FIDC NP PEARL - SENIORES 2ª SÉRIE,https://www.austin.com.br/Historico-Rating/2127/FIDC_NP_Pearl_-_Seniores_2ª_série,FIDCs,brBB+,,brBB+,2015-02-20,Confirmação,Estável,
2026-09-25,FIDC NP PRECATÓRIOS SELECIONADOS I - SENIORES ÚNICA,https://www.austin.com.br/Historico-Rating/3028/FIDC_NP_Precatórios_Selecionados_I_-_Seniores_Única,FIDCs,brB-,,brB-,2019-11-06,Confirmação,Estável,https://www.austin.com.br/Relatorio/Rating/FIDC_NP_Precatórios_Selecionados_I/9604
2026-09-25,FIDC NP PRECATÓRIOS SELECIONADOS I - SENIORES ÚNICA,https://www.austin.com.br/Historico-Rating/3028/FIDC_NP_Precatórios_Selecionados_I_-_Seniores_Única,FIDCs,brB-,,brB-,2019-08-06,Confirmação,Estável,
2026-09-25,FIDC NP PRECATÓRIOS SELECIONADOS I - SENIORES ÚNICA,https://www.austin.com.br/Historico-Rating/3028/FIDC_NP_Precatórios_Selecionados_I_-_Seniores_Única,FIDCs,brB-,,brB-,2019-04-29,Confirmação,Estável,
2026-09-25,FIDC NP PRECATÓRIOS SELECIONADOS I - SENIORES ÚNICA,https://www.austin.com.br/Historico-Rating/3028/FIDC_NP_Precatórios_Selecionados_I_-_Seniores_Única,FIDCs,brB-,,brB-,2019-02-08,Confirmação,Estável,
2026-09-25,FIDC NP PRECATÓRIOS SELECIONADOS I - SENIORES ÚNICA,https://www.austin.com.br/Historico-Rating/3028/FIDC_NP_Precatórios_Selecionados_I_-_Seniores_Única,FIDCs,brB-,,brB-,2018-11-21,Rebaixamento,Estável,
2026-09-25,FIDC NP PRECATÓRIOS SELECIONADOS I - SENIORES ÚNICA,https://www.austin.com.br/Historico-Rating/3028/FIDC_NP_Precatórios_Selecionados_I_-_Seniores_Única,FIDCs,brBB,,brBB,2018-08-17,Rating Inicial,Estável,
2026-09-25,FIDC NP TRATEX III - ÚNICA,https://www.austin.com.br/Historico-Rating/3509/FIDC_NP_Tratex_III_-_Única_,FIDCs,brBB+,,brBB+,2020-03-03,Rating Inicial,Estável,https://www.austin.com.br/Relatorio/Rating/FIDC_NP_Tratex_III/9908
2026-09-25,FIDC NP TRATEX II - ÚNICA,https://www.austin.com.br/Historico-Rating/2937/FIDC_NP_Tratex_II_-_Única_,FIDCs,brBB+,,brBB+,2019-07-29,Confirmação,Estável,https://www.austin.com.br/Relatorio/Rating/FIDC_NP_Tratex_II/9309
2026-09-25,FIDC NP TRATEX II - ÚNICA,https://www.austin.com.br/Historico-Rating/2937/FIDC_NP_Tratex_II_-_Única_,FIDCs,brBB+,,brBB+,2019-05-10,Confirmação,Estável,
2026-09-25,FIDC NP TRATEX II - ÚNICA,https://www.austin.com.br/Historico-Rating/2937/FIDC_NP_Tratex_II_-_Única_,FIDCs,brBB+,,brBB+,2019-02-06,Confirmação,Estável,
2026-09-25,FIDC NP TRATEX II - ÚNICA,https://www.austin.com.br/Historico-Rating/2937/FIDC_NP_Tratex_II_-_Única_,FIDCs,brBB+,,brBB+,2018-04-12,Rating Inicial,Estável,
2026-09-25,FIDC PAGSEGURO I  - SENIORES 2ª SÉRIE,https://www.austin.com.br/Historico-Rating/4687/FIDC_Pagseguro_I__-_Seniores_2ª_série,FIDCs,brAAA,,brAAA,2024-08-12,Confirmação,Estável,https://www.austin.com.br/Relatorio/Rating/FIDC_Pagseguro_I_/11080
2026-09-25,FIDC PAULISTA INVEST - SENIORES 2ª SÉRIE,https://www.austin.com.br/Historico-Rating/2725/FIDC_Paulista_Invest_-_Seniores_2ª_série,FIDCs,brA,,brA,2020-04-02,Observação Negativa,,https://www.austin.com.br/Relatorio/Rating/FIDC_Paulista_Invest/9932
2026-09-25,FIDC PAULISTA INVEST - SENIORES 2ª SÉRIE,https://www.austin.com.br/Historico-Rating/2725/FIDC_Paulista_Invest_-_Seniores_2ª_série,FIDCs,brA,,brA,2019-08-13,Confirmação,Estável,
2026-09-25,FIDC PAULISTA INVEST - SENIORES 2ª SÉRIE,https://www.austin.com.br/Historico-Rating/2725/FIDC_Paulista_Invest_-_Seniores_2ª_série,FIDCs,brA,,brA,2019-05-14,Elevação,Estável,
2026-09-25,FIDC PAULISTA INVEST - SENIORES 2ª SÉRIE,https://www.austin.com.br/Historico-Rating/2725/FIDC_Paulista_Invest_-_Seniores_2ª_série,FIDCs,brA-,,brA-,2019-02-15,Confirmação,Estável,
2026-09-25,FIDC PAULISTA INVEST - SENIORES 2ª SÉRIE,https://www.austin.com.br/Historico-Rating/2725/FIDC_Paulista_Invest_-_Seniores_2ª_série,FIDCs,brA-,,brA-,2017-07-03,Rating Inicial,Estável,
2026-09-25,FIDC NP TRYBE - SENIORES 1ª SÉRIE,https://www.austin.com.br/Historico-Rating/3666/FIDC_NP_Trybe_-_Seniores_1ª_série,FIDCs,brBBB+,,brBBB+,2024-08-12,Rebaixamento,Estável,https://www.austin.com.br/Relatorio/Rating/FIDC_NP_Trybe/11139
2026-09-25,FIDC PAGUEVELOZ - SENIORES ÚNICA,https://www.austin.com.br/Historico-Rating/3419/FIDC_PagueVeloz_-_Seniores_Única,FIDCs,brA,,brA,2019-12-27,Rating Inicial,Estável,https://www.austin.com.br/Relatorio/Rating/FIDC_PagueVeloz/9451
2026-09-25,FIDC PAULISTA INVEST - SUBORDINADAS JÚNIOR,https://www.austin.com.br/Historico-Rating/2539/FIDC_Paulista_Invest_-_Subordinadas_Júnior_,FIDCs,brB-,,brB-,2020-04-02,Observação Negativa,,https://www.austin.com.br/Relatorio/Rating/FIDC_Paulista_Invest/9930
2026-09-25,FIDC PAULISTA INVEST - SUBORDINADAS JÚNIOR,https://www.austin.com.br/Historico-Rating/2539/FIDC_Paulista_Invest_-_Subordinadas_Júnior_,FIDCs,brB-,,brB-,2019-08-13,Confirmação,Estável,
2026-09-25,FIDC PAULISTA INVEST - SUBORDINADAS JÚNIOR,https://www.austin.com.br/Historico-Rating/2539/FIDC_Paulista_Invest_-_Subordinadas_Júnior_,FIDCs,brB-,,brB-,2019-05-14,Confirmação,Estável,
2026-09-25,FIDC PAULISTA INVEST - SUBORDINADAS JÚNIOR,https://www.austin.com.br/Historico-Rating/2539/FIDC_Paulista_Invest_-_Subordinadas_Júnior_,FIDCs,brB-,,brB-,2019-02-15,Confirmação,Estável,
2026-09-25,FIDC PAULISTA INVEST - SUBORDINADAS JÚNIOR,https://www.austin.com.br/Historico-Rating/2539/FIDC_Paulista_Invest_-_Subordinadas_Júnior_,FIDCs,brCCC,,brCCC,2016-10-20,Rating Preliminar,,
2026-09-25,FIDC NP TRYBE  - SENIORES 2ª SÉRIE,https://www.austin.com.br/Historico-Rating/4741/FIDC_NP_Trybe__-_Seniores_2ª_série,FIDCs,brBBB+,,brBBB+,2024-08-12,Rebaixamento,Estável,https://www.austin.com.br/Relatorio/Rating/FIDC_NP_Trybe_/11138
2026-09-25,FIDC PLUGIFY TECH I - SUBORDINADAS JÚNIOR,https://www.austin.com.br/Historico-Rating/4067/FIDC_Plugify_Tech_I_-_Subordinadas_Júnior_,FIDCs,brB,,brB,2024-05-16,Confirmação,Estável,https://www.austin.com.br/Relatorio/Rating/FIDC_Plugify_Tech_I/10431
2026-09-25,FIDC PAULISTA INVEST - SENIORES 1ª SÉRIE,https://www.austin.com.br/Historico-Rating/2724/FIDC_Paulista_Invest_-_Seniores_1ª_série,FIDCs,brA,,brA,2020-04-02,Observação Negativa,,https://www.austin.com.br/Relatorio/Rating/FIDC_Paulista_Invest/9931
2026-09-25,FIDC PAULISTA INVEST - SENIORES 1ª SÉRIE,https://www.austin.com.br/Historico-Rating/2724/FIDC_Paulista_Invest_-_Seniores_1ª_série,FIDCs,brA,,brA,2019-08-13,Confirmação,Estável,
2026-09-25,FIDC PAULISTA INVEST - SENIORES 1ª SÉRIE,https://www.austin.com.br/Historico-Rating/2724/FIDC_Paulista_Invest_-_Seniores_1ª_série,FIDCs,brA,,brA,2019-05-14,Elevação,Estável,
2026-09-25,FIDC PAULISTA INVEST - SENIORES 1ª SÉRIE,https://www.austin.com.br/Historico-Rating/2724/FIDC_Paulista_Invest_-_Seniores_1ª_série,FIDCs,brA-,,brA-,2019-02-15,Confirmação,Estável,
2026-09-25,FIDC PAULISTA INVEST - SENIORES 1ª SÉRIE,https://www.austin.com.br/Historico-Rating/2724/FIDC_Paulista_Invest_-_Seniores_1ª_série,FIDCs,brA-,,brA-,2017-07-03,Rating Inicial,Estável,
2026-09-25,FIDC PEAK INVEST - SENIORES 1ª SÉRIE,https://www.austin.com.br/Historico-Rating/3623/FIDC_Peak_Invest_-_Seniores_1ª_série,FIDCs,brBBB-,,brBBB-,2020-10-27,Rating Inicial,Estável,https://www.austin.com.br/Relatorio/Rating/FIDC_Peak_Invest/10070
2026-09-25,FIDC PLUGIFY TECH I - MEZANINO CLASSE A,https://www.austin.com.br/Historico-Rating/4066/FIDC_Plugify_Tech_I_-_Mezanino_Classe_A_,FIDCs,brBB+,,brBB+,2024-05-16,Confirmação,Estável,https://www.austin.com.br/Relatorio/Rating/FIDC_Plugify_Tech_I/10430
2026-09-25,FIDC POLÍGONO BLUE - SUBORDINADAS JÚNIOR,https://www.austin.com.br/Historico-Rating/4236/FIDC_Polígono_Blue_-_Subordinadas_Júnior_,FIDCs,brCC,,brCC,2024-05-15,Confirmação,Estável,
2026-09-25,FIDC POLÍGONO BLUE - SUBORDINADAS JÚNIOR,https://www.austin.com.br/Historico-Rating/4236/FIDC_Polígono_Blue_-_Subordinadas_Júnior_,FIDCs,brCC,,brCC,2023-06-20,Rating Inicial,Estável,
2026-09-25,FIDC PRATA DIGITAL - SUBORDINADAS JÚNIOR,https://www.austin.com.br/Historico-Rating/4239/FIDC_Prata_Digital_-_Subordinadas_Júnior_,FIDCs,brBB+,,brBB+,2023-07-07,Rating Inicial,Estável,https://www.austin.com.br/Relatorio/Rating/FIDC_Prata_Digital/10617
2026-09-25,FIDC PLUGIFY TECH I - SENIORES 1ª SÉRIE,https://www.austin.com.br/Historico-Rating/4065/FIDC_Plugify_Tech_I_-_Seniores_1ª_série,FIDCs,brA-,,brA-,2024-05-16,Confirmação,Estável,https://www.austin.com.br/Relatorio/Rating/FIDC_Plugify_Tech_I/10429
2026-09-25,FIDC PRATA DIGITAL - SENIORES ÚNICA,https://www.austin.com.br/Historico-Rating/4237/FIDC_Prata_Digital_-_Seniores_Única,FIDCs,brAA,,brAA,2023-07-07,Rating Inicial,Estável,https://www.austin.com.br/Relatorio/Rating/FIDC_Prata_Digital/10615
2026-09-25,FIDC PROSPECTA - SUBORDINADAS JÚNIOR,https://www.austin.com.br/Historico-Rating/4611/FIDC_Prospecta_-_Subordinadas_Júnior_,FIDCs,brC,,brC,2024-07-24,Confirmação,Estável,https://www.austin.com.br/Relatorio/Rating/FIDC_Prospecta/10961
2026-09-25,FIDC PROSPECTA - SUBORDINADAS JÚNIOR,https://www.austin.com.br/Historico-Rating/4611/FIDC_Prospecta_-_Subordinadas_Júnior_,FIDCs,brC,,brC,2024-07-24,Confirmação,Estável,
2026-09-25,FIDC POLÍGONO BLUE - SENIORES 1ª SÉRIE,https://www.austin.com.br/Historico-Rating/4235/FIDC_Polígono_Blue_-_Seniores_1ª_série,FIDCs,brB,,brB,2024-05-15,Confirmação,Estável,
2026-09-25,FIDC POLÍGONO BLUE - SENIORES 1ª SÉRIE,https://www.austin.com.br/Historico-Rating/4235/FIDC_Polígono_Blue_-_Seniores_1ª_série,FIDCs,brB,,brB,2023-06-20,Rating Inicial,Estável,
2026-09-25,FIDC PROSPECTA - SENIORES ÚNICA,https://www.austin.com.br/Historico-Rating/3635/FIDC_Prospecta_-_Seniores_Única,FIDCs,brBB,,brBB,2024-07-24,Confirmação,Estável,https://www.austin.com.br/Relatorio/Rating/FIDC_Prospecta/10962
2026-09-25,FIDC PROSPECTA - SENIORES ÚNICA,https://www.austin.com.br/Historico-Rating/3635/FIDC_Prospecta_-_Seniores_Única,FIDCs,brA,,brA,2020-10-20,Rating Inicial,Estável,
2026-09-25,FIDC PRATA DIGITAL - SUBORDINADAS MEZANINO,https://www.austin.com.br/Historico-Rating/4238/FIDC_Prata_Digital_-_Subordinadas_Mezanino_,FIDCs,brA-,,brA-,2023-07-07,Rating Inicial,Estável,https://www.austin.com.br/Relatorio/Rating/FIDC_Prata_Digital/10616
2026-09-25,FIDC NP UNP - SUBORDINADAS,https://www.austin.com.br/Historico-Rating/2280/FIDC_NP_UNP_-_Subordinadas_,FIDCs,brB-,,brB-,2017-06-30,Confirmação,Estável,https://www.austin.com.br/Relatorio/Rating/FIDC_NP_UNP/7609
2026-09-25,FIDC NP UNP - SUBORDINADAS,https://www.austin.com.br/Historico-Rating/2280/FIDC_NP_UNP_-_Subordinadas_,FIDCs,brB-,,brB-,2017-02-10,Confirmação,Estável,
2026-09-25,FIDC NP UNP - SUBORDINADAS,https://www.austin.com.br/Historico-Rating/2280/FIDC_NP_UNP_-_Subordinadas_,FIDCs,brB-,,brB-,2016-11-18,Confirmação,Estável,
2026-09-25,FIDC NP UNP - SUBORDINADAS,https://www.austin.com.br/Historico-Rating/2280/FIDC_NP_UNP_-_Subordinadas_,FIDCs,brB-,,brB-,2016-08-19,Confirmação,Estável,
2026-09-25,FIDC NP UNP - SUBORDINADAS,https://www.austin.com.br/Historico-Rating/2280/FIDC_NP_UNP_-_Subordinadas_,FIDCs,brB-,,brB-,2016-05-13,Confirmação,Estável,
2026-09-25,FIDC NP UNP - SUBORDINADAS,https://www.austin.com.br/Historico-Rating/2280/FIDC_NP_UNP_-_Subordinadas_,FIDCs,brB-,,brB-,2015-08-27,Confirmação,Estável,
2026-09-25,FIDC NP UNP - SUBORDINADAS,https://www.austin.com.br/Historico-Rating/2280/FIDC_NP_UNP_-_Subordinadas_,FIDCs,brB-,,brB-,2015-07-08,Confirmação,Estável,
2026-09-25,FIDC NP UNP - SUBORDINADAS,https://www.austin.com.br/Historico-Rating/2280/FIDC_NP_UNP_-_Subordinadas_,FIDCs,brB-,,brB-,2014-12-12,Rating Inicial,Estável,
2026-09-25,FIDC PROVI ISA - ÚNICA,https://www.austin.com.br/Historico-Rating/4005/FIDC_Provi_ISA_-_Única_,FIDCs,brB+,,brB+,2022-06-28,Rating Inicial,Estável,
2026-09-25,FIDC QUASAR CB - SENIORES ÚNICA,https://www.austin.com.br/Historico-Rating/3864/FIDC_Quasar_CB_-_Seniores_Única,FIDCs,brA-,,brA-,2022-05-17,Rating Inicial,Estável,https://www.austin.com.br/Relatorio/Rating/FIDC_Quasar_CB/10297
2026-09-25,FIDC PROSPECTA - MEZANINO CLASSE A,https://www.austin.com.br/Historico-Rating/3636/FIDC_Prospecta_-_Mezanino_Classe_A_,FIDCs,brB,,brB,2024-07-24,Confirmação,Estável,https://www.austin.com.br/Relatorio/Rating/FIDC_Prospecta/10963
2026-09-25,FIDC PROSPECTA - MEZANINO CLASSE A,https://www.austin.com.br/Historico-Rating/3636/FIDC_Prospecta_-_Mezanino_Classe_A_,FIDCs,brBB,,brBB,2020-10-20,Rating Inicial,Estável,
2026-09-25,FIDC QUASAR CB - SUBORDINADAS JÚNIOR,https://www.austin.com.br/Historico-Rating/3865/FIDC_Quasar_CB_-_Subordinadas_Júnior_,FIDCs,brB+,,brB+,2022-05-17,Rating Inicial,Estável,https://www.austin.com.br/Relatorio/Rating/FIDC_Quasar_CB/10298
2026-09-25,FIDC PROSPECTA - MEZANINO CLASSE B,https://www.austin.com.br/Historico-Rating/3637/FIDC_Prospecta_-_Mezanino_Classe_B_,FIDCs,brB-,,brB-,2024-07-24,Confirmação,Estável,https://www.austin.com.br/Relatorio/Rating/FIDC_Prospecta/10964
2026-09-25,FIDC PROSPECTA - MEZANINO CLASSE B,https://www.austin.com.br/Historico-Rating/3637/FIDC_Prospecta_-_Mezanino_Classe_B_,FIDCs,brBB-,,brBB-,2021-04-21,Rating Inicial,Estável,
2026-09-25,FIDC PREMIUM  - SENIORES ÚNICA,https://www.austin.com.br/Historico-Rating/180/FIDC_Premium__-_Seniores_Única,FIDCs,brC,,brC,2016-07-21,Rebaixamento,Negativa,https://www.austin.com.br/Relatorio/Rating/FIDC_Premium_/6957
2026-09-25,FIDC PREMIUM  - SENIORES ÚNICA,https://www.austin.com.br/Historico-Rating/180/FIDC_Premium__-_Seniores_Única,FIDCs,brCC,,brCC,2016-05-12,Confirmação,Negativa,
2026-09-25,FIDC PREMIUM  - SENIORES ÚNICA,https://www.austin.com.br/Historico-Rating/180/FIDC_Premium__-_Seniores_Única,FIDCs,brCC,,brCC,2016-02-16,Confirmação,Negativa,
2026-09-25,FIDC PREMIUM  - SENIORES ÚNICA,https://www.austin.com.br/Historico-Rating/180/FIDC_Premium__-_Seniores_Única,FIDCs,brCC,,brCC,2015-11-16,Rebaixamento,Negativa,
2026-09-25,FIDC PREMIUM  - SENIORES ÚNICA,https://www.austin.com.br/Historico-Rating/180/FIDC_Premium__-_Seniores_Única,FIDCs,brB-,,brB-,2015-08-13,Confirmação,Negativa,
2026-09-25,FIDC PREMIUM  - SENIORES ÚNICA,https://www.austin.com.br/Historico-Rating/180/FIDC_Premium__-_Seniores_Única,FIDCs,brB-,,brB-,2015-05-14,Rebaixamento,Negativa,
2026-09-25,FIDC PREMIUM  - SENIORES ÚNICA,https://www.austin.com.br/Historico-Rating/180/FIDC_Premium__-_Seniores_Única,FIDCs,brB+,,brB+,2015-03-10,Confirmação,Negativa,
2026-09-25,FIDC PREMIUM  - SENIORES ÚNICA,https://www.austin.com.br/Historico-Rating/180/FIDC_Premium__-_Seniores_Única,FIDCs,brB+,,brB+,2014-12-09,Rebaixamento,Negativa,
2026-09-25,FIDC PREMIUM  - SENIORES ÚNICA,https://www.austin.com.br/Historico-Rating/180/FIDC_Premium__-_Seniores_Única,FIDCs,brBB+,,brBB+,2014-10-14,Observação Negativa,,
2026-09-25,FIDC PREMIUM  - SENIORES ÚNICA,https://www.austin.com.br/Historico-Rating/180/FIDC_Premium__-_Seniores_Única,FIDCs,brBBB+,,brBBB+,2014-02-14,Rebaixamento,,
2026-09-25,FIDC PREMIUM  - SENIORES ÚNICA,https://www.austin.com.br/Historico-Rating/180/FIDC_Premium__-_Seniores_Única,FIDCs,brA-,,brA-,2013-11-18,Rebaixamento,,
2026-09-25,FIDC PREMIUM  - SENIORES ÚNICA,https://www.austin.com.br/Historico-Rating/180/FIDC_Premium__-_Seniores_Única,FIDCs,brAA-,,brAA-,2013-08-15,Observação Negativa,,
2026-09-25,FIDC PREMIUM  - SENIORES ÚNICA,https://www.austin.com.br/Historico-Rating/180/FIDC_Premium__-_Seniores_Única,FIDCs,brAA-,,brAA-,2013-05-20,Confirmação,Estável,
2026-09-25,FIDC PREMIUM  - SENIORES ÚNICA,https://www.austin.com.br/Historico-Rating/180/FIDC_Premium__-_Seniores_Única,FIDCs,brAA-,,brAA-,2013-02-14,Confirmação,Estável,
2026-09-25,FIDC PREMIUM  - SENIORES ÚNICA,https://www.austin.com.br/Historico-Rating/180/FIDC_Premium__-_Seniores_Única,FIDCs,brAA-,,brAA-,2012-11-14,Confirmação,Estável,
2026-09-25,FIDC PREMIUM  - SENIORES ÚNICA,https://www.austin.com.br/Historico-Rating/180/FIDC_Premium__-_Seniores_Única,FIDCs,brAA-,,brAA-,2012-09-06,Confirmação,Estável,
2026-09-25,FIDC PREMIUM  - SENIORES ÚNICA,https://www.austin.com.br/Historico-Rating/180/FIDC_Premium__-_Seniores_Única,FIDCs,brAA-,,brAA-,2012-07-03,Confirmação,Estável,
2026-09-25,FIDC PREMIUM  - SENIORES ÚNICA,https://www.austin.com.br/Historico-Rating/180/FIDC_Premium__-_Seniores_Única,FIDCs,brAA-,,brAA-,2012-02-10,Confirmação,Estável,
2026-09-25,FIDC PREMIUM  - SENIORES ÚNICA,https://www.austin.com.br/Historico-Rating/180/FIDC_Premium__-_Seniores_Única,FIDCs,brAA-,,brAA-,2011-11-14,Confirmação,Estável,
2026-09-25,FIDC PREMIUM  - SENIORES ÚNICA,https://www.austin.com.br/Historico-Rating/180/FIDC_Premium__-_Seniores_Única,FIDCs,brAA-,,brAA-,2011-08-15,Confirmação,Estável,
2026-09-25,FIDC PREMIUM  - SENIORES ÚNICA,https://www.austin.com.br/Historico-Rating/180/FIDC_Premium__-_Seniores_Única,FIDCs,brAA-,,brAA-,2011-05-11,Confirmação,Estável,
2026-09-25,FIDC PREMIUM  - SENIORES ÚNICA,https://www.austin.com.br/Historico-Rating/180/FIDC_Premium__-_Seniores_Única,FIDCs,brAA-,,brAA-,2011-02-15,Confirmação,Estável,
2026-09-25,FIDC PREMIUM  - SENIORES ÚNICA,https://www.austin.com.br/Historico-Rating/180/FIDC_Premium__-_Seniores_Única,FIDCs,brAA-,,brAA-,2010-11-25,Confirmação,Estável,
2026-09-25,FIDC PREMIUM  - SENIORES ÚNICA,https://www.austin.com.br/Historico-Rating/180/FIDC_Premium__-_Seniores_Única,FIDCs,brAA-,,brAA-,2010-08-16,Elevação,Estável,
2026-09-25,FIDC PREMIUM  - SENIORES ÚNICA,https://www.austin.com.br/Historico-Rating/180/FIDC_Premium__-_Seniores_Única,FIDCs,brA+,,brA+,2010-05-14,Confirmação,Estável,
2026-09-25,FIDC PREMIUM  - SENIORES ÚNICA,https://www.austin.com.br/Historico-Rating/180/FIDC_Premium__-_Seniores_Única,FIDCs,brA+,,brA+,2010-02-18,Confirmação,Estável,
2026-09-25,FIDC PREMIUM  - SENIORES ÚNICA,https://www.austin.com.br/Historico-Rating/180/FIDC_Premium__-_Seniores_Única,FIDCs,brA+,,brA+,2009-11-13,Confirmação,Estável,
2026-09-25,FIDC PREMIUM  - SENIORES ÚNICA,https://www.austin.com.br/Historico-Rating/180/FIDC_Premium__-_Seniores_Única,FIDCs,brA+,,brA+,2009-08-14,Confirmação,Estável,
2026-09-25,FIDC PREMIUM  - SENIORES ÚNICA,https://www.austin.com.br/Historico-Rating/180/FIDC_Premium__-_Seniores_Única,FIDCs,brA+,,brA+,2009-05-15,Confirmação,Estável,
2026-09-25,FIDC PREMIUM  - SENIORES ÚNICA,https://www.austin.com.br/Historico-Rating/180/FIDC_Premium__-_Seniores_Única,FIDCs,brA+,,brA+,2009-02-26,Confirmação,Estável,
2026-09-25,FIDC PREMIUM  - SENIORES ÚNICA,https://www.austin.com.br/Historico-Rating/180/FIDC_Premium__-_Seniores_Única,FIDCs,brA+,,brA+,2008-11-11,Confirmação,Estável,
2026-09-25,FIDC PREMIUM  - SENIORES ÚNICA,https://www.austin.com.br/Historico-Rating/180/FIDC_Premium__-_Seniores_Única,FIDCs,brA+,,brA+,2008-09-08,Confirmação,Estável,
2026-09-25,FIDC PREMIUM  - SENIORES ÚNICA,https://www.austin.com.br/Historico-Rating/180/FIDC_Premium__-_Seniores_Única,FIDCs,brA+,,brA+,2008-06-25,Confirmação,Estável,
2026-09-25,FIDC PREMIUM  - SENIORES ÚNICA,https://www.austin.com.br/Historico-Rating/180/FIDC_Premium__-_Seniores_Única,FIDCs,brA+,,brA+,2008-01-29,Confirmação,Estável,
2026-09-25,FIDC PREMIUM  - SENIORES ÚNICA,https://www.austin.com.br/Historico-Rating/180/FIDC_Premium__-_Seniores_Única,FIDCs,brA+,,brA+,2007-12-11,Confirmação,Estável,
2026-09-25,FIDC PREMIUM  - SENIORES ÚNICA,https://www.austin.com.br/Historico-Rating/180/FIDC_Premium__-_Seniores_Única,FIDCs,brA+,,brA+,2007-06-11,Confirmação,Estável,
2026-09-25,FIDC PREMIUM  - SENIORES ÚNICA,https://www.austin.com.br/Historico-Rating/180/FIDC_Premium__-_Seniores_Única,FIDCs,brA+,,brA+,2006-11-14,Confirmação,Estável,
2026-09-25,FIDC PREMIUM  - SENIORES ÚNICA,https://www.austin.com.br/Historico-Rating/180/FIDC_Premium__-_Seniores_Única,FIDCs,brA+,,brA+,2006-07-24,Elevação,Estável,
2026-09-25,FIDC PREMIUM  - SENIORES ÚNICA,https://www.austin.com.br/Historico-Rating/180/FIDC_Premium__-_Seniores_Única,FIDCs,brA,,brA,2006-04-12,Rebaixamento,Estável,
2026-09-25,FIDC PREMIUM  - SENIORES ÚNICA,https://www.austin.com.br/Historico-Rating/180/FIDC_Premium__-_Seniores_Única,FIDCs,brAA,,brAA,2005-12-13,Confirmação,Estável,
2026-09-25,FIDC PREMIUM  - SENIORES ÚNICA,https://www.austin.com.br/Historico-Rating/180/FIDC_Premium__-_Seniores_Única,FIDCs,brAA,,brAA,2005-09-13,Confirmação,Estável,
2026-09-25,FIDC PREMIUM  - SENIORES ÚNICA,https://www.austin.com.br/Historico-Rating/180/FIDC_Premium__-_Seniores_Única,FIDCs,brAA,,brAA,2005-06-28,Confirmação,Estável,
2026-09-25,FIDC PREMIUM  - SENIORES ÚNICA,https://www.austin.com.br/Historico-Rating/180/FIDC_Premium__-_Seniores_Única,FIDCs,brAA,,brAA,2005-03-22,Confirmação,Estável,
2026-09-25,FIDC PREMIUM  - SENIORES ÚNICA,https://www.austin.com.br/Historico-Rating/180/FIDC_Premium__-_Seniores_Única,FIDCs,brAA,,brAA,2004-12-09,Confirmação,Estável,
2026-09-25,FIDC PREMIUM  - SENIORES ÚNICA,https://www.austin.com.br/Historico-Rating/180/FIDC_Premium__-_Seniores_Única,FIDCs,brAA,,brAA,2004-10-15,Confirmação,Estável,
2026-09-25,FIDC PREMIUM  - SENIORES ÚNICA,https://www.austin.com.br/Historico-Rating/180/FIDC_Premium__-_Seniores_Única,FIDCs,brAA,,brAA,2004-05-31,Confirmação,Estável,
2026-09-25,FIDC PREMIUM  - SENIORES ÚNICA,https://www.austin.com.br/Historico-Rating/180/FIDC_Premium__-_Seniores_Única,FIDCs,brAA,,brAA,2003-12-11,Rating Inicial,Estável,
2026-09-25,FIDC ROTAM - MEZANINO CLASSE B,https://www.austin.com.br/Historico-Rating/3673/FIDC_Rotam_-_Mezanino_Classe_B_,FIDCs,brBBB+,,brBBB+,2020-12-11,Rating Preliminar,,
2026-09-25,FIDC QUASAR DUCOCO - SUBORDINADAS MEZANINO,https://www.austin.com.br/Historico-Rating/3867/FIDC_Quasar_Ducoco_-_Subordinadas_Mezanino_,FIDCs,brD,,brD,2024-08-15,Rebaixamento,,https://www.austin.com.br/Relatorio/Rating/FIDC_Quasar_Ducoco/11148
2026-09-25,FIDC QUASAR DUCOCO - SUBORDINADAS MEZANINO,https://www.austin.com.br/Historico-Rating/3867/FIDC_Quasar_Ducoco_-_Subordinadas_Mezanino_,FIDCs,brBBB-,,brBBB-,2022-08-15,Confirmação,Estável,
2026-09-25,FIDC QUASAR DUCOCO - SUBORDINADAS MEZANINO,https://www.austin.com.br/Historico-Rating/3867/FIDC_Quasar_Ducoco_-_Subordinadas_Mezanino_,FIDCs,brBBB-,,brBBB-,2022-01-10,Rating Inicial,Estável,
2026-09-25,FIDC ROTAM - MEZANINO CLASSE A,https://www.austin.com.br/Historico-Rating/3672/FIDC_Rotam_-_Mezanino_Classe_A_,FIDCs,brA-,,brA-,2020-12-11,Rating Preliminar,Estável,
2026-09-25,FIDC QUASAR DUCOCO - SUBORDINADAS JÚNIOR,https://www.austin.com.br/Historico-Rating/3868/FIDC_Quasar_Ducoco_-_Subordinadas_Júnior_,FIDCs,brD,,brD,2024-08-15,Confirmação,,https://www.austin.com.br/Relatorio/Rating/FIDC_Quasar_Ducoco/11149
2026-09-25,FIDC QUASAR DUCOCO - SUBORDINADAS JÚNIOR,https://www.austin.com.br/Historico-Rating/3868/FIDC_Quasar_Ducoco_-_Subordinadas_Júnior_,FIDCs,brB-,,brB-,2022-08-15,Rating Inicial,Estável,
2026-09-25,FIDC QUASAR DUCOCO - SUBORDINADAS JÚNIOR,https://www.austin.com.br/Historico-Rating/3868/FIDC_Quasar_Ducoco_-_Subordinadas_Júnior_,FIDCs,brB,,brB,2022-01-10,Rating Inicial,Estável,
2026-09-25,FIDC ROTAM - SENIORES 1ª SÉRIE,https://www.austin.com.br/Historico-Rating/3671/FIDC_Rotam_-_Seniores_1ª_série,FIDCs,brAA,,brAA,2020-12-11,Rating Preliminar,,
2026-09-25,FIDC SIGA ENERGIA - SENIORES 7ª SÉRIE,https://www.austin.com.br/Historico-Rating/4753/FIDC_Siga_Energia_-_Seniores_7ª_série,FIDCs,brA,,brA,2024-08-30,Rating Inicial,Estável,https://www.austin.com.br/Relatorio/Rating/FIDC_Siga_Energia/11155
2026-09-25,FIDC SAGRES - ÚNICA,https://www.austin.com.br/Historico-Rating/2760/FIDC_Sagres_-_Única_,FIDCs,brBBB-,,brBBB-,2017-08-29,Rating Preliminar,,https://www.austin.com.br/Relatorio/Rating/FIDC_Sagres/7632
2026-09-25,FIDC SINAI CONSIG - SUBORDINADAS MEZANINO,https://www.austin.com.br/Historico-Rating/5246/FIDC_Sinai_Consig_-_Subordinadas_Mezanino_,FIDCs,brC,,brC,2026-07-03,Rebaixamento,Negativa,https://www.austin.com.br/Relatorio/Rating/FIDC_Sinai_Consig/11654
2026-09-25,"FIDC SIGA ENERGIA 3ª, 4ª, 5ª, 6ª - SENIORES 3ª SÉRIE","https://www.austin.com.br/Historico-Rating/4754/FIDC_Siga_Energia_3ª,_4ª,_5ª,_6ª_-_Seniores_3ª_série",FIDCs,brA,,brA,2024-08-30,Elevação,Estável,"https://www.austin.com.br/Relatorio/Rating/FIDC_Siga_Energia_3ª,_4ª,_5ª,_6ª/11156"
2026-09-25,FIDC SIGA ENERGIA - SENIORES 8ª SÉRIE,https://www.austin.com.br/Historico-Rating/4829/FIDC_SIGA_ENERGIA_-_Seniores_8ª_série,FIDCs,brA,,brA,2024-10-09,Rating Inicial,Estável,
2026-09-25,FIDC SINAI CONSIG - SUBORDINADAS MEZANINO,https://www.austin.com.br/Historico-Rating/5193/FIDC_Sinai_Consig_-_Subordinadas_Mezanino_,FIDCs,brB,,brB,2025-12-29,Rating Inicial,Estável,https://www.austin.com.br/Relatorio/Rating/FIDC_Sinai_Consig/11602
2026-09-25,FIDC SINAI CONSIG - SENIORES 2ª SÉRIE,https://www.austin.com.br/Historico-Rating/5192/FIDC_Sinai_Consig_-_Seniores_2ª_série,FIDCs,brBB,,brBB,2025-12-29,Rating Inicial,Estável,https://www.austin.com.br/Relatorio/Rating/FIDC_Sinai_Consig/11601
2026-09-25,FIDC SINAI CONSIG - SENIORES 2ª SÉRIE,https://www.austin.com.br/Historico-Rating/5245/FIDC_Sinai_Consig_-_Seniores_2ª_série,FIDCs,brCC,,brCC,2026-07-03,Rebaixamento,Negativa,https://www.austin.com.br/Relatorio/Rating/FIDC_Sinai_Consig/11653
2026-09-25,FIDC SP RECEBÍVEIS PREMIUM I  - SENIORES ÚNICA,https://www.austin.com.br/Historico-Rating/3255/FIDC_SP_Recebíveis_Premium_I__-_Seniores_Única,FIDCs,brA+,,brA+,2020-11-27,Confirmação,Estável,https://www.austin.com.br/Relatorio/Rating/FIDC_SP_Recebíveis_Premium_I_/10098
2026-09-25,FIDC SP RECEBÍVEIS PREMIUM I  - SENIORES ÚNICA,https://www.austin.com.br/Historico-Rating/3255/FIDC_SP_Recebíveis_Premium_I__-_Seniores_Única,FIDCs,brA+,,brA+,2020-08-28,Confirmação,Estável,
2026-09-25,FIDC SP RECEBÍVEIS PREMIUM I  - SENIORES ÚNICA,https://www.austin.com.br/Historico-Rating/3255/FIDC_SP_Recebíveis_Premium_I__-_Seniores_Única,FIDCs,brA+,,brA+,2020-04-02,Observação Negativa,,
2026-09-25,FIDC SP RECEBÍVEIS PREMIUM I  - SENIORES ÚNICA,https://www.austin.com.br/Historico-Rating/3255/FIDC_SP_Recebíveis_Premium_I__-_Seniores_Única,FIDCs,brA+,,brA+,2019-08-12,Confirmação,Estável,
2026-09-25,FIDC SP RECEBÍVEIS PREMIUM I  - SENIORES ÚNICA,https://www.austin.com.br/Historico-Rating/3255/FIDC_SP_Recebíveis_Premium_I__-_Seniores_Única,FIDCs,brA+,,brA+,2019-07-01,Rating Inicial,Estável,
2026-09-25,FIDC SUPERSIM - MEZANINO CLASSE C,https://www.austin.com.br/Historico-Rating/4004/FIDC_SuperSim_-_Mezanino_Classe_C_,FIDCs,brBB+,,brBB+,2022-06-29,Rating Inicial,Estável,
2026-09-25,FIDC SUPERSIM - SENIORES 2ª SÉRIE,https://www.austin.com.br/Historico-Rating/3884/FIDC_SuperSim_-_Seniores_2ª_série,FIDCs,brA-,,brA-,2022-06-29,Rating Inicial,Estável,
2026-09-25,FIDC SUPERSIM - MEZANINO CLASSE B,https://www.austin.com.br/Historico-Rating/3886/FIDC_SuperSim_-_Mezanino_Classe_B_,FIDCs,brBB+,,brBB+,2022-06-29,Rating Inicial,Estável,
2026-09-25,FIDC TAMANDARÉ - SUBORDINADAS MEZANINO II,https://www.austin.com.br/Historico-Rating/4681/FIDC_Tamandaré_-_Subordinadas_Mezanino_II_,FIDCs,brA,,brA,2024-08-13,Confirmação,Estável,https://www.austin.com.br/Relatorio/Rating/FIDC_Tamandaré/11070
2026-09-25,FIDC SUPERSIM - MEZANINO CLASSE B,https://www.austin.com.br/Historico-Rating/3885/FIDC_SuperSim_-_Mezanino_Classe_B_,FIDCs,brBB+,,brBB+,2022-06-29,Rating Inicial,Estável,
2026-09-25,FIDC SP RECEBÍVEIS PREMIUM I - SUBORDINADAS MEZANINO,https://www.austin.com.br/Historico-Rating/1609/FIDC_SP_Recebíveis_Premium_I_-_Subordinadas_Mezanino_,FIDCs,brA,,brA,2020-11-27,Confirmação,Estável,https://www.austin.com.br/Relatorio/Rating/FIDC_SP_Recebíveis_Premium_I/10096
2026-09-25,FIDC SP RECEBÍVEIS PREMIUM I - SUBORDINADAS MEZANINO,https://www.austin.com.br/Historico-Rating/1609/FIDC_SP_Recebíveis_Premium_I_-_Subordinadas_Mezanino_,FIDCs,brA,,brA,2020-08-28,Confirmação,Estável,
2026-09-25,FIDC SP RECEBÍVEIS PREMIUM I - SUBORDINADAS MEZANINO,https://www.austin.com.br/Historico-Rating/1609/FIDC_SP_Recebíveis_Premium_I_-_Subordinadas_Mezanino_,FIDCs,brA,,brA,2020-04-02,Observação Negativa,,
2026-09-25,FIDC SP RECEBÍVEIS PREMIUM I - SUBORDINADAS MEZANINO,https://www.austin.com.br/Historico-Rating/1609/FIDC_SP_Recebíveis_Premium_I_-_Subordinadas_Mezanino_,FIDCs,brA,,brA,2019-08-12,Confirmação,Estável,
2026-09-25,FIDC SP RECEBÍVEIS PREMIUM I - SUBORDINADAS MEZANINO,https://www.austin.com.br/Historico-Rating/1609/FIDC_SP_Recebíveis_Premium_I_-_Subordinadas_Mezanino_,FIDCs,brA,,brA,2019-04-04,Confirmação,Estável,
2026-09-25,FIDC SP RECEBÍVEIS PREMIUM I - SUBORDINADAS MEZANINO,https://www.austin.com.br/Historico-Rating/1609/FIDC_SP_Recebíveis_Premium_I_-_Subordinadas_Mezanino_,FIDCs,brA,,brA,2018-08-15,Confirmação,Estável,
2026-09-25,FIDC SP RECEBÍVEIS PREMIUM I - SUBORDINADAS MEZANINO,https://www.austin.com.br/Historico-Rating/1609/FIDC_SP_Recebíveis_Premium_I_-_Subordinadas_Mezanino_,FIDCs,brA,,brA,2018-05-24,Confirmação,Estável,
2026-09-25,FIDC SP RECEBÍVEIS PREMIUM I - SUBORDINADAS MEZANINO,https://www.austin.com.br/Historico-Rating/1609/FIDC_SP_Recebíveis_Premium_I_-_Subordinadas_Mezanino_,FIDCs,brA,,brA,2018-02-02,Confirmação,Estável,
2026-09-25,FIDC SP RECEBÍVEIS PREMIUM I - SUBORDINADAS MEZANINO,https://www.austin.com.br/Historico-Rating/1609/FIDC_SP_Recebíveis_Premium_I_-_Subordinadas_Mezanino_,FIDCs,brA,,brA,2017-11-14,Confirmação,Estável,
2026-09-25,FIDC SP RECEBÍVEIS PREMIUM I - SUBORDINADAS MEZANINO,https://www.austin.com.br/Historico-Rating/1609/FIDC_SP_Recebíveis_Premium_I_-_Subordinadas_Mezanino_,FIDCs,brA,,brA,2017-08-09,Confirmação,Estável,
2026-09-25,FIDC SP RECEBÍVEIS PREMIUM I - SUBORDINADAS MEZANINO,https://www.austin.com.br/Historico-Rating/1609/FIDC_SP_Recebíveis_Premium_I_-_Subordinadas_Mezanino_,FIDCs,brA,,brA,2017-05-12,Confirmação,Estável,
2026-09-25,FIDC SP RECEBÍVEIS PREMIUM I - SUBORDINADAS MEZANINO,https://www.austin.com.br/Historico-Rating/1609/FIDC_SP_Recebíveis_Premium_I_-_Subordinadas_Mezanino_,FIDCs,brA,,brA,2017-02-14,Confirmação,Estável,
2026-09-25,FIDC SP RECEBÍVEIS PREMIUM I - SUBORDINADAS MEZANINO,https://www.austin.com.br/Historico-Rating/1609/FIDC_SP_Recebíveis_Premium_I_-_Subordinadas_Mezanino_,FIDCs,brA,,brA,2016-11-18,Confirmação,Estável,
2026-09-25,FIDC SP RECEBÍVEIS PREMIUM I - SUBORDINADAS MEZANINO,https://www.austin.com.br/Historico-Rating/1609/FIDC_SP_Recebíveis_Premium_I_-_Subordinadas_Mezanino_,FIDCs,brA,,brA,2016-08-17,Confirmação,Estável,
2026-09-25,FIDC SP RECEBÍVEIS PREMIUM I - SUBORDINADAS MEZANINO,https://www.austin.com.br/Historico-Rating/1609/FIDC_SP_Recebíveis_Premium_I_-_Subordinadas_Mezanino_,FIDCs,brA,,brA,2016-05-16,Confirmação,Estável,
2026-09-25,FIDC SP RECEBÍVEIS PREMIUM I - SUBORDINADAS MEZANINO,https://www.austin.com.br/Historico-Rating/1609/FIDC_SP_Recebíveis_Premium_I_-_Subordinadas_Mezanino_,FIDCs,brA,,brA,2016-02-15,Confirmação,Estável,
2026-09-25,FIDC SP RECEBÍVEIS PREMIUM I - SUBORDINADAS MEZANINO,https://www.austin.com.br/Historico-Rating/1609/FIDC_SP_Recebíveis_Premium_I_-_Subordinadas_Mezanino_,FIDCs,brA,,brA,2015-11-19,Confirmação,Estável,
2026-09-25,FIDC SP RECEBÍVEIS PREMIUM I - SUBORDINADAS MEZANINO,https://www.austin.com.br/Historico-Rating/1609/FIDC_SP_Recebíveis_Premium_I_-_Subordinadas_Mezanino_,FIDCs,brA,,brA,2015-08-10,Confirmação,Estável,
2026-09-25,FIDC SP RECEBÍVEIS PREMIUM I - SUBORDINADAS MEZANINO,https://www.austin.com.br/Historico-Rating/1609/FIDC_SP_Recebíveis_Premium_I_-_Subordinadas_Mezanino_,FIDCs,brA,,brA,2015-05-14,Confirmação,Estável,
2026-09-25,FIDC SP RECEBÍVEIS PREMIUM I - SUBORDINADAS MEZANINO,https://www.austin.com.br/Historico-Rating/1609/FIDC_SP_Recebíveis_Premium_I_-_Subordinadas_Mezanino_,FIDCs,brA,,brA,2015-02-13,Confirmação,Estável,
2026-09-25,FIDC SP RECEBÍVEIS PREMIUM I - SUBORDINADAS MEZANINO,https://www.austin.com.br/Historico-Rating/1609/FIDC_SP_Recebíveis_Premium_I_-_Subordinadas_Mezanino_,FIDCs,brA,,brA,2014-11-21,Confirmação,Estável,
2026-09-25,FIDC SP RECEBÍVEIS PREMIUM I - SUBORDINADAS MEZANINO,https://www.austin.com.br/Historico-Rating/1609/FIDC_SP_Recebíveis_Premium_I_-_Subordinadas_Mezanino_,FIDCs,brA,,brA,2014-08-18,Confirmação,Estável,
2026-09-25,FIDC SP RECEBÍVEIS PREMIUM I - SUBORDINADAS MEZANINO,https://www.austin.com.br/Historico-Rating/1609/FIDC_SP_Recebíveis_Premium_I_-_Subordinadas_Mezanino_,FIDCs,brA,,brA,2014-05-15,Confirmação,Estável,
2026-09-25,FIDC SP RECEBÍVEIS PREMIUM I - SUBORDINADAS MEZANINO,https://www.austin.com.br/Historico-Rating/1609/FIDC_SP_Recebíveis_Premium_I_-_Subordinadas_Mezanino_,FIDCs,brA,,brA,2014-02-17,Confirmação,Estável,
2026-09-25,FIDC SP RECEBÍVEIS PREMIUM I - SUBORDINADAS MEZANINO,https://www.austin.com.br/Historico-Rating/1609/FIDC_SP_Recebíveis_Premium_I_-_Subordinadas_Mezanino_,FIDCs,brA,,brA,2013-11-11,Rating Inicial,Estável,
2026-09-25,FIDC SUPERSIM - SENIORES 3ª SÉRIE,https://www.austin.com.br/Historico-Rating/4003/FIDC_SuperSim_-_Seniores_3ª_série,FIDCs,brA-,,brA-,2022-06-29,Rating Inicial,Estável,
2026-09-25,FIDC TERA PERFORMANCE  - SUBORDINADAS JÚNIOR,https://www.austin.com.br/Historico-Rating/4009/FIDC_Tera_Performance__-_Subordinadas_Júnior_,FIDCs,brB,,brB,2022-06-24,Rating Inicial,Estável,
2026-09-25,FIDC TERA PERFORMANCE  - SENIORES 1ª SÉRIE,https://www.austin.com.br/Historico-Rating/4007/FIDC_Tera_Performance__-_Seniores_1ª_série,FIDCs,brA+,,brA+,2022-06-24,Rating Inicial,Estável,
2026-09-25,FIDC TERA PERFORMANCE  - SUBORDINADAS MEZANINO I,https://www.austin.com.br/Historico-Rating/4008/FIDC_Tera_Performance__-_Subordinadas_Mezanino_I_,FIDCs,brBBB-,,brBBB-,2022-06-24,Rating Inicial,Estável,
2026-09-25,FIDC TG REAL - SUBORDINADAS JÚNIOR,https://www.austin.com.br/Historico-Rating/4603/FIDC_TG_Real_-_Subordinadas_Júnior_,FIDCs,brB-,,brB-,2024-07-01,Rebaixamento,Estável,https://www.austin.com.br/Relatorio/Rating/FIDC_TG_Real/10944
2026-09-25,FIDC TILES - SENIORES ÚNICA,https://www.austin.com.br/Historico-Rating/2664/FIDC_Tiles_-_Seniores_Única,FIDCs,brBB,,brBB,2017-04-03,Rating Preliminar,,https://www.austin.com.br/Relatorio/Rating/FIDC_Tiles/7337
2026-09-25,FIDC TG REAL - SUBORDINADAS MEZANINO,https://www.austin.com.br/Historico-Rating/4602/FIDC_TG_Real_-_Subordinadas_Mezanino_,FIDCs,brBB-,,brBB-,2024-07-01,Confirmação,Estável,https://www.austin.com.br/Relatorio/Rating/FIDC_TG_Real/10943
2026-09-25,FIDC TMX FINANCE - SUBORDINADAS MEZANINO,https://www.austin.com.br/Historico-Rating/4262/FIDC_TMX_Finance_-_Subordinadas_Mezanino_,FIDCs,brBB-,,brBB-,2025-05-16,Confirmação,Estável,
2026-09-25,FIDC TMX FINANCE - SUBORDINADAS JÚNIOR,https://www.austin.com.br/Historico-Rating/4264/FIDC_TMX_Finance_-_Subordinadas_Júnior_,FIDCs,brB+,,brB+,2025-06-16,Confirmação,Estável,
2026-09-25,FIDC TG REAL - SENIORES ÚNICA,https://www.austin.com.br/Historico-Rating/2801/FIDC_TG_Real_-_Seniores_Única,FIDCs,brBBB+,,brBBB+,2024-07-01,Confirmação,Estável,https://www.austin.com.br/Relatorio/Rating/FIDC_TG_Real/10942
2026-09-25,FIDC TG REAL - SENIORES ÚNICA,https://www.austin.com.br/Historico-Rating/2801/FIDC_TG_Real_-_Seniores_Única,FIDCs,brA,,brA,2020-04-02,Observação Negativa,,
2026-09-25,FIDC TG REAL - SENIORES ÚNICA,https://www.austin.com.br/Historico-Rating/2801/FIDC_TG_Real_-_Seniores_Única,FIDCs,brA,,brA,2019-07-31,Observação Negativa,,
2026-09-25,FIDC TG REAL - SENIORES ÚNICA,https://www.austin.com.br/Historico-Rating/2801/FIDC_TG_Real_-_Seniores_Única,FIDCs,brA,,brA,2019-02-27,Observação Negativa,,
2026-09-25,FIDC TG REAL - SENIORES ÚNICA,https://www.austin.com.br/Historico-Rating/2801/FIDC_TG_Real_-_Seniores_Única,FIDCs,brA,,brA,2017-10-19,Rating Inicial,Estável,
2026-09-25,FIDC TORONTO  - SENIORES ÚNICA,https://www.austin.com.br/Historico-Rating/3779/FIDC_Toronto__-_Seniores_Única,FIDCs,brBBB+,,brBBB+,2021-03-03,Rating Preliminar,,
2026-09-25,FIDC TORONTO  - SUBORDINADAS MEZANINO,https://www.austin.com.br/Historico-Rating/3780/FIDC_Toronto__-_Subordinadas_Mezanino_,FIDCs,brB,,brB,2021-03-03,Rating Preliminar,,
2026-09-25,FIDC TRAÇÃO FINANCEIRA - SENIORES 4ª SÉRIE,https://www.austin.com.br/Historico-Rating/4497/FIDC_Tração_Financeira_-_Seniores_4ª_série,FIDCs,brA+,,brA+,2024-04-09,Confirmação,Estável,https://www.austin.com.br/Relatorio/Rating/FIDC_Tração_Financeira/10832
2026-09-25,FIDC TRAÇÃO FINANCEIRA - SUBORDINADAS JÚNIOR,https://www.austin.com.br/Historico-Rating/4500/FIDC_Tração_Financeira_-_Subordinadas_Júnior_,FIDCs,brB+,,brB+,2024-04-09,Confirmação,Estável,https://www.austin.com.br/Relatorio/Rating/FIDC_Tração_Financeira/10835
2026-09-25,FIDC TRAÇÃO FINANCEIRA - SENIORES 5ª SÉRIE,https://www.austin.com.br/Historico-Rating/4498/FIDC_Tração_Financeira_-_Seniores_5ª_série,FIDCs,brA+,,brA+,2024-04-09,Rating Inicial,Estável,https://www.austin.com.br/Relatorio/Rating/FIDC_Tração_Financeira/10833
2026-09-25,FIDC TRAÇÃO FINANCEIRA - SUBORDINADAS MEZANINO III,https://www.austin.com.br/Historico-Rating/4499/FIDC_Tração_Financeira_-_Subordinadas_Mezanino_III_,FIDCs,brBBB,,brBBB,2024-04-09,Confirmação,Estável,https://www.austin.com.br/Relatorio/Rating/FIDC_Tração_Financeira/10834
2026-09-25,FIDC UTILITY CREDIT - SUBORDINADAS MEZANINO,https://www.austin.com.br/Historico-Rating/3070/FIDC_Utility_Credit_-_Subordinadas_Mezanino_,FIDCs,brBB,,brBB,2018-10-29,Rating Preliminar,,
2026-09-25,FIDC UME I - MEZANINO CLASSE B,https://www.austin.com.br/Historico-Rating/4515/FIDC_UME_I_-_Mezanino_Classe_B_,FIDCs,brB,,brB,2024-04-19,Rating Inicial,Estável,https://www.austin.com.br/Relatorio/Rating/FIDC_UME_I/10852
2026-09-25,FIDC TRAÇÃO FINANCEIRA - SENIORES 3ª SÉRIE,https://www.austin.com.br/Historico-Rating/4496/FIDC_Tração_Financeira_-_Seniores_3ª_série,FIDCs,brA+,,brA+,2024-04-09,Confirmação,Estável,https://www.austin.com.br/Relatorio/Rating/FIDC_Tração_Financeira/10831
2026-09-25,FIDC UME I - SENIORES 1ª SÉRIE,https://www.austin.com.br/Historico-Rating/4513/FIDC_UME_I_-_Seniores_1ª_série,FIDCs,brBBB-,,brBBB-,2024-04-19,Rating Inicial,Estável,https://www.austin.com.br/Relatorio/Rating/FIDC_UME_I/10850
2026-09-25,FIDC UTILITY CREDIT - SUBORDINADAS JÚNIOR,https://www.austin.com.br/Historico-Rating/3071/FIDC_Utility_Credit_-_Subordinadas_Júnior_,FIDCs,brB-,,brB-,2018-10-29,Rating Preliminar,,
2026-09-25,FIDC UME I - MEZANINO CLASSE A,https://www.austin.com.br/Historico-Rating/4514/FIDC_UME_I_-_Mezanino_Classe_A_,FIDCs,brBB-,,brBB-,2024-04-19,Rating Inicial,Estável,https://www.austin.com.br/Relatorio/Rating/FIDC_UME_I/10851
2026-09-25,FIDC UTILITY CREDIT - SENIORES 1ª SÉRIE,https://www.austin.com.br/Historico-Rating/3069/FIDC_Utility_Credit_-_Seniores_1ª_série,FIDCs,brBBB,,brBBB,2020-04-02,Observação Negativa,,https://www.austin.com.br/Relatorio/Rating/FIDC_Utility_Credit/9755
2026-09-25,FIDC UTILITY CREDIT - SENIORES 1ª SÉRIE,https://www.austin.com.br/Historico-Rating/3069/FIDC_Utility_Credit_-_Seniores_1ª_série,FIDCs,brBBB,,brBBB,2019-12-27,Rating Inicial,Estável,
2026-09-25,FIDC VALER - SENIORES ÚNICA,https://www.austin.com.br/Historico-Rating/3278/FIDC_Valer_-_Seniores_Única,FIDCs,brA-,,brA-,2019-07-30,Rating Preliminar,,https://www.austin.com.br/Relatorio/Rating/FIDC_Valer/8989
2026-09-25,FIDC VALER - SUBORDINADAS MEZANINO,https://www.austin.com.br/Historico-Rating/3279/FIDC_Valer_-_Subordinadas_Mezanino_,FIDCs,brB+,,brB+,2019-07-30,Rating Preliminar,,https://www.austin.com.br/Relatorio/Rating/FIDC_Valer/8990
2026-09-25,FIDC VALECRED - SENIORES 5ª SÉRIE,https://www.austin.com.br/Historico-Rating/1771/FIDC_Valecred_-_Seniores_5ª_série,FIDCs,brAA-,,brAA-,2016-02-17,Elevação,Estável,https://www.austin.com.br/Relatorio/Rating/FIDC_Valecred/6672
2026-09-25,FIDC VALECRED - SENIORES 5ª SÉRIE,https://www.austin.com.br/Historico-Rating/1771/FIDC_Valecred_-_Seniores_5ª_série,FIDCs,brA+,,brA+,2015-11-19,Confirmação,Estável,
2026-09-25,FIDC VALECRED - SENIORES 5ª SÉRIE,https://www.austin.com.br/Historico-Rating/1771/FIDC_Valecred_-_Seniores_5ª_série,FIDCs,brA+,,brA+,2015-06-09,Confirmação,Estável,
2026-09-25,FIDC VALECRED - SENIORES 5ª SÉRIE,https://www.austin.com.br/Historico-Rating/1771/FIDC_Valecred_-_Seniores_5ª_série,FIDCs,brA+,,brA+,2014-12-01,Confirmação,Estável,
2026-09-25,FIDC VALECRED - SENIORES 5ª SÉRIE,https://www.austin.com.br/Historico-Rating/1771/FIDC_Valecred_-_Seniores_5ª_série,FIDCs,brA+,,brA+,2014-08-25,Elevação,Estável,
2026-09-25,FIDC VALECRED - SENIORES 5ª SÉRIE,https://www.austin.com.br/Historico-Rating/1771/FIDC_Valecred_-_Seniores_5ª_série,FIDCs,brA-,,brA-,2014-05-21,Confirmação,Estável,
2026-09-25,FIDC VALECRED - SENIORES 5ª SÉRIE,https://www.austin.com.br/Historico-Rating/1771/FIDC_Valecred_-_Seniores_5ª_série,FIDCs,brA-,,brA-,2013-12-18,Rating Inicial,Estável,
2026-09-25,FIDC VCK II CONSIGNADOS - SUBORDINADAS JÚNIOR,https://www.austin.com.br/Historico-Rating/4609/FIDC_VCK_II_Consignados_-_Subordinadas_Júnior_,FIDCs,brBB,,brBB,2024-07-01,Elevação,Estável,https://www.austin.com.br/Relatorio/Rating/FIDC_VCK_II_Consignados/10950
2026-09-25,FIDC VCK II CONSIGNADOS - SUBORDINADAS MEZANINO,https://www.austin.com.br/Historico-Rating/4608/FIDC_VCK_II_Consignados_-_Subordinadas_Mezanino_,FIDCs,brBBB+,,brBBB+,2024-07-01,Elevação,Estável,https://www.austin.com.br/Relatorio/Rating/FIDC_VCK_II_Consignados/10949
2026-09-25,FIDC VCK CONSIGNADOS - SUBORDINADAS JÚNIOR,https://www.austin.com.br/Historico-Rating/3704/FIDC_VCK_Consignados_-_Subordinadas_Júnior_,FIDCs,brBB-,,brBB-,2021-02-22,Rating Inicial,Estável,https://www.austin.com.br/Relatorio/Rating/FIDC_VCK_Consignados/10145
2026-09-25,FIDC VCK CONSIGNADOS - SUBORDINADAS MEZANINO,https://www.austin.com.br/Historico-Rating/3713/FIDC_VCK_Consignados_-_Subordinadas_Mezanino_,FIDCs,brBBB,,brBBB,2021-01-21,Rating Inicial,Estável,https://www.austin.com.br/Relatorio/Rating/FIDC_VCK_Consignados/10146
2026-09-25,FIDC VCK II CONSIGNADOS - SENIORES ÚNICA,https://www.austin.com.br/Historico-Rating/4607/FIDC_VCK_II_Consignados_-_Seniores_Única,FIDCs,brAA,,brAA,2024-07-01,Elevação,Estável,https://www.austin.com.br/Relatorio/Rating/FIDC_VCK_II_Consignados/10948
2026-09-25,FIDC VELAR - SUBORDINADAS JÚNIOR,https://www.austin.com.br/Historico-Rating/1883/FIDC_Velar_-_Subordinadas_Júnior_,FIDCs,brCC,,brCC,2021-02-23,Elevação,Estável,
2026-09-25,FIDC VELAR - SUBORDINADAS JÚNIOR,https://www.austin.com.br/Historico-Rating/1883/FIDC_Velar_-_Subordinadas_Júnior_,FIDCs,brC,,brC,2020-04-02,Observação Negativa,,https://www.austin.com.br/Relatorio/Rating/FIDC_Velar/9751
2026-09-25,FIDC VELAR - SUBORDINADAS JÚNIOR,https://www.austin.com.br/Historico-Rating/1883/FIDC_Velar_-_Subordinadas_Júnior_,FIDCs,brC,,brC,2020-02-21,Confirmação,Estável,
2026-09-25,FIDC VELAR - SUBORDINADAS JÚNIOR,https://www.austin.com.br/Historico-Rating/1883/FIDC_Velar_-_Subordinadas_Júnior_,FIDCs,brC,,brC,2019-11-28,Rebaixamento,Estável,
2026-09-25,FIDC VELAR - SUBORDINADAS JÚNIOR,https://www.austin.com.br/Historico-Rating/1883/FIDC_Velar_-_Subordinadas_Júnior_,FIDCs,brCC,,brCC,2019-09-06,Confirmação,Estável,
2026-09-25,FIDC VELAR - SUBORDINADAS JÚNIOR,https://www.austin.com.br/Historico-Rating/1883/FIDC_Velar_-_Subordinadas_Júnior_,FIDCs,brCC,,brCC,2019-05-15,Confirmação,Estável,
2026-09-25,FIDC VELAR - SUBORDINADAS JÚNIOR,https://www.austin.com.br/Historico-Rating/1883/FIDC_Velar_-_Subordinadas_Júnior_,FIDCs,brCC,,brCC,2019-02-22,Confirmação,Estável,
2026-09-25,FIDC VELAR - SUBORDINADAS JÚNIOR,https://www.austin.com.br/Historico-Rating/1883/FIDC_Velar_-_Subordinadas_Júnior_,FIDCs,brCCC,,brCCC,2018-07-20,Rebaixamento,,
2026-09-25,FIDC VELAR - SUBORDINADAS JÚNIOR,https://www.austin.com.br/Historico-Rating/1883/FIDC_Velar_-_Subordinadas_Júnior_,FIDCs,brB-,,brB-,2017-08-18,Confirmação,Estável,
2026-09-25,FIDC VELAR - SUBORDINADAS JÚNIOR,https://www.austin.com.br/Historico-Rating/1883/FIDC_Velar_-_Subordinadas_Júnior_,FIDCs,brB-,,brB-,2017-02-16,Confirmação,Estável,
2026-09-25,FIDC VELAR - SUBORDINADAS JÚNIOR,https://www.austin.com.br/Historico-Rating/1883/FIDC_Velar_-_Subordinadas_Júnior_,FIDCs,brB-,,brB-,2016-11-21,Rebaixamento,Estável,
2026-09-25,FIDC VELAR - SUBORDINADAS JÚNIOR,https://www.austin.com.br/Historico-Rating/1883/FIDC_Velar_-_Subordinadas_Júnior_,FIDCs,brB,,brB,2016-09-05,Confirmação,Negativa,
2026-09-25,FIDC VELAR - SUBORDINADAS JÚNIOR,https://www.austin.com.br/Historico-Rating/1883/FIDC_Velar_-_Subordinadas_Júnior_,FIDCs,brB,,brB,2016-02-19,Rebaixamento,Negativa,
2026-09-25,FIDC VELAR - SUBORDINADAS JÚNIOR,https://www.austin.com.br/Historico-Rating/1883/FIDC_Velar_-_Subordinadas_Júnior_,FIDCs,brB+,,brB+,2015-08-14,Confirmação,Estável,
2026-09-25,FIDC VELAR - SUBORDINADAS JÚNIOR,https://www.austin.com.br/Historico-Rating/1883/FIDC_Velar_-_Subordinadas_Júnior_,FIDCs,brB+,,brB+,2015-05-15,Confirmação,Estável,
2026-09-25,FIDC VELAR - SUBORDINADAS JÚNIOR,https://www.austin.com.br/Historico-Rating/1883/FIDC_Velar_-_Subordinadas_Júnior_,FIDCs,brB+,,brB+,2015-02-13,Confirmação,Estável,
2026-09-25,FIDC VELAR - SUBORDINADAS JÚNIOR,https://www.austin.com.br/Historico-Rating/1883/FIDC_Velar_-_Subordinadas_Júnior_,FIDCs,brB+,,brB+,2014-11-21,Confirmação,Estável,
2026-09-25,FIDC VELAR - SUBORDINADAS JÚNIOR,https://www.austin.com.br/Historico-Rating/1883/FIDC_Velar_-_Subordinadas_Júnior_,FIDCs,brB+,,brB+,2014-05-26,Rating Inicial,Estável,
2026-09-25,FIDC XP CRÉDITO MIDDLE - MEZANINO CLASSE A,https://www.austin.com.br/Historico-Rating/3784/FIDC_XP_Crédito_Middle_-_Mezanino_Classe_A_,FIDCs,brA-,,brA-,2021-04-23,Rating Inicial,Estável,https://www.austin.com.br/Relatorio/Rating/FIDC_XP_Crédito_Middle/10182
2026-09-25,FIDC VITA AUTO - SENIORES ÚNICA,https://www.austin.com.br/Historico-Rating/4625/FIDC_Vita_Auto_-_Seniores_Única,FIDCs,brA,,brA,2024-07-17,Confirmação,Estável,https://www.austin.com.br/Relatorio/Rating/FIDC_Vita_Auto/10982
2026-09-25,FIDC XP CRÉDITO MIDDLE - SENIORES 1ª SÉRIE,https://www.austin.com.br/Historico-Rating/3782/FIDC_XP_Crédito_Middle_-_Seniores_1ª_série,FIDCs,brAA,,brAA,2021-04-23,Rating Inicial,Estável,https://www.austin.com.br/Relatorio/Rating/FIDC_XP_Crédito_Middle/10180
2026-09-25,FIDC XP CRÉDITO MIDDLE - SUBORDINADAS JÚNIOR,https://www.austin.com.br/Historico-Rating/3785/FIDC_XP_Crédito_Middle_-_Subordinadas_Júnior_,FIDCs,brBB-,,brBB-,2021-04-23,Rating Inicial,Estável,https://www.austin.com.br/Relatorio/Rating/FIDC_XP_Crédito_Middle/10183
2026-09-25,FIGTREE EDUCACIONAL FIDC - SENIORES ÚNICA,https://www.austin.com.br/Historico-Rating/3870/Figtree_Educacional_FIDC_-_Seniores_Única,FIDCs,brA,,brA,2024-05-14,Confirmação,Estável,https://www.austin.com.br/Relatorio/Rating/Figtree_Educacional_FIDC/10300
2026-09-25,FIDC XP CRÉDITO MIDDLE - SENIORES 2ª SÉRIE,https://www.austin.com.br/Historico-Rating/3783/FIDC_XP_Crédito_Middle_-_Seniores_2ª_série,FIDCs,brAA,,brAA,2021-04-23,Rating Inicial,Estável,https://www.austin.com.br/Relatorio/Rating/FIDC_XP_Crédito_Middle/10181
2026-09-25,FIDC VIAINVEST - SUBORDINADAS JÚNIOR,https://www.austin.com.br/Historico-Rating/2363/FIDC_Viainvest_-_Subordinadas_Júnior_,FIDCs,brB-,,brB-,2020-04-02,Observação Negativa,,https://www.austin.com.br/Relatorio/Rating/FIDC_Viainvest/9750
2026-09-25,FIDC VIAINVEST - SUBORDINADAS JÚNIOR,https://www.austin.com.br/Historico-Rating/2363/FIDC_Viainvest_-_Subordinadas_Júnior_,FIDCs,brB-,,brB-,2019-08-09,Confirmação,Estável,
2026-09-25,FIDC VIAINVEST - SUBORDINADAS JÚNIOR,https://www.austin.com.br/Historico-Rating/2363/FIDC_Viainvest_-_Subordinadas_Júnior_,FIDCs,brB-,,brB-,2019-05-14,Confirmação,Estável,
2026-09-25,FIDC VIAINVEST - SUBORDINADAS JÚNIOR,https://www.austin.com.br/Historico-Rating/2363/FIDC_Viainvest_-_Subordinadas_Júnior_,FIDCs,brB-,,brB-,2019-02-15,Elevação,Estável,
2026-09-25,FIDC VIAINVEST - SUBORDINADAS JÚNIOR,https://www.austin.com.br/Historico-Rating/2363/FIDC_Viainvest_-_Subordinadas_Júnior_,FIDCs,brCCC,,brCCC,2018-07-20,Confirmação,Estável,
2026-09-25,FIDC VIAINVEST - SUBORDINADAS JÚNIOR,https://www.austin.com.br/Historico-Rating/2363/FIDC_Viainvest_-_Subordinadas_Júnior_,FIDCs,brCCC,,brCCC,2018-05-04,Confirmação,Estável,
2026-09-25,FIDC VIAINVEST - SUBORDINADAS JÚNIOR,https://www.austin.com.br/Historico-Rating/2363/FIDC_Viainvest_-_Subordinadas_Júnior_,FIDCs,brCCC,,brCCC,2017-05-26,Confirmação,Estável,
2026-09-25,FIDC VIAINVEST - SUBORDINADAS JÚNIOR,https://www.austin.com.br/Historico-Rating/2363/FIDC_Viainvest_-_Subordinadas_Júnior_,FIDCs,brCCC,,brCCC,2017-02-16,Confirmação,Estável,
2026-09-25,FIDC VIAINVEST - SUBORDINADAS JÚNIOR,https://www.austin.com.br/Historico-Rating/2363/FIDC_Viainvest_-_Subordinadas_Júnior_,FIDCs,brCCC,,brCCC,2016-11-11,Confirmação,Estável,
2026-09-25,FIDC VIAINVEST - SUBORDINADAS JÚNIOR,https://www.austin.com.br/Historico-Rating/2363/FIDC_Viainvest_-_Subordinadas_Júnior_,FIDCs,brCCC,,brCCC,2016-09-05,Confirmação,Estável,
2026-09-25,FIDC VIAINVEST - SUBORDINADAS JÚNIOR,https://www.austin.com.br/Historico-Rating/2363/FIDC_Viainvest_-_Subordinadas_Júnior_,FIDCs,brCCC,,brCCC,2015-12-01,Rating Inicial,Estável,
2026-09-25,FIDES SECURITIZADORA,https://www.austin.com.br/Historico-Rating/135/Fides_Securitizadora_,CRIs,brBB-,,brBB-,2020-03-13,Rating Inicial,Estável,
2026-09-25,FIDES SECURITIZADORA,https://www.austin.com.br/Historico-Rating/135/Fides_Securitizadora_,CRIs,brAA+,,brAA+,2011-10-18,Confirmação,Estável,https://www.austin.com.br/Relatorio/Rating/Fides_Securitizadora_/3366
2026-09-25,FIDES SECURITIZADORA,https://www.austin.com.br/Historico-Rating/135/Fides_Securitizadora_,CRIs,brAA+,,brAA+,2010-12-20,Elevação,Estável,
2026-09-25,FIDES SECURITIZADORA,https://www.austin.com.br/Historico-Rating/135/Fides_Securitizadora_,CRIs,brAA,,brAA,2009-11-30,Confirmação,Estável,
2026-09-25,FIDES SECURITIZADORA,https://www.austin.com.br/Historico-Rating/135/Fides_Securitizadora_,CRIs,brAA,,brAA,2008-04-28,Confirmação,Estável,
2026-09-25,FIDES SECURITIZADORA,https://www.austin.com.br/Historico-Rating/135/Fides_Securitizadora_,CRIs,brAA,,brAA,2007-05-09,Confirmação,Estável,
2026-09-25,FIDES SECURITIZADORA,https://www.austin.com.br/Historico-Rating/135/Fides_Securitizadora_,CRIs,brAA,,brAA,2006-01-05,Rating Inicial,Estável,
2026-09-25,FIRMA FIDC - SUBORDINADAS JÚNIOR,https://www.austin.com.br/Historico-Rating/4016/Firma_FIDC_-_Subordinadas_Júnior_,FIDCs,brB-,,brB-,2022-06-15,Rating Inicial,Estável,
2026-09-25,FINANCIA FIDC - SUBORDINADAS JÚNIOR,https://www.austin.com.br/Historico-Rating/2357/Financia_FIDC_-_Subordinadas_Júnior_,FIDCs,brCCC,,brCCC,2020-04-02,Observação Negativa,,https://www.austin.com.br/Relatorio/Rating/Financia_FIDC/9834
2026-09-25,FINANCIA FIDC - SUBORDINADAS JÚNIOR,https://www.austin.com.br/Historico-Rating/2357/Financia_FIDC_-_Subordinadas_Júnior_,FIDCs,brCCC,,brCCC,2020-02-14,Confirmação,Estável,
2026-09-25,FINANCIA FIDC - SUBORDINADAS JÚNIOR,https://www.austin.com.br/Historico-Rating/2357/Financia_FIDC_-_Subordinadas_Júnior_,FIDCs,brCCC,,brCCC,2019-11-14,Confirmação,Estável,
2026-09-25,FINANCIA FIDC - SUBORDINADAS JÚNIOR,https://www.austin.com.br/Historico-Rating/2357/Financia_FIDC_-_Subordinadas_Júnior_,FIDCs,brCCC,,brCCC,2019-05-14,Confirmação,Estável,
2026-09-25,FINANCIA FIDC - SUBORDINADAS JÚNIOR,https://www.austin.com.br/Historico-Rating/2357/Financia_FIDC_-_Subordinadas_Júnior_,FIDCs,brCCC,,brCCC,2019-02-15,Confirmação,Estável,
2026-09-25,FINANCIA FIDC - SUBORDINADAS JÚNIOR,https://www.austin.com.br/Historico-Rating/2357/Financia_FIDC_-_Subordinadas_Júnior_,FIDCs,brCC,,brCC,2018-08-10,Confirmação,Estável,
2026-09-25,FINANCIA FIDC - SUBORDINADAS JÚNIOR,https://www.austin.com.br/Historico-Rating/2357/Financia_FIDC_-_Subordinadas_Júnior_,FIDCs,brCC,,brCC,2018-06-19,Confirmação,Estável,
2026-09-25,FINANCIA FIDC - SUBORDINADAS JÚNIOR,https://www.austin.com.br/Historico-Rating/2357/Financia_FIDC_-_Subordinadas_Júnior_,FIDCs,brCC,,brCC,2018-02-23,Confirmação,Estável,
2026-09-25,FINANCIA FIDC - SUBORDINADAS JÚNIOR,https://www.austin.com.br/Historico-Rating/2357/Financia_FIDC_-_Subordinadas_Júnior_,FIDCs,brCC,,brCC,2017-12-06,Confirmação,Estável,
2026-09-25,FINANCIA FIDC - SUBORDINADAS JÚNIOR,https://www.austin.com.br/Historico-Rating/2357/Financia_FIDC_-_Subordinadas_Júnior_,FIDCs,brCC,,brCC,2017-09-08,Confirmação,Estável,
2026-09-25,FINANCIA FIDC - SUBORDINADAS JÚNIOR,https://www.austin.com.br/Historico-Rating/2357/Financia_FIDC_-_Subordinadas_Júnior_,FIDCs,brCC,,brCC,2017-06-05,Confirmação,Estável,
2026-09-25,FINANCIA FIDC - SUBORDINADAS JÚNIOR,https://www.austin.com.br/Historico-Rating/2357/Financia_FIDC_-_Subordinadas_Júnior_,FIDCs,brCC,,brCC,2016-12-06,Confirmação,Estável,
2026-09-25,FINANCIA FIDC - SUBORDINADAS JÚNIOR,https://www.austin.com.br/Historico-Rating/2357/Financia_FIDC_-_Subordinadas_Júnior_,FIDCs,brCC,,brCC,2016-08-26,Confirmação,Estável,
2026-09-25,FINANCIA FIDC - SUBORDINADAS JÚNIOR,https://www.austin.com.br/Historico-Rating/2357/Financia_FIDC_-_Subordinadas_Júnior_,FIDCs,brCC,,brCC,2016-01-20,Rating Inicial,Estável,
2026-09-25,FIGTREE EDUCACIONAL FIDC - SUBORDINADAS,https://www.austin.com.br/Historico-Rating/3871/Figtree_Educacional_FIDC_-_Subordinadas_,FIDCs,brBB-,,brBB-,2024-05-14,Confirmação,Estável,https://www.austin.com.br/Relatorio/Rating/Figtree_Educacional_FIDC/10301
2026-09-25,FINANÇA FIDC NP - SUBORDINADAS JÚNIOR,https://www.austin.com.br/Historico-Rating/2319/Finança_FIDC_NP_-_Subordinadas_Júnior_,FIDCs,brCCC,,brCCC,2020-04-02,Observação Negativa,,https://www.austin.com.br/Relatorio/Rating/Finança_FIDC_NP/9833
2026-09-25,FINANÇA FIDC NP - SUBORDINADAS JÚNIOR,https://www.austin.com.br/Historico-Rating/2319/Finança_FIDC_NP_-_Subordinadas_Júnior_,FIDCs,brCCC,,brCCC,2020-02-12,Confirmação,Estável,
2026-09-25,FINANÇA FIDC NP - SUBORDINADAS JÚNIOR,https://www.austin.com.br/Historico-Rating/2319/Finança_FIDC_NP_-_Subordinadas_Júnior_,FIDCs,brCCC,,brCCC,2019-11-12,Confirmação,Estável,
2026-09-25,FINANÇA FIDC NP - SUBORDINADAS JÚNIOR,https://www.austin.com.br/Historico-Rating/2319/Finança_FIDC_NP_-_Subordinadas_Júnior_,FIDCs,brCCC,,brCCC,2019-08-15,Confirmação,Estável,
2026-09-25,FINANÇA FIDC NP - SUBORDINADAS JÚNIOR,https://www.austin.com.br/Historico-Rating/2319/Finança_FIDC_NP_-_Subordinadas_Júnior_,FIDCs,brCCC,,brCCC,2019-05-13,Confirmação,Estável,
2026-09-25,FINANÇA FIDC NP - SUBORDINADAS JÚNIOR,https://www.austin.com.br/Historico-Rating/2319/Finança_FIDC_NP_-_Subordinadas_Júnior_,FIDCs,brCCC,,brCCC,2019-02-12,Confirmação,Estável,
2026-09-25,FINANÇA FIDC NP - SUBORDINADAS JÚNIOR,https://www.austin.com.br/Historico-Rating/2319/Finança_FIDC_NP_-_Subordinadas_Júnior_,FIDCs,brCC,,brCC,2018-08-01,Confirmação,Estável,
2026-09-25,FINANÇA FIDC NP - SUBORDINADAS JÚNIOR,https://www.austin.com.br/Historico-Rating/2319/Finança_FIDC_NP_-_Subordinadas_Júnior_,FIDCs,brCC,,brCC,2018-05-09,Confirmação,Estável,
2026-09-25,FINANÇA FIDC NP - SUBORDINADAS JÚNIOR,https://www.austin.com.br/Historico-Rating/2319/Finança_FIDC_NP_-_Subordinadas_Júnior_,FIDCs,brCC,,brCC,2018-02-09,Confirmação,Estável,
2026-09-25,FINANÇA FIDC NP - SUBORDINADAS JÚNIOR,https://www.austin.com.br/Historico-Rating/2319/Finança_FIDC_NP_-_Subordinadas_Júnior_,FIDCs,brCC,,brCC,2017-11-30,Confirmação,Estável,
2026-09-25,FINANÇA FIDC NP - SUBORDINADAS JÚNIOR,https://www.austin.com.br/Historico-Rating/2319/Finança_FIDC_NP_-_Subordinadas_Júnior_,FIDCs,brCC,,brCC,2017-06-05,Confirmação,Estável,
2026-09-25,FINANÇA FIDC NP - SUBORDINADAS JÚNIOR,https://www.austin.com.br/Historico-Rating/2319/Finança_FIDC_NP_-_Subordinadas_Júnior_,FIDCs,brCC,,brCC,2017-01-26,Confirmação,Estável,
2026-09-25,FINANÇA FIDC NP - SUBORDINADAS JÚNIOR,https://www.austin.com.br/Historico-Rating/2319/Finança_FIDC_NP_-_Subordinadas_Júnior_,FIDCs,brCC,,brCC,2015-10-30,Rating Inicial,Estável,
2026-09-25,FINARTE FIDC - ÚNICA,https://www.austin.com.br/Historico-Rating/3042/Finarte_FIDC_-_Única_,FIDCs,brBBB,,brBBB,2020-04-02,Observação Negativa,,https://www.austin.com.br/Relatorio/Rating/Finarte_FIDC/9835
2026-09-25,FINARTE FIDC - ÚNICA,https://www.austin.com.br/Historico-Rating/3042/Finarte_FIDC_-_Única_,FIDCs,brBBB,,brBBB,2020-02-14,Confirmação,Estável,
2026-09-25,FINARTE FIDC - ÚNICA,https://www.austin.com.br/Historico-Rating/3042/Finarte_FIDC_-_Única_,FIDCs,brBBB,,brBBB,2019-11-18,Confirmação,Estável,
2026-09-25,FINARTE FIDC - ÚNICA,https://www.austin.com.br/Historico-Rating/3042/Finarte_FIDC_-_Única_,FIDCs,brBBB,,brBBB,2019-08-15,Confirmação,Estável,
2026-09-25,FINARTE FIDC - ÚNICA,https://www.austin.com.br/Historico-Rating/3042/Finarte_FIDC_-_Única_,FIDCs,brBBB,,brBBB,2019-04-08,Rating Inicial,Estável,
2026-09-25,FIRMA FIDC - SENIORES 1ª SÉRIE,https://www.austin.com.br/Historico-Rating/4015/Firma_FIDC_-_Seniores_1ª_série,FIDCs,brA+,,brA+,2022-06-15,Rating Inicial,Estável,
2026-09-25,FORCE CAPITAL FIDC - SUBORDINADAS JÚNIOR,https://www.austin.com.br/Historico-Rating/3698/Force_Capital_FIDC_-_Subordinadas_Júnior_,FIDCs,brB-,,brB-,2021-02-19,Elevação,Estável,
2026-09-25,FORCE CAPITAL FIDC - SUBORDINADAS JÚNIOR,https://www.austin.com.br/Historico-Rating/3698/Force_Capital_FIDC_-_Subordinadas_Júnior_,FIDCs,brCCC,,brCCC,2021-02-08,Rating Inicial,Estável,https://www.austin.com.br/Relatorio/Rating/Force_Capital_FIDC/10139
2026-09-25,FLOWINVEST FIC FIDC  - ÚNICA,https://www.austin.com.br/Historico-Rating/3189/Flowinvest_FIC_FIDC__-_Única_,FIDCs,brB-,,brB-,2020-04-02,Observação Negativa,,https://www.austin.com.br/Relatorio/Rating/Flowinvest_FIC_FIDC_/9836
2026-09-25,FLOWINVEST FIC FIDC  - ÚNICA,https://www.austin.com.br/Historico-Rating/3189/Flowinvest_FIC_FIDC__-_Única_,FIDCs,brB-,,brB-,2020-02-21,Confirmação,Estável,
2026-09-25,FLOWINVEST FIC FIDC  - ÚNICA,https://www.austin.com.br/Historico-Rating/3189/Flowinvest_FIC_FIDC__-_Única_,FIDCs,brB-,,brB-,2019-11-13,Elevação,Estável,
2026-09-25,FLOWINVEST FIC FIDC  - ÚNICA,https://www.austin.com.br/Historico-Rating/3189/Flowinvest_FIC_FIDC__-_Única_,FIDCs,brCCC,,brCCC,2019-08-12,Confirmação,Estável,
2026-09-25,FLOWINVEST FIC FIDC  - ÚNICA,https://www.austin.com.br/Historico-Rating/3189/Flowinvest_FIC_FIDC__-_Única_,FIDCs,brCCC,,brCCC,2019-04-22,Rating Inicial,Estável,
2026-09-25,FORCE CAPITAL FIDC - SENIORES 2ª SÉRIE,https://www.austin.com.br/Historico-Rating/3696/Force_Capital_FIDC_-_Seniores_2ª_série,FIDCs,brBBB-,,brBBB-,2021-02-19,Elevação,Estável,
2026-09-25,FORCE CAPITAL FIDC - SENIORES 2ª SÉRIE,https://www.austin.com.br/Historico-Rating/3696/Force_Capital_FIDC_-_Seniores_2ª_série,FIDCs,brBB+,,brBB+,2021-02-08,Rating Inicial,Estável,https://www.austin.com.br/Relatorio/Rating/Force_Capital_FIDC/10137
2026-09-25,FORTESEC - ENCONTRO DAS ÁGUAS (RMEX) (SÉRIES SENIORES I E II (301ª E 303ª SÉRIES) - 1ª EMISSÃO),https://www.austin.com.br/Historico-Rating/3527/Fortesec_-_Encontro_das_Águas_(RMEX)_(Séries_Seniores_I_e_II_(301ª_e_303ª_Séries)_-_1ª_Emissão),CRIs,brB-,,brB-,2020-05-04,Rating Inicial,Estável,https://www.austin.com.br/Relatorio/Rating/Fortesec_-_Encontro_das_Águas_(RMEX)_(Séries_Seniores_I_e_II_(301ª_e_303ª_Séries)_-_1ª_Emissão)/9993
2026-09-25,FORCE CAPITAL FIDC - SENIORES 3ª SÉRIE,https://www.austin.com.br/Historico-Rating/3697/Force_Capital_FIDC_-_Seniores_3ª_série,FIDCs,brBBB-,,brBBB-,2021-02-19,Elevação,Estável,
2026-09-25,FORCE CAPITAL FIDC - SENIORES 3ª SÉRIE,https://www.austin.com.br/Historico-Rating/3697/Force_Capital_FIDC_-_Seniores_3ª_série,FIDCs,brBB+,,brBB+,2021-02-08,Rating Inicial,Estável,https://www.austin.com.br/Relatorio/Rating/Force_Capital_FIDC/10138
2026-09-25,FORTESEC - ENCONTRO DAS ÁGUAS (RMEX) (SÉRIES SUBORDINADAS I E II (302ª E 304ª SÉRIES) - 1ª EMISSÃO),https://www.austin.com.br/Historico-Rating/3528/Fortesec_-_Encontro_das_Águas_(RMEX)_(Séries_Subordinadas_I_e_II_(302ª_e_304ª_Séries)_-_1ª_Emissão),CRIs,brCCC,,brCCC,2020-05-04,Rating Inicial,Estável,https://www.austin.com.br/Relatorio/Rating/Fortesec_-_Encontro_das_Águas_(RMEX)_(Séries_Subordinadas_I_e_II_(302ª_e_304ª_Séries)_-_1ª_Emissão)/9994
2026-09-25,"FORTESEC - RISCO BOURBON FOZ DO IGUAÇU - (1ª EMISSÃO - 463ª, 465ª, 467ª E 469ª SÉRIES)","https://www.austin.com.br/Historico-Rating/4023/Fortesec_-_Risco_Bourbon_Foz_do_Iguaçu_-_(1ª_Emissão_-_463ª,_465ª,_467ª_e_469ª_Séries)",CRIs,brBB+,,brBB+,2022-03-25,Confirmação,Estável,"https://www.austin.com.br/Relatorio/Rating/Fortesec_-_Risco_Bourbon_Foz_do_Iguaçu_-_(1ª_Emissão_-_463ª,_465ª,_467ª_e_469ª_Séries)/10377"
2026-09-25,FORCE CAPITAL FIDC - SENIORES 1ª SÉRIE,https://www.austin.com.br/Historico-Rating/3695/Force_Capital_FIDC_-_Seniores_1ª_série,FIDCs,brBBB-,,brBBB-,2021-02-19,Elevação,Estável,
2026-09-25,FORCE CAPITAL FIDC - SENIORES 1ª SÉRIE,https://www.austin.com.br/Historico-Rating/3695/Force_Capital_FIDC_-_Seniores_1ª_série,FIDCs,brBB+,,brBB+,2021-02-08,Rating Inicial,Estável,https://www.austin.com.br/Relatorio/Rating/Force_Capital_FIDC/10135
2026-09-25,FORCE CAPITAL FIDC - SENIORES 1ª SÉRIE,https://www.austin.com.br/Historico-Rating/3695/Force_Capital_FIDC_-_Seniores_1ª_série,FIDCs,brBB+,,brBB+,2021-02-08,Rating Inicial,Estável,https://www.austin.com.br/Relatorio/Rating/Force_Capital_FIDC/10136
2026-09-25,FOR-TE FIDC - SENIORES ÚNICA,https://www.austin.com.br/Historico-Rating/404/FOR-TE_FIDC_-_Seniores_Única,FIDCs,brAAA,,brAAA,2024-07-25,Confirmação,Estável,https://www.austin.com.br/Relatorio/Rating/FOR-TE_FIDC/10971
2026-09-25,FOR-TE FIDC - SENIORES ÚNICA,https://www.austin.com.br/Historico-Rating/404/FOR-TE_FIDC_-_Seniores_Única,FIDCs,brAA+,,brAA+,2020-02-07,Confirmação,Estável,
2026-09-25,FOR-TE FIDC - SENIORES ÚNICA,https://www.austin.com.br/Historico-Rating/404/FOR-TE_FIDC_-_Seniores_Única,FIDCs,brAA+,,brAA+,2019-11-05,Confirmação,Estável,
2026-09-25,FOR-TE FIDC - SENIORES ÚNICA,https://www.austin.com.br/Historico-Rating/404/FOR-TE_FIDC_-_Seniores_Única,FIDCs,brAA+,,brAA+,2019-08-07,Confirmação,Estável,
2026-09-25,FOR-TE FIDC - SENIORES ÚNICA,https://www.austin.com.br/Historico-Rating/404/FOR-TE_FIDC_-_Seniores_Única,FIDCs,brAA+,,brAA+,2019-05-03,Confirmação,Estável,
2026-09-25,FOR-TE FIDC - SENIORES ÚNICA,https://www.austin.com.br/Historico-Rating/404/FOR-TE_FIDC_-_Seniores_Única,FIDCs,brAA+,,brAA+,2019-02-01,Confirmação,Estável,
2026-09-25,FOR-TE FIDC - SENIORES ÚNICA,https://www.austin.com.br/Historico-Rating/404/FOR-TE_FIDC_-_Seniores_Única,FIDCs,brAA+,,brAA+,2018-07-27,Confirmação,Estável,
2026-09-25,FOR-TE FIDC - SENIORES ÚNICA,https://www.austin.com.br/Historico-Rating/404/FOR-TE_FIDC_-_Seniores_Única,FIDCs,brAA+,,brAA+,2018-05-04,Confirmação,Estável,
2026-09-25,FOR-TE FIDC - SENIORES ÚNICA,https://www.austin.com.br/Historico-Rating/404/FOR-TE_FIDC_-_Seniores_Única,FIDCs,brAA+,,brAA+,2017-11-13,Confirmação,Estável,
2026-09-25,FOR-TE FIDC - SENIORES ÚNICA,https://www.austin.com.br/Historico-Rating/404/FOR-TE_FIDC_-_Seniores_Única,FIDCs,brAA+,,brAA+,2017-08-02,Confirmação,Estável,
2026-09-25,FOR-TE FIDC - SENIORES ÚNICA,https://www.austin.com.br/Historico-Rating/404/FOR-TE_FIDC_-_Seniores_Única,FIDCs,brAA+,,brAA+,2017-05-08,Confirmação,Estável,
2026-09-25,FOR-TE FIDC - SENIORES ÚNICA,https://www.austin.com.br/Historico-Rating/404/FOR-TE_FIDC_-_Seniores_Única,FIDCs,brAA+,,brAA+,2017-01-26,Confirmação,Estável,
2026-09-25,FOR-TE FIDC - SENIORES ÚNICA,https://www.austin.com.br/Historico-Rating/404/FOR-TE_FIDC_-_Seniores_Única,FIDCs,brAA+,,brAA+,2016-11-11,Confirmação,Estável,
2026-09-25,FOR-TE FIDC - SENIORES ÚNICA,https://www.austin.com.br/Historico-Rating/404/FOR-TE_FIDC_-_Seniores_Única,FIDCs,brAA+,,brAA+,2016-07-29,Confirmação,Estável,
2026-09-25,FOR-TE FIDC - SENIORES ÚNICA,https://www.austin.com.br/Historico-Rating/404/FOR-TE_FIDC_-_Seniores_Única,FIDCs,brAA+,,brAA+,2016-02-15,Confirmação,Estável,
2026-09-25,FOR-TE FIDC - SENIORES ÚNICA,https://www.austin.com.br/Historico-Rating/404/FOR-TE_FIDC_-_Seniores_Única,FIDCs,brAA+,,brAA+,2015-11-12,Confirmação,Estável,
2026-09-25,FOR-TE FIDC - SENIORES ÚNICA,https://www.austin.com.br/Historico-Rating/404/FOR-TE_FIDC_-_Seniores_Única,FIDCs,brAA+,,brAA+,2015-05-15,Confirmação,Estável,
2026-09-25,FOR-TE FIDC - SENIORES ÚNICA,https://www.austin.com.br/Historico-Rating/404/FOR-TE_FIDC_-_Seniores_Única,FIDCs,brAA+,,brAA+,2015-02-11,Confirmação,Estável,
2026-09-25,FOR-TE FIDC - SENIORES ÚNICA,https://www.austin.com.br/Historico-Rating/404/FOR-TE_FIDC_-_Seniores_Única,FIDCs,brAA+,,brAA+,2014-11-12,Confirmação,Estável,
2026-09-25,FOR-TE FIDC - SENIORES ÚNICA,https://www.austin.com.br/Historico-Rating/404/FOR-TE_FIDC_-_Seniores_Única,FIDCs,brAA+,,brAA+,2014-08-13,Confirmação,Estável,
2026-09-25,FOR-TE FIDC - SENIORES ÚNICA,https://www.austin.com.br/Historico-Rating/404/FOR-TE_FIDC_-_Seniores_Única,FIDCs,brAA+,,brAA+,2014-05-12,Confirmação,Estável,
2026-09-25,FOR-TE FIDC - SENIORES ÚNICA,https://www.austin.com.br/Historico-Rating/404/FOR-TE_FIDC_-_Seniores_Única,FIDCs,brAA+,,brAA+,2014-01-29,Confirmação,Estável,
2026-09-25,FOR-TE FIDC - SENIORES ÚNICA,https://www.austin.com.br/Historico-Rating/404/FOR-TE_FIDC_-_Seniores_Única,FIDCs,brAA+,,brAA+,2013-10-18,Confirmação,Estável,
2026-09-25,FOR-TE FIDC - SENIORES ÚNICA,https://www.austin.com.br/Historico-Rating/404/FOR-TE_FIDC_-_Seniores_Única,FIDCs,brAA+,,brAA+,2013-08-13,Confirmação,Estável,
2026-09-25,FOR-TE FIDC - SENIORES ÚNICA,https://www.austin.com.br/Historico-Rating/404/FOR-TE_FIDC_-_Seniores_Única,FIDCs,brAA+,,brAA+,2013-05-20,Confirmação,Estável,
2026-09-25,FOR-TE FIDC - SENIORES ÚNICA,https://www.austin.com.br/Historico-Rating/404/FOR-TE_FIDC_-_Seniores_Única,FIDCs,brAA+,,brAA+,2013-02-07,Confirmação,Estável,
2026-09-25,FOR-TE FIDC - SENIORES ÚNICA,https://www.austin.com.br/Historico-Rating/404/FOR-TE_FIDC_-_Seniores_Única,FIDCs,brAA+,,brAA+,2012-11-28,Confirmação,Estável,
2026-09-25,FOR-TE FIDC - SENIORES ÚNICA,https://www.austin.com.br/Historico-Rating/404/FOR-TE_FIDC_-_Seniores_Única,FIDCs,brAA+,,brAA+,2012-08-15,Confirmação,Estável,
2026-09-25,FOR-TE FIDC - SENIORES ÚNICA,https://www.austin.com.br/Historico-Rating/404/FOR-TE_FIDC_-_Seniores_Única,FIDCs,brAA+,,brAA+,2012-05-15,Confirmação,Estável,
2026-09-25,FOR-TE FIDC - SENIORES ÚNICA,https://www.austin.com.br/Historico-Rating/404/FOR-TE_FIDC_-_Seniores_Única,FIDCs,brAA+,,brAA+,2012-03-02,Confirmação,Estável,
2026-09-25,FOR-TE FIDC - SENIORES ÚNICA,https://www.austin.com.br/Historico-Rating/404/FOR-TE_FIDC_-_Seniores_Única,FIDCs,brAA+,,brAA+,2011-11-16,Confirmação,Estável,
2026-09-25,FOR-TE FIDC - SENIORES ÚNICA,https://www.austin.com.br/Historico-Rating/404/FOR-TE_FIDC_-_Seniores_Única,FIDCs,brAA+,,brAA+,2011-08-10,Confirmação,Estável,
2026-09-25,FOR-TE FIDC - SENIORES ÚNICA,https://www.austin.com.br/Historico-Rating/404/FOR-TE_FIDC_-_Seniores_Única,FIDCs,brAA+,,brAA+,2011-05-13,Confirmação,Estável,
2026-09-25,FOR-TE FIDC - SENIORES ÚNICA,https://www.austin.com.br/Historico-Rating/404/FOR-TE_FIDC_-_Seniores_Única,FIDCs,brAA+,,brAA+,2011-02-15,Confirmação,Estável,
2026-09-25,FOR-TE FIDC - SENIORES ÚNICA,https://www.austin.com.br/Historico-Rating/404/FOR-TE_FIDC_-_Seniores_Única,FIDCs,brAA+,,brAA+,2010-11-12,Confirmação,Estável,
2026-09-25,FOR-TE FIDC - SENIORES ÚNICA,https://www.austin.com.br/Historico-Rating/404/FOR-TE_FIDC_-_Seniores_Única,FIDCs,brAA+,,brAA+,2010-08-13,Confirmação,Estável,
2026-09-25,FOR-TE FIDC - SENIORES ÚNICA,https://www.austin.com.br/Historico-Rating/404/FOR-TE_FIDC_-_Seniores_Única,FIDCs,brAA+,,brAA+,2010-05-11,Confirmação,Estável,
2026-09-25,FOR-TE FIDC - SENIORES ÚNICA,https://www.austin.com.br/Historico-Rating/404/FOR-TE_FIDC_-_Seniores_Única,FIDCs,brAA+,,brAA+,2010-02-12,Confirmação,Estável,
2026-09-25,FOR-TE FIDC - SENIORES ÚNICA,https://www.austin.com.br/Historico-Rating/404/FOR-TE_FIDC_-_Seniores_Única,FIDCs,brAA+,,brAA+,2009-11-12,Confirmação,Estável,
2026-09-25,FOR-TE FIDC - SENIORES ÚNICA,https://www.austin.com.br/Historico-Rating/404/FOR-TE_FIDC_-_Seniores_Única,FIDCs,brAA+,,brAA+,2009-08-03,Confirmação,Estável,
2026-09-25,FOR-TE FIDC - SENIORES ÚNICA,https://www.austin.com.br/Historico-Rating/404/FOR-TE_FIDC_-_Seniores_Única,FIDCs,brAA+,,brAA+,2009-05-04,Confirmação,Estável,
2026-09-25,FOR-TE FIDC - SENIORES ÚNICA,https://www.austin.com.br/Historico-Rating/404/FOR-TE_FIDC_-_Seniores_Única,FIDCs,brAA+,,brAA+,2009-02-03,Confirmação,Estável,
2026-09-25,FOR-TE FIDC - SENIORES ÚNICA,https://www.austin.com.br/Historico-Rating/404/FOR-TE_FIDC_-_Seniores_Única,FIDCs,brAA+,,brAA+,2008-11-07,Confirmação,Estável,
2026-09-25,FOR-TE FIDC - SENIORES ÚNICA,https://www.austin.com.br/Historico-Rating/404/FOR-TE_FIDC_-_Seniores_Única,FIDCs,brAA+,,brAA+,2008-07-28,Confirmação,Estável,
2026-09-25,"FORTESEC - RISCO CEMARA LOTEAMENTOS (353ª, 355ª, 357ª E 359ª SÉRIES SENIORES - 1ª EMISSÃO)","https://www.austin.com.br/Historico-Rating/3581/Fortesec_-_Risco_Cemara_Loteamentos_(353ª,_355ª,_357ª_e_359ª_Séries_Seniores_-_1ª_Emissão)",CRIs,brBB,,brBB,2020-07-30,Rating Inicial,Estável,"https://www.austin.com.br/Relatorio/Rating/Fortesec_-_Risco_Cemara_Loteamentos_(353ª,_355ª,_357ª_e_359ª_Séries_Seniores_-_1ª_Emissão)/10026"
2026-09-25,FORTESEC - RISCO CEMARA LOTEAMENTOS (1ª EMISSÃO - 485ª SÉRIE),https://www.austin.com.br/Historico-Rating/4027/Fortesec_-_Risco_Cemara_Loteamentos_(1ª_Emissão_-_485ª_Série),CRIs,brBBB,,brBBB,2022-05-24,Confirmação,Estável,https://www.austin.com.br/Relatorio/Rating/Fortesec_-_Risco_Cemara_Loteamentos_(1ª_Emissão_-_485ª_Série)/10381
2026-09-25,"FORTESEC - RISCO BOURBON FOZ DO IGUAÇU - (1ª EMISSÃO - 464ª, 466ª, 468ª E 470ª SÉRIES)","https://www.austin.com.br/Historico-Rating/4024/Fortesec_-_Risco_Bourbon_Foz_do_Iguaçu_-_(1ª_Emissão_-_464ª,_466ª,_468ª_e_470ª_Séries)",CRIs,brBB-,,brBB-,2022-03-25,Confirmação,Estável,"https://www.austin.com.br/Relatorio/Rating/Fortesec_-_Risco_Bourbon_Foz_do_Iguaçu_-_(1ª_Emissão_-_464ª,_466ª,_468ª_e_470ª_Séries)/10378"
2026-09-25,"FORTESEC - RISCO CEMARA LOTEAMENTOS (68ª, 70ª, 72ª, 74ª E 76ª SÉRIES SENIORES - 1ª EMISSÃO)","https://www.austin.com.br/Historico-Rating/3158/Fortesec_-_Risco_Cemara_Loteamentos_(68ª,_70ª,_72ª,_74ª_e_76ª_Séries_Seniores_-_1ª_Emissão)",CRIs,brBBB-,,brBBB-,2019-12-02,Elevação,Estável,"https://www.austin.com.br/Relatorio/Rating/Fortesec_-_Risco_Cemara_Loteamentos_(68ª,_70ª,_72ª,_74ª_e_76ª_Séries_Seniores_-_1ª_Emissão)/9443"
2026-09-25,"FORTESEC - RISCO CEMARA LOTEAMENTOS (68ª, 70ª, 72ª, 74ª E 76ª SÉRIES SENIORES - 1ª EMISSÃO)","https://www.austin.com.br/Historico-Rating/3158/Fortesec_-_Risco_Cemara_Loteamentos_(68ª,_70ª,_72ª,_74ª_e_76ª_Séries_Seniores_-_1ª_Emissão)",CRIs,brBB+,,brBB+,2019-02-22,Rating Inicial,Estável,
2026-09-25,"FORTESEC - RISCO CEMARA LOTEAMENTOS (354ª, 356ª, 358ª E 360ª SÉRIES SUBORDINADAS - 1ª EMISSÃO)","https://www.austin.com.br/Historico-Rating/3582/Fortesec_-_Risco_Cemara_Loteamentos_(354ª,_356ª,_358ª_e_360ª_Séries_Subordinadas_-_1ª_Emissão)",CRIs,brB+,,brB+,2020-07-30,Rating Inicial,Estável,"https://www.austin.com.br/Relatorio/Rating/Fortesec_-_Risco_Cemara_Loteamentos_(354ª,_356ª,_358ª_e_360ª_Séries_Subordinadas_-_1ª_Emissão)/10027"
2026-09-25,FORTESEC - RISCO CEMARA LOTEAMENTOS (1ª EMISSÃO - 486ª SÉRIE),https://www.austin.com.br/Historico-Rating/4028/Fortesec_-_Risco_Cemara_Loteamentos_(1ª_Emissão_-_486ª_Série),CRIs,brBB,,brBB,2022-05-24,Confirmação,Estável,https://www.austin.com.br/Relatorio/Rating/Fortesec_-_Risco_Cemara_Loteamentos_(1ª_Emissão_-_486ª_Série)/10382
2026-09-25,FORTESEC - RISCO CEMARA LOTEAMENTOS (67ª SÉRIE SUBORDINADA 1 - 1ª EMISSÃO),https://www.austin.com.br/Historico-Rating/2875/Fortesec_-_Risco_Cemara_Loteamentos_(67ª_Série_Subordinada_1_-_1ª_Emissão),CRIs,brB+,,brB+,2019-12-02,Confirmação,Estável,https://www.austin.com.br/Relatorio/Rating/Fortesec_-_Risco_Cemara_Loteamentos_(67ª_Série_Subordinada_1_-_1ª_Emissão)/9435
2026-09-25,FORTESEC - RISCO CEMARA LOTEAMENTOS (67ª SÉRIE SUBORDINADA 1 - 1ª EMISSÃO),https://www.austin.com.br/Historico-Rating/2875/Fortesec_-_Risco_Cemara_Loteamentos_(67ª_Série_Subordinada_1_-_1ª_Emissão),CRIs,brB+,,brB+,2019-02-22,Confirmação,Estável,
2026-09-25,FORTESEC - RISCO CEMARA LOTEAMENTOS (67ª SÉRIE SUBORDINADA 1 - 1ª EMISSÃO),https://www.austin.com.br/Historico-Rating/2875/Fortesec_-_Risco_Cemara_Loteamentos_(67ª_Série_Subordinada_1_-_1ª_Emissão),CRIs,brB+,,brB+,2018-01-03,Rating Inicial,Estável,
2026-09-25,"FORTESEC - RISCO CEMARA LOTEAMENTOS (69ª, 71ª, 73ª, 75ª E 77ª SÉRIES SUBORDINADAS - 1ª EMISSÃO)","https://www.austin.com.br/Historico-Rating/3159/Fortesec_-_Risco_Cemara_Loteamentos_(69ª,_71ª,_73ª,_75ª_e_77ª_Séries_Subordinadas_-_1ª_Emissão)",CRIs,brB+,,brB+,2019-12-02,Confirmação,Estável,"https://www.austin.com.br/Relatorio/Rating/Fortesec_-_Risco_Cemara_Loteamentos_(69ª,_71ª,_73ª,_75ª_e_77ª_Séries_Subordinadas_-_1ª_Emissão)/9444"
2026-09-25,"FORTESEC - RISCO CEMARA LOTEAMENTOS (69ª, 71ª, 73ª, 75ª E 77ª SÉRIES SUBORDINADAS - 1ª EMISSÃO)","https://www.austin.com.br/Historico-Rating/3159/Fortesec_-_Risco_Cemara_Loteamentos_(69ª,_71ª,_73ª,_75ª_e_77ª_Séries_Subordinadas_-_1ª_Emissão)",CRIs,brB+,,brB+,2019-02-22,Rating Inicial,Estável,
2026-09-25,FORTESEC - RISCO EL SHADAI (16ª SÉRIE - 1ª EMISSÃO),https://www.austin.com.br/Historico-Rating/2495/Fortesec_-_Risco_El_Shadai_(16ª_Série_-_1ª_Emissão),CRIs,brBB-,,brBB-,2018-11-09,Confirmação,Negativa,https://www.austin.com.br/Relatorio/Rating/Fortesec_-_Risco_El_Shadai_(16ª_Série_-_1ª_Emissão)/8464
2026-09-25,FORTESEC - RISCO EL SHADAI (16ª SÉRIE - 1ª EMISSÃO),https://www.austin.com.br/Historico-Rating/2495/Fortesec_-_Risco_El_Shadai_(16ª_Série_-_1ª_Emissão),CRIs,brBB-,,brBB-,2017-08-18,Confirmação,Negativa,
2026-09-25,FORTESEC - RISCO EL SHADAI (16ª SÉRIE - 1ª EMISSÃO),https://www.austin.com.br/Historico-Rating/2495/Fortesec_-_Risco_El_Shadai_(16ª_Série_-_1ª_Emissão),CRIs,brBB-,,brBB-,2016-08-10,Rating Inicial,Estável,
2026-09-25,FORTESEC - RISCO EL SHADAI (17ª SÉRIE - 1ª EMISSÃO),https://www.austin.com.br/Historico-Rating/2790/Fortesec_-_Risco_El_Shadai_(17ª_Série_-_1ª_Emissão),CRIs,brB,,brB,2018-11-09,Rebaixamento,Negativa,https://www.austin.com.br/Relatorio/Rating/Fortesec_-_Risco_El_Shadai_(17ª_Série_-_1ª_Emissão)/8465
2026-09-25,FORTESEC - RISCO EL SHADAI (17ª SÉRIE - 1ª EMISSÃO),https://www.austin.com.br/Historico-Rating/2790/Fortesec_-_Risco_El_Shadai_(17ª_Série_-_1ª_Emissão),CRIs,brB+,,brB+,2017-08-18,Rating Inicial,Estável,
2026-09-25,FORTESEC - RISCO ELDORADO EMPREENDIMENTOS (276ª E 277ª SÉRIES - 1ª EMISSÃO),https://www.austin.com.br/Historico-Rating/3630/Fortesec_-_Risco_Eldorado_Empreendimentos_(276ª_e_277ª_Séries_-_1ª_Emissão),CRIs,brBB,,brBB,2020-10-13,Rating Inicial,Estável,https://www.austin.com.br/Relatorio/Rating/Fortesec_-_Risco_Eldorado_Empreendimentos_(276ª_e_277ª_Séries_-_1ª_Emissão)/10076
2026-09-25,"FORTESEC - RISCO EXCELSO PARTICIPAÇÕES (176ª, 177ª E 179ª SÉRIES - 1ª EMISSÃO)","https://www.austin.com.br/Historico-Rating/3051/Fortesec_-_Risco_Excelso_Participações_(176ª,_177ª_e_179ª_Séries_-_1ª_Emissão)",CRIs,brB+,,brB+,2019-09-18,Rebaixamento,Estável,"https://www.austin.com.br/Relatorio/Rating/Fortesec_-_Risco_Excelso_Participações_(176ª,_177ª_e_179ª_Séries_-_1ª_Emissão)/9153"
2026-09-25,"FORTESEC - RISCO EXCELSO PARTICIPAÇÕES (176ª, 177ª E 179ª SÉRIES - 1ª EMISSÃO)","https://www.austin.com.br/Historico-Rating/3051/Fortesec_-_Risco_Excelso_Participações_(176ª,_177ª_e_179ª_Séries_-_1ª_Emissão)",CRIs,brBB-,,brBB-,2018-10-08,Rating Inicial,Estável,
2026-09-25,"FORTESEC - RISCO EXCELSO PARTICIPAÇÕES (174ª, 175ª E 178ª SÉRIES - 1ª EMISSÃO)","https://www.austin.com.br/Historico-Rating/3050/Fortesec_-_Risco_Excelso_Participações_(174ª,_175ª_e_178ª_Séries_-_1ª_Emissão)",CRIs,brBB+,,brBB+,2019-09-18,Confirmação,Estável,"https://www.austin.com.br/Relatorio/Rating/Fortesec_-_Risco_Excelso_Participações_(174ª,_175ª_e_178ª_Séries_-_1ª_Emissão)/9152"
2026-09-25,"FORTESEC - RISCO EXCELSO PARTICIPAÇÕES (174ª, 175ª E 178ª SÉRIES - 1ª EMISSÃO)","https://www.austin.com.br/Historico-Rating/3050/Fortesec_-_Risco_Excelso_Participações_(174ª,_175ª_e_178ª_Séries_-_1ª_Emissão)",CRIs,brBB+,,brBB+,2018-10-08,Rating Inicial,Estável,
2026-09-25,FORTESEC - RISCO ENCANTOS DE ITAPERAPUÃ - 487ª A 490ª SÉRIES - 1ª EMISSÃO,https://www.austin.com.br/Historico-Rating/4748/Fortesec_-_Risco_Encantos_de_Itaperapuã_-_487ª_a_490ª_Séries_-_1ª_Emissão,CRIs,brB-,,brB-,2024-08-14,Rebaixamento,Estável,https://www.austin.com.br/Relatorio/Rating/Fortesec_-_Risco_Encantos_de_Itaperapuã_-_487ª_a_490ª_Séries_-_1ª_Emissão/11150
2026-09-25,FORTESEC - RISCO EXCELSO PARTICIPAÇÕES (48ª SÉRIE - 1ª EMISSÃO),https://www.austin.com.br/Historico-Rating/2792/Fortesec_-_Risco_Excelso_Participações_(48ª_Série_-_1ª_Emissão),CRIs,brB,,brB,2017-10-20,Rating Inicial,Estável,https://www.austin.com.br/Relatorio/Rating/Fortesec_-_Risco_Excelso_Participações_(48ª_Série_-_1ª_Emissão)/7754
2026-09-25,"FORTESEC - RISCO GR CONSTRUTORA (WYNDHAM CLUB) - (1ª EMISSÃO - 389ª, 391ª E 393ª SÉRIES)","https://www.austin.com.br/Historico-Rating/4038/Fortesec_-_Risco_GR_Construtora_(Wyndham_Club)_-_(1ª_Emissão_-_389ª,_391ª_e_393ª_Séries)",CRIs,brBBB-,,brBBB-,2022-04-28,Elevação,Estável,"https://www.austin.com.br/Relatorio/Rating/Fortesec_-_Risco_GR_Construtora_(Wyndham_Club)_-_(1ª_Emissão_-_389ª,_391ª_e_393ª_Séries)/10392"
2026-09-25,FORTESEC - RISCO GRAMADO BV RESORT - (1ª EMISSÃO - 699ª SÉRIE),https://www.austin.com.br/Historico-Rating/4031/Fortesec_-_Risco_Gramado_BV_Resort_-_(1ª_Emissão_-_699ª_Série),CRIs,brA,,brA,2022-03-08,Rating Inicial,Estável,https://www.austin.com.br/Relatorio/Rating/Fortesec_-_Risco_Gramado_BV_Resort_-_(1ª_Emissão_-_699ª_Série)/10385
2026-09-25,FORTESEC - RISCO FIX URBANISMO (37ª SÉRIE - 1ª EMISSÃO),https://www.austin.com.br/Historico-Rating/2649/Fortesec_-_Risco_Fix_Urbanismo_(37ª_Série_-_1ª_Emissão),CRIs,brBB+,,brBB+,2019-05-22,Confirmação,Estável,https://www.austin.com.br/Relatorio/Rating/Fortesec_-_Risco_Fix_Urbanismo_(37ª_Série_-_1ª_Emissão)/8879
2026-09-25,FORTESEC - RISCO FIX URBANISMO (37ª SÉRIE - 1ª EMISSÃO),https://www.austin.com.br/Historico-Rating/2649/Fortesec_-_Risco_Fix_Urbanismo_(37ª_Série_-_1ª_Emissão),CRIs,brBB+,,brBB+,2018-05-08,Confirmação,Estável,
2026-09-25,FORTESEC - RISCO FIX URBANISMO (37ª SÉRIE - 1ª EMISSÃO),https://www.austin.com.br/Historico-Rating/2649/Fortesec_-_Risco_Fix_Urbanismo_(37ª_Série_-_1ª_Emissão),CRIs,brBB+,,brBB+,2017-05-11,Rating Inicial,Estável,
2026-09-25,FORTESEC - RISCO GOLDEN LAGHETTO (139ª A 144ª SÉRIES - 1ª EMISSÃO),https://www.austin.com.br/Historico-Rating/3208/Fortesec_-_Risco_Golden_Laghetto_(139ª_a_144ª_Séries_-_1ª_Emissão),CRIs,brBBB,,brBBB,2019-05-09,Rating Inicial,Estável,https://www.austin.com.br/Relatorio/Rating/Fortesec_-_Risco_Golden_Laghetto_(139ª_a_144ª_Séries_-_1ª_Emissão)/8701
2026-09-25,"FORTESEC - RISCO GRAMADO INCORPORAÇÕES (1ª EMISSÃO - SÉRIES 197ª, 199ª, 201ª E 203ª)","https://www.austin.com.br/Historico-Rating/3108/Fortesec_-_Risco_Gramado_Incorporações_(1ª_Emissão_-_Séries_197ª,_199ª,_201ª_e_203ª)",CRIs,brBBB-,,brBBB-,2019-01-08,Rating Inicial,Estável,
2026-09-25,"FORTESEC - RISCO GR CONSTRUTORA (WYNDHAM CLUB) - (1ª EMISSÃO - 390ª, 392ª E 394ª SÉRIES)","https://www.austin.com.br/Historico-Rating/4039/Fortesec_-_Risco_GR_Construtora_(Wyndham_Club)_-_(1ª_Emissão_-_390ª,_392ª_e_394ª_Séries)",CRIs,brBB-,,brBB-,2022-04-28,Elevação,Estável,"https://www.austin.com.br/Relatorio/Rating/Fortesec_-_Risco_GR_Construtora_(Wyndham_Club)_-_(1ª_Emissão_-_390ª,_392ª_e_394ª_Séries)/10393"
2026-09-25,FORTESEC - RISCO GRAMADO BV RESORT - (1ª EMISSÃO - 700ª SÉRIE),https://www.austin.com.br/Historico-Rating/4032/Fortesec_-_Risco_Gramado_BV_Resort_-_(1ª_Emissão_-_700ª_Série),CRIs,brBBB,,brBBB,2022-03-08,Rating Inicial,Estável,https://www.austin.com.br/Relatorio/Rating/Fortesec_-_Risco_Gramado_BV_Resort_-_(1ª_Emissão_-_700ª_Série)/10386
2026-09-25,"FORTESEC - RISCO GRAMADO PARKS INVESTIMENTOS (1ª EMISSÃO - 449ª, 451ª, 453ª E 455ª SÉRIES)","https://www.austin.com.br/Historico-Rating/4029/Fortesec_-_Risco_Gramado_Parks_Investimentos_(1ª_Emissão_-_449ª,_451ª,_453ª_e_455ª_Séries)",CRIs,brBBB+,,brBBB+,2022-01-19,Confirmação,Negativa,"https://www.austin.com.br/Relatorio/Rating/Fortesec_-_Risco_Gramado_Parks_Investimentos_(1ª_Emissão_-_449ª,_451ª,_453ª_e_455ª_Séries)/10383"
2026-09-25,"FORTESEC - RISCO GRAMADO PARKS INVESTIMENTOS (1ª EMISSÃO - 450ª, 452ª, 454ª E 456ª SÉRIES)","https://www.austin.com.br/Historico-Rating/4030/Fortesec_-_Risco_Gramado_Parks_Investimentos_(1ª_Emissão_-_450ª,_452ª,_454ª_e_456ª_Séries)",CRIs,brBB,,brBB,2022-01-19,Confirmação,Negativa,"https://www.austin.com.br/Relatorio/Rating/Fortesec_-_Risco_Gramado_Parks_Investimentos_(1ª_Emissão_-_450ª,_452ª,_454ª_e_456ª_Séries)/10384"
2026-09-25,"FORTESEC - RISCO GRAMADO PARKS INVESTIMENTOS (312ª, 315ª, 318ª, 321ª, 324ª. 327ª, 330ª E 333ª SÉRIES MEZANINO - 1ª EMISSÃO)","https://www.austin.com.br/Historico-Rating/3502/Fortesec_-_Risco_Gramado_Parks_Investimentos_(312ª,_315ª,_318ª,_321ª,_324ª_327ª,_330ª_e_333ª_Séries_Mezanino_-_1ª_Emissão)",CRIs,brBB-,,brBB-,2020-03-13,Rating Inicial,Estável,"https://www.austin.com.br/Relatorio/Rating/Fortesec_-_Risco_Gramado_Parks_Investimentos_(312ª,_315ª,_318ª,_321ª,_324ª_327ª,_330ª_e_333ª_Séries_Mezanino_-_1ª_Emissão)/9850"
2026-09-25,"FORTESEC - RISCO GRAMADO INCORPORAÇÕES (1ª EMISSÃO - SÉRIES 198ª, 200ª, 202ª E 204ª)","https://www.austin.com.br/Historico-Rating/3109/Fortesec_-_Risco_Gramado_Incorporações_(1ª_Emissão_-_Séries_198ª,_200ª,_202ª_e_204ª)",CRIs,brBB,,brBB,2019-01-08,Rating Inicial,Estável,
2026-09-25,"FORTESEC - RISCO GRAMADO PARKS INVESTIMENTOS (311ª, 314ª, 317ª, 320ª, 323ª,326ª, 329ª E 332ª SÉRIES SENIORES - 1ª EMISSÃO)","https://www.austin.com.br/Historico-Rating/3501/Fortesec_-_Risco_Gramado_Parks_Investimentos_(311ª,_314ª,_317ª,_320ª,_323ª,326ª,_329ª_e_332ª_Séries_Seniores_-_1ª_Emissão)",CRIs,brBB,,brBB,2020-03-13,Rating Inicial,Estável,"https://www.austin.com.br/Relatorio/Rating/Fortesec_-_Risco_Gramado_Parks_Investimentos_(311ª,_314ª,_317ª,_320ª,_323ª,326ª,_329ª_e_332ª_Séries_Seniores_-_1ª_Emissão)/9849"
2026-09-25,FORTESEC - RISCO GRUPO LÍRIOS (60ª SÉRIE - 1ª EMISSÃO),https://www.austin.com.br/Historico-Rating/3090/Fortesec_-_Risco_Grupo_Lírios_(60ª_Série_-_1ª_Emissão),CRIs,brA-,,brA-,2019-12-06,Confirmação,Estável,https://www.austin.com.br/Relatorio/Rating/Fortesec_-_Risco_Grupo_Lírios_(60ª_Série_-_1ª_Emissão)/9440
2026-09-25,FORTESEC - RISCO GRUPO LÍRIOS (60ª SÉRIE - 1ª EMISSÃO),https://www.austin.com.br/Historico-Rating/3090/Fortesec_-_Risco_Grupo_Lírios_(60ª_Série_-_1ª_Emissão),CRIs,brA-,,brA-,2018-12-17,Elevação,Estável,
2026-09-25,FORTESEC - RISCO GRUPO THCM (MEZANINO I E II - 246ª E 249ª SÉRIES),https://www.austin.com.br/Historico-Rating/3308/Fortesec_-_Risco_Grupo_THCM_(Mezanino_I_e_II_-_246ª_e_249ª_Séries),CRIs,brBB+,,brBB+,2019-09-09,Rating Inicial,Estável,https://www.austin.com.br/Relatorio/Rating/Fortesec_-_Risco_Grupo_THCM_(Mezanino_I_e_II_-_246ª_e_249ª_Séries)/9113
2026-09-25,FORTESEC - RISCO GRUPO LÍRIOS (61ª SÉRIE - 1ª EMISSÃO),https://www.austin.com.br/Historico-Rating/3091/Fortesec_-_Risco_Grupo_Lírios_(61ª_Série_-_1ª_Emissão),CRIs,brBBB,,brBBB,2019-12-06,Confirmação,Estável,https://www.austin.com.br/Relatorio/Rating/Fortesec_-_Risco_Grupo_Lírios_(61ª_Série_-_1ª_Emissão)/9441
2026-09-25,FORTESEC - RISCO GRUPO LÍRIOS (61ª SÉRIE - 1ª EMISSÃO),https://www.austin.com.br/Historico-Rating/3091/Fortesec_-_Risco_Grupo_Lírios_(61ª_Série_-_1ª_Emissão),CRIs,brBBB,,brBBB,2018-12-17,Rating Inicial,Estável,
2026-09-25,"FORTESEC - RISCO GRAMADO PARKS INVESTIMENTOS (313ª, 316ª, 319ª, 322ª, 325ª, 328ª, 331ª E 334ª SÉRIES SUBORDINADAS - 1ª EMISSÃO)","https://www.austin.com.br/Historico-Rating/3503/Fortesec_-_Risco_Gramado_Parks_Investimentos_(313ª,_316ª,_319ª,_322ª,_325ª,_328ª,_331ª_e_334ª_Séries_Subordinadas_-_1ª_Emissão)",CRIs,brB+,,brB+,2020-03-13,Rating Inicial,Estável,"https://www.austin.com.br/Relatorio/Rating/Fortesec_-_Risco_Gramado_Parks_Investimentos_(313ª,_316ª,_319ª,_322ª,_325ª,_328ª,_331ª_e_334ª_Séries_Subordinadas_-_1ª_Emissão)/9851"
2026-09-25,FORTESEC - RISCO GRUPO THCM (SENIORES I E II - 245ª E 248ª SÉRIES),https://www.austin.com.br/Historico-Rating/3307/Fortesec_-_Risco_Grupo_THCM_(Seniores_I_e_II_-_245ª_e_248ª_Séries),CRIs,brBBB-,,brBBB-,2019-09-09,Rating Inicial,Estável,https://www.austin.com.br/Relatorio/Rating/Fortesec_-_Risco_Grupo_THCM_(Seniores_I_e_II_-_245ª_e_248ª_Séries)/9112
2026-09-25,FORTESEC - RISCO GRUPO WPX (62ª SÉRIE SÊNIOR - 1ª EMISSÃO),https://www.austin.com.br/Historico-Rating/3142/Fortesec_-_Risco_Grupo_WPX_(62ª_Série_Sênior_-_1ª_Emissão),CRIs,brBB+,,brBB+,2019-12-30,Confirmação,Estável,
2026-09-25,FORTESEC - RISCO GRUPO WPX (62ª SÉRIE SÊNIOR - 1ª EMISSÃO),https://www.austin.com.br/Historico-Rating/3142/Fortesec_-_Risco_Grupo_WPX_(62ª_Série_Sênior_-_1ª_Emissão),CRIs,brBB+,,brBB+,2019-03-07,Confirmação,Estável,https://www.austin.com.br/Relatorio/Rating/Fortesec_-_Risco_Grupo_WPX_(62ª_Série_Sênior_-_1ª_Emissão)/8570
2026-09-25,FORTESEC - RISCO GRUPO WPX (62ª SÉRIE SÊNIOR - 1ª EMISSÃO),https://www.austin.com.br/Historico-Rating/3142/Fortesec_-_Risco_Grupo_WPX_(62ª_Série_Sênior_-_1ª_Emissão),CRIs,brBB+,,brBB+,2017-12-13,Rating Inicial,Estável,
2026-09-25,FORTESEC - RISCO GRUPO THCM (SUBORDINADAS I E II - 247ª E 250ª SÉRIES),https://www.austin.com.br/Historico-Rating/3309/Fortesec_-_Risco_Grupo_THCM_(Subordinadas_I_e_II_-_247ª_e_250ª_Séries),CRIs,brBB,,brBB,2019-09-09,Rating Inicial,Estável,https://www.austin.com.br/Relatorio/Rating/Fortesec_-_Risco_Grupo_THCM_(Subordinadas_I_e_II_-_247ª_e_250ª_Séries)/9114
2026-09-25,FORTESEC - RISCO GRUPO WPX (63ª SÉRIE SUBORDINADA - 1ª EMISSÃO),https://www.austin.com.br/Historico-Rating/3143/Fortesec_-_Risco_Grupo_WPX_(63ª_Série_Subordinada_-_1ª_Emissão),CRIs,brBB-,,brBB-,2019-12-30,Confirmação,Estável,
2026-09-25,FORTESEC - RISCO GRUPO WPX (63ª SÉRIE SUBORDINADA - 1ª EMISSÃO),https://www.austin.com.br/Historico-Rating/3143/Fortesec_-_Risco_Grupo_WPX_(63ª_Série_Subordinada_-_1ª_Emissão),CRIs,brBB-,,brBB-,2019-03-07,Confirmação,Estável,https://www.austin.com.br/Relatorio/Rating/Fortesec_-_Risco_Grupo_WPX_(63ª_Série_Subordinada_-_1ª_Emissão)/8572
2026-09-25,FORTESEC - RISCO GRUPO WPX (63ª SÉRIE SUBORDINADA - 1ª EMISSÃO),https://www.austin.com.br/Historico-Rating/3143/Fortesec_-_Risco_Grupo_WPX_(63ª_Série_Subordinada_-_1ª_Emissão),CRIs,brBB-,,brBB-,2017-11-13,Rating Inicial,Estável,
2026-09-25,"FORTESEC - RISCO GTR HOTÉIS E RESORT LTDA. (SÉRIES 206ª, 209ª E 212ª SENIORES - 1ª EMISSÃO)","https://www.austin.com.br/Historico-Rating/3219/Fortesec_-_Risco_GTR_Hotéis_e_resort_ltda_(Séries_206ª,_209ª_e_212ª_Seniores_-_1ª_Emissão)",CRIs,brBBB+,,brBBB+,2020-06-02,Confirmação,Negativa,"https://www.austin.com.br/Relatorio/Rating/Fortesec_-_Risco_GTR_Hotéis_e_resort_ltda_(Séries_206ª,_209ª_e_212ª_Seniores_-_1ª_Emissão)/9998"
2026-09-25,"FORTESEC - RISCO GTR HOTÉIS E RESORT LTDA. (SÉRIES 206ª, 209ª E 212ª SENIORES - 1ª EMISSÃO)","https://www.austin.com.br/Historico-Rating/3219/Fortesec_-_Risco_GTR_Hotéis_e_resort_ltda_(Séries_206ª,_209ª_e_212ª_Seniores_-_1ª_Emissão)",CRIs,brBBB+,,brBBB+,2019-05-30,Rating Inicial,Estável,
2026-09-25,FORTESEC - RISCO GRUPO WPX (65ª SÉRIE SUBORDINADA - 1ª EMISSÃO),https://www.austin.com.br/Historico-Rating/3141/Fortesec_-_Risco_Grupo_WPX_(65ª_Série_Subordinada_-_1ª_Emissão),CRIs,brBB-,,brBB-,2019-12-30,Confirmação,Estável,
2026-09-25,FORTESEC - RISCO GRUPO WPX (65ª SÉRIE SUBORDINADA - 1ª EMISSÃO),https://www.austin.com.br/Historico-Rating/3141/Fortesec_-_Risco_Grupo_WPX_(65ª_Série_Subordinada_-_1ª_Emissão),CRIs,brBB-,,brBB-,2019-03-07,Rating Inicial,Estável,https://www.austin.com.br/Relatorio/Rating/Fortesec_-_Risco_Grupo_WPX_(65ª_Série_Subordinada_-_1ª_Emissão)/8573
2026-09-25,FORTESEC - RISCO GRUPO WPX (64ª SÉRIE SÊNIOR - 1ª EMISSÃO),https://www.austin.com.br/Historico-Rating/3140/Fortesec_-_Risco_Grupo_WPX_(64ª_Série_Sênior_-_1ª_Emissão),CRIs,brBB+,,brBB+,2019-12-30,Confirmação,Estável,
2026-09-25,FORTESEC - RISCO GRUPO WPX (64ª SÉRIE SÊNIOR - 1ª EMISSÃO),https://www.austin.com.br/Historico-Rating/3140/Fortesec_-_Risco_Grupo_WPX_(64ª_Série_Sênior_-_1ª_Emissão),CRIs,brBB+,,brBB+,2019-03-07,Rating Inicial,Estável,https://www.austin.com.br/Relatorio/Rating/Fortesec_-_Risco_Grupo_WPX_(64ª_Série_Sênior_-_1ª_Emissão)/8571
2026-09-25,FORTESEC - RISCO GTR TERMAS RESORT GRAMADO - (1ª EMISSÃO -  458ª E 461ª SÉRIES),https://www.austin.com.br/Historico-Rating/4036/Fortesec_-_Risco_GTR_Termas_Resort_Gramado_-_(1ª_Emissão_-__458ª_e_461ª_Séries),CRIs,brBBB,,brBBB,2022-01-19,Elevação,Estável,https://www.austin.com.br/Relatorio/Rating/Fortesec_-_Risco_GTR_Termas_Resort_Gramado_-_(1ª_Emissão_-__458ª_e_461ª_Séries)/10390
2026-09-25,FORTESEC - RISCO GTR TERMAS RESORT GRAMADO - (1ª EMISSÃO - 459ª E 462ª SÉRIES),https://www.austin.com.br/Historico-Rating/4037/Fortesec_-_Risco_GTR_Termas_Resort_Gramado_-_(1ª_Emissão_-_459ª_e_462ª_Séries)_,CRIs,brBB+,,brBB+,2022-01-19,Confirmação,Estável,https://www.austin.com.br/Relatorio/Rating/Fortesec_-_Risco_GTR_Termas_Resort_Gramado_-_(1ª_Emissão_-_459ª_e_462ª_Séries)_/10391
2026-09-25,"FORTESEC - RISCO GTR HOTÉIS E RESORT LTDA. (SÉRIES 208ª, 211ª E 214ª SUBORDINADOS - 1ª EMISSÃO)","https://www.austin.com.br/Historico-Rating/3220/Fortesec_-_Risco_GTR_Hotéis_e_resort_ltda_(Séries_208ª,_211ª_e_214ª_Subordinados_-_1ª_Emissão)",CRIs,brBB+,,brBB+,2020-06-02,Confirmação,Negativa,"https://www.austin.com.br/Relatorio/Rating/Fortesec_-_Risco_GTR_Hotéis_e_resort_ltda_(Séries_208ª,_211ª_e_214ª_Subordinados_-_1ª_Emissão)/10000"
2026-09-25,"FORTESEC - RISCO GTR HOTÉIS E RESORT LTDA. (SÉRIES 208ª, 211ª E 214ª SUBORDINADOS - 1ª EMISSÃO)","https://www.austin.com.br/Historico-Rating/3220/Fortesec_-_Risco_GTR_Hotéis_e_resort_ltda_(Séries_208ª,_211ª_e_214ª_Subordinados_-_1ª_Emissão)",CRIs,brBB+,,brBB+,2019-05-30,Rating Inicial,Estável,
2026-09-25,"FORTESEC - RISCO GTR HOTÉIS E RESORT LTDA. (SÉRIES 207ª, 210ª E 213ª MEZANINO - 1ª EMISSÃO)","https://www.austin.com.br/Historico-Rating/3218/Fortesec_-_Risco_GTR_Hotéis_e_resort_ltda_(Séries_207ª,_210ª_e_213ª_Mezanino_-_1ª_Emissão)",CRIs,brBBB-,,brBBB-,2020-06-02,Confirmação,Negativa,"https://www.austin.com.br/Relatorio/Rating/Fortesec_-_Risco_GTR_Hotéis_e_resort_ltda_(Séries_207ª,_210ª_e_213ª_Mezanino_-_1ª_Emissão)/9999"
2026-09-25,"FORTESEC - RISCO GTR HOTÉIS E RESORT LTDA. (SÉRIES 207ª, 210ª E 213ª MEZANINO - 1ª EMISSÃO)","https://www.austin.com.br/Historico-Rating/3218/Fortesec_-_Risco_GTR_Hotéis_e_resort_ltda_(Séries_207ª,_210ª_e_213ª_Mezanino_-_1ª_Emissão)",CRIs,brBBB-,,brBBB-,2019-05-30,Rating Inicial,Estável,
2026-09-25,FORTESEC - RISCO GTR TERMAS RESORT GRAMADO - (1ª EMISSÃO - 457ª E 460ª SÉRIES),https://www.austin.com.br/Historico-Rating/4035/Fortesec_-_Risco_GTR_Termas_Resort_Gramado_-_(1ª_Emissão_-_457ª_e_460ª_Séries),CRIs,brA-,,brA-,2022-01-19,Elevação,Estável,https://www.austin.com.br/Relatorio/Rating/Fortesec_-_Risco_GTR_Termas_Resort_Gramado_-_(1ª_Emissão_-_457ª_e_460ª_Séries)/10389
2026-09-25,FORTESEC - RISCO JARDIM SCALA (20ª SÉRIE - 1ª EMISSÃO),https://www.austin.com.br/Historico-Rating/3245/Fortesec_-_Risco_Jardim_Scala_(20ª_Série_-_1ª_Emissão),CRIs,brBB-,,brBB-,2019-06-14,Elevação,Estável,https://www.austin.com.br/Relatorio/Rating/Fortesec_-_Risco_Jardim_Scala_(20ª_Série_-_1ª_Emissão)/8857
2026-09-25,FORTESEC - RISCO JARDIM SCALA (21ª SÉRIE - 1ª EMISSÃO),https://www.austin.com.br/Historico-Rating/3246/Fortesec_-_Risco_Jardim_Scala_(21ª_Série_-_1ª_Emissão),CRIs,brB+,,brB+,2019-06-14,Elevação,Estável,https://www.austin.com.br/Relatorio/Rating/Fortesec_-_Risco_Jardim_Scala_(21ª_Série_-_1ª_Emissão)/8858
2026-09-25,FORTESEC - RISCO MAUI RESIDENCE LTDA (272ª E 273ª SÉRIES - 1ª EMISSÃO),https://www.austin.com.br/Historico-Rating/3296/Fortesec_-_Risco_Maui_Residence_Ltda_(272ª_e_273ª_Séries_-_1ª_Emissão),CRIs,brBB,,brBB,2019-08-29,Rating Inicial,Estável,https://www.austin.com.br/Relatorio/Rating/Fortesec_-_Risco_Maui_Residence_Ltda_(272ª_e_273ª_Séries_-_1ª_Emissão)/9031
2026-09-25,FORTESEC - RISCO MONTE LÍBANO EMPREENDIMENTOS LTDA. (GRUPO QUATTO) - (297ª E 299ª SÉRIES SENIORES - 1ª EMISSÃO),https://www.austin.com.br/Historico-Rating/3461/Fortesec_-_Risco_Monte_Líbano_Empreendimentos_Ltda_(Grupo_Quatto)_-_(297ª_e_299ª_Séries_Seniores_-_1ª_Emissão),CRIs,brBBB,,brBBB,2020-03-04,Rating Inicial,Estável,https://www.austin.com.br/Relatorio/Rating/Fortesec_-_Risco_Monte_Líbano_Empreendimentos_Ltda_(Grupo_Quatto)_-_(297ª_e_299ª_Séries_Seniores_-_1ª_Emissão)/9577
2026-09-25,FORTESEC - RISCO MONTE LÍBANO EMPREENDIMENTOS LTDA. (GRUPO QUATTO) - (298ª E 300ª SÉRIES SUBORDINADAS - 1ª EMISSÃO),https://www.austin.com.br/Historico-Rating/3462/Fortesec_-_Risco_Monte_Líbano_Empreendimentos_Ltda_(Grupo_Quatto)_-_(298ª_e_300ª_Séries_Subordinadas_-_1ª_Emissão),CRIs,brBB+,,brBB+,2020-03-04,Rating Inicial,Estável,https://www.austin.com.br/Relatorio/Rating/Fortesec_-_Risco_Monte_Líbano_Empreendimentos_Ltda_(Grupo_Quatto)_-_(298ª_e_300ª_Séries_Subordinadas_-_1ª_Emissão)/9578
2026-09-25,FORTESEC - RISCO PARQUE DOS GIRASSÓIS (236ª SÉRIE SÊNIOR - 1ª EMISSÃO),https://www.austin.com.br/Historico-Rating/3442/Fortesec_-_Risco_Parque_dos_Girassóis_(236ª_Série_Sênior_-_1ª_Emissão),CRIs,brBB+,,brBB+,2020-01-31,Rating Inicial,Estável,https://www.austin.com.br/Relatorio/Rating/Fortesec_-_Risco_Parque_dos_Girassóis_(236ª_Série_Sênior_-_1ª_Emissão)/9514
2026-09-25,FORTESEC - RISCO NOVA ITABUNA SPE (23ª SÉRIE - 1ª EMISSÃO),https://www.austin.com.br/Historico-Rating/2883/Fortesec_-_Risco_Nova_Itabuna_SPE_(23ª_Série_-_1ª_Emissão),CRIs,brBB,,brBB,2018-11-05,Elevação,Estável,https://www.austin.com.br/Relatorio/Rating/Fortesec_-_Risco_Nova_Itabuna_SPE_(23ª_Série_-_1ª_Emissão)/8463
2026-09-25,FORTESEC - RISCO NOVA ITABUNA SPE (23ª SÉRIE - 1ª EMISSÃO),https://www.austin.com.br/Historico-Rating/2883/Fortesec_-_Risco_Nova_Itabuna_SPE_(23ª_Série_-_1ª_Emissão),CRIs,brBB-,,brBB-,2018-01-30,Confirmação,Estável,
2026-09-25,"FORTESEC - RISCO PARQUE DOS GIRASSÓIS (237ª, 238ª E 239ª SÉRIES SUBORDINADAS I, II E III - 1ª EMISSÃO)","https://www.austin.com.br/Historico-Rating/3443/Fortesec_-_Risco_Parque_dos_Girassóis_(237ª,_238ª_e_239ª_Séries_Subordinadas_I,_II_e_III_-_1ª_Emissão)",CRIs,brBB-,,brBB-,2020-01-31,Rating Inicial,Estável,"https://www.austin.com.br/Relatorio/Rating/Fortesec_-_Risco_Parque_dos_Girassóis_(237ª,_238ª_e_239ª_Séries_Subordinadas_I,_II_e_III_-_1ª_Emissão)/9515"
2026-09-25,FORTESEC - RISCO PULVERIZADO (LOJISTAS SÓ MARCAS OUTLET) (205ª SÉRIE - 1ª EMISSÃO),https://www.austin.com.br/Historico-Rating/3089/Fortesec_-_Risco_Pulverizado_(Lojistas_Só_Marcas_Outlet)_(205ª_Série_-_1ª_Emissão)__,CRIs,brBBB,,brBBB,2019-03-20,Rating Inicial,Estável,https://www.austin.com.br/Relatorio/Rating/Fortesec_-_Risco_Pulverizado_(Lojistas_Só_Marcas_Outlet)_(205ª_Série_-_1ª_Emissão)__/8494
2026-09-25,FORTESEC - RISCO PÔR DO SOL URBANIZAÇÕES LTDA. (SÉRIES SENIORES 193ª E 195ª - 1ª EMISSÃO),https://www.austin.com.br/Historico-Rating/3523/Fortesec_-_Risco_Pôr_do_Sol_Urbanizações_Ltda_(Séries_Seniores_193ª_e_195ª_-_1ª_Emissão),CRIs,brBB-,,brBB-,2020-04-24,Observação Negativa,,https://www.austin.com.br/Relatorio/Rating/Fortesec_-_Risco_Pôr_do_Sol_Urbanizações_Ltda_(Séries_Seniores_193ª_e_195ª_-_1ª_Emissão)/9962
2026-09-25,FORTESEC - RISCO PÔR DO SOL URBANIZAÇÕES LTDA. (SÉRIES SUBORDINADAS 194ª E 196ª - 1ª EMISSÃO),https://www.austin.com.br/Historico-Rating/3524/Fortesec_-_Risco_Pôr_do_Sol_Urbanizações_Ltda_(Séries_Subordinadas_194ª_e_196ª_-_1ª_Emissão),CRIs,brB-,,brB-,2020-04-24,Observação Negativa,,https://www.austin.com.br/Relatorio/Rating/Fortesec_-_Risco_Pôr_do_Sol_Urbanizações_Ltda_(Séries_Subordinadas_194ª_e_196ª_-_1ª_Emissão)/9963
2026-09-25,FORTESEC - RISCO RR CONSTRUÇÕES E IMOBILIÁRIA LTDA. (108ª SÉRIE SUBORDINADA - 1ª EMISSÃO),https://www.austin.com.br/Historico-Rating/3512/Fortesec_-_Risco_RR_Construções_e_Imobiliária_Ltda_(108ª_Série_Subordinada_-_1ª_Emissão),CRIs,brBB-,,brBB-,2020-04-03,Rating Inicial,Estável,https://www.austin.com.br/Relatorio/Rating/Fortesec_-_Risco_RR_Construções_e_Imobiliária_Ltda_(108ª_Série_Subordinada_-_1ª_Emissão)/9911
2026-09-25,FORTESEC - RISCO RENDA PORTUGUESA (182ª SÉRIE - 1ª EMISSÃO),https://www.austin.com.br/Historico-Rating/3111/Fortesec_-_Risco_Renda_Portuguesa_(182ª_Série_-_1ª_Emissão),CRIs,brBB-,,brBB-,2019-01-17,Rating Inicial,Estável,
2026-09-25,FORTESEC - RISCO PRESTIGE - 192ª EMISSÃO - 1ª SÉRIE,https://www.austin.com.br/Historico-Rating/3152/Fortesec_-_Risco_Prestige_-_192ª_Emissão_-_1ª_Série_,CRIs,brBB-,,brBB-,2019-03-06,Rating Inicial,Estável,
2026-09-25,FORTESEC - RISCO RR CONSTRUÇÕES E IMOBILIÁRIA LTDA. (107ª SÉRIE MEZANINO - 1ª EMISSÃO),https://www.austin.com.br/Historico-Rating/3511/Fortesec_-_Risco_RR_Construções_e_Imobiliária_Ltda_(107ª_Série_Mezanino_-_1ª_Emissão),CRIs,brBB,,brBB,2020-04-03,Rating Inicial,Estável,https://www.austin.com.br/Relatorio/Rating/Fortesec_-_Risco_RR_Construções_e_Imobiliária_Ltda_(107ª_Série_Mezanino_-_1ª_Emissão)/9910
2026-09-25,"FORTESEC - RISCO SOLAR DAS ÁGUAS - (1ª EMISSÃO -  335ª, 337ª, 339ª, 341ª E 343ª SÉRIES)","https://www.austin.com.br/Historico-Rating/4033/Fortesec_-_Risco_Solar_das_Águas_-_(1ª_Emissão_-__335ª,_337ª,_339ª,_341ª_e_343ª_Séries)_",CRIs,brBB,,brBB,2022-04-08,Rebaixamento,Negativa,"https://www.austin.com.br/Relatorio/Rating/Fortesec_-_Risco_Solar_das_Águas_-_(1ª_Emissão_-__335ª,_337ª,_339ª,_341ª_e_343ª_Séries)_/10387"
2026-09-25,FORTESEC - RISCO RENDA PORTUGUESA (SÉRIES 180ª E 181ª - 1ª EMISSÃO),https://www.austin.com.br/Historico-Rating/3112/Fortesec_-_Risco_Renda_Portuguesa_(Séries_180ª_e_181ª_-_1ª_Emissão),CRIs,brBB,,brBB,2019-01-17,Rating Inicial,Estável,
2026-09-25,FORTESEC - RISCO SOLAR PEDRA DA ILHA (283ª E 285ª SÉRIES SÊNIOR - 1ª EMISSÃO),https://www.austin.com.br/Historico-Rating/3450/Fortesec_-_Risco_Solar_Pedra_da_Ilha_(283ª_e_285ª_Séries_Sênior_-_1ª_Emissão),CRIs,brBB,,brBB,2020-02-05,Rating Inicial,Estável,https://www.austin.com.br/Relatorio/Rating/Fortesec_-_Risco_Solar_Pedra_da_Ilha_(283ª_e_285ª_Séries_Sênior_-_1ª_Emissão)/9531
2026-09-25,FORTESEC - RISCO RR CONSTRUÇÕES E IMOBILIÁRIA LTDA. (106ª SÉRIE SÊNIOR - 1ª EMISSÃO),https://www.austin.com.br/Historico-Rating/3510/Fortesec_-_Risco_RR_Construções_e_Imobiliária_Ltda_(106ª_Série_Sênior_-_1ª_Emissão),CRIs,brBB+,,brBB+,2020-04-03,Rating Inicial,Estável,https://www.austin.com.br/Relatorio/Rating/Fortesec_-_Risco_RR_Construções_e_Imobiliária_Ltda_(106ª_Série_Sênior_-_1ª_Emissão)/9909
2026-09-25,"FORTESEC - RISCO SOLAR DAS ÁGUAS - (1ª EMISSÃO -  336ª, 338ª, 340ª, 342ª E 344ª SÉRIES)","https://www.austin.com.br/Historico-Rating/4034/Fortesec_-_Risco_Solar_das_Águas_-_(1ª_Emissão_-__336ª,_338ª,_340ª,_342ª_e_344ª_Séries)",CRIs,brB+,,brB+,2022-04-08,Rebaixamento,Negativa,"https://www.austin.com.br/Relatorio/Rating/Fortesec_-_Risco_Solar_das_Águas_-_(1ª_Emissão_-__336ª,_338ª,_340ª,_342ª_e_344ª_Séries)/10388"
2026-09-25,"FORTESEC - RISCO SPE HOT BEACH (1ª EMISSÃO - SÉRIES SUBORDINADAS 290ª, 292ª, 294ª E 296ª)","https://www.austin.com.br/Historico-Rating/3457/Fortesec_-_Risco_SPE_Hot_Beach_(1ª_Emissão_-_Séries_Subordinadas_290ª,_292ª,_294ª_e_296ª)",CRIs,brBB-,,brBB-,2020-02-19,Rating Inicial,Estável,"https://www.austin.com.br/Relatorio/Rating/Fortesec_-_Risco_SPE_Hot_Beach_(1ª_Emissão_-_Séries_Subordinadas_290ª,_292ª,_294ª_e_296ª)/9563"
2026-09-25,FORTESEC - RISCO SOLAR PEDRA DA ILHA (284ª E 286ª SÉRIES SUBORDINADA - 1ª EMISSÃO),https://www.austin.com.br/Historico-Rating/3451/Fortesec_-_Risco_Solar_Pedra_da_Ilha_(284ª_e_286ª_Séries_Subordinada_-_1ª_Emissão),CRIs,brBB-,,brBB-,2020-02-05,Rating Inicial,Estável,https://www.austin.com.br/Relatorio/Rating/Fortesec_-_Risco_Solar_Pedra_da_Ilha_(284ª_e_286ª_Séries_Subordinada_-_1ª_Emissão)/9532
2026-09-25,"FORTESEC - RISCO SPE HOT BEACH (1ª EMISSÃO - SÉRIES SENIORES 287ª, 289ª, 293ª E 295ª)","https://www.austin.com.br/Historico-Rating/3456/Fortesec_-_Risco_SPE_Hot_Beach_(1ª_Emissão_-_Séries_Seniores_287ª,_289ª,_293ª_e_295ª)",CRIs,brBB+,,brBB+,2020-02-19,Rating Inicial,Estável,"https://www.austin.com.br/Relatorio/Rating/Fortesec_-_Risco_SPE_Hot_Beach_(1ª_Emissão_-_Séries_Seniores_287ª,_289ª,_293ª_e_295ª)/9562"
2026-09-25,"FORTESEC - RISCO SPE NG20 (1ª EMISSÃO - SÉRIES 280ª, 281ª E 282ª)","https://www.austin.com.br/Historico-Rating/3458/Fortesec_-_Risco_SPE_NG20_(1ª_Emissão_-_Séries_280ª,_281ª_e_282ª)",CRIs,brB+,,brB+,2020-02-19,Rating Inicial,Estável,"https://www.austin.com.br/Relatorio/Rating/Fortesec_-_Risco_SPE_NG20_(1ª_Emissão_-_Séries_280ª,_281ª_e_282ª)/9564"
2026-09-25,FORTESEC - RISCO SPE PORTO SEGURO (51ª SÉRIE - 1ª EMISSÃO),https://www.austin.com.br/Historico-Rating/2794/Fortesec_-_Risco_SPE_Porto_Seguro_(51ª_Série_-_1ª_Emissão),CRIs,brBB-,,brBB-,2019-04-08,Elevação,Estável,
2026-09-25,FORTESEC - RISCO SPE PORTO SEGURO (51ª SÉRIE - 1ª EMISSÃO),https://www.austin.com.br/Historico-Rating/2794/Fortesec_-_Risco_SPE_Porto_Seguro_(51ª_Série_-_1ª_Emissão),CRIs,brB,,brB,2018-02-28,Rating Inicial,Estável,https://www.austin.com.br/Relatorio/Rating/Fortesec_-_Risco_SPE_Porto_Seguro_(51ª_Série_-_1ª_Emissão)/8597
2026-09-25,"FORTESEC - RISCO SPE PORTO SEGURO (52ª, 54ª, 56ª SÉRIES - 1ª EMISSÃO)","https://www.austin.com.br/Historico-Rating/3191/Fortesec_-_Risco_SPE_Porto_Seguro_(52ª,_54ª,_56ª_Séries_-_1ª_Emissão)",CRIs,brBB+,,brBB+,2019-04-08,Rating Inicial,Estável,
2026-09-25,"FORTESEC - RISCO SPE RESORT DO LAGO (121ª, 123ª, 125ª, 127ª, 129ª,131ª, 133ª, 135ª E 137ª SÉRIES - 1ª EMISSÃO)","https://www.austin.com.br/Historico-Rating/2983/Fortesec_-_Risco_SPE_Resort_do_Lago_(121ª,_123ª,_125ª,_127ª,_129ª,131ª,_133ª,_135ª_e_137ª_Séries_-_1ª_Emissão)",CRIs,brB+,,brB+,2018-05-17,Rating Inicial,Estável,"https://www.austin.com.br/Relatorio/Rating/Fortesec_-_Risco_SPE_Resort_do_Lago_(121ª,_123ª,_125ª,_127ª,_129ª,131ª,_133ª,_135ª_e_137ª_Séries_-_1ª_Emissão)/8178"
2026-09-25,"FORTESEC - RISCO SPE RESORT DO LAGO (116ª, 117ª, 118ª,119ª E 120ª SÉRIES - 1ª EMISSÃO)","https://www.austin.com.br/Historico-Rating/2981/Fortesec_-_Risco_SPE_Resort_do_Lago_(116ª,_117ª,_118ª,119ª_e_120ª_Séries_-_1ª_Emissão)",CRIs,brBB,,brBB,2018-05-24,Rating Inicial,Estável,"https://www.austin.com.br/Relatorio/Rating/Fortesec_-_Risco_SPE_Resort_do_Lago_(116ª,_117ª,_118ª,119ª_e_120ª_Séries_-_1ª_Emissão)/8176"
2026-09-25,"FORTESEC - RISCO SPE RESORT DO LAGO (116ª, 122ª, 124ª, 126ª, 128ª,130ª, 132ª, 134ª E 136ª SÉRIES - 1ª EMISSÃO)","https://www.austin.com.br/Historico-Rating/2982/Fortesec_-_Risco_SPE_Resort_do_Lago_(116ª,_122ª,_124ª,_126ª,_128ª,130ª,_132ª,_134ª_e_136ª_Séries_-_1ª_Emissão)",CRIs,brBBB-,,brBBB-,2018-05-17,Rating Inicial,Estável,"https://www.austin.com.br/Relatorio/Rating/Fortesec_-_Risco_SPE_Resort_do_Lago_(116ª,_122ª,_124ª,_126ª,_128ª,130ª,_132ª,_134ª_e_136ª_Séries_-_1ª_Emissão)/8177"
2026-09-25,FORTESEC - RISCO SPE RESORT DO LAGO (24ª SÉRIE - 1ª EMISSÃO),https://www.austin.com.br/Historico-Rating/2585/Fortesec_-_Risco_SPE_Resort_do_Lago_(24ª_Série_-_1ª_Emissão),CRIs,brBBB-,,brBBB-,2017-01-03,Rating Inicial,Estável,https://www.austin.com.br/Relatorio/Rating/Fortesec_-_Risco_SPE_Resort_do_Lago_(24ª_Série_-_1ª_Emissão)/7320
2026-09-25,"FORTESEC - RISCO SPE PORTO SEGURO (53ª, 55ª, 57ª SÉRIES - 1ª EMISSÃO)","https://www.austin.com.br/Historico-Rating/3178/Fortesec_-_Risco_SPE_Porto_Seguro_(53ª,_55ª,_57ª_Séries_-_1ª_Emissão)",CRIs,brBB-,,brBB-,2019-04-08,Rating Inicial,Estável,
2026-09-25,"FORTESEC - RISCO SPE RESORT DO LAGO (253ª, 257ª, 261ª, 265ª E 269ª SÉRIES - 1ª EMISSÃO)","https://www.austin.com.br/Historico-Rating/3334/Fortesec_-_Risco_SPE_Resort_do_Lago_(253ª,_257ª,_261ª,_265ª_E_269ª_Séries_-_1ª_Emissão)",CRIs,brBB,,brBB,2019-09-12,Rating Inicial,Estável,"https://www.austin.com.br/Relatorio/Rating/Fortesec_-_Risco_SPE_Resort_do_Lago_(253ª,_257ª,_261ª,_265ª_E_269ª_Séries_-_1ª_Emissão)/9373"
2026-09-25,"FORTESEC - RISCO SPE RESORT DO LAGO (252ª, 256ª, 260ª, 264ª E 268ª SÉRIES - 1ª EMISSÃO)","https://www.austin.com.br/Historico-Rating/3333/Fortesec_-_Risco_SPE_Resort_do_Lago_(252ª,_256ª,_260ª,_264ª_e_268ª_Séries_-_1ª_Emissão)",CRIs,brBB+,,brBB+,2019-09-12,Rating Inicial,Estável,"https://www.austin.com.br/Relatorio/Rating/Fortesec_-_Risco_SPE_Resort_do_Lago_(252ª,_256ª,_260ª,_264ª_e_268ª_Séries_-_1ª_Emissão)/9374"
2026-09-25,"FORTESEC - RISCO SPE RESORT DO LAGO (254ª, 258ª, 262ª, 266ª E 270ª SÉRIES - 1ª EMISSÃO)","https://www.austin.com.br/Historico-Rating/3335/Fortesec_-_Risco_SPE_Resort_do_Lago_(254ª,_258ª,_262ª,_266ª_e_270ª_Séries_-_1ª_Emissão)",CRIs,brBB-,,brBB-,2019-09-12,Rating Inicial,Estável,"https://www.austin.com.br/Relatorio/Rating/Fortesec_-_Risco_SPE_Resort_do_Lago_(254ª,_258ª,_262ª,_266ª_e_270ª_Séries_-_1ª_Emissão)/9375"
2026-09-25,FORTESEC - RISCO TERRA NOVA - (1ª SÉRIE - 362ª EMISSÃO),https://www.austin.com.br/Historico-Rating/3709/Fortesec_-_Risco_Terra_Nova_-_(1ª_Série_-_362ª_Emissão),CRIs,brBB+,,brBB+,2021-02-04,Elevação,Estável,
2026-09-25,"FORTESEC - RISCO SPE RESORT DO LAGO (255ª, 259ª, 263ª, 267ª E 271ª SÉRIES - 1ª EMISSÃO)","https://www.austin.com.br/Historico-Rating/3336/Fortesec_-_Risco_SPE_Resort_do_Lago_(255ª,_259ª,_263ª,_267ª_e_271ª_Séries_-_1ª_Emissão)",CRIs,brBB-,,brBB-,2019-09-12,Rating Inicial,Estável,"https://www.austin.com.br/Relatorio/Rating/Fortesec_-_Risco_SPE_Resort_do_Lago_(255ª,_259ª,_263ª,_267ª_e_271ª_Séries_-_1ª_Emissão)/9376"
2026-09-25,FORTESEC - RISCO TERRA NOVA - (1ª SÉRIE - 363ª EMISSÃO),https://www.austin.com.br/Historico-Rating/3710/Fortesec_-_Risco_Terra_Nova_-_(1ª_Série_-_363ª_Emissão),CRIs,brBB-,,brBB-,2021-02-04,Elevação,Estável,
2026-09-25,FORTESEC - RISCO SPE PORTO SEGURO (50ª SÉRIE - 1ª EMISSÃO),https://www.austin.com.br/Historico-Rating/2793/Fortesec_-_Risco_SPE_Porto_Seguro_(50ª_Série_-_1ª_Emissão),CRIs,brBB+,,brBB+,2019-04-08,Elevação,Estável,
2026-09-25,FORTESEC - RISCO SPE PORTO SEGURO (50ª SÉRIE - 1ª EMISSÃO),https://www.austin.com.br/Historico-Rating/2793/Fortesec_-_Risco_SPE_Porto_Seguro_(50ª_Série_-_1ª_Emissão),CRIs,brBB-,,brBB-,2018-02-28,Rating Inicial,Estável,https://www.austin.com.br/Relatorio/Rating/Fortesec_-_Risco_SPE_Porto_Seguro_(50ª_Série_-_1ª_Emissão)/8596
2026-09-25,FORTESEC - RISCO THCM - (MEZANINO SENIORES 146A E 147A SÉRIES - 1A EMISSÃO),https://www.austin.com.br/Historico-Rating/3569/Fortesec_-_Risco_THCM_-_(Mezanino_Seniores_146a_e_147a_Séries_-_1a_Emissão),CRIs,brA+,,brA+,2020-07-02,Rating Inicial,Estável,https://www.austin.com.br/Relatorio/Rating/Fortesec_-_Risco_THCM_-_(Mezanino_Seniores_146a_e_147a_Séries_-_1a_Emissão)/10007
2026-09-25,FORTESEC - RISCO THCM - (SUBORDINADA 149A A 155A SÉRIES - 1A EMISSÃO),https://www.austin.com.br/Historico-Rating/3571/Fortesec_-_Risco_THCM_-_(Subordinada_149a_a_155a_Séries_-_1a_Emissão),CRIs,brBBB-,,brBBB-,2020-07-02,Rating Inicial,Estável,https://www.austin.com.br/Relatorio/Rating/Fortesec_-_Risco_THCM_-_(Subordinada_149a_a_155a_Séries_-_1a_Emissão)/10009
2026-09-25,FORTESEC - RISCO THCM - (MEZANINO SUBORDINADA 148A SÉRIES - 1A EMISSÃO),https://www.austin.com.br/Historico-Rating/3570/Fortesec_-_Risco_THCM_-_(Mezanino_Subordinada_148a_Séries_-_1a_Emissão),CRIs,brBBB+,,brBBB+,2020-07-02,Rating Inicial,Estável,https://www.austin.com.br/Relatorio/Rating/Fortesec_-_Risco_THCM_-_(Mezanino_Subordinada_148a_Séries_-_1a_Emissão)/10008
2026-09-25,"FORTESEC - RISCO TOCTAO ARGON ATIBAIA (407ª, 409ª E 411ª SÉRIES SENIORES - 1ª EMISSÃO)","https://www.austin.com.br/Historico-Rating/3638/Fortesec_-_Risco_Toctao_Argon_Atibaia_(407ª,_409ª_e_411ª_Séries_Seniores_-_1ª_Emissão)",CRIs,brBB,,brBB,2020-10-13,Rating Inicial,Estável,
2026-09-25,FORTESEC - RISCO THCM - (145A SÉRIES - 1A EMISSÃO),https://www.austin.com.br/Historico-Rating/3568/Fortesec_-_Risco_THCM_-_(145a_Séries_-_1a_Emissão),CRIs,brAA,,brAA,2020-07-02,Rating Inicial,Estável,https://www.austin.com.br/Relatorio/Rating/Fortesec_-_Risco_THCM_-_(145a_Séries_-_1a_Emissão)/10006
2026-09-25,FORTESEC - RISCO TOP PARK LEM -  (215ª SÉRIE SÊNIOR - 1ª EMISSÃO),https://www.austin.com.br/Historico-Rating/3576/Fortesec_-_Risco_Top_Park_LEM_-__(215ª_Série_Sênior_-_1ª_Emissão),CRIs,brBB+,,brBB+,2020-07-22,Rating Inicial,Estável,https://www.austin.com.br/Relatorio/Rating/Fortesec_-_Risco_Top_Park_LEM_-__(215ª_Série_Sênior_-_1ª_Emissão)/10013
2026-09-25,"FORTESEC - RISCO URBANES EMPREENDIMENTOS (SÉRIES SENIORES I A V (226ª, 228ª, 230ª, 232ª E 234ª SÉRIES) - 1ª EMISSÃO)","https://www.austin.com.br/Historico-Rating/3420/Fortesec_-_Risco_Urbanes_Empreendimentos_(Séries_Seniores_I_a_V_(226ª,_228ª,_230ª,_232ª_e_234ª_Séries)_-_1ª_Emissão)",CRIs,brBB,,brBB,2019-12-30,Rating Inicial,Estável,
2026-09-25,"FORTESEC - RISCO TOCTAO ARGON ATIBAIA (408ª, 410ª E 412ª SÉRIES SUBORDINADAS - 1ª EMISSÃO)","https://www.austin.com.br/Historico-Rating/3639/Fortesec_-_Risco_Toctao_Argon_Atibaia_(408ª,_410ª_e_412ª_Séries_Subordinadas_-_1ª_Emissão)",CRIs,brB+,,brB+,2020-10-13,Rating Inicial,Estável,
2026-09-25,FORTESEC - RISCO TOP PARK LEM -  (216ª E 217ª SÉRIES SUBORDINADAS - 1ª EMISSÃO),https://www.austin.com.br/Historico-Rating/3577/Fortesec_-_Risco_Top_Park_LEM_-__(216ª_e_217ª_Séries_Subordinadas_-_1ª_Emissão),CRIs,brB+,,brB+,2020-07-22,Rating Inicial,Estável,https://www.austin.com.br/Relatorio/Rating/Fortesec_-_Risco_Top_Park_LEM_-__(216ª_e_217ª_Séries_Subordinadas_-_1ª_Emissão)/10014
2026-09-25,"FORTESEC - RISCO URBANES EMPREENDIMENTOS (SÉRIES SUBORDINADAS I A III (227ª, 229ª, 231ª, 233ª E 235ª) - 1ª EMISSÃO)","https://www.austin.com.br/Historico-Rating/3421/Fortesec_-_Risco_Urbanes_Empreendimentos_(Séries_Subordinadas_I_a_III_(227ª,_229ª,_231ª,_233ª_e_235ª)_-_1ª_Emissão)",CRIs,brB+,,brB+,2019-12-30,Rating Inicial,Estável,
2026-09-25,FORTESEC - RISCO W50 BÚZIOS BEACH (WAM) - (1ª EMISSÃO - 503ª A SÉRIE),https://www.austin.com.br/Historico-Rating/4025/Fortesec_-_Risco_W50_Búzios_Beach_(WAM)_-_(1ª_Emissão_-_503ª_A_Série)_,CRIs,brBB-,,brBB-,2022-05-13,Confirmação,Estável,https://www.austin.com.br/Relatorio/Rating/Fortesec_-_Risco_W50_Búzios_Beach_(WAM)_-_(1ª_Emissão_-_503ª_A_Série)_/10379
2026-09-25,FORTESEC - SARAIVA DE REZENDE SPE (278ª SÉRIE SÊNIOR - 1ª EMISSÃO),https://www.austin.com.br/Historico-Rating/3432/Fortesec_-_Saraiva_de_Rezende_SPE_(278ª_Série_Sênior_-_1ª_Emissão),CRIs,brBBB+,,brBBB+,2020-01-09,Rating Inicial,Estável,https://www.austin.com.br/Relatorio/Rating/Fortesec_-_Saraiva_de_Rezende_SPE_(278ª_Série_Sênior_-_1ª_Emissão)/9466
2026-09-25,FORTESEC - SARAIVA DE REZENDE SPE (279ª SÉRIE SUBORDINADA - 1ª EMISSÃO),https://www.austin.com.br/Historico-Rating/3434/Fortesec_-_Saraiva_de_Rezende_SPE_(279ª_Série_Subordinada_-_1ª_Emissão),CRIs,brBB+,,brBB+,2020-01-09,Rating Inicial,Estável,https://www.austin.com.br/Relatorio/Rating/Fortesec_-_Saraiva_de_Rezende_SPE_(279ª_Série_Subordinada_-_1ª_Emissão)/9467
2026-09-25,FORTITUDINE FIC FIDC NP - SENIORES 1ª SÉRIE,https://www.austin.com.br/Historico-Rating/3751/Fortitudine_FIC_FIDC_NP_-_Seniores_1ª_série,FIDCs,brB-,,brB-,2021-02-23,Rating Inicial,Estável,https://www.austin.com.br/Relatorio/Rating/Fortitudine_FIC_FIDC_NP/10165
2026-09-25,FORTITUDINE FIC FIDC NP - SUBORDINADAS MEZANINO,https://www.austin.com.br/Historico-Rating/3463/Fortitudine_FIC_FIDC_NP_-_Subordinadas_Mezanino_,FIDCs,brB-,,brB-,2020-04-02,Observação Negativa,,https://www.austin.com.br/Relatorio/Rating/Fortitudine_FIC_FIDC_NP/9837
2026-09-25,FORTITUDINE FIC FIDC NP - SUBORDINADAS MEZANINO,https://www.austin.com.br/Historico-Rating/3463/Fortitudine_FIC_FIDC_NP_-_Subordinadas_Mezanino_,FIDCs,brB-,,brB-,2020-03-03,Rating Inicial,Estável,
2026-09-25,FORZA FIDC NP  - SENIORES ÚNICA,https://www.austin.com.br/Historico-Rating/3732/Forza_FIDC_NP__-_Seniores_Única,FIDCs,brA,,brA,2021-01-27,Rating Preliminar,,
2026-09-25,FS FIDC NP - SUBORDINADAS JÚNIOR,https://www.austin.com.br/Historico-Rating/2162/FS_FIDC_NP_-_Subordinadas_Júnior_,FIDCs,brCCC,,brCCC,2020-04-02,Observação Negativa,,https://www.austin.com.br/Relatorio/Rating/FS_FIDC_NP/9845
2026-09-25,FS FIDC NP - SUBORDINADAS JÚNIOR,https://www.austin.com.br/Historico-Rating/2162/FS_FIDC_NP_-_Subordinadas_Júnior_,FIDCs,brCCC,,brCCC,2020-02-17,Confirmação,Estável,
2026-09-25,FS FIDC NP - SUBORDINADAS JÚNIOR,https://www.austin.com.br/Historico-Rating/2162/FS_FIDC_NP_-_Subordinadas_Júnior_,FIDCs,brCCC,,brCCC,2019-11-04,Confirmação,Estável,
2026-09-25,FS FIDC NP - SUBORDINADAS JÚNIOR,https://www.austin.com.br/Historico-Rating/2162/FS_FIDC_NP_-_Subordinadas_Júnior_,FIDCs,brCCC,,brCCC,2019-08-06,Confirmação,Estável,
2026-09-25,FS FIDC NP - SUBORDINADAS JÚNIOR,https://www.austin.com.br/Historico-Rating/2162/FS_FIDC_NP_-_Subordinadas_Júnior_,FIDCs,brCCC,,brCCC,2019-05-03,Confirmação,Estável,
2026-09-25,FS FIDC NP - SUBORDINADAS JÚNIOR,https://www.austin.com.br/Historico-Rating/2162/FS_FIDC_NP_-_Subordinadas_Júnior_,FIDCs,brCCC,,brCCC,2019-01-23,Confirmação,Estável,
2026-09-25,FS FIDC NP - SUBORDINADAS JÚNIOR,https://www.austin.com.br/Historico-Rating/2162/FS_FIDC_NP_-_Subordinadas_Júnior_,FIDCs,brCCC,,brCCC,2018-07-23,Confirmação,Estável,
2026-09-25,FS FIDC NP - SUBORDINADAS JÚNIOR,https://www.austin.com.br/Historico-Rating/2162/FS_FIDC_NP_-_Subordinadas_Júnior_,FIDCs,brCCC,,brCCC,2018-05-11,Confirmação,Estável,
2026-09-25,FS FIDC NP - SUBORDINADAS JÚNIOR,https://www.austin.com.br/Historico-Rating/2162/FS_FIDC_NP_-_Subordinadas_Júnior_,FIDCs,brCCC,,brCCC,2018-02-09,Elevação,Estável,
2026-09-25,FS FIDC NP - SUBORDINADAS JÚNIOR,https://www.austin.com.br/Historico-Rating/2162/FS_FIDC_NP_-_Subordinadas_Júnior_,FIDCs,brCC,,brCC,2017-11-14,Confirmação,Estável,
2026-09-25,FS FIDC NP - SUBORDINADAS JÚNIOR,https://www.austin.com.br/Historico-Rating/2162/FS_FIDC_NP_-_Subordinadas_Júnior_,FIDCs,brCC,,brCC,2017-08-09,Confirmação,Estável,
2026-09-25,FS FIDC NP - SUBORDINADAS JÚNIOR,https://www.austin.com.br/Historico-Rating/2162/FS_FIDC_NP_-_Subordinadas_Júnior_,FIDCs,brCC,,brCC,2017-05-12,Confirmação,Estável,
2026-09-25,FS FIDC NP - SUBORDINADAS JÚNIOR,https://www.austin.com.br/Historico-Rating/2162/FS_FIDC_NP_-_Subordinadas_Júnior_,FIDCs,brCC,,brCC,2017-02-15,Confirmação,Estável,
2026-09-25,FS FIDC NP - SUBORDINADAS JÚNIOR,https://www.austin.com.br/Historico-Rating/2162/FS_FIDC_NP_-_Subordinadas_Júnior_,FIDCs,brCC,,brCC,2016-11-11,Confirmação,Estável,
2026-09-25,FS FIDC NP - SUBORDINADAS JÚNIOR,https://www.austin.com.br/Historico-Rating/2162/FS_FIDC_NP_-_Subordinadas_Júnior_,FIDCs,brCC,,brCC,2016-08-05,Confirmação,Estável,
2026-09-25,FS FIDC NP - SUBORDINADAS JÚNIOR,https://www.austin.com.br/Historico-Rating/2162/FS_FIDC_NP_-_Subordinadas_Júnior_,FIDCs,brCC,,brCC,2016-06-03,Confirmação,Estável,
2026-09-25,FS FIDC NP - SUBORDINADAS JÚNIOR,https://www.austin.com.br/Historico-Rating/2162/FS_FIDC_NP_-_Subordinadas_Júnior_,FIDCs,brCC,,brCC,2016-03-11,Confirmação,Estável,
2026-09-25,FS FIDC NP - SUBORDINADAS JÚNIOR,https://www.austin.com.br/Historico-Rating/2162/FS_FIDC_NP_-_Subordinadas_Júnior_,FIDCs,brCC,,brCC,2015-09-16,Rating Inicial,Estável,
2026-09-25,FORTITUDINE FIC FIDC NP - SUBORDINADAS JÚNIOR,https://www.austin.com.br/Historico-Rating/3464/Fortitudine_FIC_FIDC_NP_-_Subordinadas_Júnior_,FIDCs,brCC,,brCC,2020-04-02,Observação Negativa,,https://www.austin.com.br/Relatorio/Rating/Fortitudine_FIC_FIDC_NP/9838
2026-09-25,FORTITUDINE FIC FIDC NP - SUBORDINADAS JÚNIOR,https://www.austin.com.br/Historico-Rating/3464/Fortitudine_FIC_FIDC_NP_-_Subordinadas_Júnior_,FIDCs,brCC,,brCC,2020-03-03,Rating Inicial,Estável,
2026-09-25,G5 BR INFRA FIDC NP - SUBORDINADAS JÚNIOR,https://www.austin.com.br/Historico-Rating/3500/G5_BR_Infra_FIDC_NP_-_Subordinadas_Júnior_,FIDCs,brA,,brA,2021-02-23,Elevação,,
2026-09-25,G5 BR INFRA FIDC NP - SUBORDINADAS JÚNIOR,https://www.austin.com.br/Historico-Rating/3500/G5_BR_Infra_FIDC_NP_-_Subordinadas_Júnior_,FIDCs,brBBB,,brBBB,2020-03-19,Rating Inicial,Estável,https://www.austin.com.br/Relatorio/Rating/G5_BR_Infra_FIDC_NP/9848
2026-09-25,GAIA SECURITIZADORA - RISCO ROJEMAC (121ª SÉRIE - 4ª EMISSÃO),https://www.austin.com.br/Historico-Rating/3350/Gaia_Securitizadora_-_Risco_Rojemac_(121ª_Série_-_4ª_Emissão),CRIs,brBBB,,brBBB,2019-12-30,Rating Inicial,Estável,https://www.austin.com.br/Relatorio/Rating/Gaia_Securitizadora_-_Risco_Rojemac_(121ª_Série_-_4ª_Emissão)/9454
2026-09-25,G5 ALLOCATION FIC FIDC - ÚNICA,https://www.austin.com.br/Historico-Rating/3188/G5_Allocation_FIC_FIDC_-_Única_,FIDCs,brBBB,,brBBB,2020-02-28,Confirmação,Estável,https://www.austin.com.br/Relatorio/Rating/G5_Allocation_FIC_FIDC/9630
2026-09-25,G5 ALLOCATION FIC FIDC - ÚNICA,https://www.austin.com.br/Historico-Rating/3188/G5_Allocation_FIC_FIDC_-_Única_,FIDCs,brBBB,,brBBB,2019-11-27,Confirmação,Estável,
2026-09-25,G5 ALLOCATION FIC FIDC - ÚNICA,https://www.austin.com.br/Historico-Rating/3188/G5_Allocation_FIC_FIDC_-_Única_,FIDCs,brBBB,,brBBB,2019-08-26,Confirmação,Estável,
2026-09-25,G5 ALLOCATION FIC FIDC - ÚNICA,https://www.austin.com.br/Historico-Rating/3188/G5_Allocation_FIC_FIDC_-_Única_,FIDCs,brBBB,,brBBB,2019-04-12,Rating Inicial,Estável,
2026-09-25,GÁVEA SUL FIDC - SUBORDINADAS MEZANINO II,https://www.austin.com.br/Historico-Rating/3744/Gávea_Sul_FIDC_-_Subordinadas_Mezanino_II_,FIDCs,brBBB+,,brBBB+,2021-02-26,Rating Inicial,Estável,
2026-09-25,G5 CREDIJUS FIDC NP - SUBORDINADAS,https://www.austin.com.br/Historico-Rating/1982/G5_Credijus_FIDC_NP_-_Subordinadas_,FIDCs,brCCC,,brCCC,2020-02-28,Rebaixamento,Estável,https://www.austin.com.br/Relatorio/Rating/G5_Credijus_FIDC_NP/9705
2026-09-25,G5 CREDIJUS FIDC NP - SUBORDINADAS,https://www.austin.com.br/Historico-Rating/1982/G5_Credijus_FIDC_NP_-_Subordinadas_,FIDCs,brB-,,brB-,2019-11-14,Observação Negativa,,
2026-09-25,G5 CREDIJUS FIDC NP - SUBORDINADAS,https://www.austin.com.br/Historico-Rating/1982/G5_Credijus_FIDC_NP_-_Subordinadas_,FIDCs,brB-,,brB-,2019-08-13,Observação Negativa,,
2026-09-25,G5 CREDIJUS FIDC NP - SUBORDINADAS,https://www.austin.com.br/Historico-Rating/1982/G5_Credijus_FIDC_NP_-_Subordinadas_,FIDCs,brB-,,brB-,2019-05-15,Confirmação,Estável,
2026-09-25,G5 CREDIJUS FIDC NP - SUBORDINADAS,https://www.austin.com.br/Historico-Rating/1982/G5_Credijus_FIDC_NP_-_Subordinadas_,FIDCs,brB-,,brB-,2019-02-06,Confirmação,Estável,
2026-09-25,G5 CREDIJUS FIDC NP - SUBORDINADAS,https://www.austin.com.br/Historico-Rating/1982/G5_Credijus_FIDC_NP_-_Subordinadas_,FIDCs,brB-,,brB-,2018-08-01,Confirmação,Estável,
2026-09-25,G5 CREDIJUS FIDC NP - SUBORDINADAS,https://www.austin.com.br/Historico-Rating/1982/G5_Credijus_FIDC_NP_-_Subordinadas_,FIDCs,brB-,,brB-,2018-05-04,Confirmação,Estável,
2026-09-25,G5 CREDIJUS FIDC NP - SUBORDINADAS,https://www.austin.com.br/Historico-Rating/1982/G5_Credijus_FIDC_NP_-_Subordinadas_,FIDCs,brB-,,brB-,2018-02-09,Confirmação,Estável,
2026-09-25,G5 CREDIJUS FIDC NP - SUBORDINADAS,https://www.austin.com.br/Historico-Rating/1982/G5_Credijus_FIDC_NP_-_Subordinadas_,FIDCs,brB-,,brB-,2017-11-17,Confirmação,Estável,
2026-09-25,G5 CREDIJUS FIDC NP - SUBORDINADAS,https://www.austin.com.br/Historico-Rating/1982/G5_Credijus_FIDC_NP_-_Subordinadas_,FIDCs,brB-,,brB-,2017-08-09,Confirmação,Estável,
2026-09-25,G5 CREDIJUS FIDC NP - SUBORDINADAS,https://www.austin.com.br/Historico-Rating/1982/G5_Credijus_FIDC_NP_-_Subordinadas_,FIDCs,brB-,,brB-,2017-05-11,Confirmação,Estável,
2026-09-25,G5 CREDIJUS FIDC NP - SUBORDINADAS,https://www.austin.com.br/Historico-Rating/1982/G5_Credijus_FIDC_NP_-_Subordinadas_,FIDCs,brB-,,brB-,2017-02-15,Confirmação,Estável,
2026-09-25,G5 CREDIJUS FIDC NP - SUBORDINADAS,https://www.austin.com.br/Historico-Rating/1982/G5_Credijus_FIDC_NP_-_Subordinadas_,FIDCs,brB-,,brB-,2016-08-12,Confirmação,Estável,
2026-09-25,G5 CREDIJUS FIDC NP - SUBORDINADAS,https://www.austin.com.br/Historico-Rating/1982/G5_Credijus_FIDC_NP_-_Subordinadas_,FIDCs,brB-,,brB-,2016-05-16,Elevação,Estável,
2026-09-25,G5 CREDIJUS FIDC NP - SUBORDINADAS,https://www.austin.com.br/Historico-Rating/1982/G5_Credijus_FIDC_NP_-_Subordinadas_,FIDCs,brCCC,,brCCC,2016-02-15,Confirmação,Positiva,
2026-09-25,G5 CREDIJUS FIDC NP - SUBORDINADAS,https://www.austin.com.br/Historico-Rating/1982/G5_Credijus_FIDC_NP_-_Subordinadas_,FIDCs,brCCC,,brCCC,2015-11-12,Confirmação,Estável,
2026-09-25,G5 CREDIJUS FIDC NP - SUBORDINADAS,https://www.austin.com.br/Historico-Rating/1982/G5_Credijus_FIDC_NP_-_Subordinadas_,FIDCs,brCCC,,brCCC,2015-08-14,Confirmação,Estável,
2026-09-25,G5 CREDIJUS FIDC NP - SUBORDINADAS,https://www.austin.com.br/Historico-Rating/1982/G5_Credijus_FIDC_NP_-_Subordinadas_,FIDCs,brCCC,,brCCC,2015-05-20,Confirmação,Estável,
2026-09-25,G5 CREDIJUS FIDC NP - SUBORDINADAS,https://www.austin.com.br/Historico-Rating/1982/G5_Credijus_FIDC_NP_-_Subordinadas_,FIDCs,brCCC,,brCCC,2014-09-12,Rating Inicial,Estável,
2026-09-25,GALÁPAGOS ATLAS FIDC - SENIORES ÚNICA,https://www.austin.com.br/Historico-Rating/5086/Galápagos_Atlas_FIDC_-_Seniores_Única,FIDCs,brA,,brA,2025-12-11,Rating Preliminar,,https://www.austin.com.br/Relatorio/Rating/Galápagos_Atlas_FIDC/11500
2026-09-25,GÁVEA SUL FIDC - SENIORES 6ª SÉRIE,https://www.austin.com.br/Historico-Rating/3742/Gávea_Sul_FIDC_-_Seniores_6ª_série,FIDCs,brAA-,,brAA-,2021-02-26,Rating Inicial,Estável,
2026-09-25,GARANTIA BANCO FIDC - SUBORDINADAS JÚNIOR,https://www.austin.com.br/Historico-Rating/3233/Garantia_Banco_FIDC_-_Subordinadas_Júnior_,FIDCs,brCCC,,brCCC,2020-04-02,Observação Negativa,Estável,https://www.austin.com.br/Relatorio/Rating/Garantia_Banco_FIDC/9855
2026-09-25,GARANTIA BANCO FIDC - SUBORDINADAS JÚNIOR,https://www.austin.com.br/Historico-Rating/3233/Garantia_Banco_FIDC_-_Subordinadas_Júnior_,FIDCs,brCCC,,brCCC,2019-11-12,Confirmação,Estável,
2026-09-25,GARANTIA BANCO FIDC - SUBORDINADAS JÚNIOR,https://www.austin.com.br/Historico-Rating/3233/Garantia_Banco_FIDC_-_Subordinadas_Júnior_,FIDCs,brCCC,,brCCC,2019-06-07,Rating Inicial,Estável,
2026-09-25,GÁVEA SUL FIDC - SUBORDINADAS MEZANINO,https://www.austin.com.br/Historico-Rating/3743/Gávea_Sul_FIDC_-_Subordinadas_Mezanino_,FIDCs,brBBB+,,brBBB+,2021-02-26,Rating Inicial,Estável,
2026-09-25,G5 MIX FIDC NP - ÚNICA,https://www.austin.com.br/Historico-Rating/2015/G5_Mix_FIDC_NP_-_Única_,FIDCs,brB-,,brB-,2020-04-02,Observação Negativa,,https://www.austin.com.br/Relatorio/Rating/G5_Mix_FIDC_NP/9854
2026-09-25,G5 MIX FIDC NP - ÚNICA,https://www.austin.com.br/Historico-Rating/2015/G5_Mix_FIDC_NP_-_Única_,FIDCs,brB-,,brB-,2020-02-12,Rebaixamento,Estável,
2026-09-25,G5 MIX FIDC NP - ÚNICA,https://www.austin.com.br/Historico-Rating/2015/G5_Mix_FIDC_NP_-_Única_,FIDCs,brB+,,brB+,2019-11-14,Observação Negativa,,
2026-09-25,G5 MIX FIDC NP - ÚNICA,https://www.austin.com.br/Historico-Rating/2015/G5_Mix_FIDC_NP_-_Única_,FIDCs,brB+,,brB+,2019-08-07,Observação Negativa,,
2026-09-25,G5 MIX FIDC NP - ÚNICA,https://www.austin.com.br/Historico-Rating/2015/G5_Mix_FIDC_NP_-_Única_,FIDCs,brB+,,brB+,2019-05-08,Confirmação,Estável,
2026-09-25,G5 MIX FIDC NP - ÚNICA,https://www.austin.com.br/Historico-Rating/2015/G5_Mix_FIDC_NP_-_Única_,FIDCs,brB+,,brB+,2019-02-06,Confirmação,Estável,
2026-09-25,G5 MIX FIDC NP - ÚNICA,https://www.austin.com.br/Historico-Rating/2015/G5_Mix_FIDC_NP_-_Única_,FIDCs,brB+,,brB+,2018-08-10,Confirmação,Estável,
2026-09-25,G5 MIX FIDC NP - ÚNICA,https://www.austin.com.br/Historico-Rating/2015/G5_Mix_FIDC_NP_-_Única_,FIDCs,brB+,,brB+,2018-05-24,Confirmação,Estável,
2026-09-25,G5 MIX FIDC NP - ÚNICA,https://www.austin.com.br/Historico-Rating/2015/G5_Mix_FIDC_NP_-_Única_,FIDCs,brB+,,brB+,2017-11-17,Confirmação,Estável,
2026-09-25,G5 MIX FIDC NP - ÚNICA,https://www.austin.com.br/Historico-Rating/2015/G5_Mix_FIDC_NP_-_Única_,FIDCs,brB+,,brB+,2017-08-18,Confirmação,Estável,
2026-09-25,G5 MIX FIDC NP - ÚNICA,https://www.austin.com.br/Historico-Rating/2015/G5_Mix_FIDC_NP_-_Única_,FIDCs,brB+,,brB+,2017-05-15,Confirmação,Estável,
2026-09-25,G5 MIX FIDC NP - ÚNICA,https://www.austin.com.br/Historico-Rating/2015/G5_Mix_FIDC_NP_-_Única_,FIDCs,brB+,,brB+,2017-02-15,Confirmação,Estável,
2026-09-25,G5 MIX FIDC NP - ÚNICA,https://www.austin.com.br/Historico-Rating/2015/G5_Mix_FIDC_NP_-_Única_,FIDCs,brB+,,brB+,2016-11-22,Confirmação,Estável,
2026-09-25,G5 MIX FIDC NP - ÚNICA,https://www.austin.com.br/Historico-Rating/2015/G5_Mix_FIDC_NP_-_Única_,FIDCs,brB+,,brB+,2016-08-12,Confirmação,Estável,
2026-09-25,G5 MIX FIDC NP - ÚNICA,https://www.austin.com.br/Historico-Rating/2015/G5_Mix_FIDC_NP_-_Única_,FIDCs,brB+,,brB+,2016-05-20,Confirmação,Estável,
2026-09-25,G5 MIX FIDC NP - ÚNICA,https://www.austin.com.br/Historico-Rating/2015/G5_Mix_FIDC_NP_-_Única_,FIDCs,brB+,,brB+,2016-02-15,Confirmação,Estável,
2026-09-25,G5 MIX FIDC NP - ÚNICA,https://www.austin.com.br/Historico-Rating/2015/G5_Mix_FIDC_NP_-_Única_,FIDCs,brB+,,brB+,2015-11-12,Confirmação,Estável,
2026-09-25,G5 MIX FIDC NP - ÚNICA,https://www.austin.com.br/Historico-Rating/2015/G5_Mix_FIDC_NP_-_Única_,FIDCs,brB+,,brB+,2015-08-17,Confirmação,Estável,
2026-09-25,G5 MIX FIDC NP - ÚNICA,https://www.austin.com.br/Historico-Rating/2015/G5_Mix_FIDC_NP_-_Única_,FIDCs,brB+,,brB+,2015-05-15,Confirmação,Estável,
2026-09-25,G5 MIX FIDC NP - ÚNICA,https://www.austin.com.br/Historico-Rating/2015/G5_Mix_FIDC_NP_-_Única_,FIDCs,brB+,,brB+,2015-03-23,Confirmação,Estável,
2026-09-25,G5 MIX FIDC NP - ÚNICA,https://www.austin.com.br/Historico-Rating/2015/G5_Mix_FIDC_NP_-_Única_,FIDCs,brB+,,brB+,2014-10-20,Rating Inicial,Estável,
2026-09-25,GÁVEA SUL FIDC - SENIORES 4ª SÉRIE,https://www.austin.com.br/Historico-Rating/3741/Gávea_Sul_FIDC_-_Seniores_4ª_série,FIDCs,brAA-,,brAA-,2021-02-26,Rating Inicial,Estável,
2026-09-25,GBX PRIME I FIDC - SUBORDINADAS MEZANINO I,https://www.austin.com.br/Historico-Rating/1902/GBX_Prime_I_FIDC_-_Subordinadas_Mezanino_I_,FIDCs,brA,,brA,2016-08-16,Observação Negativa,,https://www.austin.com.br/Relatorio/Rating/GBX_Prime_I_FIDC/6896
2026-09-25,GBX PRIME I FIDC - SUBORDINADAS MEZANINO I,https://www.austin.com.br/Historico-Rating/1902/GBX_Prime_I_FIDC_-_Subordinadas_Mezanino_I_,FIDCs,brA,,brA,2016-03-02,Observação Negativa,,
2026-09-25,GBX PRIME I FIDC - SUBORDINADAS MEZANINO I,https://www.austin.com.br/Historico-Rating/1902/GBX_Prime_I_FIDC_-_Subordinadas_Mezanino_I_,FIDCs,brA,,brA,2015-08-27,Confirmação,Estável,
2026-09-25,GBX PRIME I FIDC - SUBORDINADAS MEZANINO I,https://www.austin.com.br/Historico-Rating/1902/GBX_Prime_I_FIDC_-_Subordinadas_Mezanino_I_,FIDCs,brA,,brA,2015-03-05,Rating Inicial,Estável,
2026-09-25,GENIAL GESTÃO LTDA.,https://www.austin.com.br/Historico-Rating/4475/Genial_Gestão_Ltda,Gestão,QG2,,QG2,2023-06-13,Confirmação,Estável,
2026-09-25,GENTE DO BULLA I FIDC - ÚNICA,https://www.austin.com.br/Historico-Rating/4178/Gente_do_Bulla_I_FIDC_-_Única_,FIDCs,brCC,,brCC,2023-03-27,Rating Inicial,Estável,https://www.austin.com.br/Relatorio/Rating/Gente_do_Bulla_I_FIDC/10567
2026-09-25,GESTOR TRUST FIDC - SUBORDINADAS MEZANINO I,https://www.austin.com.br/Historico-Rating/2781/Gestor_Trust_FIDC_-_Subordinadas_Mezanino_I_,FIDCs,brBB-,,brBB-,2019-05-27,Confirmação,Estável,https://www.austin.com.br/Relatorio/Rating/Gestor_Trust_FIDC/8942
2026-09-25,GESTOR TRUST FIDC - SUBORDINADAS MEZANINO I,https://www.austin.com.br/Historico-Rating/2781/Gestor_Trust_FIDC_-_Subordinadas_Mezanino_I_,FIDCs,brBB-,,brBB-,2019-02-21,Confirmação,Estável,
2026-09-25,GESTOR TRUST FIDC - SUBORDINADAS MEZANINO I,https://www.austin.com.br/Historico-Rating/2781/Gestor_Trust_FIDC_-_Subordinadas_Mezanino_I_,FIDCs,brBB,,brBB,2018-07-30,Confirmação,Estável,
2026-09-25,GESTOR TRUST FIDC - SUBORDINADAS MEZANINO I,https://www.austin.com.br/Historico-Rating/2781/Gestor_Trust_FIDC_-_Subordinadas_Mezanino_I_,FIDCs,brBB,,brBB,2017-09-08,Confirmação,Estável,
2026-09-25,GESTOR TRUST FIDC - SUBORDINADAS MEZANINO I,https://www.austin.com.br/Historico-Rating/2781/Gestor_Trust_FIDC_-_Subordinadas_Mezanino_I_,FIDCs,brBB,,brBB,2017-05-18,Rating Inicial,Estável,
2026-09-25,GESTOR TRUST FIDC - SENIORES ÚNICA,https://www.austin.com.br/Historico-Rating/2153/Gestor_Trust_FIDC_-_Seniores_Única,FIDCs,brA,,brA,2016-03-22,Rating Preliminar,,https://www.austin.com.br/Relatorio/Rating/Gestor_Trust_FIDC/6069
2026-09-25,GESTOR TRUST FIDC - SUBORDINADAS JÚNIOR,https://www.austin.com.br/Historico-Rating/2151/Gestor_Trust_FIDC_-_Subordinadas_Júnior_,FIDCs,brCCC,,brCCC,2019-05-27,Confirmação,Estável,https://www.austin.com.br/Relatorio/Rating/Gestor_Trust_FIDC/8941
2026-09-25,GESTOR TRUST FIDC - SUBORDINADAS JÚNIOR,https://www.austin.com.br/Historico-Rating/2151/Gestor_Trust_FIDC_-_Subordinadas_Júnior_,FIDCs,brCCC,,brCCC,2019-02-21,Confirmação,Estável,
2026-09-25,GESTOR TRUST FIDC - SUBORDINADAS JÚNIOR,https://www.austin.com.br/Historico-Rating/2151/Gestor_Trust_FIDC_-_Subordinadas_Júnior_,FIDCs,brCCC,,brCCC,2018-07-30,Confirmação,Estável,
2026-09-25,GESTOR TRUST FIDC - SUBORDINADAS JÚNIOR,https://www.austin.com.br/Historico-Rating/2151/Gestor_Trust_FIDC_-_Subordinadas_Júnior_,FIDCs,brCCC,,brCCC,2017-09-08,Confirmação,Estável,
2026-09-25,GESTOR TRUST FIDC - SUBORDINADAS JÚNIOR,https://www.austin.com.br/Historico-Rating/2151/Gestor_Trust_FIDC_-_Subordinadas_Júnior_,FIDCs,brCCC,,brCCC,2017-05-18,Confirmação,Estável,
2026-09-25,GESTOR TRUST FIDC - SUBORDINADAS JÚNIOR,https://www.austin.com.br/Historico-Rating/2151/Gestor_Trust_FIDC_-_Subordinadas_Júnior_,FIDCs,brCCC,,brCCC,2016-12-06,Rating Inicial,Estável,
2026-09-25,GIROFIDC FIDC - SUBORDINADAS JÚNIOR,https://www.austin.com.br/Historico-Rating/2290/Girofidc_FIDC_-_Subordinadas_Júnior_,FIDCs,brCCC,,brCCC,2018-07-25,Confirmação,Estável,https://www.austin.com.br/Relatorio/Rating/Girofidc_FIDC/8269
2026-09-25,GIROFIDC FIDC - SUBORDINADAS JÚNIOR,https://www.austin.com.br/Historico-Rating/2290/Girofidc_FIDC_-_Subordinadas_Júnior_,FIDCs,brCCC,,brCCC,2018-05-23,Confirmação,Estável,
2026-09-25,GIROFIDC FIDC - SUBORDINADAS JÚNIOR,https://www.austin.com.br/Historico-Rating/2290/Girofidc_FIDC_-_Subordinadas_Júnior_,FIDCs,brCCC,,brCCC,2017-11-17,Confirmação,Estável,
2026-09-25,GIROFIDC FIDC - SUBORDINADAS JÚNIOR,https://www.austin.com.br/Historico-Rating/2290/Girofidc_FIDC_-_Subordinadas_Júnior_,FIDCs,brCCC,,brCCC,2017-08-09,Confirmação,Estável,
2026-09-25,GIROFIDC FIDC - SUBORDINADAS JÚNIOR,https://www.austin.com.br/Historico-Rating/2290/Girofidc_FIDC_-_Subordinadas_Júnior_,FIDCs,brCCC,,brCCC,2017-05-12,Confirmação,Estável,
2026-09-25,GIROFIDC FIDC - SUBORDINADAS JÚNIOR,https://www.austin.com.br/Historico-Rating/2290/Girofidc_FIDC_-_Subordinadas_Júnior_,FIDCs,brCCC,,brCCC,2017-01-18,Rating Inicial,Estável,
2026-09-25,GLOBAL RETAIL FIDC MULTISSETORIAL - SUBORDINADAS JÚNIOR,https://www.austin.com.br/Historico-Rating/1884/Global_Retail_FIDC_Multissetorial_-_Subordinadas_Júnior_,FIDCs,brD,,brD,2019-02-22,Confirmação,,https://www.austin.com.br/Relatorio/Rating/Global_Retail_FIDC_Multissetorial/8831
2026-09-25,GLOBAL RETAIL FIDC MULTISSETORIAL - SUBORDINADAS JÚNIOR,https://www.austin.com.br/Historico-Rating/1884/Global_Retail_FIDC_Multissetorial_-_Subordinadas_Júnior_,FIDCs,brCC,,brCC,2017-07-07,Rebaixamento,,
2026-09-25,GLOBAL RETAIL FIDC MULTISSETORIAL - SUBORDINADAS JÚNIOR,https://www.austin.com.br/Historico-Rating/1884/Global_Retail_FIDC_Multissetorial_-_Subordinadas_Júnior_,FIDCs,brB+,,brB+,2016-12-05,Observação Negativa,,
2026-09-25,GLOBAL RETAIL FIDC MULTISSETORIAL - SUBORDINADAS JÚNIOR,https://www.austin.com.br/Historico-Rating/1884/Global_Retail_FIDC_Multissetorial_-_Subordinadas_Júnior_,FIDCs,brB+,,brB+,2016-08-05,Observação Negativa,,
2026-09-25,GLOBAL RETAIL FIDC MULTISSETORIAL - SUBORDINADAS JÚNIOR,https://www.austin.com.br/Historico-Rating/1884/Global_Retail_FIDC_Multissetorial_-_Subordinadas_Júnior_,FIDCs,brBB-,,brBB-,2015-11-24,Confirmação,Estável,
2026-09-25,GLOBAL RETAIL FIDC MULTISSETORIAL - SUBORDINADAS JÚNIOR,https://www.austin.com.br/Historico-Rating/1884/Global_Retail_FIDC_Multissetorial_-_Subordinadas_Júnior_,FIDCs,brBB-,,brBB-,2015-08-17,Confirmação,Estável,
2026-09-25,GLOBAL RETAIL FIDC MULTISSETORIAL - SUBORDINADAS JÚNIOR,https://www.austin.com.br/Historico-Rating/1884/Global_Retail_FIDC_Multissetorial_-_Subordinadas_Júnior_,FIDCs,brBB-,,brBB-,2015-05-15,Confirmação,Estável,
2026-09-25,GLOBAL RETAIL FIDC MULTISSETORIAL - SUBORDINADAS JÚNIOR,https://www.austin.com.br/Historico-Rating/1884/Global_Retail_FIDC_Multissetorial_-_Subordinadas_Júnior_,FIDCs,brBB-,,brBB-,2015-02-11,Confirmação,Estável,
2026-09-25,GLOBAL RETAIL FIDC MULTISSETORIAL - SUBORDINADAS JÚNIOR,https://www.austin.com.br/Historico-Rating/1884/Global_Retail_FIDC_Multissetorial_-_Subordinadas_Júnior_,FIDCs,brBB-,,brBB-,2014-11-13,Confirmação,Estável,
2026-09-25,GLOBAL RETAIL FIDC MULTISSETORIAL - SUBORDINADAS JÚNIOR,https://www.austin.com.br/Historico-Rating/1884/Global_Retail_FIDC_Multissetorial_-_Subordinadas_Júnior_,FIDCs,brBB-,,brBB-,2014-05-27,Rating Inicial,Estável,
2026-09-25,GLOBAL RETAIL FIDC MULTISSETORIAL - MEZANINO CLASSE C,https://www.austin.com.br/Historico-Rating/1700/Global_Retail_FIDC_Multissetorial_-_Mezanino_Classe_C_,FIDCs,brD,,brD,2019-02-22,Rebaixamento,,https://www.austin.com.br/Relatorio/Rating/Global_Retail_FIDC_Multissetorial/8830
2026-09-25,GLOBAL RETAIL FIDC MULTISSETORIAL - MEZANINO CLASSE C,https://www.austin.com.br/Historico-Rating/1700/Global_Retail_FIDC_Multissetorial_-_Mezanino_Classe_C_,FIDCs,brCCC,,brCCC,2017-07-07,Rebaixamento,,
2026-09-25,GLOBAL RETAIL FIDC MULTISSETORIAL - MEZANINO CLASSE C,https://www.austin.com.br/Historico-Rating/1700/Global_Retail_FIDC_Multissetorial_-_Mezanino_Classe_C_,FIDCs,brBB,,brBB,2016-12-05,Observação Negativa,,
2026-09-25,GLOBAL RETAIL FIDC MULTISSETORIAL - MEZANINO CLASSE C,https://www.austin.com.br/Historico-Rating/1700/Global_Retail_FIDC_Multissetorial_-_Mezanino_Classe_C_,FIDCs,brBB,,brBB,2016-08-05,Observação Negativa,,
2026-09-25,GLOBAL RETAIL FIDC MULTISSETORIAL - MEZANINO CLASSE C,https://www.austin.com.br/Historico-Rating/1700/Global_Retail_FIDC_Multissetorial_-_Mezanino_Classe_C_,FIDCs,brBB+,,brBB+,2015-11-24,Confirmação,Estável,
2026-09-25,GLOBAL RETAIL FIDC MULTISSETORIAL - MEZANINO CLASSE C,https://www.austin.com.br/Historico-Rating/1700/Global_Retail_FIDC_Multissetorial_-_Mezanino_Classe_C_,FIDCs,brBB+,,brBB+,2015-08-17,Confirmação,Estável,
2026-09-25,GLOBAL RETAIL FIDC MULTISSETORIAL - MEZANINO CLASSE C,https://www.austin.com.br/Historico-Rating/1700/Global_Retail_FIDC_Multissetorial_-_Mezanino_Classe_C_,FIDCs,brBB+,,brBB+,2015-05-15,Confirmação,Estável,
2026-09-25,GLOBAL RETAIL FIDC MULTISSETORIAL - MEZANINO CLASSE C,https://www.austin.com.br/Historico-Rating/1700/Global_Retail_FIDC_Multissetorial_-_Mezanino_Classe_C_,FIDCs,brBB+,,brBB+,2015-02-11,Confirmação,Estável,
2026-09-25,GLOBAL RETAIL FIDC MULTISSETORIAL - MEZANINO CLASSE C,https://www.austin.com.br/Historico-Rating/1700/Global_Retail_FIDC_Multissetorial_-_Mezanino_Classe_C_,FIDCs,brBB+,,brBB+,2014-11-13,Confirmação,Estável,
2026-09-25,GLOBAL RETAIL FIDC MULTISSETORIAL - MEZANINO CLASSE C,https://www.austin.com.br/Historico-Rating/1700/Global_Retail_FIDC_Multissetorial_-_Mezanino_Classe_C_,FIDCs,brBB+,,brBB+,2014-08-15,Confirmação,Estável,
2026-09-25,GLOBAL RETAIL FIDC MULTISSETORIAL - MEZANINO CLASSE C,https://www.austin.com.br/Historico-Rating/1700/Global_Retail_FIDC_Multissetorial_-_Mezanino_Classe_C_,FIDCs,brBB+,,brBB+,2014-05-05,Confirmação,Estável,
2026-09-25,GLOBAL RETAIL FIDC MULTISSETORIAL - MEZANINO CLASSE C,https://www.austin.com.br/Historico-Rating/1700/Global_Retail_FIDC_Multissetorial_-_Mezanino_Classe_C_,FIDCs,brBB+,,brBB+,2014-02-13,Confirmação,Estável,
2026-09-25,GLOBAL RETAIL FIDC MULTISSETORIAL - MEZANINO CLASSE C,https://www.austin.com.br/Historico-Rating/1700/Global_Retail_FIDC_Multissetorial_-_Mezanino_Classe_C_,FIDCs,brBB+,,brBB+,2013-12-06,Confirmação,Estável,
2026-09-25,GLOBAL RETAIL FIDC MULTISSETORIAL - MEZANINO CLASSE C,https://www.austin.com.br/Historico-Rating/1700/Global_Retail_FIDC_Multissetorial_-_Mezanino_Classe_C_,FIDCs,brBB+,,brBB+,2013-10-07,Rating Inicial,Estável,
2026-09-25,GGR PRIME I FIDC - ÚNICA,https://www.austin.com.br/Historico-Rating/2650/GGR_Prime_I_FIDC_-_Única_,FIDCs,brB-,,brB-,2019-11-07,Confirmação,Estável,https://www.austin.com.br/Relatorio/Rating/GGR_Prime_I_FIDC/9552
2026-09-25,GGR PRIME I FIDC - ÚNICA,https://www.austin.com.br/Historico-Rating/2650/GGR_Prime_I_FIDC_-_Única_,FIDCs,brB-,,brB-,2019-08-14,Confirmação,Estável,
2026-09-25,GGR PRIME I FIDC - ÚNICA,https://www.austin.com.br/Historico-Rating/2650/GGR_Prime_I_FIDC_-_Única_,FIDCs,brB-,,brB-,2019-05-15,Confirmação,Estável,
2026-09-25,GGR PRIME I FIDC - ÚNICA,https://www.austin.com.br/Historico-Rating/2650/GGR_Prime_I_FIDC_-_Única_,FIDCs,brB-,,brB-,2019-03-15,Confirmação,Estável,
2026-09-25,GGR PRIME I FIDC - ÚNICA,https://www.austin.com.br/Historico-Rating/2650/GGR_Prime_I_FIDC_-_Única_,FIDCs,brB-,,brB-,2018-11-23,Observação Negativa,,
2026-09-25,GGR PRIME I FIDC - ÚNICA,https://www.austin.com.br/Historico-Rating/2650/GGR_Prime_I_FIDC_-_Única_,FIDCs,brB-,,brB-,2018-08-14,Observação Negativa,,
2026-09-25,GGR PRIME I FIDC - ÚNICA,https://www.austin.com.br/Historico-Rating/2650/GGR_Prime_I_FIDC_-_Única_,FIDCs,brB-,,brB-,2018-06-05,Rebaixamento,,
2026-09-25,GGR PRIME I FIDC - ÚNICA,https://www.austin.com.br/Historico-Rating/2650/GGR_Prime_I_FIDC_-_Única_,FIDCs,brBB-,,brBB-,2018-03-06,Rebaixamento,,
2026-09-25,GGR PRIME I FIDC - ÚNICA,https://www.austin.com.br/Historico-Rating/2650/GGR_Prime_I_FIDC_-_Única_,FIDCs,brBB+,,brBB+,2017-12-13,Rebaixamento,,
2026-09-25,GGR PRIME I FIDC - ÚNICA,https://www.austin.com.br/Historico-Rating/2650/GGR_Prime_I_FIDC_-_Única_,FIDCs,brA-,,brA-,2017-09-13,Rebaixamento,,
2026-09-25,GGR PRIME I FIDC - ÚNICA,https://www.austin.com.br/Historico-Rating/2650/GGR_Prime_I_FIDC_-_Única_,FIDCs,brA,,brA,2017-03-03,Observação Negativa,,
2026-09-25,GLOBAL SUPPLIERS FIDC MULTISSETORIAL - SENIORES 1ª SÉRIE,https://www.austin.com.br/Historico-Rating/2378/Global_Suppliers_FIDC_Multissetorial_-_Seniores_1ª_série,FIDCs,brA-,,brA-,2017-05-29,Confirmação,Estável,https://www.austin.com.br/Relatorio/Rating/Global_Suppliers_FIDC_Multissetorial/7479
2026-09-25,GLOBAL SUPPLIERS FIDC MULTISSETORIAL - SENIORES 1ª SÉRIE,https://www.austin.com.br/Historico-Rating/2378/Global_Suppliers_FIDC_Multissetorial_-_Seniores_1ª_série,FIDCs,brA-,,brA-,2017-02-15,Confirmação,Estável,
2026-09-25,GLOBAL SUPPLIERS FIDC MULTISSETORIAL - SENIORES 1ª SÉRIE,https://www.austin.com.br/Historico-Rating/2378/Global_Suppliers_FIDC_Multissetorial_-_Seniores_1ª_série,FIDCs,brA-,,brA-,2016-11-22,Confirmação,Estável,
2026-09-25,GLOBAL SUPPLIERS FIDC MULTISSETORIAL - SENIORES 1ª SÉRIE,https://www.austin.com.br/Historico-Rating/2378/Global_Suppliers_FIDC_Multissetorial_-_Seniores_1ª_série,FIDCs,brA-,,brA-,2016-03-03,Rating Inicial,Estável,
2026-09-25,GLOBAL SUPPLIERS FIDC MULTISSETORIAL - SUBORDINADAS MEZANINO,https://www.austin.com.br/Historico-Rating/1567/Global_Suppliers_FIDC_Multissetorial_-_Subordinadas_Mezanino_,FIDCs,brBBB-,,brBBB-,2017-05-29,Confirmação,Estável,https://www.austin.com.br/Relatorio/Rating/Global_Suppliers_FIDC_Multissetorial/7477
2026-09-25,GLOBAL SUPPLIERS FIDC MULTISSETORIAL - SUBORDINADAS MEZANINO,https://www.austin.com.br/Historico-Rating/1567/Global_Suppliers_FIDC_Multissetorial_-_Subordinadas_Mezanino_,FIDCs,brBBB-,,brBBB-,2017-02-15,Confirmação,Estável,
2026-09-25,GLOBAL SUPPLIERS FIDC MULTISSETORIAL - SUBORDINADAS MEZANINO,https://www.austin.com.br/Historico-Rating/1567/Global_Suppliers_FIDC_Multissetorial_-_Subordinadas_Mezanino_,FIDCs,brBBB-,,brBBB-,2016-11-22,Confirmação,Estável,
2026-09-25,GLOBAL SUPPLIERS FIDC MULTISSETORIAL - SUBORDINADAS MEZANINO,https://www.austin.com.br/Historico-Rating/1567/Global_Suppliers_FIDC_Multissetorial_-_Subordinadas_Mezanino_,FIDCs,brBBB-,,brBBB-,2016-08-12,Confirmação,Estável,
2026-09-25,GLOBAL SUPPLIERS FIDC MULTISSETORIAL - SUBORDINADAS MEZANINO,https://www.austin.com.br/Historico-Rating/1567/Global_Suppliers_FIDC_Multissetorial_-_Subordinadas_Mezanino_,FIDCs,brBBB-,,brBBB-,2016-07-01,Confirmação,Estável,
2026-09-25,GLOBAL SUPPLIERS FIDC MULTISSETORIAL - SUBORDINADAS MEZANINO,https://www.austin.com.br/Historico-Rating/1567/Global_Suppliers_FIDC_Multissetorial_-_Subordinadas_Mezanino_,FIDCs,brBBB-,,brBBB-,2016-03-10,Confirmação,Estável,
2026-09-25,GLOBAL SUPPLIERS FIDC MULTISSETORIAL - SUBORDINADAS MEZANINO,https://www.austin.com.br/Historico-Rating/1567/Global_Suppliers_FIDC_Multissetorial_-_Subordinadas_Mezanino_,FIDCs,brBBB-,,brBBB-,2015-11-24,Confirmação,Estável,
2026-09-25,GLOBAL SUPPLIERS FIDC MULTISSETORIAL - SUBORDINADAS MEZANINO,https://www.austin.com.br/Historico-Rating/1567/Global_Suppliers_FIDC_Multissetorial_-_Subordinadas_Mezanino_,FIDCs,brBBB-,,brBBB-,2015-09-17,Confirmação,Estável,
2026-09-25,GLOBAL SUPPLIERS FIDC MULTISSETORIAL - SUBORDINADAS MEZANINO,https://www.austin.com.br/Historico-Rating/1567/Global_Suppliers_FIDC_Multissetorial_-_Subordinadas_Mezanino_,FIDCs,brBBB-,,brBBB-,2015-07-02,Confirmação,Estável,
2026-09-25,GLOBAL SUPPLIERS FIDC MULTISSETORIAL - SUBORDINADAS MEZANINO,https://www.austin.com.br/Historico-Rating/1567/Global_Suppliers_FIDC_Multissetorial_-_Subordinadas_Mezanino_,FIDCs,brBBB-,,brBBB-,2015-03-06,Confirmação,Estável,
2026-09-25,GLOBAL SUPPLIERS FIDC MULTISSETORIAL - SUBORDINADAS MEZANINO,https://www.austin.com.br/Historico-Rating/1567/Global_Suppliers_FIDC_Multissetorial_-_Subordinadas_Mezanino_,FIDCs,brBBB-,,brBBB-,2015-02-06,Confirmação,Estável,
2026-09-25,GLOBAL SUPPLIERS FIDC MULTISSETORIAL - SUBORDINADAS MEZANINO,https://www.austin.com.br/Historico-Rating/1567/Global_Suppliers_FIDC_Multissetorial_-_Subordinadas_Mezanino_,FIDCs,brBBB-,,brBBB-,2014-05-26,Rating Inicial,Estável,
2026-09-25,GLOBAL RETAIL FIDC MULTISSETORIAL - MEZANINO CLASSE D,https://www.austin.com.br/Historico-Rating/1568/Global_Retail_FIDC_Multissetorial_-_Mezanino_Classe_D_,FIDCs,brD,,brD,2019-02-22,Rebaixamento,,https://www.austin.com.br/Relatorio/Rating/Global_Retail_FIDC_Multissetorial/8828
2026-09-25,GLOBAL RETAIL FIDC MULTISSETORIAL - MEZANINO CLASSE D,https://www.austin.com.br/Historico-Rating/1568/Global_Retail_FIDC_Multissetorial_-_Mezanino_Classe_D_,FIDCs,brCCC,,brCCC,2017-07-07,Rebaixamento,,
2026-09-25,GLOBAL RETAIL FIDC MULTISSETORIAL - MEZANINO CLASSE D,https://www.austin.com.br/Historico-Rating/1568/Global_Retail_FIDC_Multissetorial_-_Mezanino_Classe_D_,FIDCs,brBB,,brBB,2016-12-05,Observação Negativa,,
2026-09-25,GLOBAL RETAIL FIDC MULTISSETORIAL - MEZANINO CLASSE D,https://www.austin.com.br/Historico-Rating/1568/Global_Retail_FIDC_Multissetorial_-_Mezanino_Classe_D_,FIDCs,brBB,,brBB,2016-08-05,Observação Negativa,,
2026-09-25,GLOBAL RETAIL FIDC MULTISSETORIAL - MEZANINO CLASSE D,https://www.austin.com.br/Historico-Rating/1568/Global_Retail_FIDC_Multissetorial_-_Mezanino_Classe_D_,FIDCs,brBB+,,brBB+,2015-11-24,Confirmação,Estável,
2026-09-25,GLOBAL RETAIL FIDC MULTISSETORIAL - MEZANINO CLASSE D,https://www.austin.com.br/Historico-Rating/1568/Global_Retail_FIDC_Multissetorial_-_Mezanino_Classe_D_,FIDCs,brBB+,,brBB+,2015-08-17,Confirmação,Estável,
2026-09-25,GLOBAL RETAIL FIDC MULTISSETORIAL - MEZANINO CLASSE D,https://www.austin.com.br/Historico-Rating/1568/Global_Retail_FIDC_Multissetorial_-_Mezanino_Classe_D_,FIDCs,brBB+,,brBB+,2015-05-15,Confirmação,Estável,
2026-09-25,GLOBAL RETAIL FIDC MULTISSETORIAL - MEZANINO CLASSE D,https://www.austin.com.br/Historico-Rating/1568/Global_Retail_FIDC_Multissetorial_-_Mezanino_Classe_D_,FIDCs,brBB+,,brBB+,2015-02-11,Confirmação,Estável,
2026-09-25,GLOBAL RETAIL FIDC MULTISSETORIAL - MEZANINO CLASSE D,https://www.austin.com.br/Historico-Rating/1568/Global_Retail_FIDC_Multissetorial_-_Mezanino_Classe_D_,FIDCs,brBB+,,brBB+,2014-11-13,Confirmação,Estável,
2026-09-25,GLOBAL RETAIL FIDC MULTISSETORIAL - MEZANINO CLASSE D,https://www.austin.com.br/Historico-Rating/1568/Global_Retail_FIDC_Multissetorial_-_Mezanino_Classe_D_,FIDCs,brBB+,,brBB+,2014-08-15,Confirmação,Estável,
2026-09-25,GLOBAL RETAIL FIDC MULTISSETORIAL - MEZANINO CLASSE D,https://www.austin.com.br/Historico-Rating/1568/Global_Retail_FIDC_Multissetorial_-_Mezanino_Classe_D_,FIDCs,brBB+,,brBB+,2014-05-05,Confirmação,Estável,
2026-09-25,GLOBAL RETAIL FIDC MULTISSETORIAL - MEZANINO CLASSE D,https://www.austin.com.br/Historico-Rating/1568/Global_Retail_FIDC_Multissetorial_-_Mezanino_Classe_D_,FIDCs,brBB+,,brBB+,2014-02-13,Confirmação,Estável,
2026-09-25,GLOBAL RETAIL FIDC MULTISSETORIAL - MEZANINO CLASSE D,https://www.austin.com.br/Historico-Rating/1568/Global_Retail_FIDC_Multissetorial_-_Mezanino_Classe_D_,FIDCs,brBB+,,brBB+,2013-12-06,Confirmação,Estável,
2026-09-25,GLOBAL RETAIL FIDC MULTISSETORIAL - MEZANINO CLASSE D,https://www.austin.com.br/Historico-Rating/1568/Global_Retail_FIDC_Multissetorial_-_Mezanino_Classe_D_,FIDCs,brBB+,,brBB+,2013-07-11,Rating Inicial,Estável,
2026-09-25,GLOBAL RETAIL FIDC MULTISSETORIAL - MEZANINO CLASSE B,https://www.austin.com.br/Historico-Rating/1586/Global_Retail_FIDC_Multissetorial_-_Mezanino_Classe_B_,FIDCs,brD,,brD,2019-02-22,Rebaixamento,,https://www.austin.com.br/Relatorio/Rating/Global_Retail_FIDC_Multissetorial/8829
2026-09-25,GLOBAL RETAIL FIDC MULTISSETORIAL - MEZANINO CLASSE B,https://www.austin.com.br/Historico-Rating/1586/Global_Retail_FIDC_Multissetorial_-_Mezanino_Classe_B_,FIDCs,brCCC,,brCCC,2017-07-07,Rebaixamento,,
2026-09-25,GLOBAL RETAIL FIDC MULTISSETORIAL - MEZANINO CLASSE B,https://www.austin.com.br/Historico-Rating/1586/Global_Retail_FIDC_Multissetorial_-_Mezanino_Classe_B_,FIDCs,brBB,,brBB,2016-12-05,Observação Negativa,,
2026-09-25,GLOBAL RETAIL FIDC MULTISSETORIAL - MEZANINO CLASSE B,https://www.austin.com.br/Historico-Rating/1586/Global_Retail_FIDC_Multissetorial_-_Mezanino_Classe_B_,FIDCs,brBB,,brBB,2016-08-05,Observação Negativa,,
2026-09-25,GLOBAL RETAIL FIDC MULTISSETORIAL - MEZANINO CLASSE B,https://www.austin.com.br/Historico-Rating/1586/Global_Retail_FIDC_Multissetorial_-_Mezanino_Classe_B_,FIDCs,brBB+,,brBB+,2015-11-24,Confirmação,Estável,
2026-09-25,GLOBAL RETAIL FIDC MULTISSETORIAL - MEZANINO CLASSE B,https://www.austin.com.br/Historico-Rating/1586/Global_Retail_FIDC_Multissetorial_-_Mezanino_Classe_B_,FIDCs,brBB+,,brBB+,2015-08-17,Confirmação,Estável,
2026-09-25,GLOBAL RETAIL FIDC MULTISSETORIAL - MEZANINO CLASSE B,https://www.austin.com.br/Historico-Rating/1586/Global_Retail_FIDC_Multissetorial_-_Mezanino_Classe_B_,FIDCs,brBB+,,brBB+,2015-05-15,Confirmação,Estável,
2026-09-25,GLOBAL RETAIL FIDC MULTISSETORIAL - MEZANINO CLASSE B,https://www.austin.com.br/Historico-Rating/1586/Global_Retail_FIDC_Multissetorial_-_Mezanino_Classe_B_,FIDCs,brBB+,,brBB+,2015-02-11,Confirmação,Estável,
2026-09-25,GLOBAL RETAIL FIDC MULTISSETORIAL - MEZANINO CLASSE B,https://www.austin.com.br/Historico-Rating/1586/Global_Retail_FIDC_Multissetorial_-_Mezanino_Classe_B_,FIDCs,brBB+,,brBB+,2014-11-13,Confirmação,Estável,
2026-09-25,GLOBAL RETAIL FIDC MULTISSETORIAL - MEZANINO CLASSE B,https://www.austin.com.br/Historico-Rating/1586/Global_Retail_FIDC_Multissetorial_-_Mezanino_Classe_B_,FIDCs,brBB+,,brBB+,2014-08-15,Confirmação,Estável,
2026-09-25,GLOBAL RETAIL FIDC MULTISSETORIAL - MEZANINO CLASSE B,https://www.austin.com.br/Historico-Rating/1586/Global_Retail_FIDC_Multissetorial_-_Mezanino_Classe_B_,FIDCs,brBB+,,brBB+,2014-05-05,Confirmação,Estável,
2026-09-25,GLOBAL RETAIL FIDC MULTISSETORIAL - MEZANINO CLASSE B,https://www.austin.com.br/Historico-Rating/1586/Global_Retail_FIDC_Multissetorial_-_Mezanino_Classe_B_,FIDCs,brBB+,,brBB+,2014-02-13,Confirmação,Estável,
2026-09-25,GLOBAL RETAIL FIDC MULTISSETORIAL - MEZANINO CLASSE B,https://www.austin.com.br/Historico-Rating/1586/Global_Retail_FIDC_Multissetorial_-_Mezanino_Classe_B_,FIDCs,brBB+,,brBB+,2013-12-06,Confirmação,Estável,
2026-09-25,GLOBAL RETAIL FIDC MULTISSETORIAL - MEZANINO CLASSE B,https://www.austin.com.br/Historico-Rating/1586/Global_Retail_FIDC_Multissetorial_-_Mezanino_Classe_B_,FIDCs,brBB+,,brBB+,2013-07-11,Rating Inicial,Estável,
2026-09-25,GLOBAL SUPPLIERS FIDC MULTISSETORIAL - SUBORDINADAS JÚNIOR,https://www.austin.com.br/Historico-Rating/1882/Global_Suppliers_FIDC_Multissetorial_-_Subordinadas_Júnior_,FIDCs,brB-,,brB-,2017-05-29,Confirmação,Estável,https://www.austin.com.br/Relatorio/Rating/Global_Suppliers_FIDC_Multissetorial/7478
2026-09-25,GLOBAL SUPPLIERS FIDC MULTISSETORIAL - SUBORDINADAS JÚNIOR,https://www.austin.com.br/Historico-Rating/1882/Global_Suppliers_FIDC_Multissetorial_-_Subordinadas_Júnior_,FIDCs,brB-,,brB-,2017-02-15,Confirmação,Estável,
2026-09-25,GLOBAL SUPPLIERS FIDC MULTISSETORIAL - SUBORDINADAS JÚNIOR,https://www.austin.com.br/Historico-Rating/1882/Global_Suppliers_FIDC_Multissetorial_-_Subordinadas_Júnior_,FIDCs,brB-,,brB-,2016-11-22,Confirmação,Estável,
2026-09-25,GLOBAL SUPPLIERS FIDC MULTISSETORIAL - SUBORDINADAS JÚNIOR,https://www.austin.com.br/Historico-Rating/1882/Global_Suppliers_FIDC_Multissetorial_-_Subordinadas_Júnior_,FIDCs,brB-,,brB-,2016-08-12,Confirmação,Estável,
2026-09-25,GLOBAL SUPPLIERS FIDC MULTISSETORIAL - SUBORDINADAS JÚNIOR,https://www.austin.com.br/Historico-Rating/1882/Global_Suppliers_FIDC_Multissetorial_-_Subordinadas_Júnior_,FIDCs,brB-,,brB-,2016-07-01,Confirmação,Estável,
2026-09-25,GLOBAL SUPPLIERS FIDC MULTISSETORIAL - SUBORDINADAS JÚNIOR,https://www.austin.com.br/Historico-Rating/1882/Global_Suppliers_FIDC_Multissetorial_-_Subordinadas_Júnior_,FIDCs,brB-,,brB-,2016-03-10,Rebaixamento,Estável,
2026-09-25,GLOBAL SUPPLIERS FIDC MULTISSETORIAL - SUBORDINADAS JÚNIOR,https://www.austin.com.br/Historico-Rating/1882/Global_Suppliers_FIDC_Multissetorial_-_Subordinadas_Júnior_,FIDCs,brB,,brB,2015-11-24,Confirmação,Estável,
2026-09-25,GLOBAL SUPPLIERS FIDC MULTISSETORIAL - SUBORDINADAS JÚNIOR,https://www.austin.com.br/Historico-Rating/1882/Global_Suppliers_FIDC_Multissetorial_-_Subordinadas_Júnior_,FIDCs,brB,,brB,2015-09-17,Confirmação,Estável,
2026-09-25,GLOBAL SUPPLIERS FIDC MULTISSETORIAL - SUBORDINADAS JÚNIOR,https://www.austin.com.br/Historico-Rating/1882/Global_Suppliers_FIDC_Multissetorial_-_Subordinadas_Júnior_,FIDCs,brB,,brB,2015-07-02,Confirmação,Estável,
2026-09-25,GLOBAL SUPPLIERS FIDC MULTISSETORIAL - SUBORDINADAS JÚNIOR,https://www.austin.com.br/Historico-Rating/1882/Global_Suppliers_FIDC_Multissetorial_-_Subordinadas_Júnior_,FIDCs,brB,,brB,2015-03-06,Confirmação,Estável,
2026-09-25,GLOBAL SUPPLIERS FIDC MULTISSETORIAL - SUBORDINADAS JÚNIOR,https://www.austin.com.br/Historico-Rating/1882/Global_Suppliers_FIDC_Multissetorial_-_Subordinadas_Júnior_,FIDCs,brB,,brB,2015-02-06,Confirmação,Estável,
2026-09-25,GLOBAL SUPPLIERS FIDC MULTISSETORIAL - SUBORDINADAS JÚNIOR,https://www.austin.com.br/Historico-Rating/1882/Global_Suppliers_FIDC_Multissetorial_-_Subordinadas_Júnior_,FIDCs,brB,,brB,2014-05-26,Rating Inicial,Estável,
2026-09-25,GLOBALCASH FIDC - SENIORES 2ª SÉRIE,https://www.austin.com.br/Historico-Rating/2604/Globalcash_FIDC_-_Seniores_2ª_série,FIDCs,brA,,brA,2019-08-08,Confirmação,Estável,https://www.austin.com.br/Relatorio/Rating/Globalcash_FIDC/9126
2026-09-25,GLOBALCASH FIDC - SENIORES 2ª SÉRIE,https://www.austin.com.br/Historico-Rating/2604/Globalcash_FIDC_-_Seniores_2ª_série,FIDCs,brA,,brA,2019-05-08,Confirmação,Estável,
2026-09-25,GLOBALCASH FIDC - SENIORES 2ª SÉRIE,https://www.austin.com.br/Historico-Rating/2604/Globalcash_FIDC_-_Seniores_2ª_série,FIDCs,brA,,brA,2019-02-15,Confirmação,Estável,
2026-09-25,GLOBALCASH FIDC - SENIORES 2ª SÉRIE,https://www.austin.com.br/Historico-Rating/2604/Globalcash_FIDC_-_Seniores_2ª_série,FIDCs,brA-,,brA-,2017-09-08,Confirmação,Estável,
2026-09-25,GLOBALCASH FIDC - SENIORES 2ª SÉRIE,https://www.austin.com.br/Historico-Rating/2604/Globalcash_FIDC_-_Seniores_2ª_série,FIDCs,brA-,,brA-,2017-02-10,Rating Inicial,Estável,
2026-09-25,GLOBALCASH FIDC - SUBORDINADAS MEZANINO,https://www.austin.com.br/Historico-Rating/2672/Globalcash_FIDC_-_Subordinadas_Mezanino_,FIDCs,brB,,brB,2020-04-02,Observação Negativa,,https://www.austin.com.br/Relatorio/Rating/Globalcash_FIDC/9882
2026-09-25,GLOBALCASH FIDC - SUBORDINADAS MEZANINO,https://www.austin.com.br/Historico-Rating/2672/Globalcash_FIDC_-_Subordinadas_Mezanino_,FIDCs,brB,,brB,2019-08-08,Confirmação,Estável,
2026-09-25,GLOBALCASH FIDC - SUBORDINADAS MEZANINO,https://www.austin.com.br/Historico-Rating/2672/Globalcash_FIDC_-_Subordinadas_Mezanino_,FIDCs,brB,,brB,2019-05-08,Confirmação,Estável,
2026-09-25,GLOBALCASH FIDC - SUBORDINADAS MEZANINO,https://www.austin.com.br/Historico-Rating/2672/Globalcash_FIDC_-_Subordinadas_Mezanino_,FIDCs,brB,,brB,2019-02-15,Confirmação,Estável,
2026-09-25,GLOBALCASH FIDC - SUBORDINADAS MEZANINO,https://www.austin.com.br/Historico-Rating/2672/Globalcash_FIDC_-_Subordinadas_Mezanino_,FIDCs,brB-,,brB-,2017-05-11,Rating Inicial,Estável,
2026-09-25,GOPLAN FIDC - SUBORDINADAS MEZANINO,https://www.austin.com.br/Historico-Rating/4439/Goplan_FIDC_-_Subordinadas_Mezanino_,FIDCs,brBB,,brBB,2024-03-05,Rating Inicial,Estável,https://www.austin.com.br/Relatorio/Rating/Goplan_FIDC/10810
2026-09-25,GOAL CONSIGNADO FIDC  - ÚNICA,https://www.austin.com.br/Historico-Rating/3778/Goal_Consignado_FIDC__-_Única_,FIDCs,brB-,,brB-,2021-03-05,Rating Preliminar,,
2026-09-25,GLOBALCASH FIDC - SUBORDINADAS JÚNIOR,https://www.austin.com.br/Historico-Rating/2411/Globalcash_FIDC_-_Subordinadas_Júnior_,FIDCs,brB-,,brB-,2020-04-02,Observação Negativa,,https://www.austin.com.br/Relatorio/Rating/Globalcash_FIDC/9881
2026-09-25,GLOBALCASH FIDC - SUBORDINADAS JÚNIOR,https://www.austin.com.br/Historico-Rating/2411/Globalcash_FIDC_-_Subordinadas_Júnior_,FIDCs,brB-,,brB-,2019-08-08,Confirmação,Estável,
2026-09-25,GLOBALCASH FIDC - SUBORDINADAS JÚNIOR,https://www.austin.com.br/Historico-Rating/2411/Globalcash_FIDC_-_Subordinadas_Júnior_,FIDCs,brB-,,brB-,2019-05-08,Confirmação,Estável,
2026-09-25,GLOBALCASH FIDC - SUBORDINADAS JÚNIOR,https://www.austin.com.br/Historico-Rating/2411/Globalcash_FIDC_-_Subordinadas_Júnior_,FIDCs,brB-,,brB-,2019-02-15,Confirmação,Estável,
2026-09-25,GLOBALCASH FIDC - SUBORDINADAS JÚNIOR,https://www.austin.com.br/Historico-Rating/2411/Globalcash_FIDC_-_Subordinadas_Júnior_,FIDCs,brCCC,,brCCC,2017-09-08,Confirmação,Estável,
2026-09-25,GLOBALCASH FIDC - SUBORDINADAS JÚNIOR,https://www.austin.com.br/Historico-Rating/2411/Globalcash_FIDC_-_Subordinadas_Júnior_,FIDCs,brCCC,,brCCC,2017-01-03,Rating Inicial,Estável,
2026-09-25,GOLDEN GATE BRIDGE FIDC - SENIORES ÚNICA,https://www.austin.com.br/Historico-Rating/2779/Golden_Gate_Bridge_FIDC_-_Seniores_Única,FIDCs,brA-,,brA-,2017-09-04,Rating Preliminar,,https://www.austin.com.br/Relatorio/Rating/Golden_Gate_Bridge_FIDC/7655
2026-09-25,GLOBALCASH FIDC - SENIORES 3ª SÉRIE,https://www.austin.com.br/Historico-Rating/2928/Globalcash_FIDC_-_Seniores_3ª_série,FIDCs,brA,,brA,2019-08-08,Confirmação,Estável,https://www.austin.com.br/Relatorio/Rating/Globalcash_FIDC/9128
2026-09-25,GLOBALCASH FIDC - SENIORES 3ª SÉRIE,https://www.austin.com.br/Historico-Rating/2928/Globalcash_FIDC_-_Seniores_3ª_série,FIDCs,brA,,brA,2019-05-08,Confirmação,Estável,
2026-09-25,GLOBALCASH FIDC - SENIORES 3ª SÉRIE,https://www.austin.com.br/Historico-Rating/2928/Globalcash_FIDC_-_Seniores_3ª_série,FIDCs,brA,,brA,2019-02-15,Confirmação,Estável,
2026-09-25,GLOBALCASH FIDC - SENIORES 3ª SÉRIE,https://www.austin.com.br/Historico-Rating/2928/Globalcash_FIDC_-_Seniores_3ª_série,FIDCs,brA-,,brA-,2018-03-08,Rating Inicial,Estável,
2026-09-25,GOPLAN FIDC - SENIORES ÚNICA,https://www.austin.com.br/Historico-Rating/4438/Goplan_FIDC_-_Seniores_Única,FIDCs,brBBB,,brBBB,2024-03-05,Rating Inicial,Estável,https://www.austin.com.br/Relatorio/Rating/Goplan_FIDC/10809
2026-09-25,GREEN FIDC SOLAR GD II - A1 / A2 / A3 - SUBORDINADAS JÚNIOR,https://www.austin.com.br/Historico-Rating/3533/Green_FIDC_Solar_GD_II_-_A1___A2___A3_-_Subordinadas_Júnior_,FIDCs,brBB+,,brBB+,2022-06-24,Confirmação,Estável,
2026-09-25,GRANCRED FIDC - SUBORDINADAS,https://www.austin.com.br/Historico-Rating/1612/Grancred_FIDC_-_Subordinadas_,FIDCs,brB-,,brB-,2020-04-02,Observação Negativa,,https://www.austin.com.br/Relatorio/Rating/Grancred_FIDC/9856
2026-09-25,GRANCRED FIDC - SUBORDINADAS,https://www.austin.com.br/Historico-Rating/1612/Grancred_FIDC_-_Subordinadas_,FIDCs,brB-,,brB-,2019-11-11,Elevação,Estável,
2026-09-25,GRANCRED FIDC - SUBORDINADAS,https://www.austin.com.br/Historico-Rating/1612/Grancred_FIDC_-_Subordinadas_,FIDCs,brCCC,,brCCC,2019-07-19,Confirmação,Estável,
2026-09-25,GRANCRED FIDC - SUBORDINADAS,https://www.austin.com.br/Historico-Rating/1612/Grancred_FIDC_-_Subordinadas_,FIDCs,brCCC,,brCCC,2019-05-03,Confirmação,Estável,
2026-09-25,GRANCRED FIDC - SUBORDINADAS,https://www.austin.com.br/Historico-Rating/1612/Grancred_FIDC_-_Subordinadas_,FIDCs,brCCC,,brCCC,2019-02-04,Confirmação,Estável,
2026-09-25,GRANCRED FIDC - SUBORDINADAS,https://www.austin.com.br/Historico-Rating/1612/Grancred_FIDC_-_Subordinadas_,FIDCs,brCCC,,brCCC,2018-08-10,Confirmação,Estável,
2026-09-25,GRANCRED FIDC - SUBORDINADAS,https://www.austin.com.br/Historico-Rating/1612/Grancred_FIDC_-_Subordinadas_,FIDCs,brCCC,,brCCC,2018-05-24,Confirmação,Estável,
2026-09-25,GRANCRED FIDC - SUBORDINADAS,https://www.austin.com.br/Historico-Rating/1612/Grancred_FIDC_-_Subordinadas_,FIDCs,brCC,,brCC,2017-11-17,Confirmação,Estável,
2026-09-25,GRANCRED FIDC - SUBORDINADAS,https://www.austin.com.br/Historico-Rating/1612/Grancred_FIDC_-_Subordinadas_,FIDCs,brCC,,brCC,2017-08-18,Confirmação,Estável,
2026-09-25,GRANCRED FIDC - SUBORDINADAS,https://www.austin.com.br/Historico-Rating/1612/Grancred_FIDC_-_Subordinadas_,FIDCs,brCC,,brCC,2017-05-15,Confirmação,Estável,
2026-09-25,GRANCRED FIDC - SUBORDINADAS,https://www.austin.com.br/Historico-Rating/1612/Grancred_FIDC_-_Subordinadas_,FIDCs,brCCC,,brCCC,2016-11-16,Observação Negativa,,
2026-09-25,GRANCRED FIDC - SUBORDINADAS,https://www.austin.com.br/Historico-Rating/1612/Grancred_FIDC_-_Subordinadas_,FIDCs,brCCC,,brCCC,2016-09-14,Observação Negativa,,
2026-09-25,GRANCRED FIDC - SUBORDINADAS,https://www.austin.com.br/Historico-Rating/1612/Grancred_FIDC_-_Subordinadas_,FIDCs,brCCC,,brCCC,2016-02-15,Observação Negativa,,
2026-09-25,GRANCRED FIDC - SUBORDINADAS,https://www.austin.com.br/Historico-Rating/1612/Grancred_FIDC_-_Subordinadas_,FIDCs,brCCC,,brCCC,2015-11-12,Observação Negativa,,
2026-09-25,GRANCRED FIDC - SUBORDINADAS,https://www.austin.com.br/Historico-Rating/1612/Grancred_FIDC_-_Subordinadas_,FIDCs,brCCC,,brCCC,2015-08-17,Confirmação,Estável,
2026-09-25,GRANCRED FIDC - SUBORDINADAS,https://www.austin.com.br/Historico-Rating/1612/Grancred_FIDC_-_Subordinadas_,FIDCs,brCCC,,brCCC,2015-05-15,Confirmação,Estável,
2026-09-25,GRANCRED FIDC - SUBORDINADAS,https://www.austin.com.br/Historico-Rating/1612/Grancred_FIDC_-_Subordinadas_,FIDCs,brCCC,,brCCC,2015-02-11,Confirmação,Estável,
2026-09-25,GRANCRED FIDC - SUBORDINADAS,https://www.austin.com.br/Historico-Rating/1612/Grancred_FIDC_-_Subordinadas_,FIDCs,brCCC,,brCCC,2014-11-12,Confirmação,Estável,
2026-09-25,GRANCRED FIDC - SUBORDINADAS,https://www.austin.com.br/Historico-Rating/1612/Grancred_FIDC_-_Subordinadas_,FIDCs,brCCC,,brCCC,2014-08-15,Confirmação,Estável,
2026-09-25,GRANCRED FIDC - SUBORDINADAS,https://www.austin.com.br/Historico-Rating/1612/Grancred_FIDC_-_Subordinadas_,FIDCs,brCCC,,brCCC,2014-04-28,Confirmação,Estável,
2026-09-25,GRANCRED FIDC - SUBORDINADAS,https://www.austin.com.br/Historico-Rating/1612/Grancred_FIDC_-_Subordinadas_,FIDCs,brCCC,,brCCC,2014-02-17,Confirmação,Estável,
2026-09-25,GRANCRED FIDC - SUBORDINADAS,https://www.austin.com.br/Historico-Rating/1612/Grancred_FIDC_-_Subordinadas_,FIDCs,brCCC,,brCCC,2013-07-24,Rating Inicial,Estável,
2026-09-25,GREEN FIDC SOLAR GD II - 5ª / 6ª / 7ª / 8ª - SENIORES ÚNICA,https://www.austin.com.br/Historico-Rating/4021/Green_FIDC_Solar_GD_II_-_5ª___6ª___7ª___8ª_-_Seniores_Única,FIDCs,brAA-,,brAA-,2022-06-24,Rating Inicial,Estável,
2026-09-25,GREEN FIDC SOLAR GD II - 1ª / 2ª / 3ª / 4ª - SENIORES ÚNICA,https://www.austin.com.br/Historico-Rating/3532/Green_FIDC_Solar_GD_II_-_1ª___2ª___3ª___4ª_-_Seniores_Única,FIDCs,brAA-,,brAA-,2022-06-24,Confirmação,Estável,
2026-09-25,GREEN FIDC SOLAR GD II - A4 / A5 / A6 / A7 / A8 - SUBORDINADAS MEZANINO,https://www.austin.com.br/Historico-Rating/4022/Green_FIDC_Solar_GD_II_-_A4___A5___A6___A7___A8_-_Subordinadas_Mezanino_,FIDCs,brA-,,brA-,2022-06-24,Rating Inicial,Estável,
2026-09-25,GREEN SOLFÁCIL II FIDC - MEZANINO CLASSE B,https://www.austin.com.br/Historico-Rating/4043/Green_Solfácil_II_FIDC_-_Mezanino_Classe_B_,FIDCs,brBBB,,brBBB,2022-08-11,Confirmação,Estável,https://www.austin.com.br/Relatorio/Rating/Green_Solfácil_II_FIDC/10406
2026-09-25,GREEN SOLFÁCIL II FIDC - SUBORDINADAS MEZANINO,https://www.austin.com.br/Historico-Rating/3873/Green_Solfácil_II_FIDC_-_Subordinadas_Mezanino_,FIDCs,brBBB,,brBBB,2022-08-11,Confirmação,Estável,https://www.austin.com.br/Relatorio/Rating/Green_Solfácil_II_FIDC/10408
2026-09-25,GREEN SOLFÁCIL II FIDC - SUBORDINADAS MEZANINO,https://www.austin.com.br/Historico-Rating/3873/Green_Solfácil_II_FIDC_-_Subordinadas_Mezanino_,FIDCs,brBBB,,brBBB,2022-04-04,Rating Inicial,Estável,
2026-09-25,GREEN SOLFÁCIL II FIDC - SUBORDINADAS JÚNIOR,https://www.austin.com.br/Historico-Rating/3874/Green_Solfácil_II_FIDC_-_Subordinadas_Júnior_,FIDCs,brBB+,,brBB+,2022-08-11,Confirmação,Estável,https://www.austin.com.br/Relatorio/Rating/Green_Solfácil_II_FIDC/10409
2026-09-25,GREEN SOLFÁCIL II FIDC - SUBORDINADAS JÚNIOR,https://www.austin.com.br/Historico-Rating/3874/Green_Solfácil_II_FIDC_-_Subordinadas_Júnior_,FIDCs,brBB+,,brBB+,2022-04-04,Rating Inicial,Estável,
2026-09-25,GREEN SOLFÁCIL II FIDC - SENIORES ÚNICA,https://www.austin.com.br/Historico-Rating/3872/Green_Solfácil_II_FIDC_-_Seniores_Única,FIDCs,brA,,brA,2022-08-11,Confirmação,Estável,https://www.austin.com.br/Relatorio/Rating/Green_Solfácil_II_FIDC/10407
2026-09-25,GREEN SOLFÁCIL II FIDC - SENIORES ÚNICA,https://www.austin.com.br/Historico-Rating/3872/Green_Solfácil_II_FIDC_-_Seniores_Única,FIDCs,brA,,brA,2022-04-04,Rating Inicial,Estável,
2026-09-25,GUARDIAN MULTI CONSIGNADO I FIDC - SENIORES ÚNICA,https://www.austin.com.br/Historico-Rating/4787/Guardian_Multi_Consignado_I_FIDC_-_Seniores_Única,FIDCs,brAA-,,brAA-,2024-08-23,Confirmação,Estável,https://www.austin.com.br/Relatorio/Rating/Guardian_Multi_Consignado_I_FIDC/11195
2026-09-25,GREEN SOLFÁCIL II FIDC - SENIORES 2ª SÉRIE,https://www.austin.com.br/Historico-Rating/4042/Green_Solfácil_II_FIDC_-_Seniores_2ª_série,FIDCs,brA,,brA,2022-08-11,Confirmação,Estável,https://www.austin.com.br/Relatorio/Rating/Green_Solfácil_II_FIDC/10405
2026-09-25,GUARDIAN MULTI CONSIGNADO I FIDC - SUBORDINADAS MEZANINO,https://www.austin.com.br/Historico-Rating/4788/Guardian_Multi_Consignado_I_FIDC_-_Subordinadas_Mezanino_,FIDCs,brA-,,brA-,2024-08-23,Confirmação,Estável,https://www.austin.com.br/Relatorio/Rating/Guardian_Multi_Consignado_I_FIDC/11196
2026-09-25,GUARDIAN MULTI CONSIGNADO II FIDC - SUBORDINADAS MEZANINO,https://www.austin.com.br/Historico-Rating/4465/Guardian_Multi_Consignado_II_FIDC_-_Subordinadas_Mezanino_,FIDCs,brA-,,brA-,2024-01-18,Rating Inicial,Estável,
2026-09-25,GUARDIAN MULTI CONSIGNADO I FIDC - SUBORDINADAS JÚNIOR,https://www.austin.com.br/Historico-Rating/4789/Guardian_Multi_Consignado_I_FIDC_-_Subordinadas_Júnior_,FIDCs,brBB,,brBB,2024-08-23,Confirmação,Estável,https://www.austin.com.br/Relatorio/Rating/Guardian_Multi_Consignado_I_FIDC/11197
2026-09-25,GUEPARDO INVESTIMENTOS LTDA.,https://www.austin.com.br/Historico-Rating/4474/Guepardo_Investimentos_Ltda,Gestão,QG2,,QG2,2023-11-13,Elevação,Estável,
2026-09-25,HABITASEC - RISCO JEREISSATI CENTROS COMERCIAIS S/A (101ª SÉRIE - 1ª EMISSÃO),https://www.austin.com.br/Historico-Rating/2905/Habitasec_-_Risco_Jereissati_Centros_Comerciais_S_A_(101ª_Série_-_1ª_Emissão),CRIs,brA+,,brA+,2018-03-16,Rating Inicial,Estável,https://www.austin.com.br/Relatorio/Rating/Habitasec_-_Risco_Jereissati_Centros_Comerciais_S_A_(101ª_Série_-_1ª_Emissão)/7931
2026-09-25,GUARDIAN MULTI CONSIGNADO II FIDC - SENIORES ÚNICA,https://www.austin.com.br/Historico-Rating/4464/Guardian_Multi_Consignado_II_FIDC_-_Seniores_Única,FIDCs,brAA-,,brAA-,2024-01-18,Rating Inicial,Estável,
2026-09-25,HABITASEC - RISCO BRC EMPREENDIMENTOS (75ª SÉRIE - 1ª EMISSÃO),https://www.austin.com.br/Historico-Rating/2572/Habitasec_-_Risco_BRC_Empreendimentos_(75ª_Série_-_1ª_Emissão),CRIs,brB,,brB,2017-12-29,Rebaixamento,,
2026-09-25,HABITASEC - RISCO BRC EMPREENDIMENTOS (75ª SÉRIE - 1ª EMISSÃO),https://www.austin.com.br/Historico-Rating/2572/Habitasec_-_Risco_BRC_Empreendimentos_(75ª_Série_-_1ª_Emissão),CRIs,brA-,,brA-,2016-12-02,Rating Inicial,Estável,https://www.austin.com.br/Relatorio/Rating/Habitasec_-_Risco_BRC_Empreendimentos_(75ª_Série_-_1ª_Emissão)/7322
2026-09-25,GWM FIDC MULTISSETORIAL - MEZANINO CLASSE A,https://www.austin.com.br/Historico-Rating/1787/GWM_FIDC_Multissetorial_-_Mezanino_Classe_A_,FIDCs,brCC,,brCC,2020-04-02,Observação Negativa,Estável,https://www.austin.com.br/Relatorio/Rating/GWM_FIDC_Multissetorial/9857
2026-09-25,GWM FIDC MULTISSETORIAL - MEZANINO CLASSE A,https://www.austin.com.br/Historico-Rating/1787/GWM_FIDC_Multissetorial_-_Mezanino_Classe_A_,FIDCs,brCC,,brCC,2019-11-05,Confirmação,Estável,
2026-09-25,GWM FIDC MULTISSETORIAL - MEZANINO CLASSE A,https://www.austin.com.br/Historico-Rating/1787/GWM_FIDC_Multissetorial_-_Mezanino_Classe_A_,FIDCs,brCC,,brCC,2019-07-23,Elevação,Estável,
2026-09-25,GWM FIDC MULTISSETORIAL - MEZANINO CLASSE A,https://www.austin.com.br/Historico-Rating/1787/GWM_FIDC_Multissetorial_-_Mezanino_Classe_A_,FIDCs,brC,,brC,2019-05-03,Confirmação,Estável,
2026-09-25,GWM FIDC MULTISSETORIAL - MEZANINO CLASSE A,https://www.austin.com.br/Historico-Rating/1787/GWM_FIDC_Multissetorial_-_Mezanino_Classe_A_,FIDCs,brC,,brC,2019-01-23,Confirmação,Estável,
2026-09-25,GWM FIDC MULTISSETORIAL - MEZANINO CLASSE A,https://www.austin.com.br/Historico-Rating/1787/GWM_FIDC_Multissetorial_-_Mezanino_Classe_A_,FIDCs,brC,,brC,2018-07-25,Confirmação,Estável,
2026-09-25,GWM FIDC MULTISSETORIAL - MEZANINO CLASSE A,https://www.austin.com.br/Historico-Rating/1787/GWM_FIDC_Multissetorial_-_Mezanino_Classe_A_,FIDCs,brC,,brC,2018-05-23,Confirmação,Estável,
2026-09-25,GWM FIDC MULTISSETORIAL - MEZANINO CLASSE A,https://www.austin.com.br/Historico-Rating/1787/GWM_FIDC_Multissetorial_-_Mezanino_Classe_A_,FIDCs,brC,,brC,2018-02-20,Confirmação,Estável,
2026-09-25,GWM FIDC MULTISSETORIAL - MEZANINO CLASSE A,https://www.austin.com.br/Historico-Rating/1787/GWM_FIDC_Multissetorial_-_Mezanino_Classe_A_,FIDCs,brC,,brC,2017-12-19,Confirmação,Estável,
2026-09-25,GWM FIDC MULTISSETORIAL - MEZANINO CLASSE A,https://www.austin.com.br/Historico-Rating/1787/GWM_FIDC_Multissetorial_-_Mezanino_Classe_A_,FIDCs,brC,,brC,2017-08-25,Confirmação,Estável,
2026-09-25,GWM FIDC MULTISSETORIAL - MEZANINO CLASSE A,https://www.austin.com.br/Historico-Rating/1787/GWM_FIDC_Multissetorial_-_Mezanino_Classe_A_,FIDCs,brC,,brC,2017-02-16,Confirmação,Estável,
2026-09-25,GWM FIDC MULTISSETORIAL - MEZANINO CLASSE A,https://www.austin.com.br/Historico-Rating/1787/GWM_FIDC_Multissetorial_-_Mezanino_Classe_A_,FIDCs,brC,,brC,2016-11-11,Confirmação,Estável,
2026-09-25,GWM FIDC MULTISSETORIAL - MEZANINO CLASSE A,https://www.austin.com.br/Historico-Rating/1787/GWM_FIDC_Multissetorial_-_Mezanino_Classe_A_,FIDCs,brC,,brC,2016-08-15,Rebaixamento,Estável,
2026-09-25,GWM FIDC MULTISSETORIAL - MEZANINO CLASSE A,https://www.austin.com.br/Historico-Rating/1787/GWM_FIDC_Multissetorial_-_Mezanino_Classe_A_,FIDCs,brCC,,brCC,2016-05-20,Observação Negativa,,
2026-09-25,GWM FIDC MULTISSETORIAL - MEZANINO CLASSE A,https://www.austin.com.br/Historico-Rating/1787/GWM_FIDC_Multissetorial_-_Mezanino_Classe_A_,FIDCs,brCC,,brCC,2016-02-16,Observação Negativa,,
2026-09-25,GWM FIDC MULTISSETORIAL - MEZANINO CLASSE A,https://www.austin.com.br/Historico-Rating/1787/GWM_FIDC_Multissetorial_-_Mezanino_Classe_A_,FIDCs,brCC,,brCC,2015-11-18,Observação Negativa,,
2026-09-25,GWM FIDC MULTISSETORIAL - MEZANINO CLASSE A,https://www.austin.com.br/Historico-Rating/1787/GWM_FIDC_Multissetorial_-_Mezanino_Classe_A_,FIDCs,brCC,,brCC,2015-08-14,Observação Negativa,,
2026-09-25,GWM FIDC MULTISSETORIAL - MEZANINO CLASSE A,https://www.austin.com.br/Historico-Rating/1787/GWM_FIDC_Multissetorial_-_Mezanino_Classe_A_,FIDCs,brCC,,brCC,2015-05-15,Observação Negativa,,
2026-09-25,GWM FIDC MULTISSETORIAL - MEZANINO CLASSE A,https://www.austin.com.br/Historico-Rating/1787/GWM_FIDC_Multissetorial_-_Mezanino_Classe_A_,FIDCs,brCC,,brCC,2015-02-12,Observação Negativa,,
2026-09-25,GWM FIDC MULTISSETORIAL - MEZANINO CLASSE A,https://www.austin.com.br/Historico-Rating/1787/GWM_FIDC_Multissetorial_-_Mezanino_Classe_A_,FIDCs,brCC,,brCC,2014-11-14,Observação Negativa,,
2026-09-25,GWM FIDC MULTISSETORIAL - MEZANINO CLASSE A,https://www.austin.com.br/Historico-Rating/1787/GWM_FIDC_Multissetorial_-_Mezanino_Classe_A_,FIDCs,brCC,,brCC,2014-09-10,Confirmação,Estável,
2026-09-25,GWM FIDC MULTISSETORIAL - MEZANINO CLASSE A,https://www.austin.com.br/Historico-Rating/1787/GWM_FIDC_Multissetorial_-_Mezanino_Classe_A_,FIDCs,brCC,,brCC,2014-01-07,Rating Inicial,Estável,
2026-09-25,HABITASEC SECURITIZADORA S/A - RISCO SPE INFINITA LIFE.CO  (SÉRIE A DEFINIR),https://www.austin.com.br/Historico-Rating/3726/Habitasec_Securitizadora_S_A_-_Risco_SPE_Infinita_LifeCo__(Série_a_definir),CRIs,brBB,,brBB,2021-02-22,Rating Preliminar,,
2026-09-25,HAWK FIDC NP - 3ª / 5ª SÉRIES - SENIORES ÚNICA,https://www.austin.com.br/Historico-Rating/4059/Hawk_FIDC_NP_-_3ª___5ª_Séries_-_Seniores_Única,FIDCs,brB-,,brB-,2024-09-03,Confirmação,Estável,https://www.austin.com.br/Relatorio/Rating/Hawk_FIDC_NP_-_3ª___5ª_Séries/11179
2026-09-25,HAWK FIDC NP - 3ª / 5ª SÉRIES - SENIORES ÚNICA,https://www.austin.com.br/Historico-Rating/4059/Hawk_FIDC_NP_-_3ª___5ª_Séries_-_Seniores_Única,FIDCs,brB-,,brB-,2024-07-01,Elevação,Estável,
2026-09-25,HAWK FIDC NP - 3ª / 5ª SÉRIES - SENIORES ÚNICA,https://www.austin.com.br/Historico-Rating/4059/Hawk_FIDC_NP_-_3ª___5ª_Séries_-_Seniores_Única,FIDCs,brCCC,,brCCC,2022-06-03,Rating Inicial,Estável,
2026-09-25,HAWK FIDC NP - SUBORDINADAS JÚNIOR,https://www.austin.com.br/Historico-Rating/4060/Hawk_FIDC_NP_-_Subordinadas_Júnior_,FIDCs,brCCC,,brCCC,2024-09-03,Confirmação,Estável,https://www.austin.com.br/Relatorio/Rating/Hawk_FIDC_NP/11180
2026-09-25,HAWK FIDC NP - SUBORDINADAS JÚNIOR,https://www.austin.com.br/Historico-Rating/4060/Hawk_FIDC_NP_-_Subordinadas_Júnior_,FIDCs,brCCC,,brCCC,2024-07-01,Elevação,Estável,
2026-09-25,HAWK FIDC NP - SUBORDINADAS JÚNIOR,https://www.austin.com.br/Historico-Rating/4060/Hawk_FIDC_NP_-_Subordinadas_Júnior_,FIDCs,brCC,,brCC,2022-06-03,Rating Inicial,Estável,
2026-09-25,HAZ FIC FIDC - ÚNICA,https://www.austin.com.br/Historico-Rating/3861/Haz_FIC_FIDC_-_Única_,FIDCs,brB,,brB,2021-10-13,Rating Inicial,Estável,https://www.austin.com.br/Relatorio/Rating/Haz_FIC_FIDC/10245
2026-09-25,HEDGE CRÉDITO AGRO FIAGRO DC - SENIORES 4ª SÉRIE,https://www.austin.com.br/Historico-Rating/4776/Hedge_Crédito_Agro_FIAGRO_DC_-_Seniores_4ª_série,FIDCs,brA+,,brA+,2024-09-02,Confirmação,Estável,https://www.austin.com.br/Relatorio/Rating/Hedge_Crédito_Agro_FIAGRO_DC/11183
2026-09-25,HEDGE CRÉDITO AGRO FIAGRO DC - SENIORES 3ª SÉRIE,https://www.austin.com.br/Historico-Rating/4775/Hedge_Crédito_Agro_FIAGRO_DC_-_Seniores_3ª_série,FIDCs,brA-,,brA-,2024-09-02,Confirmação,Estável,https://www.austin.com.br/Relatorio/Rating/Hedge_Crédito_Agro_FIAGRO_DC/11182
2026-09-25,HEDGE CRÉDITO AGRO FIAGRO DC - SENIORES 1ª SÉRIE,https://www.austin.com.br/Historico-Rating/4774/Hedge_Crédito_Agro_FIAGRO_DC_-_Seniores_1ª_série,FIDCs,brA+,,brA+,2024-09-02,Confirmação,Estável,https://www.austin.com.br/Relatorio/Rating/Hedge_Crédito_Agro_FIAGRO_DC/11181
2026-09-25,HDLG FIDC - SENIORES 1ª SÉRIE,https://www.austin.com.br/Historico-Rating/2636/HDLG_FIDC_-_Seniores_1ª_série,FIDCs,brA-,,brA-,2019-11-11,Confirmação,Estável,https://www.austin.com.br/Relatorio/Rating/HDLG_FIDC/9560
2026-09-25,HDLG FIDC - SENIORES 1ª SÉRIE,https://www.austin.com.br/Historico-Rating/2636/HDLG_FIDC_-_Seniores_1ª_série,FIDCs,brA-,,brA-,2019-08-02,Confirmação,Estável,
2026-09-25,HDLG FIDC - SENIORES 1ª SÉRIE,https://www.austin.com.br/Historico-Rating/2636/HDLG_FIDC_-_Seniores_1ª_série,FIDCs,brA-,,brA-,2019-05-13,Confirmação,Estável,
2026-09-25,HDLG FIDC - SENIORES 1ª SÉRIE,https://www.austin.com.br/Historico-Rating/2636/HDLG_FIDC_-_Seniores_1ª_série,FIDCs,brA-,,brA-,2019-02-06,Confirmação,Estável,
2026-09-25,HDLG FIDC - SENIORES 1ª SÉRIE,https://www.austin.com.br/Historico-Rating/2636/HDLG_FIDC_-_Seniores_1ª_série,FIDCs,brA-,,brA-,2018-08-16,Confirmação,Estável,
2026-09-25,HDLG FIDC - SENIORES 1ª SÉRIE,https://www.austin.com.br/Historico-Rating/2636/HDLG_FIDC_-_Seniores_1ª_série,FIDCs,brA-,,brA-,2018-04-09,Rating Inicial,Estável,
2026-09-25,HDLG FIDC - SENIORES 1ª SÉRIE,https://www.austin.com.br/Historico-Rating/2636/HDLG_FIDC_-_Seniores_1ª_série,FIDCs,brA-,,brA-,2017-06-18,Rating Retirado,,
2026-09-25,HDLG FIDC - SENIORES 1ª SÉRIE,https://www.austin.com.br/Historico-Rating/2636/HDLG_FIDC_-_Seniores_1ª_série,FIDCs,brA-,,brA-,2017-03-17,Rating Inicial,Estável,
2026-09-25,HÉRCULES FIDC - SUBORDINADAS JÚNIOR,https://www.austin.com.br/Historico-Rating/3174/Hércules_FIDC_-_Subordinadas_Júnior_,FIDCs,brCCC,,brCCC,2020-04-02,Observação Negativa,,https://www.austin.com.br/Relatorio/Rating/Hércules_FIDC/9858
2026-09-25,HÉRCULES FIDC - SUBORDINADAS JÚNIOR,https://www.austin.com.br/Historico-Rating/3174/Hércules_FIDC_-_Subordinadas_Júnior_,FIDCs,brCCC,,brCCC,2019-11-12,Confirmação,Estável,
2026-09-25,HÉRCULES FIDC - SUBORDINADAS JÚNIOR,https://www.austin.com.br/Historico-Rating/3174/Hércules_FIDC_-_Subordinadas_Júnior_,FIDCs,brCCC,,brCCC,2019-09-15,Confirmação,Estável,
2026-09-25,HÉRCULES FIDC - SUBORDINADAS JÚNIOR,https://www.austin.com.br/Historico-Rating/3174/Hércules_FIDC_-_Subordinadas_Júnior_,FIDCs,brCCC,,brCCC,2019-04-08,Rating Inicial,Estável,
2026-09-25,HIGH YIELD DO YALEEH FIDC - SENIORES 4ª SÉRIE,https://www.austin.com.br/Historico-Rating/4431/High_Yield_do_Yaleeh_FIDC_-_Seniores_4ª_série,FIDCs,brA-,,brA-,2024-03-06,Rating Inicial,Estável,https://www.austin.com.br/Relatorio/Rating/High_Yield_do_Yaleeh_FIDC/10802
2026-09-25,HIGH YIELD DO YALEEH FIDC - SUBORDINADAS PREFERENCIAIS,https://www.austin.com.br/Historico-Rating/4432/High_Yield_do_Yaleeh_FIDC_-_Subordinadas_Preferenciais_,FIDCs,brBBB+,,brBBB+,2024-03-06,Rating Inicial,Estável,https://www.austin.com.br/Relatorio/Rating/High_Yield_do_Yaleeh_FIDC/10803
2026-09-25,HIGH YIELD DO YALEEH FIDC - SUBORDINADAS PREFERENCIAIS,https://www.austin.com.br/Historico-Rating/4433/High_Yield_do_Yaleeh_FIDC_-_Subordinadas_Preferenciais_,FIDCs,brBBB-,,brBBB-,2024-03-06,Rating Inicial,Estável,https://www.austin.com.br/Relatorio/Rating/High_Yield_do_Yaleeh_FIDC/10804
2026-09-25,HIGH YIELD DO YALEEH FIDC - SUBORDINADAS MEZANINO,https://www.austin.com.br/Historico-Rating/4434/High_Yield_do_Yaleeh_FIDC_-_Subordinadas_Mezanino_,FIDCs,brBB,,brBB,2024-03-06,Rating Inicial,Estável,https://www.austin.com.br/Relatorio/Rating/High_Yield_do_Yaleeh_FIDC/10805
2026-09-25,HIGH YIELD II DO FIDC CAP - SUBORDINADAS MEZANINO,https://www.austin.com.br/Historico-Rating/4430/High_Yield_II_do_FIDC_Cap_-_Subordinadas_Mezanino_,FIDCs,brBB+,,brBB+,2024-03-06,Rating Inicial,Estável,https://www.austin.com.br/Relatorio/Rating/High_Yield_II_do_FIDC_Cap/10801
2026-09-25,HIGH YIELD II DO FIDC CAP - SUBORDINADAS PREFERENCIAIS B,https://www.austin.com.br/Historico-Rating/4429/High_Yield_II_do_FIDC_Cap_-_Subordinadas_Preferenciais_B_,FIDCs,brBBB+,,brBBB+,2024-03-06,Rating Inicial,Estável,https://www.austin.com.br/Relatorio/Rating/High_Yield_II_do_FIDC_Cap/10800
2026-09-25,HIGH YIELD II DO FIDC CAP - SENIORES 2ª SÉRIE,https://www.austin.com.br/Historico-Rating/4428/High_Yield_II_do_FIDC_Cap_-_Seniores_2ª_série,FIDCs,brA+,,brA+,2024-03-06,Rating Inicial,Estável,https://www.austin.com.br/Relatorio/Rating/High_Yield_II_do_FIDC_Cap/10799
2026-09-25,HOD FIC FIDC - SENIORES 1ª SÉRIE,https://www.austin.com.br/Historico-Rating/3271/HOD_FIC_FIDC_-_Seniores_1ª_série,FIDCs,brBBB-,,brBBB-,2020-04-02,Observação Negativa,,https://www.austin.com.br/Relatorio/Rating/HOD_FIC_FIDC/9883
2026-09-25,HOD FIC FIDC - SENIORES 1ª SÉRIE,https://www.austin.com.br/Historico-Rating/3271/HOD_FIC_FIDC_-_Seniores_1ª_série,FIDCs,brBBB-,,brBBB-,2020-02-19,Confirmação,Estável,
2026-09-25,HOD FIC FIDC - SENIORES 1ª SÉRIE,https://www.austin.com.br/Historico-Rating/3271/HOD_FIC_FIDC_-_Seniores_1ª_série,FIDCs,brBBB-,,brBBB-,2019-11-27,Confirmação,Estável,
2026-09-25,HOD FIC FIDC - SENIORES 1ª SÉRIE,https://www.austin.com.br/Historico-Rating/3271/HOD_FIC_FIDC_-_Seniores_1ª_série,FIDCs,brBBB-,,brBBB-,2019-07-29,Rating Inicial,Estável,
2026-09-25,HOD FIC FIDC - SUBORDINADAS MEZANINO I,https://www.austin.com.br/Historico-Rating/3272/HOD_FIC_FIDC_-_Subordinadas_Mezanino_I_,FIDCs,brB+,,brB+,2020-04-02,Observação Negativa,,https://www.austin.com.br/Relatorio/Rating/HOD_FIC_FIDC/9884
2026-09-25,HOD FIC FIDC - SUBORDINADAS MEZANINO I,https://www.austin.com.br/Historico-Rating/3272/HOD_FIC_FIDC_-_Subordinadas_Mezanino_I_,FIDCs,brB+,,brB+,2020-02-19,Confirmação,Estável,
2026-09-25,HOD FIC FIDC - SUBORDINADAS MEZANINO I,https://www.austin.com.br/Historico-Rating/3272/HOD_FIC_FIDC_-_Subordinadas_Mezanino_I_,FIDCs,brB+,,brB+,2019-11-27,Confirmação,Estável,
2026-09-25,HOD FIC FIDC - SUBORDINADAS MEZANINO I,https://www.austin.com.br/Historico-Rating/3272/HOD_FIC_FIDC_-_Subordinadas_Mezanino_I_,FIDCs,brB+,,brB+,2019-07-29,Rating Inicial,Estável,
2026-09-25,HIX INVESTIMENTOS,https://www.austin.com.br/Historico-Rating/2856/HIX_Investimentos,Gestão,QG3+,,QG3+,2023-11-21,Confirmação,Estável,
2026-09-25,HIX INVESTIMENTOS,https://www.austin.com.br/Historico-Rating/2856/HIX_Investimentos,Gestão,QG3+,,QG3+,2021-08-23,Confirmação,Estável,
2026-09-25,HIX INVESTIMENTOS,https://www.austin.com.br/Historico-Rating/2856/HIX_Investimentos,Gestão,QG3+,,QG3+,2018-01-03,Rating Inicial,Estável,https://www.austin.com.br/Relatorio/Rating/HIX_Investimentos/7848
2026-09-25,IB SIGMA FIDC - SUBORDINADAS JÚNIOR,https://www.austin.com.br/Historico-Rating/1950/IB_Sigma_FIDC_-_Subordinadas_Júnior_,FIDCs,brB,,brB,2020-04-02,Observação Negativa,,https://www.austin.com.br/Relatorio/Rating/IB_Sigma_FIDC/9859
2026-09-25,IB SIGMA FIDC - SUBORDINADAS JÚNIOR,https://www.austin.com.br/Historico-Rating/1950/IB_Sigma_FIDC_-_Subordinadas_Júnior_,FIDCs,brB,,brB,2019-11-04,Confirmação,Estável,
2026-09-25,IB SIGMA FIDC - SUBORDINADAS JÚNIOR,https://www.austin.com.br/Historico-Rating/1950/IB_Sigma_FIDC_-_Subordinadas_Júnior_,FIDCs,brB,,brB,2019-07-23,Confirmação,Estável,
2026-09-25,IB SIGMA FIDC - SUBORDINADAS JÚNIOR,https://www.austin.com.br/Historico-Rating/1950/IB_Sigma_FIDC_-_Subordinadas_Júnior_,FIDCs,brB,,brB,2019-05-03,Confirmação,Estável,
2026-09-25,IB SIGMA FIDC - SUBORDINADAS JÚNIOR,https://www.austin.com.br/Historico-Rating/1950/IB_Sigma_FIDC_-_Subordinadas_Júnior_,FIDCs,brB,,brB,2019-01-23,Elevação,Estável,
2026-09-25,IB SIGMA FIDC - SUBORDINADAS JÚNIOR,https://www.austin.com.br/Historico-Rating/1950/IB_Sigma_FIDC_-_Subordinadas_Júnior_,FIDCs,brB-,,brB-,2018-08-01,Confirmação,Estável,
2026-09-25,IB SIGMA FIDC - SUBORDINADAS JÚNIOR,https://www.austin.com.br/Historico-Rating/1950/IB_Sigma_FIDC_-_Subordinadas_Júnior_,FIDCs,brB-,,brB-,2018-05-23,Confirmação,Estável,
2026-09-25,IB SIGMA FIDC - SUBORDINADAS JÚNIOR,https://www.austin.com.br/Historico-Rating/1950/IB_Sigma_FIDC_-_Subordinadas_Júnior_,FIDCs,brB-,,brB-,2018-02-20,Elevação,Estável,
2026-09-25,IB SIGMA FIDC - SUBORDINADAS JÚNIOR,https://www.austin.com.br/Historico-Rating/1950/IB_Sigma_FIDC_-_Subordinadas_Júnior_,FIDCs,brCCC,,brCCC,2017-12-19,Confirmação,Estável,
2026-09-25,IB SIGMA FIDC - SUBORDINADAS JÚNIOR,https://www.austin.com.br/Historico-Rating/1950/IB_Sigma_FIDC_-_Subordinadas_Júnior_,FIDCs,brCCC,,brCCC,2017-08-18,Confirmação,Estável,
2026-09-25,IB SIGMA FIDC - SUBORDINADAS JÚNIOR,https://www.austin.com.br/Historico-Rating/1950/IB_Sigma_FIDC_-_Subordinadas_Júnior_,FIDCs,brCCC,,brCCC,2017-05-16,Confirmação,Estável,
2026-09-25,IB SIGMA FIDC - SUBORDINADAS JÚNIOR,https://www.austin.com.br/Historico-Rating/1950/IB_Sigma_FIDC_-_Subordinadas_Júnior_,FIDCs,brCCC,,brCCC,2017-02-15,Confirmação,Estável,
2026-09-25,IB SIGMA FIDC - SUBORDINADAS JÚNIOR,https://www.austin.com.br/Historico-Rating/1950/IB_Sigma_FIDC_-_Subordinadas_Júnior_,FIDCs,brCCC,,brCCC,2016-11-18,Confirmação,Estável,
2026-09-25,IB SIGMA FIDC - SUBORDINADAS JÚNIOR,https://www.austin.com.br/Historico-Rating/1950/IB_Sigma_FIDC_-_Subordinadas_Júnior_,FIDCs,brCCC,,brCCC,2016-05-20,Confirmação,Estável,
2026-09-25,IB SIGMA FIDC - SUBORDINADAS JÚNIOR,https://www.austin.com.br/Historico-Rating/1950/IB_Sigma_FIDC_-_Subordinadas_Júnior_,FIDCs,brCCC,,brCCC,2016-02-19,Elevação,Estável,
2026-09-25,IB SIGMA FIDC - SUBORDINADAS JÚNIOR,https://www.austin.com.br/Historico-Rating/1950/IB_Sigma_FIDC_-_Subordinadas_Júnior_,FIDCs,brCC,,brCC,2015-11-18,Confirmação,Estável,
2026-09-25,IB SIGMA FIDC - SUBORDINADAS JÚNIOR,https://www.austin.com.br/Historico-Rating/1950/IB_Sigma_FIDC_-_Subordinadas_Júnior_,FIDCs,brCC,,brCC,2015-08-17,Confirmação,Estável,
2026-09-25,IB SIGMA FIDC - SUBORDINADAS JÚNIOR,https://www.austin.com.br/Historico-Rating/1950/IB_Sigma_FIDC_-_Subordinadas_Júnior_,FIDCs,brCC,,brCC,2014-07-29,Rating Inicial,Estável,
2026-09-25,IB SIGMA FIDC - SUBORDINADAS JÚNIOR,https://www.austin.com.br/Historico-Rating/1950/IB_Sigma_FIDC_-_Subordinadas_Júnior_,FIDCs,brCC,,brCC,2014-07-29,Rating Inicial,Estável,
2026-09-25,IC PRECATÓRIOS ESTADUAIS FIDC NP - ÚNICA,https://www.austin.com.br/Historico-Rating/3948/IC_Precatórios_Estaduais_FIDC_NP_-_Única_,FIDCs,brBBB+,,brBBB+,2022-01-05,Rating Inicial,Estável,https://www.austin.com.br/Relatorio/Rating/IC_Precatórios_Estaduais_FIDC_NP/10321
2026-09-25,ILLUMINATI FIDC - ÚNICA,https://www.austin.com.br/Historico-Rating/2666/Illuminati_FIDC_-_Única_,FIDCs,brA-,,brA-,2017-04-18,Rating Preliminar,,https://www.austin.com.br/Relatorio/Rating/Illuminati_FIDC/7342
2026-09-25,INFINITYCRED FIDC - SUBORDINADAS,https://www.austin.com.br/Historico-Rating/2297/Infinitycred_FIDC_-_Subordinadas_,FIDCs,brD,,brD,2016-08-15,Rebaixamento,,https://www.austin.com.br/Relatorio/Rating/Infinitycred_FIDC/6900
2026-09-25,INFINITYCRED FIDC - SUBORDINADAS,https://www.austin.com.br/Historico-Rating/2297/Infinitycred_FIDC_-_Subordinadas_,FIDCs,brCCC,,brCCC,2015-09-15,Rating Inicial,Estável,
2026-09-25,INFINITY SUL FIDC - SENIORES 1ª SÉRIE,https://www.austin.com.br/Historico-Rating/2001/Infinity_Sul_FIDC_-_Seniores_1ª_série,FIDCs,brBB-,,brBB-,2018-08-14,Confirmação,Estável,https://www.austin.com.br/Relatorio/Rating/Infinity_Sul_FIDC/8336
2026-09-25,INFINITY SUL FIDC - SENIORES 1ª SÉRIE,https://www.austin.com.br/Historico-Rating/2001/Infinity_Sul_FIDC_-_Seniores_1ª_série,FIDCs,brBB-,,brBB-,2018-06-21,Confirmação,Estável,
2026-09-25,INFINITY SUL FIDC - SENIORES 1ª SÉRIE,https://www.austin.com.br/Historico-Rating/2001/Infinity_Sul_FIDC_-_Seniores_1ª_série,FIDCs,brBB,,brBB,2017-05-18,Observação Negativa,,
2026-09-25,INFINITY SUL FIDC - SENIORES 1ª SÉRIE,https://www.austin.com.br/Historico-Rating/2001/Infinity_Sul_FIDC_-_Seniores_1ª_série,FIDCs,brBB,,brBB,2017-02-17,Observação Negativa,,
2026-09-25,INFINITY SUL FIDC - SENIORES 1ª SÉRIE,https://www.austin.com.br/Historico-Rating/2001/Infinity_Sul_FIDC_-_Seniores_1ª_série,FIDCs,brBB,,brBB,2016-11-30,Rebaixamento,,
2026-09-25,INFINITY SUL FIDC - SENIORES 1ª SÉRIE,https://www.austin.com.br/Historico-Rating/2001/Infinity_Sul_FIDC_-_Seniores_1ª_série,FIDCs,brA,,brA,2016-08-12,Rebaixamento,Negativa,
2026-09-25,INFINITY SUL FIDC - SENIORES 1ª SÉRIE,https://www.austin.com.br/Historico-Rating/2001/Infinity_Sul_FIDC_-_Seniores_1ª_série,FIDCs,brAA-,,brAA-,2016-05-30,Observação Negativa,,
2026-09-25,INFINITY SUL FIDC - SENIORES 1ª SÉRIE,https://www.austin.com.br/Historico-Rating/2001/Infinity_Sul_FIDC_-_Seniores_1ª_série,FIDCs,brAA-,,brAA-,2016-03-11,Observação Negativa,,
2026-09-25,INFINITY SUL FIDC - SENIORES 1ª SÉRIE,https://www.austin.com.br/Historico-Rating/2001/Infinity_Sul_FIDC_-_Seniores_1ª_série,FIDCs,brAA-,,brAA-,2015-11-30,Observação Negativa,,
2026-09-25,INFINITY SUL FIDC - SENIORES 1ª SÉRIE,https://www.austin.com.br/Historico-Rating/2001/Infinity_Sul_FIDC_-_Seniores_1ª_série,FIDCs,brAA-,,brAA-,2015-07-28,Rating Inicial,Estável,
2026-09-25,INFINITY SUL FIDC - SUBORDINADAS JÚNIOR,https://www.austin.com.br/Historico-Rating/2002/Infinity_Sul_FIDC_-_Subordinadas_Júnior_,FIDCs,brCC,,brCC,2020-04-02,Observação Negativa,,https://www.austin.com.br/Relatorio/Rating/Infinity_Sul_FIDC/9860
2026-09-25,INFINITY SUL FIDC - SUBORDINADAS JÚNIOR,https://www.austin.com.br/Historico-Rating/2002/Infinity_Sul_FIDC_-_Subordinadas_Júnior_,FIDCs,brCC,,brCC,2019-11-11,Confirmação,Estável,
2026-09-25,INFINITY SUL FIDC - SUBORDINADAS JÚNIOR,https://www.austin.com.br/Historico-Rating/2002/Infinity_Sul_FIDC_-_Subordinadas_Júnior_,FIDCs,brCC,,brCC,2019-08-07,Confirmação,Estável,
2026-09-25,INFINITY SUL FIDC - SUBORDINADAS JÚNIOR,https://www.austin.com.br/Historico-Rating/2002/Infinity_Sul_FIDC_-_Subordinadas_Júnior_,FIDCs,brCC,,brCC,2019-05-08,Confirmação,Estável,
2026-09-25,INFINITY SUL FIDC - SUBORDINADAS JÚNIOR,https://www.austin.com.br/Historico-Rating/2002/Infinity_Sul_FIDC_-_Subordinadas_Júnior_,FIDCs,brCC,,brCC,2019-02-14,Confirmação,Estável,
2026-09-25,INFINITY SUL FIDC - SUBORDINADAS JÚNIOR,https://www.austin.com.br/Historico-Rating/2002/Infinity_Sul_FIDC_-_Subordinadas_Júnior_,FIDCs,brCC,,brCC,2018-08-14,Confirmação,Estável,
2026-09-25,INFINITY SUL FIDC - SUBORDINADAS JÚNIOR,https://www.austin.com.br/Historico-Rating/2002/Infinity_Sul_FIDC_-_Subordinadas_Júnior_,FIDCs,brCC,,brCC,2018-06-21,Confirmação,Estável,
2026-09-25,INFINITY SUL FIDC - SUBORDINADAS JÚNIOR,https://www.austin.com.br/Historico-Rating/2002/Infinity_Sul_FIDC_-_Subordinadas_Júnior_,FIDCs,brCC,,brCC,2017-05-18,Observação Negativa,,
2026-09-25,INFINITY SUL FIDC - SUBORDINADAS JÚNIOR,https://www.austin.com.br/Historico-Rating/2002/Infinity_Sul_FIDC_-_Subordinadas_Júnior_,FIDCs,brCC,,brCC,2017-02-17,Observação Negativa,,
2026-09-25,INFINITY SUL FIDC - SUBORDINADAS JÚNIOR,https://www.austin.com.br/Historico-Rating/2002/Infinity_Sul_FIDC_-_Subordinadas_Júnior_,FIDCs,brCC,,brCC,2016-11-30,Observação Negativa,,
2026-09-25,INFINITY SUL FIDC - SUBORDINADAS JÚNIOR,https://www.austin.com.br/Historico-Rating/2002/Infinity_Sul_FIDC_-_Subordinadas_Júnior_,FIDCs,brCC,,brCC,2016-08-12,Rebaixamento,Negativa,
2026-09-25,INFINITY SUL FIDC - SUBORDINADAS JÚNIOR,https://www.austin.com.br/Historico-Rating/2002/Infinity_Sul_FIDC_-_Subordinadas_Júnior_,FIDCs,brB,,brB,2016-05-30,Observação Negativa,,
2026-09-25,INFINITY SUL FIDC - SUBORDINADAS JÚNIOR,https://www.austin.com.br/Historico-Rating/2002/Infinity_Sul_FIDC_-_Subordinadas_Júnior_,FIDCs,brB,,brB,2016-03-11,Observação Negativa,,
2026-09-25,INFINITY SUL FIDC - SUBORDINADAS JÚNIOR,https://www.austin.com.br/Historico-Rating/2002/Infinity_Sul_FIDC_-_Subordinadas_Júnior_,FIDCs,brB,,brB,2015-11-30,Observação Negativa,,
2026-09-25,INFINITY SUL FIDC - SUBORDINADAS JÚNIOR,https://www.austin.com.br/Historico-Rating/2002/Infinity_Sul_FIDC_-_Subordinadas_Júnior_,FIDCs,brB,,brB,2015-07-28,Rating Inicial,Estável,
2026-09-25,INFRACOMMERCE FIDC - SUBORDINADAS JÚNIOR,https://www.austin.com.br/Historico-Rating/3897/Infracommerce_FIDC_-_Subordinadas_Júnior_,FIDCs,brB+,,brB+,2021-11-05,Rating Inicial,Estável,https://www.austin.com.br/Relatorio/Rating/Infracommerce_FIDC/10256
2026-09-25,INTERCASH FIDC - SUBORDINADAS MEZANINO,https://www.austin.com.br/Historico-Rating/2959/Intercash_FIDC_-_Subordinadas_Mezanino_,FIDCs,brBB+,,brBB+,2018-04-06,Rating Preliminar,,https://www.austin.com.br/Relatorio/Rating/Intercash_FIDC/8064
2026-09-25,INFRACOMMERCE FIDC - SUBORDINADAS MEZANINO,https://www.austin.com.br/Historico-Rating/3896/Infracommerce_FIDC_-_Subordinadas_Mezanino_,FIDCs,brBBB,,brBBB,2021-11-05,Rating Inicial,Estável,https://www.austin.com.br/Relatorio/Rating/Infracommerce_FIDC/10255
2026-09-25,INTERSECTOR CRÉDITO ESTUDANTIL FIDC - SENIORES ÚNICA,https://www.austin.com.br/Historico-Rating/3642/Intersector_Crédito_Estudantil_FIDC_-_Seniores_Única,FIDCs,brBBB,,brBBB,2020-10-27,Rating Preliminar,,https://www.austin.com.br/Relatorio/Rating/Intersector_Crédito_Estudantil_FIDC/10122
2026-09-25,INFRACOMMERCE FIDC - SENIORES ÚNICA,https://www.austin.com.br/Historico-Rating/3895/Infracommerce_FIDC_-_Seniores_Única,FIDCs,brAA-,,brAA-,2021-11-05,Rating Inicial,Estável,https://www.austin.com.br/Relatorio/Rating/Infracommerce_FIDC/10254
2026-09-25,INTERCASH FIDC - SENIORES ÚNICA,https://www.austin.com.br/Historico-Rating/2940/Intercash_FIDC_-_Seniores_Única,FIDCs,brA,,brA,2018-04-06,Rating Preliminar,,https://www.austin.com.br/Relatorio/Rating/Intercash_FIDC/8004
2026-09-25,INVESTBRA FIDC - SUBORDINADAS JÚNIOR,https://www.austin.com.br/Historico-Rating/3504/Investbra_FIDC_-_Subordinadas_Júnior_,FIDCs,brB-,,brB-,2020-04-02,Observação Negativa,,https://www.austin.com.br/Relatorio/Rating/Investbra_FIDC/9861
2026-09-25,INVESTBRA FIDC - SENIORES ÚNICA,https://www.austin.com.br/Historico-Rating/3106/Investbra_FIDC_-_Seniores_Única,FIDCs,brA-,,brA-,2019-01-09,Rating Preliminar,,https://www.austin.com.br/Relatorio/Rating/Investbra_FIDC/8502
2026-09-25,INTERSECTOR FIDC - SENIORES 1ª SÉRIE,https://www.austin.com.br/Historico-Rating/3267/Intersector_FIDC_-_Seniores_1ª_série,FIDCs,brBBB,,brBBB,2020-04-02,Observação Negativa,,https://www.austin.com.br/Relatorio/Rating/Intersector_FIDC/9888
2026-09-25,INTERSECTOR FIDC - SENIORES 1ª SÉRIE,https://www.austin.com.br/Historico-Rating/3267/Intersector_FIDC_-_Seniores_1ª_série,FIDCs,brBBB,,brBBB,2019-11-11,Confirmação,Estável,
2026-09-25,INTERSECTOR FIDC - SENIORES 1ª SÉRIE,https://www.austin.com.br/Historico-Rating/3267/Intersector_FIDC_-_Seniores_1ª_série,FIDCs,brBBB,,brBBB,2019-09-06,Confirmação,Estável,
2026-09-25,INTERSECTOR FIDC - SENIORES 1ª SÉRIE,https://www.austin.com.br/Historico-Rating/3267/Intersector_FIDC_-_Seniores_1ª_série,FIDCs,brBBB,,brBBB,2019-05-15,Confirmação,Estável,
2026-09-25,INTERSECTOR FIDC - SUBORDINADAS,https://www.austin.com.br/Historico-Rating/2300/Intersector_FIDC_-_Subordinadas_,FIDCs,brCCC,,brCCC,2020-04-02,Observação Negativa,,https://www.austin.com.br/Relatorio/Rating/Intersector_FIDC/9887
2026-09-25,INTERSECTOR FIDC - SUBORDINADAS,https://www.austin.com.br/Historico-Rating/2300/Intersector_FIDC_-_Subordinadas_,FIDCs,brCCC,,brCCC,2019-11-11,Confirmação,Estável,
2026-09-25,INTERSECTOR FIDC - SUBORDINADAS,https://www.austin.com.br/Historico-Rating/2300/Intersector_FIDC_-_Subordinadas_,FIDCs,brCCC,,brCCC,2019-09-06,Confirmação,Estável,
2026-09-25,INTERSECTOR FIDC - SUBORDINADAS,https://www.austin.com.br/Historico-Rating/2300/Intersector_FIDC_-_Subordinadas_,FIDCs,brCCC,,brCCC,2019-05-15,Confirmação,Estável,
2026-09-25,INTERSECTOR FIDC - SUBORDINADAS,https://www.austin.com.br/Historico-Rating/2300/Intersector_FIDC_-_Subordinadas_,FIDCs,brCCC,,brCCC,2019-02-07,Confirmação,Estável,
2026-09-25,INTERSECTOR FIDC - SUBORDINADAS,https://www.austin.com.br/Historico-Rating/2300/Intersector_FIDC_-_Subordinadas_,FIDCs,brCCC,,brCCC,2018-07-20,Confirmação,Estável,
2026-09-25,INTERSECTOR FIDC - SUBORDINADAS,https://www.austin.com.br/Historico-Rating/2300/Intersector_FIDC_-_Subordinadas_,FIDCs,brCCC,,brCCC,2018-05-04,Confirmação,Estável,
2026-09-25,INTERSECTOR FIDC - SUBORDINADAS,https://www.austin.com.br/Historico-Rating/2300/Intersector_FIDC_-_Subordinadas_,FIDCs,brCC,,brCC,2017-11-17,Confirmação,Estável,
2026-09-25,INTERSECTOR FIDC - SUBORDINADAS,https://www.austin.com.br/Historico-Rating/2300/Intersector_FIDC_-_Subordinadas_,FIDCs,brCC,,brCC,2017-08-15,Confirmação,Estável,
2026-09-25,INTERSECTOR FIDC - SUBORDINADAS,https://www.austin.com.br/Historico-Rating/2300/Intersector_FIDC_-_Subordinadas_,FIDCs,brCC,,brCC,2017-05-26,Confirmação,Estável,
2026-09-25,INTERSECTOR FIDC - SUBORDINADAS,https://www.austin.com.br/Historico-Rating/2300/Intersector_FIDC_-_Subordinadas_,FIDCs,brCC,,brCC,2017-02-16,Confirmação,Estável,
2026-09-25,INTERSECTOR FIDC - SUBORDINADAS,https://www.austin.com.br/Historico-Rating/2300/Intersector_FIDC_-_Subordinadas_,FIDCs,brCC,,brCC,2016-11-21,Confirmação,Estável,
2026-09-25,INTERSECTOR FIDC - SUBORDINADAS,https://www.austin.com.br/Historico-Rating/2300/Intersector_FIDC_-_Subordinadas_,FIDCs,brCC,,brCC,2016-08-12,Confirmação,Estável,
2026-09-25,INVESTOR FIDC - SUBORDINADAS MEZANINO,https://www.austin.com.br/Historico-Rating/3312/Investor_FIDC_-_Subordinadas_Mezanino_,FIDCs,brBB-,,brBB-,2020-04-02,Observação Negativa,,https://www.austin.com.br/Relatorio/Rating/Investor_FIDC/9797
2026-09-25,INVESTOR FIDC - SUBORDINADAS MEZANINO,https://www.austin.com.br/Historico-Rating/3312/Investor_FIDC_-_Subordinadas_Mezanino_,FIDCs,brBB-,,brBB-,2019-08-06,Confirmação,Estável,
2026-09-25,INVESTOR FIDC - SUBORDINADAS MEZANINO,https://www.austin.com.br/Historico-Rating/3312/Investor_FIDC_-_Subordinadas_Mezanino_,FIDCs,brBB-,,brBB-,2019-05-03,Confirmação,Estável,
2026-09-25,INVESTCON FIDC - SUBORDINADAS JÚNIOR,https://www.austin.com.br/Historico-Rating/2277/Investcon_FIDC_-_Subordinadas_Júnior_,FIDCs,brCCC,,brCCC,2020-04-02,Observação Negativa,,https://www.austin.com.br/Relatorio/Rating/Investcon_FIDC/9862
2026-09-25,INVESTCON FIDC - SUBORDINADAS JÚNIOR,https://www.austin.com.br/Historico-Rating/2277/Investcon_FIDC_-_Subordinadas_Júnior_,FIDCs,brCCC,,brCCC,2019-11-12,Elevação,Estável,
2026-09-25,INVESTCON FIDC - SUBORDINADAS JÚNIOR,https://www.austin.com.br/Historico-Rating/2277/Investcon_FIDC_-_Subordinadas_Júnior_,FIDCs,brCC,,brCC,2019-08-15,Confirmação,Estável,
2026-09-25,INVESTCON FIDC - SUBORDINADAS JÚNIOR,https://www.austin.com.br/Historico-Rating/2277/Investcon_FIDC_-_Subordinadas_Júnior_,FIDCs,brCC,,brCC,2019-02-06,Confirmação,Estável,
2026-09-25,INVESTCON FIDC - SUBORDINADAS JÚNIOR,https://www.austin.com.br/Historico-Rating/2277/Investcon_FIDC_-_Subordinadas_Júnior_,FIDCs,brCC,,brCC,2018-08-14,Confirmação,Estável,
2026-09-25,INVESTCON FIDC - SUBORDINADAS JÚNIOR,https://www.austin.com.br/Historico-Rating/2277/Investcon_FIDC_-_Subordinadas_Júnior_,FIDCs,brCC,,brCC,2017-09-27,Confirmação,Estável,
2026-09-25,INVESTCON FIDC - SUBORDINADAS JÚNIOR,https://www.austin.com.br/Historico-Rating/2277/Investcon_FIDC_-_Subordinadas_Júnior_,FIDCs,brCC,,brCC,2016-06-17,Rating Inicial,Estável,
2026-09-25,IRON CAPITAL CONSIGNADO FEDERAL - SENIORES ÚNICA,https://www.austin.com.br/Historico-Rating/3587/Iron_Capital_Consignado_Federal_-_Seniores_Única,FIDCs,brA,,brA,2020-08-05,Rating Preliminar,,https://www.austin.com.br/Relatorio/Rating/Iron_Capital_Consignado_Federal/10034
2026-09-25,IRON CAPITAL CONSIGNADO FIDC - SUBORDINADAS,https://www.austin.com.br/Historico-Rating/3818/Iron_Capital_Consignado_FIDC_-_Subordinadas_,FIDCs,brBB-,,brBB-,2021-05-31,Rating Inicial,Estável,https://www.austin.com.br/Relatorio/Rating/Iron_Capital_Consignado_FIDC/10213
2026-09-25,IRON CAPITAL CONSIGNADO FEDERAL - SUBORDINADAS,https://www.austin.com.br/Historico-Rating/3588/Iron_Capital_Consignado_Federal_-_Subordinadas_,FIDCs,brBBB,,brBBB,2020-08-05,Rating Preliminar,,https://www.austin.com.br/Relatorio/Rating/Iron_Capital_Consignado_Federal/10035
2026-09-25,INVESTOR FIDC - SUBORDINADAS JÚNIOR,https://www.austin.com.br/Historico-Rating/2734/Investor_FIDC_-_Subordinadas_Júnior_,FIDCs,brB-,,brB-,2020-04-02,Observação Negativa,,https://www.austin.com.br/Relatorio/Rating/Investor_FIDC/9795
2026-09-25,INVESTOR FIDC - SUBORDINADAS JÚNIOR,https://www.austin.com.br/Historico-Rating/2734/Investor_FIDC_-_Subordinadas_Júnior_,FIDCs,brB-,,brB-,2019-08-06,Confirmação,Estável,
2026-09-25,INVESTOR FIDC - SUBORDINADAS JÚNIOR,https://www.austin.com.br/Historico-Rating/2734/Investor_FIDC_-_Subordinadas_Júnior_,FIDCs,brB-,,brB-,2019-05-03,Confirmação,Estável,
2026-09-25,INVESTOR FIDC - SUBORDINADAS JÚNIOR,https://www.austin.com.br/Historico-Rating/2734/Investor_FIDC_-_Subordinadas_Júnior_,FIDCs,brB-,,brB-,2019-02-01,Elevação,Estável,
2026-09-25,INVESTOR FIDC - SUBORDINADAS JÚNIOR,https://www.austin.com.br/Historico-Rating/2734/Investor_FIDC_-_Subordinadas_Júnior_,FIDCs,brCCC,,brCCC,2018-08-01,Confirmação,Estável,
2026-09-25,INVESTOR FIDC - SUBORDINADAS JÚNIOR,https://www.austin.com.br/Historico-Rating/2734/Investor_FIDC_-_Subordinadas_Júnior_,FIDCs,brCCC,,brCCC,2018-05-23,Confirmação,Estável,
2026-09-25,INVESTOR FIDC - SUBORDINADAS JÚNIOR,https://www.austin.com.br/Historico-Rating/2734/Investor_FIDC_-_Subordinadas_Júnior_,FIDCs,brCCC,,brCCC,2018-02-09,Rating Inicial,Estável,
2026-09-25,INX SSPI BONDS FIDC NP - SENIORES 1ª SÉRIE,https://www.austin.com.br/Historico-Rating/2245/INX_SSPI_Bonds_FIDC_NP_-_Seniores_1ª_série,FIDCs,brBBB,,brBBB,2015-08-13,Rating Preliminar,,https://www.austin.com.br/Relatorio/Rating/INX_SSPI_Bonds_FIDC_NP/6322
2026-09-25,INVESTOR FIDC - SENIORES ÚNICA,https://www.austin.com.br/Historico-Rating/3311/Investor_FIDC_-_Seniores_Única,FIDCs,brBBB,,brBBB,2020-04-02,Observação Negativa,,https://www.austin.com.br/Relatorio/Rating/Investor_FIDC/9796
2026-09-25,INVESTOR FIDC - SENIORES ÚNICA,https://www.austin.com.br/Historico-Rating/3311/Investor_FIDC_-_Seniores_Única,FIDCs,brBBB-,,brBBB-,2019-08-06,Confirmação,Estável,
2026-09-25,INVESTOR FIDC - SENIORES ÚNICA,https://www.austin.com.br/Historico-Rating/3311/Investor_FIDC_-_Seniores_Única,FIDCs,brBBB-,,brBBB-,2019-05-03,Confirmação,Estável,
2026-09-25,IRON CAPITAL CONSIGNADO FIDC - SENIORES ÚNICA,https://www.austin.com.br/Historico-Rating/3817/Iron_Capital_Consignado_FIDC_-_Seniores_Única,FIDCs,brBBB,,brBBB,2021-05-31,Rating Inicial,Estável,https://www.austin.com.br/Relatorio/Rating/Iron_Capital_Consignado_FIDC/10212
2026-09-25,IRON CAPITAL II FIDC - SUBORDINADAS,https://www.austin.com.br/Historico-Rating/3378/Iron_Capital_II_FIDC_-_Subordinadas_,FIDCs,brBB+,,brBB+,2019-10-31,Rating Inicial,Estável,https://www.austin.com.br/Relatorio/Rating/Iron_Capital_II_FIDC/9400
2026-09-25,IRON CAPITAL II FIDC - SENIORES ÚNICA,https://www.austin.com.br/Historico-Rating/3377/Iron_Capital_II_FIDC_-_Seniores_Única,FIDCs,brBBB+,,brBBB+,2019-10-31,Rating Inicial,Estável,https://www.austin.com.br/Relatorio/Rating/Iron_Capital_II_FIDC/9399
2026-09-25,JBCS II - VAREJO FIDC - SENIORES ÚNICA,https://www.austin.com.br/Historico-Rating/5089/JBCS_II_-_Varejo_FIDC_-_Seniores_Única,FIDCs,brBB,,brBB,2025-12-03,Rating Preliminar,,https://www.austin.com.br/Relatorio/Rating/JBCS_II_-_Varejo_FIDC/11496
2026-09-25,ITAÚ FIC FIDC INFRAESTRUTURA - ÚNICA,https://www.austin.com.br/Historico-Rating/3418/Itaú_FIC_FIDC_Infraestrutura_-_Única_,FIDCs,brAA-,,brAA-,2020-05-07,Rating Inicial,Estável,https://www.austin.com.br/Relatorio/Rating/Itaú_FIC_FIDC_Infraestrutura/9556
2026-09-25,JG PRUDENTIA FIDC NP - SUBORDINADAS MEZANINO I,https://www.austin.com.br/Historico-Rating/2410/JG_Prudentia_FIDC_NP_-_Subordinadas_Mezanino_I_,FIDCs,brCC,,brCC,2016-04-26,Rating Preliminar,,https://www.austin.com.br/Relatorio/Rating/JG_Prudentia_FIDC_NP/6605
2026-09-25,ISEC - LIFE PARK (NEX GROUP) (98ª SÉRIE - 4ª EMISSÃO),https://www.austin.com.br/Historico-Rating/3526/Isec_-_Life_Park_(Nex_Group)_(98ª_Série_-_4ª_Emissão),CRIs,brBB+,,brBB+,2020-05-04,Rating Inicial,,
2026-09-25,ISAAC FIDC - SENIORES 1ª SÉRIE,https://www.austin.com.br/Historico-Rating/4427/Isaac_FIDC_-_Seniores_1ª_série,FIDCs,brA,,brA,2024-03-07,Rating Inicial,Estável,https://www.austin.com.br/Relatorio/Rating/Isaac_FIDC/10797
2026-09-25,IYAMI FIDC - SUBORDINADAS MEZANINO I,https://www.austin.com.br/Historico-Rating/2320/Iyami_FIDC_-_Subordinadas_Mezanino_I_,FIDCs,brA,,brA,2015-11-06,Rating Preliminar,,https://www.austin.com.br/Relatorio/Rating/Iyami_FIDC/6371
2026-09-25,JIVEMAUÁ BOSSANOVA 90 FIDC - ÚNICA,https://www.austin.com.br/Historico-Rating/4953/Jivemauá_Bossanova_90_FIDC_-_Única_,FIDCs,brBB-,,brBB-,2025-02-11,Rating Preliminar,,https://www.austin.com.br/Relatorio/Rating/Jivemauá_Bossanova_90_FIDC/11365
2026-09-25,JOB FIDC - SUBORDINADAS,https://www.austin.com.br/Historico-Rating/2544/Job_FIDC_-_Subordinadas_,FIDCs,brB-,,brB-,2017-05-31,Confirmação,Estável,https://www.austin.com.br/Relatorio/Rating/Job_FIDC/7493
2026-09-25,JOB FIDC - SUBORDINADAS,https://www.austin.com.br/Historico-Rating/2544/Job_FIDC_-_Subordinadas_,FIDCs,brB-,,brB-,2016-10-21,Rating Inicial,Estável,
2026-09-25,JP CAPITAL FIDC - SENIORES ÚNICA,https://www.austin.com.br/Historico-Rating/4821/JP_Capital_FIDC_-_Seniores_Única,FIDCs,brBBB-,,brBBB-,2024-10-17,Rating Inicial,Estável,https://www.austin.com.br/Relatorio/Rating/JP_Capital_FIDC/11241
2026-09-25,JGP CANVAS DISTRESSED FIDC NP - ÚNICA,https://www.austin.com.br/Historico-Rating/1514/JGP_Canvas_Distressed_FIDC_NP_-_Única_,FIDCs,brBBB,,brBBB,2019-11-08,Confirmação,Positiva,https://www.austin.com.br/Relatorio/Rating/JGP_Canvas_Distressed_FIDC_NP/9576
2026-09-25,JGP CANVAS DISTRESSED FIDC NP - ÚNICA,https://www.austin.com.br/Historico-Rating/1514/JGP_Canvas_Distressed_FIDC_NP_-_Única_,FIDCs,brBBB,,brBBB,2019-07-25,Confirmação,Positiva,
2026-09-25,JGP CANVAS DISTRESSED FIDC NP - ÚNICA,https://www.austin.com.br/Historico-Rating/1514/JGP_Canvas_Distressed_FIDC_NP_-_Única_,FIDCs,brBBB,,brBBB,2019-05-03,Confirmação,Positiva,
2026-09-25,JGP CANVAS DISTRESSED FIDC NP - ÚNICA,https://www.austin.com.br/Historico-Rating/1514/JGP_Canvas_Distressed_FIDC_NP_-_Única_,FIDCs,brBBB,,brBBB,2019-01-23,Confirmação,Positiva,
2026-09-25,JGP CANVAS DISTRESSED FIDC NP - ÚNICA,https://www.austin.com.br/Historico-Rating/1514/JGP_Canvas_Distressed_FIDC_NP_-_Única_,FIDCs,brBBB,,brBBB,2018-07-27,Confirmação,Positiva,
2026-09-25,JGP CANVAS DISTRESSED FIDC NP - ÚNICA,https://www.austin.com.br/Historico-Rating/1514/JGP_Canvas_Distressed_FIDC_NP_-_Única_,FIDCs,brBBB,,brBBB,2018-05-10,Confirmação,Positiva,
2026-09-25,JGP CANVAS DISTRESSED FIDC NP - ÚNICA,https://www.austin.com.br/Historico-Rating/1514/JGP_Canvas_Distressed_FIDC_NP_-_Única_,FIDCs,brBBB,,brBBB,2018-02-07,Confirmação,Positiva,
2026-09-25,JGP CANVAS DISTRESSED FIDC NP - ÚNICA,https://www.austin.com.br/Historico-Rating/1514/JGP_Canvas_Distressed_FIDC_NP_-_Única_,FIDCs,brB,,brB,2017-05-10,Confirmação,Estável,
2026-09-25,JGP CANVAS DISTRESSED FIDC NP - ÚNICA,https://www.austin.com.br/Historico-Rating/1514/JGP_Canvas_Distressed_FIDC_NP_-_Única_,FIDCs,brB,,brB,2017-02-07,Confirmação,Estável,
2026-09-25,JGP CANVAS DISTRESSED FIDC NP - ÚNICA,https://www.austin.com.br/Historico-Rating/1514/JGP_Canvas_Distressed_FIDC_NP_-_Única_,FIDCs,brB,,brB,2016-11-09,Confirmação,Estável,
2026-09-25,JGP CANVAS DISTRESSED FIDC NP - ÚNICA,https://www.austin.com.br/Historico-Rating/1514/JGP_Canvas_Distressed_FIDC_NP_-_Única_,FIDCs,brB,,brB,2016-07-15,Confirmação,Estável,
2026-09-25,JGP CANVAS DISTRESSED FIDC NP - ÚNICA,https://www.austin.com.br/Historico-Rating/1514/JGP_Canvas_Distressed_FIDC_NP_-_Única_,FIDCs,brB,,brB,2016-05-10,Confirmação,Estável,
2026-09-25,JGP CANVAS DISTRESSED FIDC NP - ÚNICA,https://www.austin.com.br/Historico-Rating/1514/JGP_Canvas_Distressed_FIDC_NP_-_Única_,FIDCs,brB,,brB,2016-02-11,Confirmação,Estável,
2026-09-25,JGP CANVAS DISTRESSED FIDC NP - ÚNICA,https://www.austin.com.br/Historico-Rating/1514/JGP_Canvas_Distressed_FIDC_NP_-_Única_,FIDCs,brB,,brB,2015-11-05,Confirmação,Estável,
2026-09-25,JGP CANVAS DISTRESSED FIDC NP - ÚNICA,https://www.austin.com.br/Historico-Rating/1514/JGP_Canvas_Distressed_FIDC_NP_-_Única_,FIDCs,brB,,brB,2015-08-07,Confirmação,Estável,
2026-09-25,JGP CANVAS DISTRESSED FIDC NP - ÚNICA,https://www.austin.com.br/Historico-Rating/1514/JGP_Canvas_Distressed_FIDC_NP_-_Única_,FIDCs,brB,,brB,2015-05-12,Confirmação,Estável,
2026-09-25,JGP CANVAS DISTRESSED FIDC NP - ÚNICA,https://www.austin.com.br/Historico-Rating/1514/JGP_Canvas_Distressed_FIDC_NP_-_Única_,FIDCs,brB,,brB,2015-02-13,Confirmação,Estável,
2026-09-25,JGP CANVAS DISTRESSED FIDC NP - ÚNICA,https://www.austin.com.br/Historico-Rating/1514/JGP_Canvas_Distressed_FIDC_NP_-_Única_,FIDCs,brB,,brB,2014-11-07,Confirmação,Estável,
2026-09-25,JGP CANVAS DISTRESSED FIDC NP - ÚNICA,https://www.austin.com.br/Historico-Rating/1514/JGP_Canvas_Distressed_FIDC_NP_-_Única_,FIDCs,brB,,brB,2014-08-14,Confirmação,Estável,
2026-09-25,JGP CANVAS DISTRESSED FIDC NP - ÚNICA,https://www.austin.com.br/Historico-Rating/1514/JGP_Canvas_Distressed_FIDC_NP_-_Única_,FIDCs,brB,,brB,2014-05-02,Confirmação,Estável,
2026-09-25,JGP CANVAS DISTRESSED FIDC NP - ÚNICA,https://www.austin.com.br/Historico-Rating/1514/JGP_Canvas_Distressed_FIDC_NP_-_Única_,FIDCs,brB,,brB,2014-02-13,Confirmação,Estável,
2026-09-25,JGP CANVAS DISTRESSED FIDC NP - ÚNICA,https://www.austin.com.br/Historico-Rating/1514/JGP_Canvas_Distressed_FIDC_NP_-_Única_,FIDCs,brB,,brB,2013-11-01,Confirmação,Estável,
2026-09-25,JGP CANVAS DISTRESSED FIDC NP - ÚNICA,https://www.austin.com.br/Historico-Rating/1514/JGP_Canvas_Distressed_FIDC_NP_-_Única_,FIDCs,brB,,brB,2013-08-15,Confirmação,Estável,
2026-09-25,JGP CANVAS DISTRESSED FIDC NP - ÚNICA,https://www.austin.com.br/Historico-Rating/1514/JGP_Canvas_Distressed_FIDC_NP_-_Única_,FIDCs,brB,,brB,2013-05-15,Confirmação,Estável,
2026-09-25,JGP CANVAS DISTRESSED FIDC NP - ÚNICA,https://www.austin.com.br/Historico-Rating/1514/JGP_Canvas_Distressed_FIDC_NP_-_Única_,FIDCs,brB,,brB,2013-02-15,Confirmação,Estável,
2026-09-25,JGP CANVAS DISTRESSED FIDC NP - ÚNICA,https://www.austin.com.br/Historico-Rating/1514/JGP_Canvas_Distressed_FIDC_NP_-_Única_,FIDCs,brB,,brB,2012-11-14,Confirmação,Estável,
2026-09-25,JGP CANVAS DISTRESSED FIDC NP - ÚNICA,https://www.austin.com.br/Historico-Rating/1514/JGP_Canvas_Distressed_FIDC_NP_-_Única_,FIDCs,brB,,brB,2012-08-20,Confirmação,Estável,
2026-09-25,JGP CANVAS DISTRESSED FIDC NP - ÚNICA,https://www.austin.com.br/Historico-Rating/1514/JGP_Canvas_Distressed_FIDC_NP_-_Única_,FIDCs,brB,,brB,2012-02-14,Rating Inicial,Estável,
2026-09-25,JP CAPITAL FIDC - SUBORDINADAS MEZANINO,https://www.austin.com.br/Historico-Rating/4822/JP_Capital_FIDC_-_Subordinadas_Mezanino_,FIDCs,brB+,,brB+,2024-10-17,Rating Inicial,Estável,https://www.austin.com.br/Relatorio/Rating/JP_Capital_FIDC/11242
2026-09-25,JGP CRÉDITO FEEDER 1 FIC FIDC NP MULTICARTEIRA - ÚNICA,https://www.austin.com.br/Historico-Rating/1106/JGP_Crédito_Feeder_1_FIC_FIDC_NP_Multicarteira_-_Única_,FIDCs,brBBB,,brBBB,2020-02-07,Confirmação,Estável,https://www.austin.com.br/Relatorio/Rating/JGP_Crédito_Feeder_1_FIC_FIDC_NP_Multicarteira/9626
2026-09-25,JGP CRÉDITO FEEDER 1 FIC FIDC NP MULTICARTEIRA - ÚNICA,https://www.austin.com.br/Historico-Rating/1106/JGP_Crédito_Feeder_1_FIC_FIDC_NP_Multicarteira_-_Única_,FIDCs,brBBB,,brBBB,2019-11-08,Confirmação,Positiva,
2026-09-25,JGP CRÉDITO FEEDER 1 FIC FIDC NP MULTICARTEIRA - ÚNICA,https://www.austin.com.br/Historico-Rating/1106/JGP_Crédito_Feeder_1_FIC_FIDC_NP_Multicarteira_-_Única_,FIDCs,brBBB,,brBBB,2019-07-25,Confirmação,Positiva,
2026-09-25,JGP CRÉDITO FEEDER 1 FIC FIDC NP MULTICARTEIRA - ÚNICA,https://www.austin.com.br/Historico-Rating/1106/JGP_Crédito_Feeder_1_FIC_FIDC_NP_Multicarteira_-_Única_,FIDCs,brBBB,,brBBB,2019-05-03,Confirmação,Positiva,
2026-09-25,JGP CRÉDITO FEEDER 1 FIC FIDC NP MULTICARTEIRA - ÚNICA,https://www.austin.com.br/Historico-Rating/1106/JGP_Crédito_Feeder_1_FIC_FIDC_NP_Multicarteira_-_Única_,FIDCs,brBBB,,brBBB,2019-01-23,Confirmação,Positiva,
2026-09-25,JGP CRÉDITO FEEDER 1 FIC FIDC NP MULTICARTEIRA - ÚNICA,https://www.austin.com.br/Historico-Rating/1106/JGP_Crédito_Feeder_1_FIC_FIDC_NP_Multicarteira_-_Única_,FIDCs,brBBB,,brBBB,2018-11-06,Confirmação,Positiva,
2026-09-25,JGP CRÉDITO FEEDER 1 FIC FIDC NP MULTICARTEIRA - ÚNICA,https://www.austin.com.br/Historico-Rating/1106/JGP_Crédito_Feeder_1_FIC_FIDC_NP_Multicarteira_-_Única_,FIDCs,brBBB,,brBBB,2018-07-27,Confirmação,Positiva,
2026-09-25,JGP CRÉDITO FEEDER 1 FIC FIDC NP MULTICARTEIRA - ÚNICA,https://www.austin.com.br/Historico-Rating/1106/JGP_Crédito_Feeder_1_FIC_FIDC_NP_Multicarteira_-_Única_,FIDCs,brBBB,,brBBB,2018-05-10,Confirmação,Positiva,
2026-09-25,JGP CRÉDITO FEEDER 1 FIC FIDC NP MULTICARTEIRA - ÚNICA,https://www.austin.com.br/Historico-Rating/1106/JGP_Crédito_Feeder_1_FIC_FIDC_NP_Multicarteira_-_Única_,FIDCs,brBBB,,brBBB,2018-02-07,Confirmação,Positiva,
2026-09-25,JGP CRÉDITO FEEDER 1 FIC FIDC NP MULTICARTEIRA - ÚNICA,https://www.austin.com.br/Historico-Rating/1106/JGP_Crédito_Feeder_1_FIC_FIDC_NP_Multicarteira_-_Única_,FIDCs,brBBB,,brBBB,2017-11-08,Confirmação,Positiva,
2026-09-25,JGP CRÉDITO FEEDER 1 FIC FIDC NP MULTICARTEIRA - ÚNICA,https://www.austin.com.br/Historico-Rating/1106/JGP_Crédito_Feeder_1_FIC_FIDC_NP_Multicarteira_-_Única_,FIDCs,brBBB,,brBBB,2017-08-09,Elevação,Positiva,
2026-09-25,JGP CRÉDITO FEEDER 1 FIC FIDC NP MULTICARTEIRA - ÚNICA,https://www.austin.com.br/Historico-Rating/1106/JGP_Crédito_Feeder_1_FIC_FIDC_NP_Multicarteira_-_Única_,FIDCs,brB,,brB,2017-05-10,Confirmação,Estável,
2026-09-25,JGP CRÉDITO FEEDER 1 FIC FIDC NP MULTICARTEIRA - ÚNICA,https://www.austin.com.br/Historico-Rating/1106/JGP_Crédito_Feeder_1_FIC_FIDC_NP_Multicarteira_-_Única_,FIDCs,brB,,brB,2017-02-07,Confirmação,Estável,
2026-09-25,JGP CRÉDITO FEEDER 1 FIC FIDC NP MULTICARTEIRA - ÚNICA,https://www.austin.com.br/Historico-Rating/1106/JGP_Crédito_Feeder_1_FIC_FIDC_NP_Multicarteira_-_Única_,FIDCs,brB,,brB,2016-11-09,Confirmação,Estável,
2026-09-25,JGP CRÉDITO FEEDER 1 FIC FIDC NP MULTICARTEIRA - ÚNICA,https://www.austin.com.br/Historico-Rating/1106/JGP_Crédito_Feeder_1_FIC_FIDC_NP_Multicarteira_-_Única_,FIDCs,brB,,brB,2016-07-15,Confirmação,Estável,
2026-09-25,JGP CRÉDITO FEEDER 1 FIC FIDC NP MULTICARTEIRA - ÚNICA,https://www.austin.com.br/Historico-Rating/1106/JGP_Crédito_Feeder_1_FIC_FIDC_NP_Multicarteira_-_Única_,FIDCs,brB,,brB,2016-05-10,Confirmação,Estável,
2026-09-25,JGP CRÉDITO FEEDER 1 FIC FIDC NP MULTICARTEIRA - ÚNICA,https://www.austin.com.br/Historico-Rating/1106/JGP_Crédito_Feeder_1_FIC_FIDC_NP_Multicarteira_-_Única_,FIDCs,brB,,brB,2016-02-11,Confirmação,Estável,
2026-09-25,JGP CRÉDITO FEEDER 1 FIC FIDC NP MULTICARTEIRA - ÚNICA,https://www.austin.com.br/Historico-Rating/1106/JGP_Crédito_Feeder_1_FIC_FIDC_NP_Multicarteira_-_Única_,FIDCs,brB,,brB,2015-11-05,Confirmação,Estável,
2026-09-25,JGP CRÉDITO FEEDER 1 FIC FIDC NP MULTICARTEIRA - ÚNICA,https://www.austin.com.br/Historico-Rating/1106/JGP_Crédito_Feeder_1_FIC_FIDC_NP_Multicarteira_-_Única_,FIDCs,brB,,brB,2015-08-07,Confirmação,Estável,
2026-09-25,JGP CRÉDITO FEEDER 1 FIC FIDC NP MULTICARTEIRA - ÚNICA,https://www.austin.com.br/Historico-Rating/1106/JGP_Crédito_Feeder_1_FIC_FIDC_NP_Multicarteira_-_Única_,FIDCs,brB,,brB,2015-05-12,Confirmação,Estável,
2026-09-25,JGP CRÉDITO FEEDER 1 FIC FIDC NP MULTICARTEIRA - ÚNICA,https://www.austin.com.br/Historico-Rating/1106/JGP_Crédito_Feeder_1_FIC_FIDC_NP_Multicarteira_-_Única_,FIDCs,brB,,brB,2015-02-13,Confirmação,Estável,
2026-09-25,JGP CRÉDITO FEEDER 1 FIC FIDC NP MULTICARTEIRA - ÚNICA,https://www.austin.com.br/Historico-Rating/1106/JGP_Crédito_Feeder_1_FIC_FIDC_NP_Multicarteira_-_Única_,FIDCs,brB,,brB,2014-11-07,Confirmação,Estável,
2026-09-25,JGP CRÉDITO FEEDER 1 FIC FIDC NP MULTICARTEIRA - ÚNICA,https://www.austin.com.br/Historico-Rating/1106/JGP_Crédito_Feeder_1_FIC_FIDC_NP_Multicarteira_-_Única_,FIDCs,brB,,brB,2014-08-14,Confirmação,Estável,
2026-09-25,JGP CRÉDITO FEEDER 1 FIC FIDC NP MULTICARTEIRA - ÚNICA,https://www.austin.com.br/Historico-Rating/1106/JGP_Crédito_Feeder_1_FIC_FIDC_NP_Multicarteira_-_Única_,FIDCs,brB,,brB,2014-05-02,Confirmação,Estável,
2026-09-25,JGP CRÉDITO FEEDER 1 FIC FIDC NP MULTICARTEIRA - ÚNICA,https://www.austin.com.br/Historico-Rating/1106/JGP_Crédito_Feeder_1_FIC_FIDC_NP_Multicarteira_-_Única_,FIDCs,brB,,brB,2014-02-13,Confirmação,Estável,
2026-09-25,JGP CRÉDITO FEEDER 1 FIC FIDC NP MULTICARTEIRA - ÚNICA,https://www.austin.com.br/Historico-Rating/1106/JGP_Crédito_Feeder_1_FIC_FIDC_NP_Multicarteira_-_Única_,FIDCs,brB,,brB,2013-11-01,Confirmação,Estável,
2026-09-25,JGP CRÉDITO FEEDER 1 FIC FIDC NP MULTICARTEIRA - ÚNICA,https://www.austin.com.br/Historico-Rating/1106/JGP_Crédito_Feeder_1_FIC_FIDC_NP_Multicarteira_-_Única_,FIDCs,brB,,brB,2013-08-15,Confirmação,Estável,
2026-09-25,JGP CRÉDITO FEEDER 1 FIC FIDC NP MULTICARTEIRA - ÚNICA,https://www.austin.com.br/Historico-Rating/1106/JGP_Crédito_Feeder_1_FIC_FIDC_NP_Multicarteira_-_Única_,FIDCs,brB,,brB,2013-05-20,Confirmação,Estável,
2026-09-25,JGP CRÉDITO FEEDER 1 FIC FIDC NP MULTICARTEIRA - ÚNICA,https://www.austin.com.br/Historico-Rating/1106/JGP_Crédito_Feeder_1_FIC_FIDC_NP_Multicarteira_-_Única_,FIDCs,brB,,brB,2013-02-15,Confirmação,Estável,
2026-09-25,JGP CRÉDITO FEEDER 1 FIC FIDC NP MULTICARTEIRA - ÚNICA,https://www.austin.com.br/Historico-Rating/1106/JGP_Crédito_Feeder_1_FIC_FIDC_NP_Multicarteira_-_Única_,FIDCs,brB,,brB,2012-11-28,Confirmação,Estável,
2026-09-25,JGP CRÉDITO FEEDER 1 FIC FIDC NP MULTICARTEIRA - ÚNICA,https://www.austin.com.br/Historico-Rating/1106/JGP_Crédito_Feeder_1_FIC_FIDC_NP_Multicarteira_-_Única_,FIDCs,brB,,brB,2012-02-14,Rating Inicial,Estável,
2026-09-25,JGP STRESSED FIC FIDC NP MULTICARTEIRA - ÚNICA,https://www.austin.com.br/Historico-Rating/1237/JGP_Stressed_FIC_FIDC_NP_Multicarteira_-_Única_,FIDCs,brBBB,,brBBB,2020-02-07,Confirmação,Estável,https://www.austin.com.br/Relatorio/Rating/JGP_Stressed_FIC_FIDC_NP_Multicarteira/9627
2026-09-25,JGP STRESSED FIC FIDC NP MULTICARTEIRA - ÚNICA,https://www.austin.com.br/Historico-Rating/1237/JGP_Stressed_FIC_FIDC_NP_Multicarteira_-_Única_,FIDCs,brBBB,,brBBB,2019-11-08,Confirmação,Positiva,
2026-09-25,JGP STRESSED FIC FIDC NP MULTICARTEIRA - ÚNICA,https://www.austin.com.br/Historico-Rating/1237/JGP_Stressed_FIC_FIDC_NP_Multicarteira_-_Única_,FIDCs,brBBB,,brBBB,2019-07-25,Confirmação,Positiva,
2026-09-25,JGP STRESSED FIC FIDC NP MULTICARTEIRA - ÚNICA,https://www.austin.com.br/Historico-Rating/1237/JGP_Stressed_FIC_FIDC_NP_Multicarteira_-_Única_,FIDCs,brBBB,,brBBB,2019-05-03,Confirmação,Positiva,
2026-09-25,JGP STRESSED FIC FIDC NP MULTICARTEIRA - ÚNICA,https://www.austin.com.br/Historico-Rating/1237/JGP_Stressed_FIC_FIDC_NP_Multicarteira_-_Única_,FIDCs,brBBB,,brBBB,2019-01-23,Confirmação,Positiva,
2026-09-25,JGP STRESSED FIC FIDC NP MULTICARTEIRA - ÚNICA,https://www.austin.com.br/Historico-Rating/1237/JGP_Stressed_FIC_FIDC_NP_Multicarteira_-_Única_,FIDCs,brBBB,,brBBB,2018-11-06,Confirmação,Positiva,
2026-09-25,JGP STRESSED FIC FIDC NP MULTICARTEIRA - ÚNICA,https://www.austin.com.br/Historico-Rating/1237/JGP_Stressed_FIC_FIDC_NP_Multicarteira_-_Única_,FIDCs,brBBB,,brBBB,2018-07-27,Confirmação,Positiva,
2026-09-25,JGP STRESSED FIC FIDC NP MULTICARTEIRA - ÚNICA,https://www.austin.com.br/Historico-Rating/1237/JGP_Stressed_FIC_FIDC_NP_Multicarteira_-_Única_,FIDCs,brBBB,,brBBB,2018-05-10,Confirmação,Positiva,
2026-09-25,JGP STRESSED FIC FIDC NP MULTICARTEIRA - ÚNICA,https://www.austin.com.br/Historico-Rating/1237/JGP_Stressed_FIC_FIDC_NP_Multicarteira_-_Única_,FIDCs,brBBB,,brBBB,2018-02-07,Confirmação,Positiva,
2026-09-25,JGP STRESSED FIC FIDC NP MULTICARTEIRA - ÚNICA,https://www.austin.com.br/Historico-Rating/1237/JGP_Stressed_FIC_FIDC_NP_Multicarteira_-_Única_,FIDCs,brBBB,,brBBB,2017-11-08,Confirmação,Positiva,
2026-09-25,JGP STRESSED FIC FIDC NP MULTICARTEIRA - ÚNICA,https://www.austin.com.br/Historico-Rating/1237/JGP_Stressed_FIC_FIDC_NP_Multicarteira_-_Única_,FIDCs,brBBB,,brBBB,2017-08-09,Elevação,Positiva,
2026-09-25,JGP STRESSED FIC FIDC NP MULTICARTEIRA - ÚNICA,https://www.austin.com.br/Historico-Rating/1237/JGP_Stressed_FIC_FIDC_NP_Multicarteira_-_Única_,FIDCs,brB,,brB,2017-05-10,Confirmação,Estável,
2026-09-25,JGP STRESSED FIC FIDC NP MULTICARTEIRA - ÚNICA,https://www.austin.com.br/Historico-Rating/1237/JGP_Stressed_FIC_FIDC_NP_Multicarteira_-_Única_,FIDCs,brB,,brB,2017-02-07,Confirmação,Estável,
2026-09-25,JGP STRESSED FIC FIDC NP MULTICARTEIRA - ÚNICA,https://www.austin.com.br/Historico-Rating/1237/JGP_Stressed_FIC_FIDC_NP_Multicarteira_-_Única_,FIDCs,brB,,brB,2016-11-09,Confirmação,Estável,
2026-09-25,JGP STRESSED FIC FIDC NP MULTICARTEIRA - ÚNICA,https://www.austin.com.br/Historico-Rating/1237/JGP_Stressed_FIC_FIDC_NP_Multicarteira_-_Única_,FIDCs,brB,,brB,2016-07-15,Confirmação,Estável,
2026-09-25,JGP STRESSED FIC FIDC NP MULTICARTEIRA - ÚNICA,https://www.austin.com.br/Historico-Rating/1237/JGP_Stressed_FIC_FIDC_NP_Multicarteira_-_Única_,FIDCs,brB,,brB,2016-05-10,Confirmação,Estável,
2026-09-25,JGP STRESSED FIC FIDC NP MULTICARTEIRA - ÚNICA,https://www.austin.com.br/Historico-Rating/1237/JGP_Stressed_FIC_FIDC_NP_Multicarteira_-_Única_,FIDCs,brB,,brB,2016-02-11,Confirmação,Estável,
2026-09-25,JGP STRESSED FIC FIDC NP MULTICARTEIRA - ÚNICA,https://www.austin.com.br/Historico-Rating/1237/JGP_Stressed_FIC_FIDC_NP_Multicarteira_-_Única_,FIDCs,brB,,brB,2015-11-05,Confirmação,Estável,
2026-09-25,JGP STRESSED FIC FIDC NP MULTICARTEIRA - ÚNICA,https://www.austin.com.br/Historico-Rating/1237/JGP_Stressed_FIC_FIDC_NP_Multicarteira_-_Única_,FIDCs,brB,,brB,2015-08-07,Confirmação,Estável,
2026-09-25,JGP STRESSED FIC FIDC NP MULTICARTEIRA - ÚNICA,https://www.austin.com.br/Historico-Rating/1237/JGP_Stressed_FIC_FIDC_NP_Multicarteira_-_Única_,FIDCs,brB,,brB,2015-05-12,Confirmação,Estável,
2026-09-25,JGP STRESSED FIC FIDC NP MULTICARTEIRA - ÚNICA,https://www.austin.com.br/Historico-Rating/1237/JGP_Stressed_FIC_FIDC_NP_Multicarteira_-_Única_,FIDCs,brB,,brB,2015-02-13,Confirmação,Estável,
2026-09-25,JGP STRESSED FIC FIDC NP MULTICARTEIRA - ÚNICA,https://www.austin.com.br/Historico-Rating/1237/JGP_Stressed_FIC_FIDC_NP_Multicarteira_-_Única_,FIDCs,brB,,brB,2014-11-07,Confirmação,Estável,
2026-09-25,JGP STRESSED FIC FIDC NP MULTICARTEIRA - ÚNICA,https://www.austin.com.br/Historico-Rating/1237/JGP_Stressed_FIC_FIDC_NP_Multicarteira_-_Única_,FIDCs,brB,,brB,2014-08-14,Confirmação,Estável,
2026-09-25,JGP STRESSED FIC FIDC NP MULTICARTEIRA - ÚNICA,https://www.austin.com.br/Historico-Rating/1237/JGP_Stressed_FIC_FIDC_NP_Multicarteira_-_Única_,FIDCs,brB,,brB,2014-05-02,Confirmação,Estável,
2026-09-25,JGP STRESSED FIC FIDC NP MULTICARTEIRA - ÚNICA,https://www.austin.com.br/Historico-Rating/1237/JGP_Stressed_FIC_FIDC_NP_Multicarteira_-_Única_,FIDCs,brB,,brB,2014-02-13,Confirmação,Estável,
2026-09-25,JGP STRESSED FIC FIDC NP MULTICARTEIRA - ÚNICA,https://www.austin.com.br/Historico-Rating/1237/JGP_Stressed_FIC_FIDC_NP_Multicarteira_-_Única_,FIDCs,brB,,brB,2013-11-01,Confirmação,Estável,
2026-09-25,JGP STRESSED FIC FIDC NP MULTICARTEIRA - ÚNICA,https://www.austin.com.br/Historico-Rating/1237/JGP_Stressed_FIC_FIDC_NP_Multicarteira_-_Única_,FIDCs,brB,,brB,2013-08-15,Confirmação,Estável,
2026-09-25,JGP STRESSED FIC FIDC NP MULTICARTEIRA - ÚNICA,https://www.austin.com.br/Historico-Rating/1237/JGP_Stressed_FIC_FIDC_NP_Multicarteira_-_Única_,FIDCs,brB,,brB,2013-05-20,Confirmação,Estável,
2026-09-25,JGP STRESSED FIC FIDC NP MULTICARTEIRA - ÚNICA,https://www.austin.com.br/Historico-Rating/1237/JGP_Stressed_FIC_FIDC_NP_Multicarteira_-_Única_,FIDCs,brB,,brB,2013-02-15,Confirmação,Estável,
2026-09-25,JGP STRESSED FIC FIDC NP MULTICARTEIRA - ÚNICA,https://www.austin.com.br/Historico-Rating/1237/JGP_Stressed_FIC_FIDC_NP_Multicarteira_-_Única_,FIDCs,brB,,brB,2012-12-12,Confirmação,Estável,
2026-09-25,JGP STRESSED FIC FIDC NP MULTICARTEIRA - ÚNICA,https://www.austin.com.br/Historico-Rating/1237/JGP_Stressed_FIC_FIDC_NP_Multicarteira_-_Única_,FIDCs,brB,,brB,2012-11-28,Confirmação,Estável,
2026-09-25,JGP STRESSED FIC FIDC NP MULTICARTEIRA - ÚNICA,https://www.austin.com.br/Historico-Rating/1237/JGP_Stressed_FIC_FIDC_NP_Multicarteira_-_Única_,FIDCs,brB,,brB,2012-09-28,Confirmação,Estável,
2026-09-25,JGP STRESSED FIC FIDC NP MULTICARTEIRA - ÚNICA,https://www.austin.com.br/Historico-Rating/1237/JGP_Stressed_FIC_FIDC_NP_Multicarteira_-_Única_,FIDCs,brB,,brB,2012-05-21,Rating Inicial,Estável,
2026-09-25,JGP DISTRESSED FIC FIDC NP MULTICARTEIRA - ÚNICA,https://www.austin.com.br/Historico-Rating/1107/JGP_Distressed_FIC_FIDC_NP_Multicarteira_-_Única_,FIDCs,brBBB,,brBBB,2020-02-07,Confirmação,Estável,https://www.austin.com.br/Relatorio/Rating/JGP_Distressed_FIC_FIDC_NP_Multicarteira/9646
2026-09-25,JGP DISTRESSED FIC FIDC NP MULTICARTEIRA - ÚNICA,https://www.austin.com.br/Historico-Rating/1107/JGP_Distressed_FIC_FIDC_NP_Multicarteira_-_Única_,FIDCs,brBBB,,brBBB,2019-11-08,Confirmação,Positiva,
2026-09-25,JGP DISTRESSED FIC FIDC NP MULTICARTEIRA - ÚNICA,https://www.austin.com.br/Historico-Rating/1107/JGP_Distressed_FIC_FIDC_NP_Multicarteira_-_Única_,FIDCs,brBBB,,brBBB,2019-07-25,Confirmação,Positiva,
2026-09-25,JGP DISTRESSED FIC FIDC NP MULTICARTEIRA - ÚNICA,https://www.austin.com.br/Historico-Rating/1107/JGP_Distressed_FIC_FIDC_NP_Multicarteira_-_Única_,FIDCs,brBBB,,brBBB,2019-05-03,Confirmação,Positiva,
2026-09-25,JGP DISTRESSED FIC FIDC NP MULTICARTEIRA - ÚNICA,https://www.austin.com.br/Historico-Rating/1107/JGP_Distressed_FIC_FIDC_NP_Multicarteira_-_Única_,FIDCs,brBBB,,brBBB,2019-01-23,Confirmação,Positiva,
2026-09-25,JGP DISTRESSED FIC FIDC NP MULTICARTEIRA - ÚNICA,https://www.austin.com.br/Historico-Rating/1107/JGP_Distressed_FIC_FIDC_NP_Multicarteira_-_Única_,FIDCs,brBBB,,brBBB,2018-11-06,Confirmação,Positiva,
2026-09-25,JGP DISTRESSED FIC FIDC NP MULTICARTEIRA - ÚNICA,https://www.austin.com.br/Historico-Rating/1107/JGP_Distressed_FIC_FIDC_NP_Multicarteira_-_Única_,FIDCs,brBBB,,brBBB,2018-07-27,Confirmação,Positiva,
2026-09-25,JGP DISTRESSED FIC FIDC NP MULTICARTEIRA - ÚNICA,https://www.austin.com.br/Historico-Rating/1107/JGP_Distressed_FIC_FIDC_NP_Multicarteira_-_Única_,FIDCs,brBBB,,brBBB,2018-05-10,Confirmação,Positiva,
2026-09-25,JGP DISTRESSED FIC FIDC NP MULTICARTEIRA - ÚNICA,https://www.austin.com.br/Historico-Rating/1107/JGP_Distressed_FIC_FIDC_NP_Multicarteira_-_Única_,FIDCs,brBBB,,brBBB,2018-02-07,Confirmação,Positiva,
2026-09-25,JGP DISTRESSED FIC FIDC NP MULTICARTEIRA - ÚNICA,https://www.austin.com.br/Historico-Rating/1107/JGP_Distressed_FIC_FIDC_NP_Multicarteira_-_Única_,FIDCs,brBBB,,brBBB,2017-11-08,Confirmação,Positiva,
2026-09-25,JGP DISTRESSED FIC FIDC NP MULTICARTEIRA - ÚNICA,https://www.austin.com.br/Historico-Rating/1107/JGP_Distressed_FIC_FIDC_NP_Multicarteira_-_Única_,FIDCs,brBBB,,brBBB,2017-08-09,Elevação,Positiva,
2026-09-25,JGP DISTRESSED FIC FIDC NP MULTICARTEIRA - ÚNICA,https://www.austin.com.br/Historico-Rating/1107/JGP_Distressed_FIC_FIDC_NP_Multicarteira_-_Única_,FIDCs,brB,,brB,2017-05-10,Confirmação,Estável,
2026-09-25,JGP DISTRESSED FIC FIDC NP MULTICARTEIRA - ÚNICA,https://www.austin.com.br/Historico-Rating/1107/JGP_Distressed_FIC_FIDC_NP_Multicarteira_-_Única_,FIDCs,brB,,brB,2017-02-07,Confirmação,Estável,
2026-09-25,JGP DISTRESSED FIC FIDC NP MULTICARTEIRA - ÚNICA,https://www.austin.com.br/Historico-Rating/1107/JGP_Distressed_FIC_FIDC_NP_Multicarteira_-_Única_,FIDCs,brB,,brB,2016-11-09,Confirmação,Estável,
2026-09-25,JGP DISTRESSED FIC FIDC NP MULTICARTEIRA - ÚNICA,https://www.austin.com.br/Historico-Rating/1107/JGP_Distressed_FIC_FIDC_NP_Multicarteira_-_Única_,FIDCs,brB,,brB,2016-07-15,Confirmação,Estável,
2026-09-25,JGP DISTRESSED FIC FIDC NP MULTICARTEIRA - ÚNICA,https://www.austin.com.br/Historico-Rating/1107/JGP_Distressed_FIC_FIDC_NP_Multicarteira_-_Única_,FIDCs,brB,,brB,2016-05-10,Confirmação,Estável,
2026-09-25,JGP DISTRESSED FIC FIDC NP MULTICARTEIRA - ÚNICA,https://www.austin.com.br/Historico-Rating/1107/JGP_Distressed_FIC_FIDC_NP_Multicarteira_-_Única_,FIDCs,brB,,brB,2016-02-11,Confirmação,Estável,
2026-09-25,JGP DISTRESSED FIC FIDC NP MULTICARTEIRA - ÚNICA,https://www.austin.com.br/Historico-Rating/1107/JGP_Distressed_FIC_FIDC_NP_Multicarteira_-_Única_,FIDCs,brB,,brB,2015-11-05,Confirmação,Estável,
2026-09-25,JGP DISTRESSED FIC FIDC NP MULTICARTEIRA - ÚNICA,https://www.austin.com.br/Historico-Rating/1107/JGP_Distressed_FIC_FIDC_NP_Multicarteira_-_Única_,FIDCs,brB,,brB,2015-08-07,Confirmação,Estável,
2026-09-25,JGP DISTRESSED FIC FIDC NP MULTICARTEIRA - ÚNICA,https://www.austin.com.br/Historico-Rating/1107/JGP_Distressed_FIC_FIDC_NP_Multicarteira_-_Única_,FIDCs,brB,,brB,2015-05-12,Confirmação,Estável,
2026-09-25,JGP DISTRESSED FIC FIDC NP MULTICARTEIRA - ÚNICA,https://www.austin.com.br/Historico-Rating/1107/JGP_Distressed_FIC_FIDC_NP_Multicarteira_-_Única_,FIDCs,brB,,brB,2015-02-13,Confirmação,Estável,
2026-09-25,JGP DISTRESSED FIC FIDC NP MULTICARTEIRA - ÚNICA,https://www.austin.com.br/Historico-Rating/1107/JGP_Distressed_FIC_FIDC_NP_Multicarteira_-_Única_,FIDCs,brB,,brB,2014-11-07,Confirmação,Estável,
2026-09-25,JGP DISTRESSED FIC FIDC NP MULTICARTEIRA - ÚNICA,https://www.austin.com.br/Historico-Rating/1107/JGP_Distressed_FIC_FIDC_NP_Multicarteira_-_Única_,FIDCs,brB,,brB,2014-08-14,Confirmação,Estável,
2026-09-25,JGP DISTRESSED FIC FIDC NP MULTICARTEIRA - ÚNICA,https://www.austin.com.br/Historico-Rating/1107/JGP_Distressed_FIC_FIDC_NP_Multicarteira_-_Única_,FIDCs,brB,,brB,2014-05-02,Confirmação,Estável,
2026-09-25,JGP DISTRESSED FIC FIDC NP MULTICARTEIRA - ÚNICA,https://www.austin.com.br/Historico-Rating/1107/JGP_Distressed_FIC_FIDC_NP_Multicarteira_-_Única_,FIDCs,brB,,brB,2014-02-13,Confirmação,Estável,
2026-09-25,JGP DISTRESSED FIC FIDC NP MULTICARTEIRA - ÚNICA,https://www.austin.com.br/Historico-Rating/1107/JGP_Distressed_FIC_FIDC_NP_Multicarteira_-_Única_,FIDCs,brB,,brB,2013-11-01,Confirmação,Estável,
2026-09-25,JGP DISTRESSED FIC FIDC NP MULTICARTEIRA - ÚNICA,https://www.austin.com.br/Historico-Rating/1107/JGP_Distressed_FIC_FIDC_NP_Multicarteira_-_Única_,FIDCs,brB,,brB,2013-08-15,Confirmação,Estável,
2026-09-25,JGP DISTRESSED FIC FIDC NP MULTICARTEIRA - ÚNICA,https://www.austin.com.br/Historico-Rating/1107/JGP_Distressed_FIC_FIDC_NP_Multicarteira_-_Única_,FIDCs,brB,,brB,2013-05-20,Confirmação,Estável,
2026-09-25,JGP DISTRESSED FIC FIDC NP MULTICARTEIRA - ÚNICA,https://www.austin.com.br/Historico-Rating/1107/JGP_Distressed_FIC_FIDC_NP_Multicarteira_-_Única_,FIDCs,brB,,brB,2013-02-15,Confirmação,Estável,
2026-09-25,JGP DISTRESSED FIC FIDC NP MULTICARTEIRA - ÚNICA,https://www.austin.com.br/Historico-Rating/1107/JGP_Distressed_FIC_FIDC_NP_Multicarteira_-_Única_,FIDCs,brB,,brB,2012-11-28,Confirmação,Estável,
2026-09-25,JGP DISTRESSED FIC FIDC NP MULTICARTEIRA - ÚNICA,https://www.austin.com.br/Historico-Rating/1107/JGP_Distressed_FIC_FIDC_NP_Multicarteira_-_Única_,FIDCs,brB,,brB,2012-02-14,Rating Inicial,Estável,
2026-09-25,KARDBANK CONSIGNADO FIDC - SUBORDINADAS MEZANINO,https://www.austin.com.br/Historico-Rating/4011/Kardbank_Consignado_FIDC_-_Subordinadas_Mezanino_,FIDCs,brBB-,,brBB-,2022-06-23,Rating Inicial,Estável,
2026-09-25,KARDINAL CRÉDITO IMOBILIÁRIO FIDC  - ÚNICA,https://www.austin.com.br/Historico-Rating/3769/Kardinal_Crédito_Imobiliário_FIDC__-_Única_,FIDCs,brBBB-,,brBBB-,2021-04-09,Rating Preliminar,,
2026-09-25,KARDBANK CONSIGNADO FIDC - SENIORES ÚNICA,https://www.austin.com.br/Historico-Rating/4010/Kardbank_Consignado_FIDC_-_Seniores_Única,FIDCs,brBBB,,brBBB,2022-06-23,Rating Inicial,Estável,
2026-09-25,KARDBANK CONSIGNADO FIDC - SUBORDINADAS JÚNIOR,https://www.austin.com.br/Historico-Rating/4012/Kardbank_Consignado_FIDC_-_Subordinadas_Júnior_,FIDCs,brB,,brB,2022-06-23,Rating Inicial,Estável,
2026-09-25,KREDITARE FIDC - MEZANINO CLASSE A,https://www.austin.com.br/Historico-Rating/2560/Kreditare_FIDC_-_Mezanino_Classe_A_,FIDCs,brBBB-,,brBBB-,2020-04-02,Observação Negativa,,https://www.austin.com.br/Relatorio/Rating/Kreditare_FIDC/9890
2026-09-25,KREDITARE FIDC - MEZANINO CLASSE A,https://www.austin.com.br/Historico-Rating/2560/Kreditare_FIDC_-_Mezanino_Classe_A_,FIDCs,brBBB-,,brBBB-,2019-11-14,Confirmação,Estável,
2026-09-25,KREDITARE FIDC - MEZANINO CLASSE A,https://www.austin.com.br/Historico-Rating/2560/Kreditare_FIDC_-_Mezanino_Classe_A_,FIDCs,brBBB-,,brBBB-,2019-07-22,Confirmação,Estável,
2026-09-25,KREDITARE FIDC - MEZANINO CLASSE A,https://www.austin.com.br/Historico-Rating/2560/Kreditare_FIDC_-_Mezanino_Classe_A_,FIDCs,brBBB-,,brBBB-,2019-05-03,Confirmação,Estável,
2026-09-25,KREDITARE FIDC - MEZANINO CLASSE A,https://www.austin.com.br/Historico-Rating/2560/Kreditare_FIDC_-_Mezanino_Classe_A_,FIDCs,brBBB-,,brBBB-,2019-02-15,Confirmação,Estável,
2026-09-25,KREDITARE FIDC - MEZANINO CLASSE A,https://www.austin.com.br/Historico-Rating/2560/Kreditare_FIDC_-_Mezanino_Classe_A_,FIDCs,brBBB-,,brBBB-,2018-07-20,Confirmação,Estável,
2026-09-25,KREDITARE FIDC - MEZANINO CLASSE A,https://www.austin.com.br/Historico-Rating/2560/Kreditare_FIDC_-_Mezanino_Classe_A_,FIDCs,brBBB-,,brBBB-,2018-05-24,Confirmação,Estável,
2026-09-25,KREDITARE FIDC - MEZANINO CLASSE A,https://www.austin.com.br/Historico-Rating/2560/Kreditare_FIDC_-_Mezanino_Classe_A_,FIDCs,brBB+,,brBB+,2017-05-26,Confirmação,Estável,
2026-09-25,KREDITARE FIDC - MEZANINO CLASSE A,https://www.austin.com.br/Historico-Rating/2560/Kreditare_FIDC_-_Mezanino_Classe_A_,FIDCs,brBB+,,brBB+,2016-11-28,Rating Inicial,Estável,
2026-09-25,KINEA INVESTIMENTOS LTDA.,https://www.austin.com.br/Historico-Rating/3034/Kinea_Investimentos_Ltda,Gestão,QG1,,QG1,2023-08-08,Elevação,Estável,
2026-09-25,KINEA INVESTIMENTOS LTDA.,https://www.austin.com.br/Historico-Rating/3034/Kinea_Investimentos_Ltda,Gestão,QG2+,,QG2+,2022-02-10,Confirmação,Estável,
2026-09-25,KINEA INVESTIMENTOS LTDA.,https://www.austin.com.br/Historico-Rating/3034/Kinea_Investimentos_Ltda,Gestão,QG2+,,QG2+,2020-10-20,Confirmação,Estável,
2026-09-25,KINEA INVESTIMENTOS LTDA.,https://www.austin.com.br/Historico-Rating/3034/Kinea_Investimentos_Ltda,Gestão,QG2+,,QG2+,2019-08-27,Confirmação,Estável,
2026-09-25,LANA FIDC - SUBORDINADAS JÚNIOR,https://www.austin.com.br/Historico-Rating/3793/Lana_FIDC_-_Subordinadas_Júnior_,FIDCs,brB-,,brB-,2021-04-23,Rating Inicial,Estável,https://www.austin.com.br/Relatorio/Rating/Lana_FIDC/10190
2026-09-25,KINEA VÉRTICE FIDC ABERTO - ÚNICA,https://www.austin.com.br/Historico-Rating/3113/Kinea_Vértice_FIDC_Aberto_-_Única_,FIDCs,brA,,brA,2019-10-28,Confirmação,Estável,https://www.austin.com.br/Relatorio/Rating/Kinea_Vértice_FIDC_Aberto/9581
2026-09-25,KINEA VÉRTICE FIDC ABERTO - ÚNICA,https://www.austin.com.br/Historico-Rating/3113/Kinea_Vértice_FIDC_Aberto_-_Única_,FIDCs,brA,,brA,2018-12-03,Rating Inicial,Estável,
2026-09-25,KP DRACMA FIDC NP - SUBORDINADAS JÚNIOR,https://www.austin.com.br/Historico-Rating/4616/KP_Dracma_FIDC_NP_-_Subordinadas_Júnior_,FIDCs,brBB-,,brBB-,2024-07-24,Confirmação,Estável,https://www.austin.com.br/Relatorio/Rating/KP_Dracma_FIDC_NP/10972
2026-09-25,KUARÁ SPECIAL SITUATIONS I FIDC NP - ÚNICA,https://www.austin.com.br/Historico-Rating/4543/Kuará_Special_Situations_I_FIDC_NP_-_Única_,FIDCs,brBB,,brBB,2024-05-10,Elevação,Estável,
2026-09-25,KREDITARE FIDC - SENIORES ÚNICA,https://www.austin.com.br/Historico-Rating/2559/Kreditare_FIDC_-_Seniores_Única,FIDCs,brA,,brA,2020-04-02,Observação Negativa,,https://www.austin.com.br/Relatorio/Rating/Kreditare_FIDC/9889
2026-09-25,KREDITARE FIDC - SENIORES ÚNICA,https://www.austin.com.br/Historico-Rating/2559/Kreditare_FIDC_-_Seniores_Única,FIDCs,brA,,brA,2019-11-14,Confirmação,Estável,
2026-09-25,KREDITARE FIDC - SENIORES ÚNICA,https://www.austin.com.br/Historico-Rating/2559/Kreditare_FIDC_-_Seniores_Única,FIDCs,brA,,brA,2019-07-22,Confirmação,Estável,
2026-09-25,KREDITARE FIDC - SENIORES ÚNICA,https://www.austin.com.br/Historico-Rating/2559/Kreditare_FIDC_-_Seniores_Única,FIDCs,brA,,brA,2019-05-03,Confirmação,Estável,
2026-09-25,KREDITARE FIDC - SENIORES ÚNICA,https://www.austin.com.br/Historico-Rating/2559/Kreditare_FIDC_-_Seniores_Única,FIDCs,brA,,brA,2019-02-15,Confirmação,Estável,
2026-09-25,KREDITARE FIDC - SENIORES ÚNICA,https://www.austin.com.br/Historico-Rating/2559/Kreditare_FIDC_-_Seniores_Única,FIDCs,brA,,brA,2018-07-20,Confirmação,Estável,
2026-09-25,KREDITARE FIDC - SENIORES ÚNICA,https://www.austin.com.br/Historico-Rating/2559/Kreditare_FIDC_-_Seniores_Única,FIDCs,brA,,brA,2018-05-24,Confirmação,Estável,
2026-09-25,KREDITARE FIDC - SENIORES ÚNICA,https://www.austin.com.br/Historico-Rating/2559/Kreditare_FIDC_-_Seniores_Única,FIDCs,brA-,,brA-,2017-05-26,Confirmação,Estável,
2026-09-25,KREDITARE FIDC - SENIORES ÚNICA,https://www.austin.com.br/Historico-Rating/2559/Kreditare_FIDC_-_Seniores_Única,FIDCs,brA-,,brA-,2016-11-28,Rating Inicial,Estável,
2026-09-25,LEADS CIA SECURITIZADORA - RISCO TERRAS EMPREENDIMENTOS  (1ª SÉRIE - 1ª EMISSÃO),https://www.austin.com.br/Historico-Rating/3690/Leads_Cia_Securitizadora_-_Risco_Terras_Empreendimentos__(1ª_Série_-_1ª_Emissão),CRIs,brBBB-,,brBBB-,2021-01-11,Rating Inicial,Estável,https://www.austin.com.br/Relatorio/Rating/Leads_Cia_Securitizadora_-_Risco_Terras_Empreendimentos__(1ª_Série_-_1ª_Emissão)/10133
2026-09-25,LANA FIDC - SENIORES 1ª SÉRIE,https://www.austin.com.br/Historico-Rating/3791/Lana_FIDC_-_Seniores_1ª_série,FIDCs,brA-,,brA-,2021-04-23,Rating Inicial,Estável,https://www.austin.com.br/Relatorio/Rating/Lana_FIDC/10189
2026-09-25,LESTE  CREDIT PRECATÓRIOS I - FIDC NP - SENIORES 1ª SÉRIE,https://www.austin.com.br/Historico-Rating/4617/Leste__Credit_Precatórios_I_-_FIDC_NP_-_Seniores_1ª_série,FIDCs,brBBB,,brBBB,2024-07-24,Confirmação,Estável,https://www.austin.com.br/Relatorio/Rating/Leste__Credit_Precatórios_I_-_FIDC_NP/10973
2026-09-25,LEADS SECURITIZADORA - RISCO TERRAS EMPREENDIMENTOS - (1ª EMISSÃO - 1ª SÉRIE),https://www.austin.com.br/Historico-Rating/4040/Leads_Securitizadora_-_Risco_Terras_Empreendimentos_-_(1ª_Emissão_-_1ª_Série),CRIs,brBBB-,,brBBB-,2022-03-25,Confirmação,Estável,https://www.austin.com.br/Relatorio/Rating/Leads_Securitizadora_-_Risco_Terras_Empreendimentos_-_(1ª_Emissão_-_1ª_Série)/10394
2026-09-25,LESTE ARBITRAGEM I FIDC NP - ÚNICA,https://www.austin.com.br/Historico-Rating/3494/Leste_Arbitragem_I_FIDC_NP_-_Única_,FIDCs,brB,,brB,2020-03-23,Rating Inicial,Estável,https://www.austin.com.br/Relatorio/Rating/Leste_Arbitragem_I_FIDC_NP/9694
2026-09-25,LESTE CREDIT PRECATÓRIOS II - SUBORDINADAS,https://www.austin.com.br/Historico-Rating/4619/Leste_Credit_Precatórios_II_-_Subordinadas_,FIDCs,brBB,,brBB,2024-07-24,Confirmação,Estável,https://www.austin.com.br/Relatorio/Rating/Leste_Credit_Precatórios_II/10975
2026-09-25,LESTE CREDIT PRECATÓRIOS II - SENIORES ÚNICA,https://www.austin.com.br/Historico-Rating/4618/Leste_Credit_Precatórios_II_-_Seniores_Única,FIDCs,brBBB+,,brBBB+,2024-07-24,Confirmação,Estável,https://www.austin.com.br/Relatorio/Rating/Leste_Credit_Precatórios_II/10974
2026-09-25,LEVE FIDC - SUBORDINADAS MEZANINO II,https://www.austin.com.br/Historico-Rating/3789/Leve_FIDC_-_Subordinadas_Mezanino_II_,FIDCs,brBB+,,brBB+,2021-04-16,Rating Inicial,Estável,https://www.austin.com.br/Relatorio/Rating/Leve_FIDC/10187
2026-09-25,LESTE LLF CID FIDC NP I  - SENIORES ÚNICA,https://www.austin.com.br/Historico-Rating/3574/Leste_LLF_CID_FIDC_NP_I__-_Seniores_Única,FIDCs,brBBB-,,brBBB-,2025-08-19,Confirmação,Estável,https://www.austin.com.br/Relatorio/Rating/Leste_LLF_CID_FIDC_NP_I_/10019
2026-09-25,LESTE CREDIT PRECATÓRIOS III - FIDC NP - SENIORES ÚNICA,https://www.austin.com.br/Historico-Rating/4620/Leste_Credit_Precatórios_III_-_FIDC_NP_-_Seniores_Única,FIDCs,brBBB-,,brBBB-,2024-07-24,Confirmação,Estável,https://www.austin.com.br/Relatorio/Rating/Leste_Credit_Precatórios_III_-_FIDC_NP/10976
2026-09-25,LECCA FIDC - SENIORES 1ª SÉRIE,https://www.austin.com.br/Historico-Rating/317/Lecca_FIDC_-_Seniores_1ª_série,FIDCs,brAA-,,brAA-,2020-04-02,Observação Negativa,,https://www.austin.com.br/Relatorio/Rating/Lecca_FIDC/9864
2026-09-25,LECCA FIDC - SENIORES 1ª SÉRIE,https://www.austin.com.br/Historico-Rating/317/Lecca_FIDC_-_Seniores_1ª_série,FIDCs,brAA-,,brAA-,2019-11-28,Confirmação,Estável,
2026-09-25,LECCA FIDC - SENIORES 1ª SÉRIE,https://www.austin.com.br/Historico-Rating/317/Lecca_FIDC_-_Seniores_1ª_série,FIDCs,brAA-,,brAA-,2019-08-26,Confirmação,Estável,
2026-09-25,LECCA FIDC - SENIORES 1ª SÉRIE,https://www.austin.com.br/Historico-Rating/317/Lecca_FIDC_-_Seniores_1ª_série,FIDCs,brAA-,,brAA-,2019-05-17,Confirmação,Estável,
2026-09-25,LECCA FIDC - SENIORES 1ª SÉRIE,https://www.austin.com.br/Historico-Rating/317/Lecca_FIDC_-_Seniores_1ª_série,FIDCs,brAA-,,brAA-,2019-02-21,Observação Negativa,,
2026-09-25,LECCA FIDC - SENIORES 1ª SÉRIE,https://www.austin.com.br/Historico-Rating/317/Lecca_FIDC_-_Seniores_1ª_série,FIDCs,brAA-,,brAA-,2018-08-14,Confirmação,Estável,
2026-09-25,LECCA FIDC - SENIORES 1ª SÉRIE,https://www.austin.com.br/Historico-Rating/317/Lecca_FIDC_-_Seniores_1ª_série,FIDCs,brAA-,,brAA-,2018-06-19,Confirmação,Estável,
2026-09-25,LECCA FIDC - SENIORES 1ª SÉRIE,https://www.austin.com.br/Historico-Rating/317/Lecca_FIDC_-_Seniores_1ª_série,FIDCs,brAA-,,brAA-,2018-03-19,Confirmação,Estável,
2026-09-25,LECCA FIDC - SENIORES 1ª SÉRIE,https://www.austin.com.br/Historico-Rating/317/Lecca_FIDC_-_Seniores_1ª_série,FIDCs,brAA-,,brAA-,2017-12-19,Confirmação,Estável,
2026-09-25,LECCA FIDC - SENIORES 1ª SÉRIE,https://www.austin.com.br/Historico-Rating/317/Lecca_FIDC_-_Seniores_1ª_série,FIDCs,brAA-,,brAA-,2017-09-08,Confirmação,Estável,
2026-09-25,LECCA FIDC - SENIORES 1ª SÉRIE,https://www.austin.com.br/Historico-Rating/317/Lecca_FIDC_-_Seniores_1ª_série,FIDCs,brAA-,,brAA-,2017-05-12,Confirmação,Estável,
2026-09-25,LECCA FIDC - SENIORES 1ª SÉRIE,https://www.austin.com.br/Historico-Rating/317/Lecca_FIDC_-_Seniores_1ª_série,FIDCs,brAA-,,brAA-,2017-02-10,Confirmação,Estável,
2026-09-25,LECCA FIDC - SENIORES 1ª SÉRIE,https://www.austin.com.br/Historico-Rating/317/Lecca_FIDC_-_Seniores_1ª_série,FIDCs,brAA-,,brAA-,2016-11-22,Confirmação,Estável,
2026-09-25,LECCA FIDC - SENIORES 1ª SÉRIE,https://www.austin.com.br/Historico-Rating/317/Lecca_FIDC_-_Seniores_1ª_série,FIDCs,brAA-,,brAA-,2016-07-29,Confirmação,Estável,
2026-09-25,LECCA FIDC - SENIORES 1ª SÉRIE,https://www.austin.com.br/Historico-Rating/317/Lecca_FIDC_-_Seniores_1ª_série,FIDCs,brAA-,,brAA-,2016-02-17,Confirmação,Estável,
2026-09-25,LECCA FIDC - SENIORES 1ª SÉRIE,https://www.austin.com.br/Historico-Rating/317/Lecca_FIDC_-_Seniores_1ª_série,FIDCs,brAA-,,brAA-,2015-11-16,Confirmação,Estável,
2026-09-25,LECCA FIDC - SENIORES 1ª SÉRIE,https://www.austin.com.br/Historico-Rating/317/Lecca_FIDC_-_Seniores_1ª_série,FIDCs,brAA-,,brAA-,2015-05-13,Confirmação,Estável,
2026-09-25,LECCA FIDC - SENIORES 1ª SÉRIE,https://www.austin.com.br/Historico-Rating/317/Lecca_FIDC_-_Seniores_1ª_série,FIDCs,brAA-,,brAA-,2014-11-21,Confirmação,Estável,
2026-09-25,LECCA FIDC - SENIORES 1ª SÉRIE,https://www.austin.com.br/Historico-Rating/317/Lecca_FIDC_-_Seniores_1ª_série,FIDCs,brAA-,,brAA-,2014-08-18,Confirmação,Estável,
2026-09-25,LECCA FIDC - SENIORES 1ª SÉRIE,https://www.austin.com.br/Historico-Rating/317/Lecca_FIDC_-_Seniores_1ª_série,FIDCs,brAA-,,brAA-,2014-05-23,Confirmação,Estável,
2026-09-25,LECCA FIDC - SENIORES 1ª SÉRIE,https://www.austin.com.br/Historico-Rating/317/Lecca_FIDC_-_Seniores_1ª_série,FIDCs,brAA-,,brAA-,2014-02-07,Confirmação,Estável,
2026-09-25,LECCA FIDC - SENIORES 1ª SÉRIE,https://www.austin.com.br/Historico-Rating/317/Lecca_FIDC_-_Seniores_1ª_série,FIDCs,brAA-,,brAA-,2013-11-25,Confirmação,Estável,
2026-09-25,LECCA FIDC - SENIORES 1ª SÉRIE,https://www.austin.com.br/Historico-Rating/317/Lecca_FIDC_-_Seniores_1ª_série,FIDCs,brAA-,,brAA-,2012-05-15,Confirmação,Estável,
2026-09-25,LECCA FIDC - SENIORES 1ª SÉRIE,https://www.austin.com.br/Historico-Rating/317/Lecca_FIDC_-_Seniores_1ª_série,FIDCs,brAA-,,brAA-,2012-02-22,Confirmação,Estável,
2026-09-25,LECCA FIDC - SENIORES 1ª SÉRIE,https://www.austin.com.br/Historico-Rating/317/Lecca_FIDC_-_Seniores_1ª_série,FIDCs,brAA-,,brAA-,2011-11-17,Confirmação,Estável,
2026-09-25,LECCA FIDC - SENIORES 1ª SÉRIE,https://www.austin.com.br/Historico-Rating/317/Lecca_FIDC_-_Seniores_1ª_série,FIDCs,brAA-,,brAA-,2011-08-12,Confirmação,Estável,
2026-09-25,LECCA FIDC - SENIORES 1ª SÉRIE,https://www.austin.com.br/Historico-Rating/317/Lecca_FIDC_-_Seniores_1ª_série,FIDCs,brAA-,,brAA-,2011-05-16,Confirmação,Estável,
2026-09-25,LECCA FIDC - SENIORES 1ª SÉRIE,https://www.austin.com.br/Historico-Rating/317/Lecca_FIDC_-_Seniores_1ª_série,FIDCs,brAA-,,brAA-,2011-02-18,Confirmação,Estável,
2026-09-25,LECCA FIDC - SENIORES 1ª SÉRIE,https://www.austin.com.br/Historico-Rating/317/Lecca_FIDC_-_Seniores_1ª_série,FIDCs,brAA-,,brAA-,2010-11-18,Confirmação,Estável,
2026-09-25,LECCA FIDC - SENIORES 1ª SÉRIE,https://www.austin.com.br/Historico-Rating/317/Lecca_FIDC_-_Seniores_1ª_série,FIDCs,brAA-,,brAA-,2010-08-12,Confirmação,Estável,
2026-09-25,LECCA FIDC - SENIORES 1ª SÉRIE,https://www.austin.com.br/Historico-Rating/317/Lecca_FIDC_-_Seniores_1ª_série,FIDCs,brAA-,,brAA-,2010-02-12,Confirmação,Estável,
2026-09-25,LECCA FIDC - SENIORES 1ª SÉRIE,https://www.austin.com.br/Historico-Rating/317/Lecca_FIDC_-_Seniores_1ª_série,FIDCs,brAA-,,brAA-,2009-11-12,Confirmação,Estável,
2026-09-25,LECCA FIDC - SENIORES 1ª SÉRIE,https://www.austin.com.br/Historico-Rating/317/Lecca_FIDC_-_Seniores_1ª_série,FIDCs,brAA-,,brAA-,2009-08-13,Confirmação,Estável,
2026-09-25,LECCA FIDC - SENIORES 1ª SÉRIE,https://www.austin.com.br/Historico-Rating/317/Lecca_FIDC_-_Seniores_1ª_série,FIDCs,brAA-,,brAA-,2009-05-13,Confirmação,Estável,
2026-09-25,LECCA FIDC - SENIORES 1ª SÉRIE,https://www.austin.com.br/Historico-Rating/317/Lecca_FIDC_-_Seniores_1ª_série,FIDCs,brAA-,,brAA-,2009-02-26,Confirmação,Estável,
2026-09-25,LECCA FIDC - SENIORES 1ª SÉRIE,https://www.austin.com.br/Historico-Rating/317/Lecca_FIDC_-_Seniores_1ª_série,FIDCs,brAA-,,brAA-,2008-11-13,Confirmação,Estável,
2026-09-25,LECCA FIDC - SENIORES 1ª SÉRIE,https://www.austin.com.br/Historico-Rating/317/Lecca_FIDC_-_Seniores_1ª_série,FIDCs,brAA-,,brAA-,2008-07-31,Confirmação,Estável,
2026-09-25,LECCA FIDC - SENIORES 1ª SÉRIE,https://www.austin.com.br/Historico-Rating/317/Lecca_FIDC_-_Seniores_1ª_série,FIDCs,brAA-,,brAA-,2008-05-26,Confirmação,Estável,
2026-09-25,LECCA FIDC - SENIORES 1ª SÉRIE,https://www.austin.com.br/Historico-Rating/317/Lecca_FIDC_-_Seniores_1ª_série,FIDCs,brAA-,,brAA-,2008-02-12,Confirmação,Estável,
2026-09-25,LECCA FIDC - SENIORES 1ª SÉRIE,https://www.austin.com.br/Historico-Rating/317/Lecca_FIDC_-_Seniores_1ª_série,FIDCs,brAA-,,brAA-,2007-10-15,Confirmação,Estável,
2026-09-25,LECCA FIDC - SENIORES 1ª SÉRIE,https://www.austin.com.br/Historico-Rating/317/Lecca_FIDC_-_Seniores_1ª_série,FIDCs,brAA-,,brAA-,2007-08-09,Confirmação,Estável,
2026-09-25,LEVE FIDC - SENIORES 2ª SÉRIE,https://www.austin.com.br/Historico-Rating/3788/Leve_FIDC_-_Seniores_2ª_série,FIDCs,brA,,brA,2021-04-16,Rating Inicial,Estável,https://www.austin.com.br/Relatorio/Rating/Leve_FIDC/10186
2026-09-25,LEVE FIDC - SUBORDINADAS MEZANINO III,https://www.austin.com.br/Historico-Rating/3790/Leve_FIDC_-_Subordinadas_Mezanino_III_,FIDCs,brBB+,,brBB+,2021-04-16,Rating Inicial,Estável,https://www.austin.com.br/Relatorio/Rating/Leve_FIDC/10188
2026-09-25,LESTE LLF CID FIDC NP I  - SUBORDINADAS,https://www.austin.com.br/Historico-Rating/3573/Leste_LLF_CID_FIDC_NP_I__-_Subordinadas_,FIDCs,brBB-,,brBB-,2025-08-19,Confirmação,Estável,https://www.austin.com.br/Relatorio/Rating/Leste_LLF_CID_FIDC_NP_I_/10018
2026-09-25,LIMAJ FIDC - SUBORDINADAS JÚNIOR,https://www.austin.com.br/Historico-Rating/4597/Limaj_FIDC_-_Subordinadas_Júnior_,FIDCs,brB-,,brB-,2024-07-15,Rating Inicial,Estável,https://www.austin.com.br/Relatorio/Rating/Limaj_FIDC/10937
2026-09-25,LIMAJ FIDC - SUBORDINADAS MEZANINO,https://www.austin.com.br/Historico-Rating/4596/Limaj_FIDC_-_Subordinadas_Mezanino_,FIDCs,brB+,,brB+,2024-07-15,Rating Inicial,Estável,https://www.austin.com.br/Relatorio/Rating/Limaj_FIDC/10936
2026-09-25,LIMAJ FIDC - SENIORES ÚNICA,https://www.austin.com.br/Historico-Rating/4621/LIMAJ_FIDC_-_Seniores_Única,FIDCs,brBB,,brBB,2024-07-19,Confirmação,Estável,https://www.austin.com.br/Relatorio/Rating/LIMAJ_FIDC/10977
2026-09-25,LIVRE FIDC - SENIORES 3ª SÉRIE,https://www.austin.com.br/Historico-Rating/3387/Livre_FIDC_-_Seniores_3ª_série,FIDCs,brA,,brA,2020-04-02,Observação Negativa,,https://www.austin.com.br/Relatorio/Rating/Livre_FIDC/9920
2026-09-25,LIVRE FIDC - SENIORES 3ª SÉRIE,https://www.austin.com.br/Historico-Rating/3387/Livre_FIDC_-_Seniores_3ª_série,FIDCs,brA,,brA,2019-11-08,Rating Inicial,Estável,
2026-09-25,LS INTERBANK FIDC - SENIORES ÚNICA,https://www.austin.com.br/Historico-Rating/3102/LS_Interbank_FIDC_-_Seniores_Única,FIDCs,brA-,,brA-,2020-04-02,Observação Negativa,,https://www.austin.com.br/Relatorio/Rating/LS_Interbank_FIDC/9923
2026-09-25,LS INTERBANK FIDC - SENIORES ÚNICA,https://www.austin.com.br/Historico-Rating/3102/LS_Interbank_FIDC_-_Seniores_Única,FIDCs,brA-,,brA-,2019-06-27,Rating Inicial,Estável,
2026-09-25,LIVRE FIDC  - SUBORDINADAS JÚNIOR,https://www.austin.com.br/Historico-Rating/1709/Livre_FIDC__-_Subordinadas_Júnior_,FIDCs,brB-,,brB-,2020-04-02,Observação Negativa,,https://www.austin.com.br/Relatorio/Rating/Livre_FIDC_/9919
2026-09-25,LIVRE FIDC  - SUBORDINADAS JÚNIOR,https://www.austin.com.br/Historico-Rating/1709/Livre_FIDC__-_Subordinadas_Júnior_,FIDCs,brB-,,brB-,2019-11-01,Confirmação,Estável,
2026-09-25,LIVRE FIDC  - SUBORDINADAS JÚNIOR,https://www.austin.com.br/Historico-Rating/1709/Livre_FIDC__-_Subordinadas_Júnior_,FIDCs,brB-,,brB-,2019-09-12,Confirmação,Estável,
2026-09-25,LIVRE FIDC  - SUBORDINADAS JÚNIOR,https://www.austin.com.br/Historico-Rating/1709/Livre_FIDC__-_Subordinadas_Júnior_,FIDCs,brB-,,brB-,2019-05-08,Confirmação,Estável,
2026-09-25,LIVRE FIDC  - SUBORDINADAS JÚNIOR,https://www.austin.com.br/Historico-Rating/1709/Livre_FIDC__-_Subordinadas_Júnior_,FIDCs,brB-,,brB-,2019-02-21,Confirmação,Estável,
2026-09-25,LIVRE FIDC  - SUBORDINADAS JÚNIOR,https://www.austin.com.br/Historico-Rating/1709/Livre_FIDC__-_Subordinadas_Júnior_,FIDCs,brB-,,brB-,2018-07-13,Confirmação,Estável,
2026-09-25,LIVRE FIDC  - SUBORDINADAS JÚNIOR,https://www.austin.com.br/Historico-Rating/1709/Livre_FIDC__-_Subordinadas_Júnior_,FIDCs,brB-,,brB-,2018-06-21,Confirmação,Estável,
2026-09-25,LIVRE FIDC  - SUBORDINADAS JÚNIOR,https://www.austin.com.br/Historico-Rating/1709/Livre_FIDC__-_Subordinadas_Júnior_,FIDCs,brB-,,brB-,2017-05-15,Confirmação,Estável,
2026-09-25,LIVRE FIDC  - SUBORDINADAS JÚNIOR,https://www.austin.com.br/Historico-Rating/1709/Livre_FIDC__-_Subordinadas_Júnior_,FIDCs,brB-,,brB-,2017-02-15,Confirmação,Estável,
2026-09-25,LIVRE FIDC  - SUBORDINADAS JÚNIOR,https://www.austin.com.br/Historico-Rating/1709/Livre_FIDC__-_Subordinadas_Júnior_,FIDCs,brB-,,brB-,2016-11-11,Confirmação,Estável,
2026-09-25,LIVRE FIDC  - SUBORDINADAS JÚNIOR,https://www.austin.com.br/Historico-Rating/1709/Livre_FIDC__-_Subordinadas_Júnior_,FIDCs,brB-,,brB-,2016-07-29,Confirmação,Estável,
2026-09-25,LIVRE FIDC  - SUBORDINADAS JÚNIOR,https://www.austin.com.br/Historico-Rating/1709/Livre_FIDC__-_Subordinadas_Júnior_,FIDCs,brB-,,brB-,2016-05-20,Confirmação,Estável,
2026-09-25,LIVRE FIDC  - SUBORDINADAS JÚNIOR,https://www.austin.com.br/Historico-Rating/1709/Livre_FIDC__-_Subordinadas_Júnior_,FIDCs,brB-,,brB-,2016-02-15,Confirmação,Estável,
2026-09-25,LIVRE FIDC  - SUBORDINADAS JÚNIOR,https://www.austin.com.br/Historico-Rating/1709/Livre_FIDC__-_Subordinadas_Júnior_,FIDCs,brB-,,brB-,2015-11-16,Confirmação,Estável,
2026-09-25,LIVRE FIDC  - SUBORDINADAS JÚNIOR,https://www.austin.com.br/Historico-Rating/1709/Livre_FIDC__-_Subordinadas_Júnior_,FIDCs,brB-,,brB-,2015-08-17,Confirmação,Estável,
2026-09-25,LIVRE FIDC  - SUBORDINADAS JÚNIOR,https://www.austin.com.br/Historico-Rating/1709/Livre_FIDC__-_Subordinadas_Júnior_,FIDCs,brB-,,brB-,2015-05-15,Confirmação,Estável,
2026-09-25,LIVRE FIDC  - SUBORDINADAS JÚNIOR,https://www.austin.com.br/Historico-Rating/1709/Livre_FIDC__-_Subordinadas_Júnior_,FIDCs,brB-,,brB-,2015-02-11,Confirmação,Estável,
2026-09-25,LIVRE FIDC  - SUBORDINADAS JÚNIOR,https://www.austin.com.br/Historico-Rating/1709/Livre_FIDC__-_Subordinadas_Júnior_,FIDCs,brB-,,brB-,2014-11-13,Confirmação,Estável,
2026-09-25,LIVRE FIDC  - SUBORDINADAS JÚNIOR,https://www.austin.com.br/Historico-Rating/1709/Livre_FIDC__-_Subordinadas_Júnior_,FIDCs,brB-,,brB-,2014-05-09,Confirmação,Estável,
2026-09-25,LIVRE FIDC  - SUBORDINADAS JÚNIOR,https://www.austin.com.br/Historico-Rating/1709/Livre_FIDC__-_Subordinadas_Júnior_,FIDCs,brB-,,brB-,2013-12-11,Rating Inicial,Estável,
2026-09-25,LS INTERBANK FIDC - MEZANINO CLASSE A,https://www.austin.com.br/Historico-Rating/4450/LS_Interbank_FIDC_-_Mezanino_Classe_A_,FIDCs,brBB-,,brBB-,2024-02-15,Rating Inicial,Estável,
2026-09-25,LIVRE FIDC  - SENIORES 2ª SÉRIE,https://www.austin.com.br/Historico-Rating/1708/Livre_FIDC__-_Seniores_2ª_série,FIDCs,brA,,brA,2020-04-02,Observação Negativa,,https://www.austin.com.br/Relatorio/Rating/Livre_FIDC_/9918
2026-09-25,LIVRE FIDC  - SENIORES 2ª SÉRIE,https://www.austin.com.br/Historico-Rating/1708/Livre_FIDC__-_Seniores_2ª_série,FIDCs,brA,,brA,2019-11-01,Confirmação,Estável,
2026-09-25,LIVRE FIDC  - SENIORES 2ª SÉRIE,https://www.austin.com.br/Historico-Rating/1708/Livre_FIDC__-_Seniores_2ª_série,FIDCs,brA,,brA,2019-08-12,Confirmação,Estável,
2026-09-25,LIVRE FIDC  - SENIORES 2ª SÉRIE,https://www.austin.com.br/Historico-Rating/1708/Livre_FIDC__-_Seniores_2ª_série,FIDCs,brA,,brA,2019-05-08,Confirmação,Estável,
2026-09-25,LIVRE FIDC  - SENIORES 2ª SÉRIE,https://www.austin.com.br/Historico-Rating/1708/Livre_FIDC__-_Seniores_2ª_série,FIDCs,brA,,brA,2019-02-21,Confirmação,Estável,
2026-09-25,LIVRE FIDC  - SENIORES 2ª SÉRIE,https://www.austin.com.br/Historico-Rating/1708/Livre_FIDC__-_Seniores_2ª_série,FIDCs,brA,,brA,2018-07-13,Confirmação,Estável,
2026-09-25,LIVRE FIDC  - SENIORES 2ª SÉRIE,https://www.austin.com.br/Historico-Rating/1708/Livre_FIDC__-_Seniores_2ª_série,FIDCs,brA,,brA,2018-06-21,Confirmação,Estável,
2026-09-25,LIVRE FIDC  - SENIORES 2ª SÉRIE,https://www.austin.com.br/Historico-Rating/1708/Livre_FIDC__-_Seniores_2ª_série,FIDCs,brA,,brA,2017-05-15,Confirmação,Estável,
2026-09-25,LIVRE FIDC  - SENIORES 2ª SÉRIE,https://www.austin.com.br/Historico-Rating/1708/Livre_FIDC__-_Seniores_2ª_série,FIDCs,brA,,brA,2017-02-15,Confirmação,Estável,
2026-09-25,LIVRE FIDC  - SENIORES 2ª SÉRIE,https://www.austin.com.br/Historico-Rating/1708/Livre_FIDC__-_Seniores_2ª_série,FIDCs,brA,,brA,2016-11-11,Confirmação,Estável,
2026-09-25,LIVRE FIDC  - SENIORES 2ª SÉRIE,https://www.austin.com.br/Historico-Rating/1708/Livre_FIDC__-_Seniores_2ª_série,FIDCs,brA,,brA,2016-07-29,Confirmação,Estável,
2026-09-25,LIVRE FIDC  - SENIORES 2ª SÉRIE,https://www.austin.com.br/Historico-Rating/1708/Livre_FIDC__-_Seniores_2ª_série,FIDCs,brA,,brA,2016-05-20,Confirmação,Estável,
2026-09-25,LIVRE FIDC  - SENIORES 2ª SÉRIE,https://www.austin.com.br/Historico-Rating/1708/Livre_FIDC__-_Seniores_2ª_série,FIDCs,brA,,brA,2016-02-15,Confirmação,Estável,
2026-09-25,LIVRE FIDC  - SENIORES 2ª SÉRIE,https://www.austin.com.br/Historico-Rating/1708/Livre_FIDC__-_Seniores_2ª_série,FIDCs,brA,,brA,2015-11-16,Confirmação,Estável,
2026-09-25,LIVRE FIDC  - SENIORES 2ª SÉRIE,https://www.austin.com.br/Historico-Rating/1708/Livre_FIDC__-_Seniores_2ª_série,FIDCs,brA,,brA,2015-08-17,Confirmação,Estável,
2026-09-25,LIVRE FIDC  - SENIORES 2ª SÉRIE,https://www.austin.com.br/Historico-Rating/1708/Livre_FIDC__-_Seniores_2ª_série,FIDCs,brA,,brA,2015-05-15,Confirmação,Estável,
2026-09-25,LIVRE FIDC  - SENIORES 2ª SÉRIE,https://www.austin.com.br/Historico-Rating/1708/Livre_FIDC__-_Seniores_2ª_série,FIDCs,brA,,brA,2015-02-11,Confirmação,Estável,
2026-09-25,LIVRE FIDC  - SENIORES 2ª SÉRIE,https://www.austin.com.br/Historico-Rating/1708/Livre_FIDC__-_Seniores_2ª_série,FIDCs,brA,,brA,2014-11-13,Confirmação,Estável,
2026-09-25,LIVRE FIDC  - SENIORES 2ª SÉRIE,https://www.austin.com.br/Historico-Rating/1708/Livre_FIDC__-_Seniores_2ª_série,FIDCs,brA,,brA,2014-10-14,Rating Inicial,Estável,
2026-09-25,LS INTERBANK FIDC - SUBORDINADAS MEZANINO,https://www.austin.com.br/Historico-Rating/3101/LS_Interbank_FIDC_-_Subordinadas_Mezanino_,FIDCs,brB-,,brB-,2020-04-02,Observação Negativa,,https://www.austin.com.br/Relatorio/Rating/LS_Interbank_FIDC/9922
2026-09-25,LS INTERBANK FIDC - SUBORDINADAS MEZANINO,https://www.austin.com.br/Historico-Rating/3101/LS_Interbank_FIDC_-_Subordinadas_Mezanino_,FIDCs,brBB-,,brBB-,2019-06-27,Rating Inicial,Estável,
2026-09-25,LUMINAE FIDC  - SENIORES ÚNICA,https://www.austin.com.br/Historico-Rating/3674/Luminae_FIDC__-_Seniores_Única,FIDCs,brBBB,,brBBB,2020-12-10,Rating Preliminar,,https://www.austin.com.br/Relatorio/Rating/Luminae_FIDC_/10118
2026-09-25,LUSITANO FIDC - SUBORDINADAS JÚNIOR,https://www.austin.com.br/Historico-Rating/4673/LUSITANO_FIDC_-_Subordinadas_Júnior_,FIDCs,brB,,brB,2024-08-08,Confirmação,Estável,
2026-09-25,LS INTERBANK FIDC - SUBORDINADAS JÚNIOR,https://www.austin.com.br/Historico-Rating/3100/LS_Interbank_FIDC_-_Subordinadas_Júnior_,FIDCs,brCCC,,brCCC,2020-04-02,Observação Negativa,,https://www.austin.com.br/Relatorio/Rating/LS_Interbank_FIDC/9921
2026-09-25,LS INTERBANK FIDC - SUBORDINADAS JÚNIOR,https://www.austin.com.br/Historico-Rating/3100/LS_Interbank_FIDC_-_Subordinadas_Júnior_,FIDCs,brCCC,,brCCC,2019-06-27,Rating Inicial,Estável,
2026-09-25,LUMINAE FIDC  - SUBORDINADAS MEZANINO,https://www.austin.com.br/Historico-Rating/3675/Luminae_FIDC__-_Subordinadas_Mezanino_,FIDCs,brBB+,,brBB+,2020-12-10,Rating Preliminar,,https://www.austin.com.br/Relatorio/Rating/Luminae_FIDC_/10117
2026-09-25,LUSITANO FIDC - SUBORDINADAS MEZANINO,https://www.austin.com.br/Historico-Rating/4672/LUSITANO_FIDC_-_Subordinadas_Mezanino_,FIDCs,brBBB+,,brBBB+,2024-08-08,Confirmação,Estável,https://www.austin.com.br/Relatorio/Rating/LUSITANO_FIDC/11056
2026-09-25,LUSITANO FIDC - SENIORES ÚNICA,https://www.austin.com.br/Historico-Rating/4671/LUSITANO_FIDC_-_Seniores_Única,FIDCs,brA+,,brA+,2024-08-08,Confirmação,Estável,https://www.austin.com.br/Relatorio/Rating/LUSITANO_FIDC/11055
2026-09-25,MANI FIDC - SUBORDINADAS JÚNIOR,https://www.austin.com.br/Historico-Rating/4341/Mani_FIDC_-_Subordinadas_Júnior_,FIDCs,brCCC,,brCCC,2023-10-10,Rating Inicial,Estável,https://www.austin.com.br/Relatorio/Rating/Mani_FIDC/10710
2026-09-25,MARABÁ FIDC NP - SUBORDINADAS MEZANINO,https://www.austin.com.br/Historico-Rating/3835/Marabá_FIDC_NP_-_Subordinadas_Mezanino_,FIDCs,brBBB-,,brBBB-,2021-08-03,Rating Preliminar,,
2026-09-25,MANI FIDC - SENIORES ÚNICA,https://www.austin.com.br/Historico-Rating/4339/Mani_FIDC_-_Seniores_Única,FIDCs,brB+,,brB+,2023-10-10,Rating Inicial,Estável,https://www.austin.com.br/Relatorio/Rating/Mani_FIDC/10708
2026-09-25,MANI FIDC - SUBORDINADAS MEZANINO,https://www.austin.com.br/Historico-Rating/4340/Mani_FIDC_-_Subordinadas_Mezanino_,FIDCs,brB-,,brB-,2023-10-10,Rating Inicial,Estável,https://www.austin.com.br/Relatorio/Rating/Mani_FIDC/10709
2026-09-25,MB GÊNESIS FIDC - SUBORDINADAS JÚNIOR,https://www.austin.com.br/Historico-Rating/5088/MB_Gênesis_FIDC_-_Subordinadas_Júnior_,FIDCs,brBB+,,brBB+,2026-02-19,Rating Inicial,,https://www.austin.com.br/Relatorio/Rating/MB_Gênesis_FIDC/11497
2026-09-25,MB GÊNESIS FIDC - SUBORDINADAS JÚNIOR,https://www.austin.com.br/Historico-Rating/5088/MB_Gênesis_FIDC_-_Subordinadas_Júnior_,FIDCs,brBB+,,brBB+,2026-02-19,Rating Inicial,,https://www.austin.com.br/Relatorio/Rating/MB_Gênesis_FIDC/11498
2026-09-25,MARTE FIDC  - SENIORES 1ª SÉRIE,https://www.austin.com.br/Historico-Rating/3733/Marte_FIDC__-_Seniores_1ª_série,FIDCs,brA-,,brA-,2021-01-22,Rating Preliminar,,https://www.austin.com.br/Relatorio/Rating/Marte_FIDC_/10163
2026-09-25,MATRIZ FIC FIDC - SUBORDINADAS JÚNIOR,https://www.austin.com.br/Historico-Rating/3257/Matriz_FIC_FIDC_-_Subordinadas_Júnior_,FIDCs,brB-,,brB-,2020-04-02,Observação Negativa,,https://www.austin.com.br/Relatorio/Rating/Matriz_FIC_FIDC/9892
2026-09-25,MATRIZ FIC FIDC - SUBORDINADAS JÚNIOR,https://www.austin.com.br/Historico-Rating/3257/Matriz_FIC_FIDC_-_Subordinadas_Júnior_,FIDCs,brB-,,brB-,2020-03-13,Confirmação,Estável,
2026-09-25,MATRIZ FIC FIDC - SUBORDINADAS JÚNIOR,https://www.austin.com.br/Historico-Rating/3257/Matriz_FIC_FIDC_-_Subordinadas_Júnior_,FIDCs,brB-,,brB-,2019-06-10,Rating Inicial,Estável,
2026-09-25,MATRIZ FIC FIDC - SUBORDINADAS MEZANINO,https://www.austin.com.br/Historico-Rating/3256/Matriz_FIC_FIDC_-_Subordinadas_Mezanino_,FIDCs,brBB-,,brBB-,2020-04-02,Observação Negativa,,https://www.austin.com.br/Relatorio/Rating/Matriz_FIC_FIDC/9891
2026-09-25,MATRIZ FIC FIDC - SUBORDINADAS MEZANINO,https://www.austin.com.br/Historico-Rating/3256/Matriz_FIC_FIDC_-_Subordinadas_Mezanino_,FIDCs,brBB-,,brBB-,2020-03-13,Confirmação,Estável,
2026-09-25,MATRIZ FIC FIDC - SUBORDINADAS MEZANINO,https://www.austin.com.br/Historico-Rating/3256/Matriz_FIC_FIDC_-_Subordinadas_Mezanino_,FIDCs,brBB-,,brBB-,2019-06-10,Rating Inicial,Estável,
2026-09-25,MEINBERG FIDC - SENIORES 7ª SÉRIE,https://www.austin.com.br/Historico-Rating/3239/Meinberg_FIDC_-_Seniores_7ª_série,FIDCs,brA-,,brA-,2019-08-15,Confirmação,Estável,https://www.austin.com.br/Relatorio/Rating/Meinberg_FIDC/9332
2026-09-25,MEINBERG FIDC - SENIORES 7ª SÉRIE,https://www.austin.com.br/Historico-Rating/3239/Meinberg_FIDC_-_Seniores_7ª_série,FIDCs,brA-,,brA-,2019-02-14,Elevação,Estável,
2026-09-25,MEINBERG FIDC - SENIORES 4ª SÉRIE,https://www.austin.com.br/Historico-Rating/3236/Meinberg_FIDC_-_Seniores_4ª_série,FIDCs,brA-,,brA-,2019-08-15,Confirmação,Estável,https://www.austin.com.br/Relatorio/Rating/Meinberg_FIDC/9331
2026-09-25,MEINBERG FIDC - SENIORES 4ª SÉRIE,https://www.austin.com.br/Historico-Rating/3236/Meinberg_FIDC_-_Seniores_4ª_série,FIDCs,brA-,,brA-,2019-02-14,Elevação,Estável,
2026-09-25,MBM FIDC NP - SUBORDINADAS JÚNIOR,https://www.austin.com.br/Historico-Rating/2506/MBM_FIDC_NP_-_Subordinadas_Júnior_,FIDCs,brCCC,,brCCC,2019-11-12,Confirmação,Estável,https://www.austin.com.br/Relatorio/Rating/MBM_FIDC_NP/9587
2026-09-25,MBM FIDC NP - SUBORDINADAS JÚNIOR,https://www.austin.com.br/Historico-Rating/2506/MBM_FIDC_NP_-_Subordinadas_Júnior_,FIDCs,brCCC,,brCCC,2019-05-21,Confirmação,Estável,
2026-09-25,MBM FIDC NP - SUBORDINADAS JÚNIOR,https://www.austin.com.br/Historico-Rating/2506/MBM_FIDC_NP_-_Subordinadas_Júnior_,FIDCs,brCCC,,brCCC,2019-02-12,Confirmação,Estável,
2026-09-25,MBM FIDC NP - SUBORDINADAS JÚNIOR,https://www.austin.com.br/Historico-Rating/2506/MBM_FIDC_NP_-_Subordinadas_Júnior_,FIDCs,brCCC,,brCCC,2018-08-14,Confirmação,Estável,
2026-09-25,MBM FIDC NP - SUBORDINADAS JÚNIOR,https://www.austin.com.br/Historico-Rating/2506/MBM_FIDC_NP_-_Subordinadas_Júnior_,FIDCs,brCCC,,brCCC,2018-05-23,Confirmação,Estável,
2026-09-25,MBM FIDC NP - SUBORDINADAS JÚNIOR,https://www.austin.com.br/Historico-Rating/2506/MBM_FIDC_NP_-_Subordinadas_Júnior_,FIDCs,brCCC,,brCCC,2018-02-26,Elevação,Estável,
2026-09-25,MBM FIDC NP - SUBORDINADAS JÚNIOR,https://www.austin.com.br/Historico-Rating/2506/MBM_FIDC_NP_-_Subordinadas_Júnior_,FIDCs,brCC,,brCC,2017-11-17,Confirmação,Estável,
2026-09-25,MBM FIDC NP - SUBORDINADAS JÚNIOR,https://www.austin.com.br/Historico-Rating/2506/MBM_FIDC_NP_-_Subordinadas_Júnior_,FIDCs,brCC,,brCC,2017-08-10,Confirmação,Estável,
2026-09-25,MBM FIDC NP - SUBORDINADAS JÚNIOR,https://www.austin.com.br/Historico-Rating/2506/MBM_FIDC_NP_-_Subordinadas_Júnior_,FIDCs,brCC,,brCC,2017-05-12,Confirmação,Estável,
2026-09-25,MBM FIDC NP - SUBORDINADAS JÚNIOR,https://www.austin.com.br/Historico-Rating/2506/MBM_FIDC_NP_-_Subordinadas_Júnior_,FIDCs,brCC,,brCC,2017-02-15,Confirmação,Estável,
2026-09-25,MBM FIDC NP - SUBORDINADAS JÚNIOR,https://www.austin.com.br/Historico-Rating/2506/MBM_FIDC_NP_-_Subordinadas_Júnior_,FIDCs,brCC,,brCC,2016-08-29,Rating Inicial,Estável,
2026-09-25,MEINBERG FIDC - SENIORES 5ª SÉRIE,https://www.austin.com.br/Historico-Rating/3237/Meinberg_FIDC_-_Seniores_5ª_série,FIDCs,brA-,,brA-,2019-08-15,Confirmação,Estável,https://www.austin.com.br/Relatorio/Rating/Meinberg_FIDC/9329
2026-09-25,MEINBERG FIDC - SENIORES 5ª SÉRIE,https://www.austin.com.br/Historico-Rating/3237/Meinberg_FIDC_-_Seniores_5ª_série,FIDCs,brA-,,brA-,2019-02-14,Elevação,Estável,
2026-09-25,MEINBERG FIDC - SUBORDINADAS JÚNIOR,https://www.austin.com.br/Historico-Rating/2582/Meinberg_FIDC_-_Subordinadas_Júnior_,FIDCs,brB-,,brB-,2019-08-15,Confirmação,Estável,https://www.austin.com.br/Relatorio/Rating/Meinberg_FIDC/9328
2026-09-25,MEINBERG FIDC - SUBORDINADAS JÚNIOR,https://www.austin.com.br/Historico-Rating/2582/Meinberg_FIDC_-_Subordinadas_Júnior_,FIDCs,brB-,,brB-,2019-02-14,Elevação,Estável,
2026-09-25,MEINBERG FIDC - SUBORDINADAS JÚNIOR,https://www.austin.com.br/Historico-Rating/2582/Meinberg_FIDC_-_Subordinadas_Júnior_,FIDCs,brCCC,,brCCC,2017-05-15,Confirmação,Estável,
2026-09-25,MEINBERG FIDC - SUBORDINADAS JÚNIOR,https://www.austin.com.br/Historico-Rating/2582/Meinberg_FIDC_-_Subordinadas_Júnior_,FIDCs,brCCC,,brCCC,2017-02-15,Confirmação,Estável,
2026-09-25,MEINBERG FIDC - SUBORDINADAS JÚNIOR,https://www.austin.com.br/Historico-Rating/2582/Meinberg_FIDC_-_Subordinadas_Júnior_,FIDCs,brCCC,,brCCC,2016-11-03,Confirmação,Estável,
2026-09-25,MEINBERG FIDC - SUBORDINADAS JÚNIOR,https://www.austin.com.br/Historico-Rating/2582/Meinberg_FIDC_-_Subordinadas_Júnior_,FIDCs,brCCC,,brCCC,2016-08-12,Confirmação,Estável,
2026-09-25,MBM FIDC NP - SUBORDINADAS MEZANINO I,https://www.austin.com.br/Historico-Rating/1817/MBM_FIDC_NP_-_Subordinadas_Mezanino_I_,FIDCs,brCCC,,brCCC,2019-08-15,Confirmação,Estável,https://www.austin.com.br/Relatorio/Rating/MBM_FIDC_NP/9192
2026-09-25,MBM FIDC NP - SUBORDINADAS MEZANINO I,https://www.austin.com.br/Historico-Rating/1817/MBM_FIDC_NP_-_Subordinadas_Mezanino_I_,FIDCs,brCCC,,brCCC,2015-01-22,Rating Retirado,,
2026-09-25,MBM FIDC NP - SUBORDINADAS MEZANINO I,https://www.austin.com.br/Historico-Rating/1817/MBM_FIDC_NP_-_Subordinadas_Mezanino_I_,FIDCs,brCCC,,brCCC,2014-12-04,Rating Inicial,Estável,
2026-09-25,MEINBERG FIDC - SENIORES 9ª SÉRIE,https://www.austin.com.br/Historico-Rating/3139/Meinberg_FIDC_-_Seniores_9ª_série,FIDCs,brA-,,brA-,2019-08-15,Confirmação,Estável,https://www.austin.com.br/Relatorio/Rating/Meinberg_FIDC/9333
2026-09-25,MEINBERG FIDC - SENIORES 9ª SÉRIE,https://www.austin.com.br/Historico-Rating/3139/Meinberg_FIDC_-_Seniores_9ª_série,FIDCs,brA-,,brA-,2019-03-06,Rating Inicial,Estável,
2026-09-25,MB GÊNESIS FIDC - SENIORES ÚNICA,https://www.austin.com.br/Historico-Rating/5087/MB_Gênesis_FIDC_-_Seniores_Única,FIDCs,brA,,brA,2026-02-19,Rating Inicial,Estável,https://www.austin.com.br/Relatorio/Rating/MB_Gênesis_FIDC/11499
2026-09-25,MEINBERG FIDC - SUBORDINADAS,https://www.austin.com.br/Historico-Rating/2293/Meinberg_FIDC_-_Subordinadas_,FIDCs,brCCC,,brCCC,2015-09-11,Rating Inicial,Estável,https://www.austin.com.br/Relatorio/Rating/Meinberg_FIDC/6311
2026-09-25,MEINBERG FIDC - SENIORES 8ª SÉRIE,https://www.austin.com.br/Historico-Rating/3138/Meinberg_FIDC_-_Seniores_8ª_série,FIDCs,brA-,,brA-,2019-08-15,Confirmação,Estável,https://www.austin.com.br/Relatorio/Rating/Meinberg_FIDC/9330
2026-09-25,MEINBERG FIDC - SENIORES 8ª SÉRIE,https://www.austin.com.br/Historico-Rating/3138/Meinberg_FIDC_-_Seniores_8ª_série,FIDCs,brA-,,brA-,2019-03-06,Rating Inicial,Estável,
2026-09-25,MEINBERG FIDC - SUBORDINADAS MEZANINO I,https://www.austin.com.br/Historico-Rating/2545/Meinberg_FIDC_-_Subordinadas_Mezanino_I_,FIDCs,brBBB+,,brBBB+,2019-08-15,Confirmação,Estável,https://www.austin.com.br/Relatorio/Rating/Meinberg_FIDC/9326
2026-09-25,MEINBERG FIDC - SUBORDINADAS MEZANINO I,https://www.austin.com.br/Historico-Rating/2545/Meinberg_FIDC_-_Subordinadas_Mezanino_I_,FIDCs,brBBB+,,brBBB+,2019-02-14,Elevação,Estável,
2026-09-25,MEINBERG FIDC - SUBORDINADAS MEZANINO I,https://www.austin.com.br/Historico-Rating/2545/Meinberg_FIDC_-_Subordinadas_Mezanino_I_,FIDCs,brB-,,brB-,2017-05-15,Confirmação,Estável,
2026-09-25,MEINBERG FIDC - SUBORDINADAS MEZANINO I,https://www.austin.com.br/Historico-Rating/2545/Meinberg_FIDC_-_Subordinadas_Mezanino_I_,FIDCs,brB-,,brB-,2016-11-04,Rating Inicial,Estável,
2026-09-25,MEINBERG FIDC - SENIORES 2ª SÉRIE,https://www.austin.com.br/Historico-Rating/1772/Meinberg_FIDC_-_Seniores_2ª_série,FIDCs,brBBB+,,brBBB+,2017-05-15,Confirmação,Estável,https://www.austin.com.br/Relatorio/Rating/Meinberg_FIDC/7501
2026-09-25,MEINBERG FIDC - SENIORES 2ª SÉRIE,https://www.austin.com.br/Historico-Rating/1772/Meinberg_FIDC_-_Seniores_2ª_série,FIDCs,brBBB+,,brBBB+,2017-02-15,Confirmação,Estável,
2026-09-25,MEINBERG FIDC - SENIORES 2ª SÉRIE,https://www.austin.com.br/Historico-Rating/1772/Meinberg_FIDC_-_Seniores_2ª_série,FIDCs,brBBB+,,brBBB+,2016-11-03,Confirmação,Estável,
2026-09-25,MEINBERG FIDC - SENIORES 2ª SÉRIE,https://www.austin.com.br/Historico-Rating/1772/Meinberg_FIDC_-_Seniores_2ª_série,FIDCs,brBBB+,,brBBB+,2016-08-12,Confirmação,Estável,
2026-09-25,MEINBERG FIDC - SENIORES 2ª SÉRIE,https://www.austin.com.br/Historico-Rating/1772/Meinberg_FIDC_-_Seniores_2ª_série,FIDCs,brBBB+,,brBBB+,2016-05-20,Confirmação,Estável,
2026-09-25,MEINBERG FIDC - SENIORES 2ª SÉRIE,https://www.austin.com.br/Historico-Rating/1772/Meinberg_FIDC_-_Seniores_2ª_série,FIDCs,brBBB+,,brBBB+,2016-02-15,Confirmação,Estável,
2026-09-25,MEINBERG FIDC - SENIORES 2ª SÉRIE,https://www.austin.com.br/Historico-Rating/1772/Meinberg_FIDC_-_Seniores_2ª_série,FIDCs,brBBB+,,brBBB+,2015-11-16,Confirmação,Estável,
2026-09-25,MEINBERG FIDC - SENIORES 2ª SÉRIE,https://www.austin.com.br/Historico-Rating/1772/Meinberg_FIDC_-_Seniores_2ª_série,FIDCs,brBBB+,,brBBB+,2015-08-17,Confirmação,Estável,
2026-09-25,MEINBERG FIDC - SENIORES 2ª SÉRIE,https://www.austin.com.br/Historico-Rating/1772/Meinberg_FIDC_-_Seniores_2ª_série,FIDCs,brBBB+,,brBBB+,2015-05-15,Confirmação,Estável,
2026-09-25,MEINBERG FIDC - SENIORES 2ª SÉRIE,https://www.austin.com.br/Historico-Rating/1772/Meinberg_FIDC_-_Seniores_2ª_série,FIDCs,brBBB+,,brBBB+,2014-10-10,Rating Inicial,Estável,
2026-09-25,MERCANTIL DE CRÉDITO FIDC MULTI OPEN I - SUBORDINADAS JÚNIOR,https://www.austin.com.br/Historico-Rating/2552/Mercantil_de_Crédito_FIDC_Multi_Open_I_-_Subordinadas_Júnior_,FIDCs,brCCC,,brCCC,2020-04-02,Observação Negativa,,https://www.austin.com.br/Relatorio/Rating/Mercantil_de_Crédito_FIDC_Multi_Open_I/9893
2026-09-25,MERCANTIL DE CRÉDITO FIDC MULTI OPEN I - SUBORDINADAS JÚNIOR,https://www.austin.com.br/Historico-Rating/2552/Mercantil_de_Crédito_FIDC_Multi_Open_I_-_Subordinadas_Júnior_,FIDCs,brCCC,,brCCC,2019-12-05,Rating Inicial,Estável,
2026-09-25,MERCANTIL PRODUTOS DE AÇO FIDC  - SENIORES ÚNICA,https://www.austin.com.br/Historico-Rating/3731/Mercantil_Produtos_de_Aço_FIDC__-_Seniores_Única,FIDCs,brBBB,,brBBB,2021-02-03,Rating Preliminar,,
2026-09-25,MERCANTIL DE CRÉDITO FIDC MULTI OPEN I - SENIORES ÚNICA,https://www.austin.com.br/Historico-Rating/2553/Mercantil_de_Crédito_FIDC_Multi_Open_I_-_Seniores_Única,FIDCs,brBB,,brBB,2020-04-02,Observação Negativa,,https://www.austin.com.br/Relatorio/Rating/Mercantil_de_Crédito_FIDC_Multi_Open_I/9894
2026-09-25,MERCANTIL DE CRÉDITO FIDC MULTI OPEN I - SENIORES ÚNICA,https://www.austin.com.br/Historico-Rating/2553/Mercantil_de_Crédito_FIDC_Multi_Open_I_-_Seniores_Única,FIDCs,brBB,,brBB,2019-12-05,Rating Inicial,Estável,
2026-09-25,MERCANTIL PRODUTOS DE AÇO FIDC  - SENIORES ÚNICA,https://www.austin.com.br/Historico-Rating/3627/Mercantil_Produtos_de_Aço_FIDC__-_Seniores_Única,FIDCs,brBBB,,brBBB,2020-10-09,Rating Preliminar,Estável,https://www.austin.com.br/Relatorio/Rating/Mercantil_Produtos_de_Aço_FIDC_/10068
2026-09-25,METROPOLITANA CONSIGNADO PRIVADO FIDC - SENIORES 1ª SÉRIE,https://www.austin.com.br/Historico-Rating/5236/Metropolitana_Consignado_Privado_FIDC_-_Seniores_1ª_série,FIDCs,brA+,,brA+,2026-06-29,Rating Inicial,Estável,https://www.austin.com.br/Relatorio/Rating/Metropolitana_Consignado_Privado_FIDC/11645
2026-09-25,MOKA FUND I FIDC MULTISSETORIAL - SENIORES ÚNICA,https://www.austin.com.br/Historico-Rating/2651/Moka_Fund_I_FIDC_Multissetorial_-_Seniores_Única,FIDCs,brA,,brA,2018-01-17,Rebaixamento,Estável,https://www.austin.com.br/Relatorio/Rating/Moka_Fund_I_FIDC_Multissetorial/7867
2026-09-25,MOKA FUND I FIDC MULTISSETORIAL - SENIORES ÚNICA,https://www.austin.com.br/Historico-Rating/2651/Moka_Fund_I_FIDC_Multissetorial_-_Seniores_Única,FIDCs,brA+,,brA+,2017-05-17,Confirmação,Estável,
2026-09-25,MOKA FUND I FIDC MULTISSETORIAL - SENIORES ÚNICA,https://www.austin.com.br/Historico-Rating/2651/Moka_Fund_I_FIDC_Multissetorial_-_Seniores_Única,FIDCs,brA+,,brA+,2017-03-13,Confirmação,Estável,
2026-09-25,MOKA FUND I FIDC MULTISSETORIAL - SENIORES 6ª SÉRIE,https://www.austin.com.br/Historico-Rating/2321/Moka_Fund_I_FIDC_Multissetorial_-_Seniores_6ª_série,FIDCs,brA+,,brA+,2016-12-08,Confirmação,Estável,https://www.austin.com.br/Relatorio/Rating/Moka_Fund_I_FIDC_Multissetorial/7518
2026-09-25,MOKA FUND I FIDC MULTISSETORIAL - SENIORES 6ª SÉRIE,https://www.austin.com.br/Historico-Rating/2321/Moka_Fund_I_FIDC_Multissetorial_-_Seniores_6ª_série,FIDCs,brA+,,brA+,2016-08-19,Confirmação,Estável,
2026-09-25,MOKA FUND I FIDC MULTISSETORIAL - SENIORES 6ª SÉRIE,https://www.austin.com.br/Historico-Rating/2321/Moka_Fund_I_FIDC_Multissetorial_-_Seniores_6ª_série,FIDCs,brA+,,brA+,2016-02-15,Confirmação,Estável,
2026-09-25,MOKA FUND I FIDC MULTISSETORIAL - SENIORES 6ª SÉRIE,https://www.austin.com.br/Historico-Rating/2321/Moka_Fund_I_FIDC_Multissetorial_-_Seniores_6ª_série,FIDCs,brA+,,brA+,2015-11-05,Rating Inicial,Estável,
2026-09-25,MOKA FUND I FIDC MULTISSETORIAL - SENIORES 5ª SÉRIE,https://www.austin.com.br/Historico-Rating/1763/Moka_Fund_I_FIDC_Multissetorial_-_Seniores_5ª_série,FIDCs,brA+,,brA+,2016-12-08,Confirmação,Estável,https://www.austin.com.br/Relatorio/Rating/Moka_Fund_I_FIDC_Multissetorial/7517
2026-09-25,MOKA FUND I FIDC MULTISSETORIAL - SENIORES 5ª SÉRIE,https://www.austin.com.br/Historico-Rating/1763/Moka_Fund_I_FIDC_Multissetorial_-_Seniores_5ª_série,FIDCs,brAA-,,brAA-,2016-08-19,Confirmação,Estável,
2026-09-25,MOKA FUND I FIDC MULTISSETORIAL - SENIORES 5ª SÉRIE,https://www.austin.com.br/Historico-Rating/1763/Moka_Fund_I_FIDC_Multissetorial_-_Seniores_5ª_série,FIDCs,brA+,,brA+,2016-02-15,Confirmação,Estável,
2026-09-25,MOKA FUND I FIDC MULTISSETORIAL - SENIORES 5ª SÉRIE,https://www.austin.com.br/Historico-Rating/1763/Moka_Fund_I_FIDC_Multissetorial_-_Seniores_5ª_série,FIDCs,brA+,,brA+,2015-11-05,Confirmação,Estável,
2026-09-25,MOKA FUND I FIDC MULTISSETORIAL - SENIORES 5ª SÉRIE,https://www.austin.com.br/Historico-Rating/1763/Moka_Fund_I_FIDC_Multissetorial_-_Seniores_5ª_série,FIDCs,brA+,,brA+,2015-08-10,Confirmação,Estável,
2026-09-25,MOKA FUND I FIDC MULTISSETORIAL - SENIORES 5ª SÉRIE,https://www.austin.com.br/Historico-Rating/1763/Moka_Fund_I_FIDC_Multissetorial_-_Seniores_5ª_série,FIDCs,brA+,,brA+,2015-05-14,Confirmação,Estável,
2026-09-25,MOKA FUND I FIDC MULTISSETORIAL - SENIORES 5ª SÉRIE,https://www.austin.com.br/Historico-Rating/1763/Moka_Fund_I_FIDC_Multissetorial_-_Seniores_5ª_série,FIDCs,brA+,,brA+,2015-02-12,Confirmação,Estável,
2026-09-25,MOKA FUND I FIDC MULTISSETORIAL - SENIORES 5ª SÉRIE,https://www.austin.com.br/Historico-Rating/1763/Moka_Fund_I_FIDC_Multissetorial_-_Seniores_5ª_série,FIDCs,brA+,,brA+,2014-11-24,Confirmação,Estável,
2026-09-25,MOKA FUND I FIDC MULTISSETORIAL - SENIORES 5ª SÉRIE,https://www.austin.com.br/Historico-Rating/1763/Moka_Fund_I_FIDC_Multissetorial_-_Seniores_5ª_série,FIDCs,brA+,,brA+,2014-10-08,Rating Inicial,Estável,
2026-09-25,MP FIDC - SUBORDINADAS JÚNIOR,https://www.austin.com.br/Historico-Rating/4634/MP_FIDC_-_Subordinadas_Júnior_,FIDCs,brCC,,brCC,2024-06-17,Confirmação,Estável,https://www.austin.com.br/Relatorio/Rating/MP_FIDC/11002
2026-09-25,MOKA FUND I FIDC MULTISSETORIAL - SENIORES 1ª SÉRIE,https://www.austin.com.br/Historico-Rating/849/Moka_Fund_I_FIDC_Multissetorial_-_Seniores_1ª_série,FIDCs,brA+,,brA+,2016-12-08,Confirmação,Estável,https://www.austin.com.br/Relatorio/Rating/Moka_Fund_I_FIDC_Multissetorial/7516
2026-09-25,MOKA FUND I FIDC MULTISSETORIAL - SENIORES 1ª SÉRIE,https://www.austin.com.br/Historico-Rating/849/Moka_Fund_I_FIDC_Multissetorial_-_Seniores_1ª_série,FIDCs,brA+,,brA+,2016-08-19,Confirmação,Estável,
2026-09-25,MOKA FUND I FIDC MULTISSETORIAL - SENIORES 1ª SÉRIE,https://www.austin.com.br/Historico-Rating/849/Moka_Fund_I_FIDC_Multissetorial_-_Seniores_1ª_série,FIDCs,brA+,,brA+,2016-02-15,Confirmação,Estável,
2026-09-25,MOKA FUND I FIDC MULTISSETORIAL - SENIORES 1ª SÉRIE,https://www.austin.com.br/Historico-Rating/849/Moka_Fund_I_FIDC_Multissetorial_-_Seniores_1ª_série,FIDCs,brA+,,brA+,2015-11-05,Confirmação,Estável,
2026-09-25,MOKA FUND I FIDC MULTISSETORIAL - SENIORES 1ª SÉRIE,https://www.austin.com.br/Historico-Rating/849/Moka_Fund_I_FIDC_Multissetorial_-_Seniores_1ª_série,FIDCs,brA+,,brA+,2015-08-10,Confirmação,Estável,
2026-09-25,MOKA FUND I FIDC MULTISSETORIAL - SENIORES 1ª SÉRIE,https://www.austin.com.br/Historico-Rating/849/Moka_Fund_I_FIDC_Multissetorial_-_Seniores_1ª_série,FIDCs,brA+,,brA+,2015-05-14,Confirmação,Estável,
2026-09-25,MOKA FUND I FIDC MULTISSETORIAL - SENIORES 1ª SÉRIE,https://www.austin.com.br/Historico-Rating/849/Moka_Fund_I_FIDC_Multissetorial_-_Seniores_1ª_série,FIDCs,brA+,,brA+,2015-02-12,Confirmação,Estável,
2026-09-25,MOKA FUND I FIDC MULTISSETORIAL - SENIORES 1ª SÉRIE,https://www.austin.com.br/Historico-Rating/849/Moka_Fund_I_FIDC_Multissetorial_-_Seniores_1ª_série,FIDCs,brA+,,brA+,2014-11-24,Confirmação,Estável,
2026-09-25,MOKA FUND I FIDC MULTISSETORIAL - SENIORES 1ª SÉRIE,https://www.austin.com.br/Historico-Rating/849/Moka_Fund_I_FIDC_Multissetorial_-_Seniores_1ª_série,FIDCs,brA+,,brA+,2014-08-13,Confirmação,Estável,
2026-09-25,MOKA FUND I FIDC MULTISSETORIAL - SENIORES 1ª SÉRIE,https://www.austin.com.br/Historico-Rating/849/Moka_Fund_I_FIDC_Multissetorial_-_Seniores_1ª_série,FIDCs,brA+,,brA+,2014-05-12,Confirmação,Estável,
2026-09-25,MOKA FUND I FIDC MULTISSETORIAL - SENIORES 1ª SÉRIE,https://www.austin.com.br/Historico-Rating/849/Moka_Fund_I_FIDC_Multissetorial_-_Seniores_1ª_série,FIDCs,brA+,,brA+,2014-02-18,Confirmação,Estável,
2026-09-25,MOKA FUND I FIDC MULTISSETORIAL - SENIORES 1ª SÉRIE,https://www.austin.com.br/Historico-Rating/849/Moka_Fund_I_FIDC_Multissetorial_-_Seniores_1ª_série,FIDCs,brA+,,brA+,2013-11-12,Confirmação,Estável,
2026-09-25,MOKA FUND I FIDC MULTISSETORIAL - SENIORES 1ª SÉRIE,https://www.austin.com.br/Historico-Rating/849/Moka_Fund_I_FIDC_Multissetorial_-_Seniores_1ª_série,FIDCs,brA+,,brA+,2013-08-23,Elevação,Estável,
2026-09-25,MOKA FUND I FIDC MULTISSETORIAL - SENIORES 1ª SÉRIE,https://www.austin.com.br/Historico-Rating/849/Moka_Fund_I_FIDC_Multissetorial_-_Seniores_1ª_série,FIDCs,brA-,,brA-,2013-05-20,Confirmação,Estável,
2026-09-25,MOKA FUND I FIDC MULTISSETORIAL - SENIORES 1ª SÉRIE,https://www.austin.com.br/Historico-Rating/849/Moka_Fund_I_FIDC_Multissetorial_-_Seniores_1ª_série,FIDCs,brA-,,brA-,2013-02-15,Confirmação,Estável,
2026-09-25,MOKA FUND I FIDC MULTISSETORIAL - SENIORES 1ª SÉRIE,https://www.austin.com.br/Historico-Rating/849/Moka_Fund_I_FIDC_Multissetorial_-_Seniores_1ª_série,FIDCs,brA-,,brA-,2012-08-15,Confirmação,Estável,
2026-09-25,MOKA FUND I FIDC MULTISSETORIAL - SENIORES 1ª SÉRIE,https://www.austin.com.br/Historico-Rating/849/Moka_Fund_I_FIDC_Multissetorial_-_Seniores_1ª_série,FIDCs,brA-,,brA-,2012-02-10,Confirmação,Estável,
2026-09-25,MOKA FUND I FIDC MULTISSETORIAL - SENIORES 1ª SÉRIE,https://www.austin.com.br/Historico-Rating/849/Moka_Fund_I_FIDC_Multissetorial_-_Seniores_1ª_série,FIDCs,brA-,,brA-,2011-10-26,Elevação,Estável,
2026-09-25,MOKA FUND I FIDC MULTISSETORIAL - SENIORES 1ª SÉRIE,https://www.austin.com.br/Historico-Rating/849/Moka_Fund_I_FIDC_Multissetorial_-_Seniores_1ª_série,FIDCs,brBB+,,brBB+,2011-08-15,Confirmação,Estável,
2026-09-25,MOKA FUND I FIDC MULTISSETORIAL - SENIORES 1ª SÉRIE,https://www.austin.com.br/Historico-Rating/849/Moka_Fund_I_FIDC_Multissetorial_-_Seniores_1ª_série,FIDCs,brBBB+,,brBBB+,2010-09-30,Rating Inicial,Estável,
2026-09-25,MOKA FUND I FIDC MULTISSETORIAL - SUBORDINADAS JÚNIOR,https://www.austin.com.br/Historico-Rating/1741/Moka_Fund_I_FIDC_Multissetorial_-_Subordinadas_Júnior_,FIDCs,brB-,,brB-,2018-01-17,Rebaixamento,Estável,https://www.austin.com.br/Relatorio/Rating/Moka_Fund_I_FIDC_Multissetorial/7869
2026-09-25,MOKA FUND I FIDC MULTISSETORIAL - SUBORDINADAS JÚNIOR,https://www.austin.com.br/Historico-Rating/1741/Moka_Fund_I_FIDC_Multissetorial_-_Subordinadas_Júnior_,FIDCs,brB,,brB,2017-05-17,Confirmação,Estável,
2026-09-25,MOKA FUND I FIDC MULTISSETORIAL - SUBORDINADAS JÚNIOR,https://www.austin.com.br/Historico-Rating/1741/Moka_Fund_I_FIDC_Multissetorial_-_Subordinadas_Júnior_,FIDCs,brB,,brB,2017-03-13,Confirmação,Estável,
2026-09-25,MOKA FUND I FIDC MULTISSETORIAL - SUBORDINADAS JÚNIOR,https://www.austin.com.br/Historico-Rating/1741/Moka_Fund_I_FIDC_Multissetorial_-_Subordinadas_Júnior_,FIDCs,brB,,brB,2016-12-08,Confirmação,Estável,
2026-09-25,MOKA FUND I FIDC MULTISSETORIAL - SUBORDINADAS JÚNIOR,https://www.austin.com.br/Historico-Rating/1741/Moka_Fund_I_FIDC_Multissetorial_-_Subordinadas_Júnior_,FIDCs,brB,,brB,2016-08-19,Confirmação,Estável,
2026-09-25,MOKA FUND I FIDC MULTISSETORIAL - SUBORDINADAS JÚNIOR,https://www.austin.com.br/Historico-Rating/1741/Moka_Fund_I_FIDC_Multissetorial_-_Subordinadas_Júnior_,FIDCs,brB,,brB,2016-02-15,Confirmação,Estável,
2026-09-25,MOKA FUND I FIDC MULTISSETORIAL - SUBORDINADAS JÚNIOR,https://www.austin.com.br/Historico-Rating/1741/Moka_Fund_I_FIDC_Multissetorial_-_Subordinadas_Júnior_,FIDCs,brB,,brB,2015-11-05,Confirmação,Estável,
2026-09-25,MOKA FUND I FIDC MULTISSETORIAL - SUBORDINADAS JÚNIOR,https://www.austin.com.br/Historico-Rating/1741/Moka_Fund_I_FIDC_Multissetorial_-_Subordinadas_Júnior_,FIDCs,brB,,brB,2015-08-10,Confirmação,Estável,
2026-09-25,MOKA FUND I FIDC MULTISSETORIAL - SUBORDINADAS JÚNIOR,https://www.austin.com.br/Historico-Rating/1741/Moka_Fund_I_FIDC_Multissetorial_-_Subordinadas_Júnior_,FIDCs,brB,,brB,2015-05-14,Confirmação,Estável,
2026-09-25,MOKA FUND I FIDC MULTISSETORIAL - SUBORDINADAS JÚNIOR,https://www.austin.com.br/Historico-Rating/1741/Moka_Fund_I_FIDC_Multissetorial_-_Subordinadas_Júnior_,FIDCs,brB,,brB,2015-02-12,Confirmação,Estável,
2026-09-25,MOKA FUND I FIDC MULTISSETORIAL - SUBORDINADAS JÚNIOR,https://www.austin.com.br/Historico-Rating/1741/Moka_Fund_I_FIDC_Multissetorial_-_Subordinadas_Júnior_,FIDCs,brB,,brB,2014-11-24,Confirmação,Estável,
2026-09-25,MOKA FUND I FIDC MULTISSETORIAL - SUBORDINADAS JÚNIOR,https://www.austin.com.br/Historico-Rating/1741/Moka_Fund_I_FIDC_Multissetorial_-_Subordinadas_Júnior_,FIDCs,brB,,brB,2014-08-13,Confirmação,Estável,
2026-09-25,MOKA FUND I FIDC MULTISSETORIAL - SUBORDINADAS JÚNIOR,https://www.austin.com.br/Historico-Rating/1741/Moka_Fund_I_FIDC_Multissetorial_-_Subordinadas_Júnior_,FIDCs,brB,,brB,2014-05-12,Confirmação,Estável,
2026-09-25,MOKA FUND I FIDC MULTISSETORIAL - SUBORDINADAS JÚNIOR,https://www.austin.com.br/Historico-Rating/1741/Moka_Fund_I_FIDC_Multissetorial_-_Subordinadas_Júnior_,FIDCs,brB,,brB,2014-02-18,Confirmação,Estável,
2026-09-25,MOKA FUND I FIDC MULTISSETORIAL - SUBORDINADAS JÚNIOR,https://www.austin.com.br/Historico-Rating/1741/Moka_Fund_I_FIDC_Multissetorial_-_Subordinadas_Júnior_,FIDCs,brB,,brB,2013-11-12,Rating Inicial,Estável,
2026-09-25,MP FIDC - MEZANINO CLASSE E,https://www.austin.com.br/Historico-Rating/4633/MP_FIDC_-_Mezanino_Classe_E_,FIDCs,brB-,,brB-,2024-06-17,Confirmação,Estável,https://www.austin.com.br/Relatorio/Rating/MP_FIDC/11001
2026-09-25,MOKA FUND I FIDC MULTISSETORIAL - SUBORDINADAS MEZANINO,https://www.austin.com.br/Historico-Rating/1698/Moka_Fund_I_FIDC_Multissetorial_-_Subordinadas_Mezanino_,FIDCs,brBBB-,,brBBB-,2018-01-17,Rebaixamento,Estável,https://www.austin.com.br/Relatorio/Rating/Moka_Fund_I_FIDC_Multissetorial/7868
2026-09-25,MOKA FUND I FIDC MULTISSETORIAL - SUBORDINADAS MEZANINO,https://www.austin.com.br/Historico-Rating/1698/Moka_Fund_I_FIDC_Multissetorial_-_Subordinadas_Mezanino_,FIDCs,brBBB,,brBBB,2017-05-17,Confirmação,Estável,
2026-09-25,MOKA FUND I FIDC MULTISSETORIAL - SUBORDINADAS MEZANINO,https://www.austin.com.br/Historico-Rating/1698/Moka_Fund_I_FIDC_Multissetorial_-_Subordinadas_Mezanino_,FIDCs,brBBB,,brBBB,2017-03-13,Confirmação,Estável,
2026-09-25,MOKA FUND I FIDC MULTISSETORIAL - SUBORDINADAS MEZANINO,https://www.austin.com.br/Historico-Rating/1698/Moka_Fund_I_FIDC_Multissetorial_-_Subordinadas_Mezanino_,FIDCs,brBBB,,brBBB,2016-12-08,Confirmação,Estável,
2026-09-25,MOKA FUND I FIDC MULTISSETORIAL - SUBORDINADAS MEZANINO,https://www.austin.com.br/Historico-Rating/1698/Moka_Fund_I_FIDC_Multissetorial_-_Subordinadas_Mezanino_,FIDCs,brBBB,,brBBB,2016-08-19,Confirmação,Estável,
2026-09-25,MOKA FUND I FIDC MULTISSETORIAL - SUBORDINADAS MEZANINO,https://www.austin.com.br/Historico-Rating/1698/Moka_Fund_I_FIDC_Multissetorial_-_Subordinadas_Mezanino_,FIDCs,brBBB,,brBBB,2016-02-15,Confirmação,Estável,
2026-09-25,MOKA FUND I FIDC MULTISSETORIAL - SUBORDINADAS MEZANINO,https://www.austin.com.br/Historico-Rating/1698/Moka_Fund_I_FIDC_Multissetorial_-_Subordinadas_Mezanino_,FIDCs,brBBB,,brBBB,2015-11-05,Confirmação,Estável,
2026-09-25,MOKA FUND I FIDC MULTISSETORIAL - SUBORDINADAS MEZANINO,https://www.austin.com.br/Historico-Rating/1698/Moka_Fund_I_FIDC_Multissetorial_-_Subordinadas_Mezanino_,FIDCs,brBBB,,brBBB,2015-08-10,Confirmação,Estável,
2026-09-25,MOKA FUND I FIDC MULTISSETORIAL - SUBORDINADAS MEZANINO,https://www.austin.com.br/Historico-Rating/1698/Moka_Fund_I_FIDC_Multissetorial_-_Subordinadas_Mezanino_,FIDCs,brBBB,,brBBB,2015-05-14,Confirmação,Estável,
2026-09-25,MOKA FUND I FIDC MULTISSETORIAL - SUBORDINADAS MEZANINO,https://www.austin.com.br/Historico-Rating/1698/Moka_Fund_I_FIDC_Multissetorial_-_Subordinadas_Mezanino_,FIDCs,brBBB,,brBBB,2015-02-12,Confirmação,Estável,
2026-09-25,MOKA FUND I FIDC MULTISSETORIAL - SUBORDINADAS MEZANINO,https://www.austin.com.br/Historico-Rating/1698/Moka_Fund_I_FIDC_Multissetorial_-_Subordinadas_Mezanino_,FIDCs,brBBB,,brBBB,2014-11-24,Confirmação,Estável,
2026-09-25,MOKA FUND I FIDC MULTISSETORIAL - SUBORDINADAS MEZANINO,https://www.austin.com.br/Historico-Rating/1698/Moka_Fund_I_FIDC_Multissetorial_-_Subordinadas_Mezanino_,FIDCs,brBBB,,brBBB,2014-08-13,Confirmação,Estável,
2026-09-25,MOKA FUND I FIDC MULTISSETORIAL - SUBORDINADAS MEZANINO,https://www.austin.com.br/Historico-Rating/1698/Moka_Fund_I_FIDC_Multissetorial_-_Subordinadas_Mezanino_,FIDCs,brBBB,,brBBB,2014-05-12,Confirmação,Estável,
2026-09-25,MOKA FUND I FIDC MULTISSETORIAL - SUBORDINADAS MEZANINO,https://www.austin.com.br/Historico-Rating/1698/Moka_Fund_I_FIDC_Multissetorial_-_Subordinadas_Mezanino_,FIDCs,brBBB,,brBBB,2014-02-18,Confirmação,Estável,
2026-09-25,MOKA FUND I FIDC MULTISSETORIAL - SUBORDINADAS MEZANINO,https://www.austin.com.br/Historico-Rating/1698/Moka_Fund_I_FIDC_Multissetorial_-_Subordinadas_Mezanino_,FIDCs,brBBB,,brBBB,2013-11-12,Rating Inicial,Estável,
2026-09-25,MP FIDC - SENIORES 4ª SÉRIE,https://www.austin.com.br/Historico-Rating/4632/MP_FIDC_-_Seniores_4ª_série,FIDCs,brBBB,,brBBB,2024-06-17,Rating Inicial,Estável,https://www.austin.com.br/Relatorio/Rating/MP_FIDC/11000
2026-09-25,MR FIDC - SUBORDINADAS JÚNIOR,https://www.austin.com.br/Historico-Rating/3323/MR_FIDC_-_Subordinadas_Júnior_,FIDCs,brCCC,,brCCC,2020-04-02,Observação Negativa,,https://www.austin.com.br/Relatorio/Rating/MR_FIDC/9868
2026-09-25,MR FIDC - SUBORDINADAS JÚNIOR,https://www.austin.com.br/Historico-Rating/3323/MR_FIDC_-_Subordinadas_Júnior_,FIDCs,brCCC,,brCCC,2020-02-11,Confirmação,Estável,
2026-09-25,MR FIDC - SUBORDINADAS JÚNIOR,https://www.austin.com.br/Historico-Rating/3323/MR_FIDC_-_Subordinadas_Júnior_,FIDCs,brCCC,,brCCC,2019-11-27,Confirmação,Estável,
2026-09-25,MR FIDC - SUBORDINADAS JÚNIOR,https://www.austin.com.br/Historico-Rating/3323/MR_FIDC_-_Subordinadas_Júnior_,FIDCs,brCCC,,brCCC,2019-09-18,Rating Inicial,Estável,
2026-09-25,MSV3 FIDC  - SENIORES 1ª SÉRIE,https://www.austin.com.br/Historico-Rating/5100/MSV3_FIDC__-_Seniores_1ª_série,FIDCs,brAA-,,brAA-,2025-12-30,Rating Inicial,Estável,https://www.austin.com.br/Relatorio/Rating/MSV3_FIDC_/11509
2026-09-25,MULTI RECEBÍVEIS II FIDC - SENIORES 6ª SÉRIE,https://www.austin.com.br/Historico-Rating/1179/Multi_Recebíveis_II_FIDC_-_Seniores_6ª_série,FIDCs,brAA+,,brAA+,2015-02-12,Confirmação,Estável,https://www.austin.com.br/Relatorio/Rating/Multi_Recebíveis_II_FIDC/5996
2026-09-25,MULTI RECEBÍVEIS II FIDC - SENIORES 6ª SÉRIE,https://www.austin.com.br/Historico-Rating/1179/Multi_Recebíveis_II_FIDC_-_Seniores_6ª_série,FIDCs,brAA+,,brAA+,2014-11-14,Confirmação,Estável,
2026-09-25,MULTI RECEBÍVEIS II FIDC - SENIORES 6ª SÉRIE,https://www.austin.com.br/Historico-Rating/1179/Multi_Recebíveis_II_FIDC_-_Seniores_6ª_série,FIDCs,brAA+,,brAA+,2014-05-14,Confirmação,Estável,
2026-09-25,MULTI RECEBÍVEIS II FIDC - SENIORES 6ª SÉRIE,https://www.austin.com.br/Historico-Rating/1179/Multi_Recebíveis_II_FIDC_-_Seniores_6ª_série,FIDCs,brAA+,,brAA+,2014-02-10,Confirmação,Estável,
2026-09-25,MULTI RECEBÍVEIS II FIDC - SENIORES 6ª SÉRIE,https://www.austin.com.br/Historico-Rating/1179/Multi_Recebíveis_II_FIDC_-_Seniores_6ª_série,FIDCs,brAA+,,brAA+,2013-11-01,Confirmação,Estável,
2026-09-25,MULTI RECEBÍVEIS II FIDC - SENIORES 6ª SÉRIE,https://www.austin.com.br/Historico-Rating/1179/Multi_Recebíveis_II_FIDC_-_Seniores_6ª_série,FIDCs,brAA+,,brAA+,2013-08-15,Confirmação,Estável,
2026-09-25,MULTI RECEBÍVEIS II FIDC - SENIORES 6ª SÉRIE,https://www.austin.com.br/Historico-Rating/1179/Multi_Recebíveis_II_FIDC_-_Seniores_6ª_série,FIDCs,brAA+,,brAA+,2013-05-24,Confirmação,Estável,
2026-09-25,MULTI RECEBÍVEIS II FIDC - SENIORES 6ª SÉRIE,https://www.austin.com.br/Historico-Rating/1179/Multi_Recebíveis_II_FIDC_-_Seniores_6ª_série,FIDCs,brAA+,,brAA+,2013-02-14,Confirmação,Estável,
2026-09-25,MULTI RECEBÍVEIS II FIDC - SENIORES 6ª SÉRIE,https://www.austin.com.br/Historico-Rating/1179/Multi_Recebíveis_II_FIDC_-_Seniores_6ª_série,FIDCs,brAA+,,brAA+,2012-12-12,Confirmação,Estável,
2026-09-25,MULTI RECEBÍVEIS II FIDC - SENIORES 6ª SÉRIE,https://www.austin.com.br/Historico-Rating/1179/Multi_Recebíveis_II_FIDC_-_Seniores_6ª_série,FIDCs,brAA+,,brAA+,2012-05-11,Rating Inicial,Estável,
2026-09-25,MULTI ASSET FIDC - SUBORDINADAS,https://www.austin.com.br/Historico-Rating/3022/Multi_Asset_FIDC_-_Subordinadas_,FIDCs,brB,,brB,2020-04-02,Observação Negativa,,https://www.austin.com.br/Relatorio/Rating/Multi_Asset_FIDC/9869
2026-09-25,MULTI ASSET FIDC - SUBORDINADAS,https://www.austin.com.br/Historico-Rating/3022/Multi_Asset_FIDC_-_Subordinadas_,FIDCs,brB,,brB,2019-11-12,Observação Negativa,,
2026-09-25,MULTI ASSET FIDC - SUBORDINADAS,https://www.austin.com.br/Historico-Rating/3022/Multi_Asset_FIDC_-_Subordinadas_,FIDCs,brB,,brB,2019-08-06,Confirmação,Estável,
2026-09-25,MULTI ASSET FIDC - SUBORDINADAS,https://www.austin.com.br/Historico-Rating/3022/Multi_Asset_FIDC_-_Subordinadas_,FIDCs,brB,,brB,2019-05-13,Confirmação,Estável,
2026-09-25,MULTI ASSET FIDC - SUBORDINADAS,https://www.austin.com.br/Historico-Rating/3022/Multi_Asset_FIDC_-_Subordinadas_,FIDCs,brB,,brB,2019-02-15,Confirmação,Estável,
2026-09-25,MULTI ASSET FIDC - SUBORDINADAS,https://www.austin.com.br/Historico-Rating/3022/Multi_Asset_FIDC_-_Subordinadas_,FIDCs,brB,,brB,2018-08-28,Rating Inicial,Estável,
2026-09-25,MT CONSIGNADO PRIVADO II FIDC - SENIORES 2ª SÉRIE,https://www.austin.com.br/Historico-Rating/5021/MT_Consignado_Privado_II_FIDC_-_Seniores_2ª_série,FIDCs,brAAA,,brAAA,2025-09-15,Rating Inicial,Estável,https://www.austin.com.br/Relatorio/Rating/MT_Consignado_Privado_II_FIDC/11428
2026-09-25,MULTI RECEBÍVEIS II FIDC - SENIORES 7ª SÉRIE,https://www.austin.com.br/Historico-Rating/1543/Multi_Recebíveis_II_FIDC_-_Seniores_7ª_série,FIDCs,brAA+,,brAA+,2015-08-14,Confirmação,Estável,https://www.austin.com.br/Relatorio/Rating/Multi_Recebíveis_II_FIDC/6196
2026-09-25,MULTI RECEBÍVEIS II FIDC - SENIORES 7ª SÉRIE,https://www.austin.com.br/Historico-Rating/1543/Multi_Recebíveis_II_FIDC_-_Seniores_7ª_série,FIDCs,brAA+,,brAA+,2015-02-12,Confirmação,Estável,
2026-09-25,MULTI RECEBÍVEIS II FIDC - SENIORES 7ª SÉRIE,https://www.austin.com.br/Historico-Rating/1543/Multi_Recebíveis_II_FIDC_-_Seniores_7ª_série,FIDCs,brAA+,,brAA+,2014-11-14,Confirmação,Estável,
2026-09-25,MULTI RECEBÍVEIS II FIDC - SENIORES 7ª SÉRIE,https://www.austin.com.br/Historico-Rating/1543/Multi_Recebíveis_II_FIDC_-_Seniores_7ª_série,FIDCs,brAA+,,brAA+,2014-05-14,Confirmação,Estável,
2026-09-25,MULTI RECEBÍVEIS II FIDC - SENIORES 7ª SÉRIE,https://www.austin.com.br/Historico-Rating/1543/Multi_Recebíveis_II_FIDC_-_Seniores_7ª_série,FIDCs,brAA+,,brAA+,2014-02-12,Rating Inicial,Estável,
2026-09-25,MULTI7 FIDC NP - SUBORDINADAS JÚNIOR,https://www.austin.com.br/Historico-Rating/3062/Multi7_FIDC_NP_-_Subordinadas_Júnior_,FIDCs,brB,,brB,2020-04-02,Observação Negativa,,https://www.austin.com.br/Relatorio/Rating/Multi7_FIDC_NP/9925
2026-09-25,MULTI7 FIDC NP - SUBORDINADAS JÚNIOR,https://www.austin.com.br/Historico-Rating/3062/Multi7_FIDC_NP_-_Subordinadas_Júnior_,FIDCs,brB,,brB,2019-08-06,Confirmação,Estável,
2026-09-25,MULTI7 FIDC NP - SUBORDINADAS JÚNIOR,https://www.austin.com.br/Historico-Rating/3062/Multi7_FIDC_NP_-_Subordinadas_Júnior_,FIDCs,brB,,brB,2019-05-13,Confirmação,Estável,
2026-09-25,MULTI7 FIDC NP - SUBORDINADAS JÚNIOR,https://www.austin.com.br/Historico-Rating/3062/Multi7_FIDC_NP_-_Subordinadas_Júnior_,FIDCs,brB,,brB,2019-02-15,Confirmação,Estável,
2026-09-25,MULTI7 FIDC NP - SUBORDINADAS JÚNIOR,https://www.austin.com.br/Historico-Rating/3062/Multi7_FIDC_NP_-_Subordinadas_Júnior_,FIDCs,brB,,brB,2018-10-18,Rating Inicial,Estável,
2026-09-25,MULTI7 FIDC NP - SUBORDINADAS MEZANINO,https://www.austin.com.br/Historico-Rating/3063/Multi7_FIDC_NP_-_Subordinadas_Mezanino_,FIDCs,brBB-,,brBB-,2020-04-02,Observação Negativa,,https://www.austin.com.br/Relatorio/Rating/Multi7_FIDC_NP/9926
2026-09-25,MULTI7 FIDC NP - SUBORDINADAS MEZANINO,https://www.austin.com.br/Historico-Rating/3063/Multi7_FIDC_NP_-_Subordinadas_Mezanino_,FIDCs,brBB-,,brBB-,2019-08-06,Confirmação,Estável,
2026-09-25,MULTI7 FIDC NP - SUBORDINADAS MEZANINO,https://www.austin.com.br/Historico-Rating/3063/Multi7_FIDC_NP_-_Subordinadas_Mezanino_,FIDCs,brBB-,,brBB-,2019-05-13,Confirmação,Estável,
2026-09-25,MULTI7 FIDC NP - SUBORDINADAS MEZANINO,https://www.austin.com.br/Historico-Rating/3063/Multi7_FIDC_NP_-_Subordinadas_Mezanino_,FIDCs,brBB-,,brBB-,2019-02-15,Confirmação,Estável,
2026-09-25,MULTI7 FIDC NP - SUBORDINADAS MEZANINO,https://www.austin.com.br/Historico-Rating/3063/Multi7_FIDC_NP_-_Subordinadas_Mezanino_,FIDCs,brBB-,,brBB-,2018-10-18,Rating Inicial,Estável,
2026-09-25,MULTIPLICA FIDC - SUBORDINADAS MEZANINO,https://www.austin.com.br/Historico-Rating/2284/Multiplica_FIDC_-_Subordinadas_Mezanino_,FIDCs,brBB+,,brBB+,2020-04-02,Observação Negativa,,https://www.austin.com.br/Relatorio/Rating/Multiplica_FIDC/9928
2026-09-25,MULTIPLICA FIDC - SUBORDINADAS MEZANINO,https://www.austin.com.br/Historico-Rating/2284/Multiplica_FIDC_-_Subordinadas_Mezanino_,FIDCs,brBB+,,brBB+,2019-08-15,Confirmação,Estável,
2026-09-25,MULTIPLICA FIDC - SUBORDINADAS MEZANINO,https://www.austin.com.br/Historico-Rating/2284/Multiplica_FIDC_-_Subordinadas_Mezanino_,FIDCs,brBB+,,brBB+,2019-05-20,Confirmação,Estável,
2026-09-25,MULTIPLICA FIDC - SUBORDINADAS MEZANINO,https://www.austin.com.br/Historico-Rating/2284/Multiplica_FIDC_-_Subordinadas_Mezanino_,FIDCs,brBB+,,brBB+,2019-02-22,Confirmação,Estável,
2026-09-25,MULTIPLICA FIDC - SUBORDINADAS MEZANINO,https://www.austin.com.br/Historico-Rating/2284/Multiplica_FIDC_-_Subordinadas_Mezanino_,FIDCs,brBB+,,brBB+,2018-09-11,Rebaixamento,,
2026-09-25,MULTIPLICA FIDC - SUBORDINADAS MEZANINO,https://www.austin.com.br/Historico-Rating/2284/Multiplica_FIDC_-_Subordinadas_Mezanino_,FIDCs,brBBB-,,brBBB-,2018-03-20,Rebaixamento,,
2026-09-25,MULTIPLICA FIDC - SUBORDINADAS MEZANINO,https://www.austin.com.br/Historico-Rating/2284/Multiplica_FIDC_-_Subordinadas_Mezanino_,FIDCs,brBBB,,brBBB,2017-05-24,Observação Negativa,,
2026-09-25,MULTIPLICA FIDC - SUBORDINADAS MEZANINO,https://www.austin.com.br/Historico-Rating/2284/Multiplica_FIDC_-_Subordinadas_Mezanino_,FIDCs,brBBB,,brBBB,2016-10-14,Observação Negativa,Estável,
2026-09-25,MULTIPLICA FIDC - SUBORDINADAS MEZANINO,https://www.austin.com.br/Historico-Rating/2284/Multiplica_FIDC_-_Subordinadas_Mezanino_,FIDCs,brBBB,,brBBB,2016-03-22,Rating Inicial,Estável,
2026-09-25,MULTI7 FIDC NP - SENIORES ÚNICA,https://www.austin.com.br/Historico-Rating/3061/Multi7_FIDC_NP_-_Seniores_Única,FIDCs,brBBB,,brBBB,2020-04-02,Observação Negativa,,https://www.austin.com.br/Relatorio/Rating/Multi7_FIDC_NP/9924
2026-09-25,MULTI7 FIDC NP - SENIORES ÚNICA,https://www.austin.com.br/Historico-Rating/3061/Multi7_FIDC_NP_-_Seniores_Única,FIDCs,brBBB,,brBBB,2019-08-06,Confirmação,Estável,
2026-09-25,MULTI7 FIDC NP - SENIORES ÚNICA,https://www.austin.com.br/Historico-Rating/3061/Multi7_FIDC_NP_-_Seniores_Única,FIDCs,brBBB,,brBBB,2019-05-13,Confirmação,Estável,
2026-09-25,MULTI7 FIDC NP - SENIORES ÚNICA,https://www.austin.com.br/Historico-Rating/3061/Multi7_FIDC_NP_-_Seniores_Única,FIDCs,brBBB,,brBBB,2019-02-15,Confirmação,Estável,
2026-09-25,MULTI7 FIDC NP - SENIORES ÚNICA,https://www.austin.com.br/Historico-Rating/3061/Multi7_FIDC_NP_-_Seniores_Única,FIDCs,brBBB,,brBBB,2018-10-18,Rating Inicial,Estável,
2026-09-25,MULTIPLICA FIDC  - SUBORDINADAS JÚNIOR,https://www.austin.com.br/Historico-Rating/3327/Multiplica_FIDC__-_Subordinadas_Júnior_,FIDCs,brB-,,brB-,2020-04-02,Observação Negativa,,https://www.austin.com.br/Relatorio/Rating/Multiplica_FIDC_/9929
2026-09-25,MULTIPLICA FIDC  - SUBORDINADAS JÚNIOR,https://www.austin.com.br/Historico-Rating/3327/Multiplica_FIDC__-_Subordinadas_Júnior_,FIDCs,brB-,,brB-,2019-08-15,Confirmação,Estável,
2026-09-25,MULTINVEST CAPITAL ADMINISTRADORA DE RECURSOS LTDA.,https://www.austin.com.br/Historico-Rating/1624/Multinvest_Capital_Administradora_de_Recursos_Ltda_,Gestão,QG3,,QG3,2023-05-30,Confirmação,Estável,
2026-09-25,MULTINVEST CAPITAL ADMINISTRADORA DE RECURSOS LTDA.,https://www.austin.com.br/Historico-Rating/1624/Multinvest_Capital_Administradora_de_Recursos_Ltda_,Gestão,QG3,,QG3,2022-04-24,Confirmação,Estável,
2026-09-25,MULTINVEST CAPITAL ADMINISTRADORA DE RECURSOS LTDA.,https://www.austin.com.br/Historico-Rating/1624/Multinvest_Capital_Administradora_de_Recursos_Ltda_,Gestão,QG3-,,QG3-,2015-06-29,Alteração de Perspectiva,Positiva,
2026-09-25,MULTINVEST CAPITAL ADMINISTRADORA DE RECURSOS LTDA.,https://www.austin.com.br/Historico-Rating/1624/Multinvest_Capital_Administradora_de_Recursos_Ltda_,Gestão,QG3-,,QG3-,2014-03-10,Confirmação,Estável,
2026-09-25,MULTINVEST CAPITAL ADMINISTRADORA DE RECURSOS LTDA.,https://www.austin.com.br/Historico-Rating/1624/Multinvest_Capital_Administradora_de_Recursos_Ltda_,Gestão,QG3-,,QG3-,2013-07-19,Rating Inicial,Estável,
2026-09-25,MULTIPLICA FIDC - SENIORES ÚNICA,https://www.austin.com.br/Historico-Rating/2283/Multiplica_FIDC_-_Seniores_Única,FIDCs,brA,,brA,2020-04-02,Observação Negativa,,https://www.austin.com.br/Relatorio/Rating/Multiplica_FIDC/9927
2026-09-25,MULTIPLICA FIDC - SENIORES ÚNICA,https://www.austin.com.br/Historico-Rating/2283/Multiplica_FIDC_-_Seniores_Única,FIDCs,brA,,brA,2019-08-15,Confirmação,Estável,
2026-09-25,MULTIPLICA FIDC - SENIORES ÚNICA,https://www.austin.com.br/Historico-Rating/2283/Multiplica_FIDC_-_Seniores_Única,FIDCs,brA,,brA,2019-05-20,Confirmação,Estável,
2026-09-25,MULTIPLICA FIDC - SENIORES ÚNICA,https://www.austin.com.br/Historico-Rating/2283/Multiplica_FIDC_-_Seniores_Única,FIDCs,brA,,brA,2019-02-22,Confirmação,Estável,
2026-09-25,MULTIPLICA FIDC - SENIORES ÚNICA,https://www.austin.com.br/Historico-Rating/2283/Multiplica_FIDC_-_Seniores_Única,FIDCs,brA,,brA,2018-09-11,Observação Negativa,,
2026-09-25,MULTIPLICA FIDC - SENIORES ÚNICA,https://www.austin.com.br/Historico-Rating/2283/Multiplica_FIDC_-_Seniores_Única,FIDCs,brA,,brA,2018-03-20,Observação Negativa,,
2026-09-25,MULTIPLICA FIDC - SENIORES ÚNICA,https://www.austin.com.br/Historico-Rating/2283/Multiplica_FIDC_-_Seniores_Única,FIDCs,brA,,brA,2017-05-24,Confirmação,Estável,
2026-09-25,MULTIPLICA FIDC - SENIORES ÚNICA,https://www.austin.com.br/Historico-Rating/2283/Multiplica_FIDC_-_Seniores_Única,FIDCs,brA,,brA,2016-10-10,Confirmação,Estável,
2026-09-25,MULTIPLICA FIDC - SENIORES ÚNICA,https://www.austin.com.br/Historico-Rating/2283/Multiplica_FIDC_-_Seniores_Única,FIDCs,brA,,brA,2016-03-22,Rating Inicial,Estável,
2026-09-25,MULTIPLIKE FIDC - SUBORDINADAS MEZANINO,https://www.austin.com.br/Historico-Rating/4585/Multiplike_FIDC_-_Subordinadas_Mezanino_,FIDCs,brBBB,,brBBB,2024-07-24,Rating Inicial,Estável,https://www.austin.com.br/Relatorio/Rating/Multiplike_FIDC/10924
2026-09-25,MUNICÍPIO DE OSASCO,https://www.austin.com.br/Historico-Rating/4068/Município_de_Osasco,Estados e Municípios,brAA,,brAA,2022-08-19,Rating Inicial,Estável,https://www.austin.com.br/Relatorio/Rating/Município_de_Osasco/10433
2026-09-25,MULTIPLIKE FIDC - SENIORES ÚNICA,https://www.austin.com.br/Historico-Rating/4584/Multiplike_FIDC_-_Seniores_Única,FIDCs,brA+,,brA+,2024-07-24,Rating Inicial,Estável,https://www.austin.com.br/Relatorio/Rating/Multiplike_FIDC/10923
2026-09-25,MULTIPLIK FIDC NP - SUBORDINADAS JÚNIOR,https://www.austin.com.br/Historico-Rating/2487/Multiplik_FIDC_NP_-_Subordinadas_Júnior_,FIDCs,brCC,,brCC,2020-04-02,Observação Negativa,,https://www.austin.com.br/Relatorio/Rating/Multiplik_FIDC_NP/9870
2026-09-25,MULTIPLIK FIDC NP - SUBORDINADAS JÚNIOR,https://www.austin.com.br/Historico-Rating/2487/Multiplik_FIDC_NP_-_Subordinadas_Júnior_,FIDCs,brCC,,brCC,2019-11-14,Confirmação,Estável,
2026-09-25,MULTIPLIK FIDC NP - SUBORDINADAS JÚNIOR,https://www.austin.com.br/Historico-Rating/2487/Multiplik_FIDC_NP_-_Subordinadas_Júnior_,FIDCs,brCC,,brCC,2019-08-15,Elevação,Estável,
2026-09-25,MULTIPLIK FIDC NP - SUBORDINADAS JÚNIOR,https://www.austin.com.br/Historico-Rating/2487/Multiplik_FIDC_NP_-_Subordinadas_Júnior_,FIDCs,brC,,brC,2019-05-14,Confirmação,Estável,
2026-09-25,MULTIPLIK FIDC NP - SUBORDINADAS JÚNIOR,https://www.austin.com.br/Historico-Rating/2487/Multiplik_FIDC_NP_-_Subordinadas_Júnior_,FIDCs,brC,,brC,2019-04-04,Rebaixamento,Estável,
2026-09-25,MULTIPLIK FIDC NP - SUBORDINADAS JÚNIOR,https://www.austin.com.br/Historico-Rating/2487/Multiplik_FIDC_NP_-_Subordinadas_Júnior_,FIDCs,brCC,,brCC,2018-08-13,Confirmação,Estável,
2026-09-25,MULTIPLIK FIDC NP - SUBORDINADAS JÚNIOR,https://www.austin.com.br/Historico-Rating/2487/Multiplik_FIDC_NP_-_Subordinadas_Júnior_,FIDCs,brCC,,brCC,2018-05-09,Confirmação,Estável,
2026-09-25,MULTIPLIK FIDC NP - SUBORDINADAS JÚNIOR,https://www.austin.com.br/Historico-Rating/2487/Multiplik_FIDC_NP_-_Subordinadas_Júnior_,FIDCs,brCC,,brCC,2018-02-09,Confirmação,Estável,
2026-09-25,MULTIPLIK FIDC NP - SUBORDINADAS JÚNIOR,https://www.austin.com.br/Historico-Rating/2487/Multiplik_FIDC_NP_-_Subordinadas_Júnior_,FIDCs,brCC,,brCC,2017-12-01,Confirmação,Estável,
2026-09-25,MULTIPLIK FIDC NP - SUBORDINADAS JÚNIOR,https://www.austin.com.br/Historico-Rating/2487/Multiplik_FIDC_NP_-_Subordinadas_Júnior_,FIDCs,brCC,,brCC,2017-10-13,Confirmação,Estável,
2026-09-25,MULTIPLIK FIDC NP - SUBORDINADAS JÚNIOR,https://www.austin.com.br/Historico-Rating/2487/Multiplik_FIDC_NP_-_Subordinadas_Júnior_,FIDCs,brCC,,brCC,2017-05-26,Confirmação,Estável,
2026-09-25,MULTIPLIK FIDC NP - SUBORDINADAS JÚNIOR,https://www.austin.com.br/Historico-Rating/2487/Multiplik_FIDC_NP_-_Subordinadas_Júnior_,FIDCs,brCC,,brCC,2016-07-21,Rating Inicial,Estável,
2026-09-25,MUNICÍPIO DE GUARULHOS,https://www.austin.com.br/Historico-Rating/292/Município_de_Guarulhos,Estados e Municípios,brA+,,brA+,2012-10-03,Rating Inicial,Estável,https://www.austin.com.br/Relatorio/Rating/Município_de_Guarulhos/4142
2026-09-25,MUNICÍPIO DE GUARULHOS,https://www.austin.com.br/Historico-Rating/292/Município_de_Guarulhos,Estados e Municípios,brA-,,brA-,2008-04-04,Alteração de Perspectiva,Positiva,
2026-09-25,MUNICÍPIO DE GUARULHOS,https://www.austin.com.br/Historico-Rating/292/Município_de_Guarulhos,Estados e Municípios,brA-,,brA-,2007-06-22,Rating Inicial,Estável,
2026-09-25,MUNDIAL FIDC SERVIÇOS - SUBORDINADAS JÚNIOR,https://www.austin.com.br/Historico-Rating/2668/Mundial_FIDC_Serviços_-_Subordinadas_Júnior_,FIDCs,brB+,,brB+,2017-04-03,Rating Preliminar,,https://www.austin.com.br/Relatorio/Rating/Mundial_FIDC_Serviços/7344
2026-09-25,MUNICÍPIO DE CONTAGEM,https://www.austin.com.br/Historico-Rating/3133/Município_de_Contagem,Estados e Municípios,brA-,,brA-,2019-03-07,Rating Inicial,Estável,
2026-09-25,MUNICÍPIO DE JUNDIAÍ,https://www.austin.com.br/Historico-Rating/394/Município_de_Jundiaí,Estados e Municípios,brAA+,,brAA+,2024-10-18,Confirmação,Estável,https://www.austin.com.br/Relatorio/Rating/Município_de_Jundiaí/11235
2026-09-25,MUNICÍPIO DE JUNDIAÍ,https://www.austin.com.br/Historico-Rating/394/Município_de_Jundiaí,Estados e Municípios,brAA+,,brAA+,2023-10-20,Elevação,Estável,
2026-09-25,MUNICÍPIO DE JUNDIAÍ,https://www.austin.com.br/Historico-Rating/394/Município_de_Jundiaí,Estados e Municípios,brAA,,brAA,2022-05-20,Alteração de Perspectiva,Positiva,
2026-09-25,MUNICÍPIO DE JUNDIAÍ,https://www.austin.com.br/Historico-Rating/394/Município_de_Jundiaí,Estados e Municípios,brAA,,brAA,2020-08-12,Elevação,Estável,
2026-09-25,MUNICÍPIO DE JUNDIAÍ,https://www.austin.com.br/Historico-Rating/394/Município_de_Jundiaí,Estados e Municípios,brAA-,,brAA-,2019-05-31,Confirmação,Positiva,
2026-09-25,MUNICÍPIO DE JUNDIAÍ,https://www.austin.com.br/Historico-Rating/394/Município_de_Jundiaí,Estados e Municípios,brAA-,,brAA-,2018-12-03,Confirmação,Estável,
2026-09-25,MUNICÍPIO DE JUNDIAÍ,https://www.austin.com.br/Historico-Rating/394/Município_de_Jundiaí,Estados e Municípios,brAA-,,brAA-,2018-01-02,Rating Inicial,Estável,
2026-09-25,MUNICÍPIO DE JUNDIAÍ,https://www.austin.com.br/Historico-Rating/394/Município_de_Jundiaí,Estados e Municípios,brAA,,brAA,2012-10-03,Elevação,Estável,
2026-09-25,MUNICÍPIO DE JUNDIAÍ,https://www.austin.com.br/Historico-Rating/394/Município_de_Jundiaí,Estados e Municípios,brAA-,,brAA-,2011-07-01,Elevação,Positiva,
2026-09-25,MUNICÍPIO DE JUNDIAÍ,https://www.austin.com.br/Historico-Rating/394/Município_de_Jundiaí,Estados e Municípios,brA+,,brA+,2010-07-01,Alteração de Perspectiva,Positiva,
2026-09-25,MUNICÍPIO DE JUNDIAÍ,https://www.austin.com.br/Historico-Rating/394/Município_de_Jundiaí,Estados e Municípios,brA+,,brA+,2009-09-01,Elevação,Estável,
2026-09-25,MUNICÍPIO DE JUNDIAÍ,https://www.austin.com.br/Historico-Rating/394/Município_de_Jundiaí,Estados e Municípios,brA,,brA,2008-08-14,Rating Inicial,Estável,
2026-09-25,MUNICÍPIO DE SANTOS,https://www.austin.com.br/Historico-Rating/683/Município_de_Santos,Estados e Municípios,brAA,,brAA,2015-12-18,Rating Inicial,Estável,https://www.austin.com.br/Relatorio/Rating/Município_de_Santos/6552
2026-09-25,MUNICÍPIO DE SANTOS,https://www.austin.com.br/Historico-Rating/683/Município_de_Santos,Estados e Municípios,,,,2013-02-01,Rating Retirado,,
2026-09-25,MUNICÍPIO DE SANTOS,https://www.austin.com.br/Historico-Rating/683/Município_de_Santos,Estados e Municípios,brAA,,brAA,2012-03-01,Alteração de Perspectiva,Positiva,
2026-09-25,MUNICÍPIO DE SANTOS,https://www.austin.com.br/Historico-Rating/683/Município_de_Santos,Estados e Municípios,brAA,,brAA,2010-12-30,Rating Inicial,Estável,
2026-09-25,NAGRO GHIA FIAGRO - SUBORDINADAS JÚNIOR,https://www.austin.com.br/Historico-Rating/4747/NAGRO_GHIA_FIAGRO_-_Subordinadas_Júnior_,FIDCs,brCCC,,brCCC,2024-08-30,Rebaixamento,Negativa,https://www.austin.com.br/Relatorio/Rating/NAGRO_GHIA_FIAGRO/11146
2026-09-25,NAGRO GHIA FIAGRO - SENIORES 3ª SÉRIE,https://www.austin.com.br/Historico-Rating/4743/NAGRO_GHIA_FIAGRO_-_Seniores_3ª_série,FIDCs,brBBB,,brBBB,2024-08-30,Rebaixamento,Negativa,https://www.austin.com.br/Relatorio/Rating/NAGRO_GHIA_FIAGRO/11142
2026-09-25,NAGRO GHIA FIAGRO - MEZANINO CLASSE B,https://www.austin.com.br/Historico-Rating/4745/NAGRO_GHIA_FIAGRO_-_Mezanino_Classe_B_,FIDCs,brB+,,brB+,2024-08-30,Rebaixamento,Negativa,https://www.austin.com.br/Relatorio/Rating/NAGRO_GHIA_FIAGRO/11144
2026-09-25,NAGRO GHIA FIAGRO - MEZANINO CLASSE A,https://www.austin.com.br/Historico-Rating/4744/NAGRO_GHIA_FIAGRO_-_Mezanino_Classe_A_,FIDCs,brB+,,brB+,2024-08-30,Rebaixamento,Negativa,https://www.austin.com.br/Relatorio/Rating/NAGRO_GHIA_FIAGRO/11143
2026-09-25,NAGRO GHIA FIAGRO - SENIORES 2ª SÉRIE,https://www.austin.com.br/Historico-Rating/4742/NAGRO_GHIA_FIAGRO_-_Seniores_2ª_série,FIDCs,brBBB,,brBBB,2024-08-30,Rebaixamento,Negativa,https://www.austin.com.br/Relatorio/Rating/NAGRO_GHIA_FIAGRO/11141
2026-09-25,NAGRO GHIA FIAGRO - SUBORDINADAS JÚNIOR,https://www.austin.com.br/Historico-Rating/4746/NAGRO_GHIA_FIAGRO_-_Subordinadas_Júnior_,FIDCs,brCCC,,brCCC,2024-08-30,Rebaixamento,Negativa,https://www.austin.com.br/Relatorio/Rating/NAGRO_GHIA_FIAGRO/11145
2026-09-25,NAIA ZETTA VENTURE DEBT FIDC - ÚNICA,https://www.austin.com.br/Historico-Rating/4058/Naia_Zetta_Venture_Debt_FIDC_-_Única_,FIDCs,brBB-,,brBB-,2022-07-21,Rating Inicial,Estável,https://www.austin.com.br/Relatorio/Rating/Naia_Zetta_Venture_Debt_FIDC/10422
2026-09-25,NDMP I FIDC - SUBORDINADAS MEZANINO II,https://www.austin.com.br/Historico-Rating/4541/NDMP_I_FIDC_-_Subordinadas_Mezanino_II_,FIDCs,brBB,,brBB,2024-08-12,Confirmação,Estável,https://www.austin.com.br/Relatorio/Rating/NDMP_I_FIDC/11073
2026-09-25,NDMP I FIDC - SUBORDINADAS MEZANINO II,https://www.austin.com.br/Historico-Rating/4541/NDMP_I_FIDC_-_Subordinadas_Mezanino_II_,FIDCs,brBB,,brBB,2024-05-09,Elevação,Estável,
2026-09-25,NEOCRED FIDC - SENIORES 3ª SÉRIE,https://www.austin.com.br/Historico-Rating/3286/Neocred_FIDC_-_Seniores_3ª_série,FIDCs,brBB+,,brBB+,2020-04-02,Observação Negativa,,https://www.austin.com.br/Relatorio/Rating/Neocred_FIDC/9952
2026-09-25,NEOCRED FIDC - SENIORES 3ª SÉRIE,https://www.austin.com.br/Historico-Rating/3286/Neocred_FIDC_-_Seniores_3ª_série,FIDCs,brBB+,,brBB+,2019-08-05,Rating Inicial,Estável,
2026-09-25,NEOCRED FIDC  - SUBORDINADAS JÚNIOR,https://www.austin.com.br/Historico-Rating/3328/Neocred_FIDC__-_Subordinadas_Júnior_,FIDCs,brCC,,brCC,2020-04-02,Observação Negativa,,https://www.austin.com.br/Relatorio/Rating/Neocred_FIDC_/9953
2026-09-25,NEOCRED FIDC  - SUBORDINADAS JÚNIOR,https://www.austin.com.br/Historico-Rating/3328/Neocred_FIDC__-_Subordinadas_Júnior_,FIDCs,brCC,,brCC,2019-08-01,Confirmação,Estável,
2026-09-25,NDMP I FIDC - SENIORES ÚNICA,https://www.austin.com.br/Historico-Rating/4540/NDMP_I_FIDC_-_Seniores_Única,FIDCs,brA+,,brA+,2024-08-12,Elevação,Estável,https://www.austin.com.br/Relatorio/Rating/NDMP_I_FIDC/11072
2026-09-25,NDMP I FIDC - SENIORES ÚNICA,https://www.austin.com.br/Historico-Rating/4540/NDMP_I_FIDC_-_Seniores_Única,FIDCs,brA,,brA,2024-05-09,Elevação,Estável,
2026-09-25,NDMP I FIDC - SUBORDINADAS MEZANINO III,https://www.austin.com.br/Historico-Rating/4542/NDMP_I_FIDC_-_Subordinadas_Mezanino_III_,FIDCs,brBB,,brBB,2024-08-12,Confirmação,Estável,https://www.austin.com.br/Relatorio/Rating/NDMP_I_FIDC/11074
2026-09-25,NDMP I FIDC - SUBORDINADAS MEZANINO III,https://www.austin.com.br/Historico-Rating/4542/NDMP_I_FIDC_-_Subordinadas_Mezanino_III_,FIDCs,brBB,,brBB,2024-05-09,Elevação,Estável,
2026-09-25,NEOCRED FIDC - SUBORDINADAS MEZANINO II,https://www.austin.com.br/Historico-Rating/3261/Neocred_FIDC_-_Subordinadas_Mezanino_II_,FIDCs,brCCC,,brCCC,2020-04-02,Observação Negativa,,https://www.austin.com.br/Relatorio/Rating/Neocred_FIDC/9950
2026-09-25,NEOCRED FIDC - SUBORDINADAS MEZANINO II,https://www.austin.com.br/Historico-Rating/3261/Neocred_FIDC_-_Subordinadas_Mezanino_II_,FIDCs,brCCC,,brCCC,2019-08-01,Confirmação,Estável,
2026-09-25,NEOCRED FIDC - SUBORDINADAS MEZANINO II,https://www.austin.com.br/Historico-Rating/3261/Neocred_FIDC_-_Subordinadas_Mezanino_II_,FIDCs,brCCC,,brCCC,2019-05-31,Rating Inicial,Estável,
2026-09-25,NEOCRED FIDC - SENIORES 2ª SÉRIE,https://www.austin.com.br/Historico-Rating/3262/Neocred_FIDC_-_Seniores_2ª_série,FIDCs,brBB+,,brBB+,2020-04-02,Observação Negativa,,https://www.austin.com.br/Relatorio/Rating/Neocred_FIDC/9951
2026-09-25,NEOCRED FIDC - SENIORES 2ª SÉRIE,https://www.austin.com.br/Historico-Rating/3262/Neocred_FIDC_-_Seniores_2ª_série,FIDCs,brBB+,,brBB+,2019-08-01,Confirmação,Estável,
2026-09-25,NEOCRED FIDC - SENIORES 2ª SÉRIE,https://www.austin.com.br/Historico-Rating/3262/Neocred_FIDC_-_Seniores_2ª_série,FIDCs,brBB+,,brBB+,2019-05-31,Rating Inicial,Estável,
2026-09-25,NEOCRED FIDC  - SUBORDINADAS MEZANINO I,https://www.austin.com.br/Historico-Rating/3019/Neocred_FIDC__-_Subordinadas_Mezanino_I_,FIDCs,brB-,,brB-,2020-04-02,Observação Negativa,,https://www.austin.com.br/Relatorio/Rating/Neocred_FIDC_/9949
2026-09-25,NEOCRED FIDC  - SUBORDINADAS MEZANINO I,https://www.austin.com.br/Historico-Rating/3019/Neocred_FIDC__-_Subordinadas_Mezanino_I_,FIDCs,brB-,,brB-,2019-08-01,Confirmação,Estável,
2026-09-25,NEOCRED FIDC  - SUBORDINADAS MEZANINO I,https://www.austin.com.br/Historico-Rating/3019/Neocred_FIDC__-_Subordinadas_Mezanino_I_,FIDCs,brB+,,brB+,2019-05-31,Rating Inicial,Estável,
2026-09-25,NEOCRED FIDC  - SUBORDINADAS MEZANINO I,https://www.austin.com.br/Historico-Rating/3019/Neocred_FIDC__-_Subordinadas_Mezanino_I_,FIDCs,brCCC,,brCCC,2019-02-15,Confirmação,Estável,
2026-09-25,NEOCRED FIDC  - SUBORDINADAS MEZANINO I,https://www.austin.com.br/Historico-Rating/3019/Neocred_FIDC__-_Subordinadas_Mezanino_I_,FIDCs,brCCC,,brCCC,2018-08-07,Rating Inicial,Estável,
2026-09-25,NEOCRED FIDC - SENIORES 1ª SÉRIE,https://www.austin.com.br/Historico-Rating/2998/Neocred_FIDC_-_Seniores_1ª_série,FIDCs,brBB+,,brBB+,2019-08-01,Confirmação,Estável,https://www.austin.com.br/Relatorio/Rating/Neocred_FIDC/9207
2026-09-25,NEOCRED FIDC - SENIORES 1ª SÉRIE,https://www.austin.com.br/Historico-Rating/2998/Neocred_FIDC_-_Seniores_1ª_série,FIDCs,brBB+,,brBB+,2019-02-15,Confirmação,Estável,
2026-09-25,NEOCRED FIDC - SENIORES 1ª SÉRIE,https://www.austin.com.br/Historico-Rating/2998/Neocred_FIDC_-_Seniores_1ª_série,FIDCs,brBB+,,brBB+,2018-08-07,Rating Preliminar,,
2026-09-25,NOVO MUNDO FIDC - SUBORDINADAS JÚNIOR,https://www.austin.com.br/Historico-Rating/3772/Novo_Mundo_FIDC_-_Subordinadas_Júnior_,FIDCs,brCCC,,brCCC,2021-03-26,Rating Preliminar,,
2026-09-25,NEW TRADE FIDC - SUBORDINADAS,https://www.austin.com.br/Historico-Rating/1892/New_Trade_FIDC_-_Subordinadas_,FIDCs,brCCC,,brCCC,2024-04-03,Rebaixamento,Negativa,https://www.austin.com.br/Relatorio/Rating/New_Trade_FIDC/10823
2026-09-25,NEW TRADE FIDC - SUBORDINADAS,https://www.austin.com.br/Historico-Rating/1892/New_Trade_FIDC_-_Subordinadas_,FIDCs,brCCC,,brCCC,2020-04-02,Observação Negativa,,
2026-09-25,NEW TRADE FIDC - SUBORDINADAS,https://www.austin.com.br/Historico-Rating/1892/New_Trade_FIDC_-_Subordinadas_,FIDCs,brCCC,,brCCC,2019-11-14,Confirmação,Estável,
2026-09-25,NEW TRADE FIDC - SUBORDINADAS,https://www.austin.com.br/Historico-Rating/1892/New_Trade_FIDC_-_Subordinadas_,FIDCs,brCCC,,brCCC,2019-08-15,Confirmação,Estável,
2026-09-25,NEW TRADE FIDC - SUBORDINADAS,https://www.austin.com.br/Historico-Rating/1892/New_Trade_FIDC_-_Subordinadas_,FIDCs,brCCC,,brCCC,2019-05-09,Confirmação,Estável,
2026-09-25,NEW TRADE FIDC - SUBORDINADAS,https://www.austin.com.br/Historico-Rating/1892/New_Trade_FIDC_-_Subordinadas_,FIDCs,brCCC,,brCCC,2019-02-04,Confirmação,Estável,
2026-09-25,NEW TRADE FIDC - SUBORDINADAS,https://www.austin.com.br/Historico-Rating/1892/New_Trade_FIDC_-_Subordinadas_,FIDCs,brCCC,,brCCC,2018-07-13,Confirmação,Estável,
2026-09-25,NEW TRADE FIDC - SUBORDINADAS,https://www.austin.com.br/Historico-Rating/1892/New_Trade_FIDC_-_Subordinadas_,FIDCs,brCCC,,brCCC,2018-05-24,Confirmação,Estável,
2026-09-25,NEW TRADE FIDC - SUBORDINADAS,https://www.austin.com.br/Historico-Rating/1892/New_Trade_FIDC_-_Subordinadas_,FIDCs,brCCC,,brCCC,2017-11-17,Confirmação,Estável,
2026-09-25,NEW TRADE FIDC - SUBORDINADAS,https://www.austin.com.br/Historico-Rating/1892/New_Trade_FIDC_-_Subordinadas_,FIDCs,brCCC,,brCCC,2017-08-09,Confirmação,Estável,
2026-09-25,NEW TRADE FIDC - SUBORDINADAS,https://www.austin.com.br/Historico-Rating/1892/New_Trade_FIDC_-_Subordinadas_,FIDCs,brCCC,,brCCC,2017-05-12,Confirmação,Estável,
2026-09-25,NEW TRADE FIDC - SUBORDINADAS,https://www.austin.com.br/Historico-Rating/1892/New_Trade_FIDC_-_Subordinadas_,FIDCs,brCCC,,brCCC,2017-02-15,Confirmação,Estável,
2026-09-25,NEW TRADE FIDC - SUBORDINADAS,https://www.austin.com.br/Historico-Rating/1892/New_Trade_FIDC_-_Subordinadas_,FIDCs,brCCC,,brCCC,2016-11-11,Confirmação,Estável,
2026-09-25,NEW TRADE FIDC - SUBORDINADAS,https://www.austin.com.br/Historico-Rating/1892/New_Trade_FIDC_-_Subordinadas_,FIDCs,brCCC,,brCCC,2016-07-27,Confirmação,Estável,
2026-09-25,NEW TRADE FIDC - SUBORDINADAS,https://www.austin.com.br/Historico-Rating/1892/New_Trade_FIDC_-_Subordinadas_,FIDCs,brCCC,,brCCC,2016-05-20,Elevação,Estável,
2026-09-25,NEW TRADE FIDC - SUBORDINADAS,https://www.austin.com.br/Historico-Rating/1892/New_Trade_FIDC_-_Subordinadas_,FIDCs,brCC,,brCC,2016-02-15,Confirmação,Estável,
2026-09-25,NEW TRADE FIDC - SUBORDINADAS,https://www.austin.com.br/Historico-Rating/1892/New_Trade_FIDC_-_Subordinadas_,FIDCs,brCC,,brCC,2015-11-16,Confirmação,Estável,
2026-09-25,NEW TRADE FIDC - SUBORDINADAS,https://www.austin.com.br/Historico-Rating/1892/New_Trade_FIDC_-_Subordinadas_,FIDCs,brCC,,brCC,2015-09-11,Confirmação,Estável,
2026-09-25,NEW TRADE FIDC - SUBORDINADAS,https://www.austin.com.br/Historico-Rating/1892/New_Trade_FIDC_-_Subordinadas_,FIDCs,brCC,,brCC,2014-06-16,Rating Inicial,Estável,
2026-09-25,NXC CAPITAL FIDC - SENIORES 1ª SÉRIE,https://www.austin.com.br/Historico-Rating/4592/NXC_Capital_FIDC_-_Seniores_1ª_série,FIDCs,brBBB,,brBBB,2024-07-18,Rating Inicial,Estável,https://www.austin.com.br/Relatorio/Rating/NXC_Capital_FIDC/10932
2026-09-25,OBELISK FIC FIDC - ÚNICA,https://www.austin.com.br/Historico-Rating/2662/Obelisk_FIC_FIDC_-_Única_,FIDCs,brBBB,,brBBB,2017-04-06,Rating Inicial,Estável,https://www.austin.com.br/Relatorio/Rating/Obelisk_FIC_FIDC/7335
2026-09-25,NXC CAPITAL FIDC - SUBORDINADAS MEZANINO I,https://www.austin.com.br/Historico-Rating/4594/NXC_Capital_FIDC_-_Subordinadas_Mezanino_I_,FIDCs,brBB,,brBB,2024-07-10,Rating Inicial,Estável,https://www.austin.com.br/Relatorio/Rating/NXC_Capital_FIDC/10934
2026-09-25,NOVO MUNDO FIDC - SUBORDINADAS JÚNIOR,https://www.austin.com.br/Historico-Rating/3520/Novo_Mundo_FIDC_-_Subordinadas_Júnior_,FIDCs,brCCC,,brCCC,2020-05-07,Rating Preliminar,,https://www.austin.com.br/Relatorio/Rating/Novo_Mundo_FIDC/9965
2026-09-25,NXC CAPITAL FIDC - SENIORES 2ª SÉRIE,https://www.austin.com.br/Historico-Rating/4593/NXC_Capital_FIDC_-_Seniores_2ª_série,FIDCs,brBBB,,brBBB,2024-07-18,Rating Inicial,Estável,https://www.austin.com.br/Relatorio/Rating/NXC_Capital_FIDC/10933
2026-09-25,OPEA SECURITIZADORA - RISCO SHOPPING MADUREIRA - (1ª EMISSÃO - 468ª E 470ª SÉRIES),https://www.austin.com.br/Historico-Rating/4041/Opea_Securitizadora_-_Risco_Shopping_Madureira_-_(1ª_Emissão_-_468ª_e_470ª_Séries),CRIs,brA,,brA,2021-12-27,Rating Inicial,Estável,https://www.austin.com.br/Relatorio/Rating/Opea_Securitizadora_-_Risco_Shopping_Madureira_-_(1ª_Emissão_-_468ª_e_470ª_Séries)/10395
2026-09-25,OCCAM PORTFÓLIO CRÉDITO FIDC - ÚNICA,https://www.austin.com.br/Historico-Rating/4995/Occam_Portfólio_Crédito_FIDC_-_Única_,FIDCs,brA-,,brA-,2025-04-11,Rating Inicial,Estável,https://www.austin.com.br/Relatorio/Rating/Occam_Portfólio_Crédito_FIDC/11405
2026-09-25,OPI GOOROO FIDC  - SUBORDINADAS JÚNIOR,https://www.austin.com.br/Historico-Rating/4752/OPI_GOOROO_FIDC__-_Subordinadas_Júnior_,FIDCs,brCCC,,brCCC,2024-08-19,Confirmação,Estável,https://www.austin.com.br/Relatorio/Rating/OPI_GOOROO_FIDC_/11154
2026-09-25,OKNO 1 FIDC  - SENIORES ÚNICA,https://www.austin.com.br/Historico-Rating/4598/Okno_1_FIDC__-_Seniores_Única,FIDCs,brBB,,brBB,2024-06-26,Rating Inicial,Estável,https://www.austin.com.br/Relatorio/Rating/Okno_1_FIDC_/10938
2026-09-25,OPEA SECURITIZADORA S/A - 48ª EMISSÃO,https://www.austin.com.br/Historico-Rating/5204/Opea_Securitizadora_S_A_-_48ª_Emissão,Debêntures,brC,,brC,2026-06-02,Rating Inicial,Estável,https://www.austin.com.br/Relatorio/Rating/Opea_Securitizadora_S_A_-_48ª_Emissão/11613
2026-09-25,OKNO 1 FIDC  - MEZANINO CLASSE A,https://www.austin.com.br/Historico-Rating/4599/Okno_1_FIDC__-_Mezanino_Classe_A_,FIDCs,brB+,,brB+,2024-06-26,Rating Inicial,Estável,https://www.austin.com.br/Relatorio/Rating/Okno_1_FIDC_/10939
2026-09-25,OPI GOOROO FIDC  - SUBORDINADAS MEZANINO II,https://www.austin.com.br/Historico-Rating/4751/OPI_GOOROO_FIDC__-_Subordinadas_Mezanino_II_,FIDCs,brB,,brB,2024-08-19,Confirmação,Estável,https://www.austin.com.br/Relatorio/Rating/OPI_GOOROO_FIDC_/11153
2026-09-25,OPI GOOROO FIDC  - SUBORDINADAS MEZANINO I,https://www.austin.com.br/Historico-Rating/4750/OPI_GOOROO_FIDC__-_Subordinadas_Mezanino_I_,FIDCs,brB,,brB,2024-08-19,Confirmação,Estável,https://www.austin.com.br/Relatorio/Rating/OPI_GOOROO_FIDC_/11152
2026-09-25,OPI GOOROO FIDC  - SENIORES ÚNICA,https://www.austin.com.br/Historico-Rating/4749/OPI_GOOROO_FIDC__-_Seniores_Única,FIDCs,brBBB+,,brBBB+,2024-08-19,Elevação,Estável,https://www.austin.com.br/Relatorio/Rating/OPI_GOOROO_FIDC_/11151
2026-09-25,OPTA INVEST FIDC - SUBORDINADAS JÚNIOR,https://www.austin.com.br/Historico-Rating/3087/Opta_Invest_FIDC_-_Subordinadas_Júnior_,FIDCs,brCCC,,brCCC,2020-04-02,Observação Negativa,,https://www.austin.com.br/Relatorio/Rating/Opta_Invest_FIDC/9842
2026-09-25,OPTA INVEST FIDC - SUBORDINADAS JÚNIOR,https://www.austin.com.br/Historico-Rating/3087/Opta_Invest_FIDC_-_Subordinadas_Júnior_,FIDCs,brCCC,,brCCC,2019-11-13,Confirmação,Estável,
2026-09-25,OPTA INVEST FIDC - SUBORDINADAS JÚNIOR,https://www.austin.com.br/Historico-Rating/3087/Opta_Invest_FIDC_-_Subordinadas_Júnior_,FIDCs,brCCC,,brCCC,2019-06-13,Rating Inicial,Estável,
2026-09-25,OS FIDC  - SENIORES 1ª SÉRIE,https://www.austin.com.br/Historico-Rating/3609/OS_FIDC__-_Seniores_1ª_série,FIDCs,brA,,brA,2021-02-23,Rating Inicial,Estável,https://www.austin.com.br/Relatorio/Rating/OS_FIDC_/10074
2026-09-25,OS FIDC - SUBORDINADAS MEZANINO,https://www.austin.com.br/Historico-Rating/3294/OS_FIDC_-_Subordinadas_Mezanino_,FIDCs,brBB,,brBB,2020-04-02,Observação Negativa,,https://www.austin.com.br/Relatorio/Rating/OS_FIDC/9897
2026-09-25,OS FIDC - SUBORDINADAS MEZANINO,https://www.austin.com.br/Historico-Rating/3294/OS_FIDC_-_Subordinadas_Mezanino_,FIDCs,brBB,,brBB,2019-08-28,Rating Inicial,Estável,
2026-09-25,OXSS FIDC - SENIORES ÚNICA,https://www.austin.com.br/Historico-Rating/4508/OXSS_FIDC_-_Seniores_Única,FIDCs,brA-,,brA-,2024-04-19,Rating Inicial,Estável,https://www.austin.com.br/Relatorio/Rating/OXSS_FIDC/10845
2026-09-25,PACIFIC FIDC - SUBORDINADAS JÚNIOR,https://www.austin.com.br/Historico-Rating/4688/Pacific_FIDC_-_Subordinadas_Júnior_,FIDCs,brB,,brB,2024-11-04,Confirmação,Estável,https://www.austin.com.br/Relatorio/Rating/Pacific_FIDC/11248
2026-09-25,PACIFIC FIDC - SUBORDINADAS JÚNIOR,https://www.austin.com.br/Historico-Rating/4688/Pacific_FIDC_-_Subordinadas_Júnior_,FIDCs,brB,,brB,2024-08-13,Confirmação,Estável,
2026-09-25,PAULISTA YIELD FIDC - SUBORDINADAS MEZANINO,https://www.austin.com.br/Historico-Rating/2190/Paulista_Yield_FIDC_-_Subordinadas_Mezanino_,FIDCs,brBBB,,brBBB,2015-06-09,Rating Preliminar,,https://www.austin.com.br/Relatorio/Rating/Paulista_Yield_FIDC/6081
2026-09-25,OS FIDC - SUBORDINADAS JÚNIOR,https://www.austin.com.br/Historico-Rating/3295/OS_FIDC_-_Subordinadas_Júnior_,FIDCs,brB+,,brB+,2020-04-02,Observação Negativa,,https://www.austin.com.br/Relatorio/Rating/OS_FIDC/9898
2026-09-25,OS FIDC - SUBORDINADAS JÚNIOR,https://www.austin.com.br/Historico-Rating/3295/OS_FIDC_-_Subordinadas_Júnior_,FIDCs,brB+,,brB+,2019-08-28,Rating Inicial,Estável,
2026-09-25,"PACIFIC FIDC - 2ª, 3ª, 4ª E 5ª SÉRIES - SENIORES ÚNICA","https://www.austin.com.br/Historico-Rating/4426/Pacific_FIDC_-_2ª,_3ª,_4ª_e_5ª_Séries_-_Seniores_Única",FIDCs,brBBB-,,brBBB-,2024-11-04,Elevação,Estável,"https://www.austin.com.br/Relatorio/Rating/Pacific_FIDC_-_2ª,_3ª,_4ª_e_5ª_Séries/11247"
2026-09-25,"PACIFIC FIDC - 2ª, 3ª, 4ª E 5ª SÉRIES - SENIORES ÚNICA","https://www.austin.com.br/Historico-Rating/4426/Pacific_FIDC_-_2ª,_3ª,_4ª_e_5ª_Séries_-_Seniores_Única",FIDCs,brBB+,,brBB+,2024-08-13,Confirmação,Estável,
2026-09-25,"PACIFIC FIDC - 2ª, 3ª, 4ª E 5ª SÉRIES - SENIORES ÚNICA","https://www.austin.com.br/Historico-Rating/4426/Pacific_FIDC_-_2ª,_3ª,_4ª_e_5ª_Séries_-_Seniores_Única",FIDCs,brBB+,,brBB+,2024-03-13,Rating Inicial,Estável,
2026-09-25,PCS II BI FIDC NP - SENIORES 1ª SÉRIE,https://www.austin.com.br/Historico-Rating/3944/PCS_II_BI_FIDC_NP_-_Seniores_1ª_série,FIDCs,brB+,,brB+,2021-12-09,Rating Preliminar,,https://www.austin.com.br/Relatorio/Rating/PCS_II_BI_FIDC_NP/10317
2026-09-25,PAULISTA YIELD FIDC - SENIORES ÚNICA,https://www.austin.com.br/Historico-Rating/2189/Paulista_Yield_FIDC_-_Seniores_Única,FIDCs,brAA-,,brAA-,2015-06-09,Rating Preliminar,Estável,https://www.austin.com.br/Relatorio/Rating/Paulista_Yield_FIDC/6080
2026-09-25,PCS II BI FIDC NP - SUBORDINADAS,https://www.austin.com.br/Historico-Rating/3945/PCS_II_BI_FIDC_NP_-_Subordinadas_,FIDCs,brCCC,,brCCC,2021-12-09,Rating Preliminar,,https://www.austin.com.br/Relatorio/Rating/PCS_II_BI_FIDC_NP/10318
2026-09-25,PACIFIC FIDC - SUBORDINADAS MEZANINO,https://www.austin.com.br/Historico-Rating/4827/Pacific_FIDC_-_Subordinadas_Mezanino_,FIDCs,brBB-,,brBB-,2024-11-04,Confirmação,Estável,https://www.austin.com.br/Relatorio/Rating/Pacific_FIDC/11249
2026-09-25,PIKI DIGITAL LENDING FIDC  - SENIORES 1ª SÉRIE,https://www.austin.com.br/Historico-Rating/3775/Piki_Digital_Lending_FIDC__-_Seniores_1ª_série,FIDCs,brBB-,,brBB-,2021-03-12,Rating Preliminar,,
2026-09-25,PIKI DIGITAL LENDING FIDC  - SUBORDINADAS MEZANINO I,https://www.austin.com.br/Historico-Rating/3776/Piki_Digital_Lending_FIDC__-_Subordinadas_Mezanino_I_,FIDCs,brB-,,brB-,2021-03-12,Rating Preliminar,,
2026-09-25,PEGCARD FIDC - SENIORES ÚNICA,https://www.austin.com.br/Historico-Rating/5180/Pegcard_FIDC_-_Seniores_Única,FIDCs,brA-,,brA-,2026-04-28,Rating Inicial,Estável,https://www.austin.com.br/Relatorio/Rating/Pegcard_FIDC/11588
2026-09-25,PIXCARD FIDC - SUBORDINADAS MEZANINO,https://www.austin.com.br/Historico-Rating/4955/PixCard_FIDC_-_Subordinadas_Mezanino_,FIDCs,brBB,,brBB,2025-03-25,Rating Preliminar,,https://www.austin.com.br/Relatorio/Rating/PixCard_FIDC/11367
2026-09-25,PIXCARD FIDC - SUBORDINADAS JÚNIOR,https://www.austin.com.br/Historico-Rating/4956/PixCard_FIDC_-_Subordinadas_Júnior_,FIDCs,brB+,,brB+,2025-03-25,Rating Preliminar,,https://www.austin.com.br/Relatorio/Rating/PixCard_FIDC/11368
2026-09-25,OXSS FIDC - SUBORDINADAS MEZANINO,https://www.austin.com.br/Historico-Rating/4509/OXSS_FIDC_-_Subordinadas_Mezanino_,FIDCs,brBB+,,brBB+,2024-04-19,Rating Inicial,Estável,https://www.austin.com.br/Relatorio/Rating/OXSS_FIDC/10846
2026-09-25,PJUS FIDC NP - ÚNICA,https://www.austin.com.br/Historico-Rating/2418/Pjus_FIDC_NP_-_Única_,FIDCs,brBB-,,brBB-,2019-11-13,Confirmação,Estável,https://www.austin.com.br/Relatorio/Rating/Pjus_FIDC_NP/9602
2026-09-25,PJUS FIDC NP - ÚNICA,https://www.austin.com.br/Historico-Rating/2418/Pjus_FIDC_NP_-_Única_,FIDCs,brBB-,,brBB-,2019-06-06,Confirmação,Estável,
2026-09-25,PJUS FIDC NP - ÚNICA,https://www.austin.com.br/Historico-Rating/2418/Pjus_FIDC_NP_-_Única_,FIDCs,brBB-,,brBB-,2019-05-20,Confirmação,Estável,
2026-09-25,PJUS FIDC NP - ÚNICA,https://www.austin.com.br/Historico-Rating/2418/Pjus_FIDC_NP_-_Única_,FIDCs,brBB-,,brBB-,2019-02-04,Confirmação,Estável,
2026-09-25,PJUS FIDC NP - ÚNICA,https://www.austin.com.br/Historico-Rating/2418/Pjus_FIDC_NP_-_Única_,FIDCs,brBB-,,brBB-,2018-08-15,Confirmação,Estável,
2026-09-25,PJUS FIDC NP - ÚNICA,https://www.austin.com.br/Historico-Rating/2418/Pjus_FIDC_NP_-_Única_,FIDCs,brB,,brB,2018-02-09,Confirmação,Estável,
2026-09-25,PJUS FIDC NP - ÚNICA,https://www.austin.com.br/Historico-Rating/2418/Pjus_FIDC_NP_-_Única_,FIDCs,brB,,brB,2017-11-17,Confirmação,Estável,
2026-09-25,PJUS FIDC NP - ÚNICA,https://www.austin.com.br/Historico-Rating/2418/Pjus_FIDC_NP_-_Única_,FIDCs,brB,,brB,2017-08-15,Confirmação,Estável,
2026-09-25,PJUS FIDC NP - ÚNICA,https://www.austin.com.br/Historico-Rating/2418/Pjus_FIDC_NP_-_Única_,FIDCs,brB,,brB,2017-05-11,Confirmação,Estável,
2026-09-25,PJUS FIDC NP - ÚNICA,https://www.austin.com.br/Historico-Rating/2418/Pjus_FIDC_NP_-_Única_,FIDCs,brB,,brB,2017-02-15,Confirmação,Estável,
2026-09-25,PJUS FIDC NP - ÚNICA,https://www.austin.com.br/Historico-Rating/2418/Pjus_FIDC_NP_-_Única_,FIDCs,brB,,brB,2016-11-16,Confirmação,Estável,
2026-09-25,PJUS FIDC NP - ÚNICA,https://www.austin.com.br/Historico-Rating/2418/Pjus_FIDC_NP_-_Única_,FIDCs,brB,,brB,2016-05-13,Rating Inicial,Estável,
2026-09-25,PLATA FIDC MULTISSETORIAL LP - MEZANINO CLASSE B,https://www.austin.com.br/Historico-Rating/4532/Plata_FIDC_Multissetorial_LP_-_Mezanino_Classe_B_,FIDCs,brBB+,,brBB+,2024-05-02,Rating Inicial,Estável,https://www.austin.com.br/Relatorio/Rating/Plata_FIDC_Multissetorial_LP/10872
2026-09-25,PIXCARD FIDC - SENIORES ÚNICA,https://www.austin.com.br/Historico-Rating/4954/PixCard_FIDC_-_Seniores_Única,FIDCs,brBBB+,,brBBB+,2025-03-25,Rating Preliminar,,https://www.austin.com.br/Relatorio/Rating/PixCard_FIDC/11366
2026-09-25,PMGCRED FIDC - SUBORDINADAS JÚNIOR,https://www.austin.com.br/Historico-Rating/2591/PMGCRED_FIDC_-_Subordinadas_Júnior_,FIDCs,brCCC,,brCCC,2016-12-13,Rating Preliminar,,https://www.austin.com.br/Relatorio/Rating/PMGCRED_FIDC/7092
2026-09-25,PLATA FIDC MULTISSETORIAL LP - SUBORDINADAS MEZANINO,https://www.austin.com.br/Historico-Rating/3357/Plata_FIDC_Multissetorial_LP_-_Subordinadas_Mezanino_,FIDCs,brBB+,,brBB+,2024-05-02,Confirmação,Estável,https://www.austin.com.br/Relatorio/Rating/Plata_FIDC_Multissetorial_LP/10870
2026-09-25,PLATA FIDC MULTISSETORIAL LP - SUBORDINADAS MEZANINO,https://www.austin.com.br/Historico-Rating/3357/Plata_FIDC_Multissetorial_LP_-_Subordinadas_Mezanino_,FIDCs,brBB+,,brBB+,2020-04-02,Observação Negativa,,
2026-09-25,PLATA FIDC MULTISSETORIAL LP - SUBORDINADAS MEZANINO,https://www.austin.com.br/Historico-Rating/3357/Plata_FIDC_Multissetorial_LP_-_Subordinadas_Mezanino_,FIDCs,brBB+,,brBB+,2019-10-09,Rating Inicial,Estável,
2026-09-25,PLATA FIDC MULTISSETORIAL LP - SENIORES 7ª SÉRIE,https://www.austin.com.br/Historico-Rating/4531/Plata_FIDC_Multissetorial_LP_-_Seniores_7ª_série,FIDCs,brBBB,,brBBB,2024-05-02,Rating Inicial,Estável,https://www.austin.com.br/Relatorio/Rating/Plata_FIDC_Multissetorial_LP/10871
2026-09-25,PONTAL FIDC NP - ÚNICA,https://www.austin.com.br/Historico-Rating/3258/Pontal_FIDC_NP_-_Única_,FIDCs,brB-,,brB-,2019-11-14,Confirmação,Estável,
2026-09-25,PONTAL FIDC NP - ÚNICA,https://www.austin.com.br/Historico-Rating/3258/Pontal_FIDC_NP_-_Única_,FIDCs,brB-,,brB-,2019-07-01,Rating Inicial,Estável,https://www.austin.com.br/Relatorio/Rating/Pontal_FIDC_NP/8872
2026-09-25,PLENO INVEST FIDC - SUBORDINADAS JÚNIOR,https://www.austin.com.br/Historico-Rating/2003/Pleno_Invest_FIDC_-_Subordinadas_Júnior_,FIDCs,brB,,brB,2020-04-02,Observação Negativa,,https://www.austin.com.br/Relatorio/Rating/Pleno_Invest_FIDC/9843
2026-09-25,PLENO INVEST FIDC - SUBORDINADAS JÚNIOR,https://www.austin.com.br/Historico-Rating/2003/Pleno_Invest_FIDC_-_Subordinadas_Júnior_,FIDCs,brB,,brB,2019-11-04,Confirmação,Estável,
2026-09-25,PLENO INVEST FIDC - SUBORDINADAS JÚNIOR,https://www.austin.com.br/Historico-Rating/2003/Pleno_Invest_FIDC_-_Subordinadas_Júnior_,FIDCs,brB,,brB,2019-08-06,Confirmação,Estável,
2026-09-25,PLENO INVEST FIDC - SUBORDINADAS JÚNIOR,https://www.austin.com.br/Historico-Rating/2003/Pleno_Invest_FIDC_-_Subordinadas_Júnior_,FIDCs,brB,,brB,2019-05-13,Confirmação,Estável,
2026-09-25,PLENO INVEST FIDC - SUBORDINADAS JÚNIOR,https://www.austin.com.br/Historico-Rating/2003/Pleno_Invest_FIDC_-_Subordinadas_Júnior_,FIDCs,brB,,brB,2019-02-01,Confirmação,Estável,
2026-09-25,PLENO INVEST FIDC - SUBORDINADAS JÚNIOR,https://www.austin.com.br/Historico-Rating/2003/Pleno_Invest_FIDC_-_Subordinadas_Júnior_,FIDCs,brB,,brB,2018-07-19,Confirmação,Estável,
2026-09-25,PLENO INVEST FIDC - SUBORDINADAS JÚNIOR,https://www.austin.com.br/Historico-Rating/2003/Pleno_Invest_FIDC_-_Subordinadas_Júnior_,FIDCs,brB,,brB,2018-05-11,Confirmação,Estável,
2026-09-25,PLENO INVEST FIDC - SUBORDINADAS JÚNIOR,https://www.austin.com.br/Historico-Rating/2003/Pleno_Invest_FIDC_-_Subordinadas_Júnior_,FIDCs,brB,,brB,2018-02-09,Elevação,Estável,
2026-09-25,PLENO INVEST FIDC - SUBORDINADAS JÚNIOR,https://www.austin.com.br/Historico-Rating/2003/Pleno_Invest_FIDC_-_Subordinadas_Júnior_,FIDCs,brB-,,brB-,2017-12-27,Confirmação,Estável,
2026-09-25,PLENO INVEST FIDC - SUBORDINADAS JÚNIOR,https://www.austin.com.br/Historico-Rating/2003/Pleno_Invest_FIDC_-_Subordinadas_Júnior_,FIDCs,brB-,,brB-,2017-08-18,Confirmação,Estável,
2026-09-25,PLENO INVEST FIDC - SUBORDINADAS JÚNIOR,https://www.austin.com.br/Historico-Rating/2003/Pleno_Invest_FIDC_-_Subordinadas_Júnior_,FIDCs,brB-,,brB-,2017-05-12,Elevação,Estável,
2026-09-25,PLENO INVEST FIDC - SUBORDINADAS JÚNIOR,https://www.austin.com.br/Historico-Rating/2003/Pleno_Invest_FIDC_-_Subordinadas_Júnior_,FIDCs,brCCC,,brCCC,2017-02-15,Confirmação,Estável,
2026-09-25,PLENO INVEST FIDC - SUBORDINADAS JÚNIOR,https://www.austin.com.br/Historico-Rating/2003/Pleno_Invest_FIDC_-_Subordinadas_Júnior_,FIDCs,brCCC,,brCCC,2016-11-30,Confirmação,Estável,
2026-09-25,PLENO INVEST FIDC - SUBORDINADAS JÚNIOR,https://www.austin.com.br/Historico-Rating/2003/Pleno_Invest_FIDC_-_Subordinadas_Júnior_,FIDCs,brCCC,,brCCC,2016-08-05,Confirmação,Estável,
2026-09-25,PLENO INVEST FIDC - SUBORDINADAS JÚNIOR,https://www.austin.com.br/Historico-Rating/2003/Pleno_Invest_FIDC_-_Subordinadas_Júnior_,FIDCs,brCCC,,brCCC,2016-06-03,Confirmação,Estável,
2026-09-25,PLENO INVEST FIDC - SUBORDINADAS JÚNIOR,https://www.austin.com.br/Historico-Rating/2003/Pleno_Invest_FIDC_-_Subordinadas_Júnior_,FIDCs,brCCC,,brCCC,2016-03-14,Confirmação,Estável,
2026-09-25,PLENO INVEST FIDC - SUBORDINADAS JÚNIOR,https://www.austin.com.br/Historico-Rating/2003/Pleno_Invest_FIDC_-_Subordinadas_Júnior_,FIDCs,brCCC,,brCCC,2016-01-20,Confirmação,Estável,
2026-09-25,PLENO INVEST FIDC - SUBORDINADAS JÚNIOR,https://www.austin.com.br/Historico-Rating/2003/Pleno_Invest_FIDC_-_Subordinadas_Júnior_,FIDCs,brCCC,,brCCC,2015-04-17,Rating Inicial,Estável,
2026-09-25,PORTO FINO FIC FIDC - SUBORDINADAS JÚNIOR,https://www.austin.com.br/Historico-Rating/3012/Porto_Fino_FIC_FIDC_-_Subordinadas_Júnior_,FIDCs,brCCC,,brCCC,2018-08-17,Rating Inicial,Estável,
2026-09-25,PORTO FINO FIC FIDC - SUBORDINADAS JÚNIOR,https://www.austin.com.br/Historico-Rating/3010/Porto_Fino_FIC_FIDC_-_Subordinadas_Júnior_,FIDCs,brCCC,,brCCC,2018-08-22,Rating Inicial,Estável,https://www.austin.com.br/Relatorio/Rating/Porto_Fino_FIC_FIDC/8287
2026-09-25,POUSO ALEGRE FIC FIDC - SUBORDINADAS JÚNIOR,https://www.austin.com.br/Historico-Rating/2840/Pouso_Alegre_FIC_FIDC_-_Subordinadas_Júnior_,FIDCs,brC,,brC,2020-04-02,Observação Negativa,,https://www.austin.com.br/Relatorio/Rating/Pouso_Alegre_FIC_FIDC/9944
2026-09-25,POUSO ALEGRE FIC FIDC - SUBORDINADAS JÚNIOR,https://www.austin.com.br/Historico-Rating/2840/Pouso_Alegre_FIC_FIDC_-_Subordinadas_Júnior_,FIDCs,brC,,brC,2019-08-02,Confirmação,Estável,
2026-09-25,POUSO ALEGRE FIC FIDC - SUBORDINADAS JÚNIOR,https://www.austin.com.br/Historico-Rating/2840/Pouso_Alegre_FIC_FIDC_-_Subordinadas_Júnior_,FIDCs,brC,,brC,2019-05-08,Rebaixamento,Estável,
2026-09-25,POUSO ALEGRE FIC FIDC - SUBORDINADAS JÚNIOR,https://www.austin.com.br/Historico-Rating/2840/Pouso_Alegre_FIC_FIDC_-_Subordinadas_Júnior_,FIDCs,brCC,,brCC,2019-02-04,Confirmação,Estável,
2026-09-25,POUSO ALEGRE FIC FIDC - SUBORDINADAS JÚNIOR,https://www.austin.com.br/Historico-Rating/2840/Pouso_Alegre_FIC_FIDC_-_Subordinadas_Júnior_,FIDCs,brCC,,brCC,2018-09-11,Confirmação,Estável,
2026-09-25,POUSO ALEGRE FIC FIDC - SUBORDINADAS JÚNIOR,https://www.austin.com.br/Historico-Rating/2840/Pouso_Alegre_FIC_FIDC_-_Subordinadas_Júnior_,FIDCs,brCC,,brCC,2018-03-08,Rating Inicial,Estável,
2026-09-25,POUSO ALEGRE FIC FIDC - SENIORES ÚNICA,https://www.austin.com.br/Historico-Rating/2837/Pouso_Alegre_FIC_FIDC_-_Seniores_Única,FIDCs,brCCC,,brCCC,2020-04-02,Observação Negativa,,https://www.austin.com.br/Relatorio/Rating/Pouso_Alegre_FIC_FIDC/9941
2026-09-25,POUSO ALEGRE FIC FIDC - SENIORES ÚNICA,https://www.austin.com.br/Historico-Rating/2837/Pouso_Alegre_FIC_FIDC_-_Seniores_Única,FIDCs,brCCC,,brCCC,2019-08-02,Confirmação,Estável,
2026-09-25,POUSO ALEGRE FIC FIDC - SENIORES ÚNICA,https://www.austin.com.br/Historico-Rating/2837/Pouso_Alegre_FIC_FIDC_-_Seniores_Única,FIDCs,brCCC,,brCCC,2019-05-08,Rebaixamento,Estável,
2026-09-25,POUSO ALEGRE FIC FIDC - SENIORES ÚNICA,https://www.austin.com.br/Historico-Rating/2837/Pouso_Alegre_FIC_FIDC_-_Seniores_Única,FIDCs,brB-,,brB-,2019-02-04,Confirmação,Estável,
2026-09-25,POUSO ALEGRE FIC FIDC - SENIORES ÚNICA,https://www.austin.com.br/Historico-Rating/2837/Pouso_Alegre_FIC_FIDC_-_Seniores_Única,FIDCs,brB-,,brB-,2018-09-11,Confirmação,Estável,
2026-09-25,POUSO ALEGRE FIC FIDC - SENIORES ÚNICA,https://www.austin.com.br/Historico-Rating/2837/Pouso_Alegre_FIC_FIDC_-_Seniores_Única,FIDCs,brB-,,brB-,2018-03-08,Rating Inicial,Estável,
2026-09-25,POUSO ALEGRE FIC FIDC - SUBORDINADAS MEZANINO I,https://www.austin.com.br/Historico-Rating/2838/Pouso_Alegre_FIC_FIDC_-_Subordinadas_Mezanino_I_,FIDCs,brCC,,brCC,2020-04-02,Observação Negativa,,https://www.austin.com.br/Relatorio/Rating/Pouso_Alegre_FIC_FIDC/9942
2026-09-25,POUSO ALEGRE FIC FIDC - SUBORDINADAS MEZANINO I,https://www.austin.com.br/Historico-Rating/2838/Pouso_Alegre_FIC_FIDC_-_Subordinadas_Mezanino_I_,FIDCs,brCC,,brCC,2019-08-02,Confirmação,Estável,
2026-09-25,POUSO ALEGRE FIC FIDC - SUBORDINADAS MEZANINO I,https://www.austin.com.br/Historico-Rating/2838/Pouso_Alegre_FIC_FIDC_-_Subordinadas_Mezanino_I_,FIDCs,brCC,,brCC,2019-05-08,Rebaixamento,Estável,
2026-09-25,POUSO ALEGRE FIC FIDC - SUBORDINADAS MEZANINO I,https://www.austin.com.br/Historico-Rating/2838/Pouso_Alegre_FIC_FIDC_-_Subordinadas_Mezanino_I_,FIDCs,brCCC,,brCCC,2019-02-04,Confirmação,Estável,
2026-09-25,POUSO ALEGRE FIC FIDC - SUBORDINADAS MEZANINO I,https://www.austin.com.br/Historico-Rating/2838/Pouso_Alegre_FIC_FIDC_-_Subordinadas_Mezanino_I_,FIDCs,brCCC,,brCCC,2018-09-11,Confirmação,Estável,
2026-09-25,POUSO ALEGRE FIC FIDC - SUBORDINADAS MEZANINO I,https://www.austin.com.br/Historico-Rating/2838/Pouso_Alegre_FIC_FIDC_-_Subordinadas_Mezanino_I_,FIDCs,brCCC,,brCCC,2018-03-08,Rating Inicial,Estável,
2026-09-25,PRECATO I FIDC NP - SENIORES ÚNICA,https://www.austin.com.br/Historico-Rating/3557/Precato_I_FIDC_NP_-_Seniores_Única,FIDCs,brA,,brA,2020-06-05,Rating Preliminar,,https://www.austin.com.br/Relatorio/Rating/Precato_I_FIDC_NP/9987
2026-09-25,PRECATO I FIDC NP - SUBORDINADAS JÚNIOR,https://www.austin.com.br/Historico-Rating/3558/Precato_I_FIDC_NP_-_Subordinadas_Júnior_,FIDCs,brBB+,,brBB+,2020-06-05,Rating Preliminar,,https://www.austin.com.br/Relatorio/Rating/Precato_I_FIDC_NP/9988
2026-09-25,POUSO ALEGRE FIC FIDC - SUBORDINADAS MEZANINO II,https://www.austin.com.br/Historico-Rating/2839/Pouso_Alegre_FIC_FIDC_-_Subordinadas_Mezanino_II_,FIDCs,brCC,,brCC,2020-04-02,Observação Negativa,,https://www.austin.com.br/Relatorio/Rating/Pouso_Alegre_FIC_FIDC/9943
2026-09-25,POUSO ALEGRE FIC FIDC - SUBORDINADAS MEZANINO II,https://www.austin.com.br/Historico-Rating/2839/Pouso_Alegre_FIC_FIDC_-_Subordinadas_Mezanino_II_,FIDCs,brCC,,brCC,2019-08-02,Confirmação,Estável,
2026-09-25,POUSO ALEGRE FIC FIDC - SUBORDINADAS MEZANINO II,https://www.austin.com.br/Historico-Rating/2839/Pouso_Alegre_FIC_FIDC_-_Subordinadas_Mezanino_II_,FIDCs,brCC,,brCC,2019-05-08,Rebaixamento,Estável,
2026-09-25,POUSO ALEGRE FIC FIDC - SUBORDINADAS MEZANINO II,https://www.austin.com.br/Historico-Rating/2839/Pouso_Alegre_FIC_FIDC_-_Subordinadas_Mezanino_II_,FIDCs,brCCC,,brCCC,2019-02-04,Confirmação,Estável,
2026-09-25,POUSO ALEGRE FIC FIDC - SUBORDINADAS MEZANINO II,https://www.austin.com.br/Historico-Rating/2839/Pouso_Alegre_FIC_FIDC_-_Subordinadas_Mezanino_II_,FIDCs,brCCC,,brCCC,2018-09-11,Confirmação,Estável,
2026-09-25,POUSO ALEGRE FIC FIDC - SUBORDINADAS MEZANINO II,https://www.austin.com.br/Historico-Rating/2839/Pouso_Alegre_FIC_FIDC_-_Subordinadas_Mezanino_II_,FIDCs,brCCC,,brCCC,2018-03-08,Rating Inicial,Estável,
2026-09-25,PRECAVIDA II FIDC NP - SENIORES ÚNICA,https://www.austin.com.br/Historico-Rating/4622/Precavida_II_FIDC_NP_-_Seniores_Única,FIDCs,brBB-,,brBB-,2024-07-24,Confirmação,Estável,https://www.austin.com.br/Relatorio/Rating/Precavida_II_FIDC_NP/10978
2026-09-25,PRK FIDC - SENIORES 2ª SÉRIE,https://www.austin.com.br/Historico-Rating/2426/PRK_FIDC_-_Seniores_2ª_série,FIDCs,brA,,brA,2017-02-17,Confirmação,Estável,https://www.austin.com.br/Relatorio/Rating/PRK_FIDC/7262
2026-09-25,PRK FIDC - SENIORES 2ª SÉRIE,https://www.austin.com.br/Historico-Rating/2426/PRK_FIDC_-_Seniores_2ª_série,FIDCs,brA,,brA,2016-05-23,Rating Inicial,Estável,
2026-09-25,PROA FIDC - SENIORES ÚNICA,https://www.austin.com.br/Historico-Rating/3013/Proa_FIDC_-_Seniores_Única,FIDCs,brA-,,brA-,2020-04-02,Observação Negativa,,https://www.austin.com.br/Relatorio/Rating/Proa_FIDC/9934
2026-09-25,PROA FIDC - SENIORES ÚNICA,https://www.austin.com.br/Historico-Rating/3013/Proa_FIDC_-_Seniores_Única,FIDCs,brA,,brA,2019-05-14,Rebaixamento,,
2026-09-25,PROA FIDC - SENIORES ÚNICA,https://www.austin.com.br/Historico-Rating/3013/Proa_FIDC_-_Seniores_Única,FIDCs,brA+,,brA+,2019-02-12,Observação Negativa,,
2026-09-25,PROA FIDC - SENIORES ÚNICA,https://www.austin.com.br/Historico-Rating/3013/Proa_FIDC_-_Seniores_Única,FIDCs,brA+,,brA+,2018-08-23,Rating Inicial,Estável,
2026-09-25,PROA FIDC - SUBORDINADAS JÚNIOR,https://www.austin.com.br/Historico-Rating/3015/Proa_FIDC_-_Subordinadas_Júnior_,FIDCs,brCC,,brCC,2020-04-02,Observação Negativa,,https://www.austin.com.br/Relatorio/Rating/Proa_FIDC/9935
2026-09-25,PROA FIDC - SUBORDINADAS JÚNIOR,https://www.austin.com.br/Historico-Rating/3015/Proa_FIDC_-_Subordinadas_Júnior_,FIDCs,brCCC,,brCCC,2019-05-14,Rebaixamento,,
2026-09-25,PROA FIDC - SUBORDINADAS JÚNIOR,https://www.austin.com.br/Historico-Rating/3015/Proa_FIDC_-_Subordinadas_Júnior_,FIDCs,brB-,,brB-,2019-02-12,Observação Negativa,,
2026-09-25,PROA FIDC - SUBORDINADAS JÚNIOR,https://www.austin.com.br/Historico-Rating/3015/Proa_FIDC_-_Subordinadas_Júnior_,FIDCs,brB-,,brB-,2018-08-23,Rating Inicial,Estável,
2026-09-25,PRÓPRIO CAPITAL GESTÃO DE RECURSOS LTDA.,https://www.austin.com.br/Historico-Rating/3955/Próprio_Capital_Gestão_de_Recursos_Ltda,Gestão,QG3,,QG3,2024-01-31,Confirmação,Estável,
2026-09-25,PRÓPRIO CAPITAL GESTÃO DE RECURSOS LTDA.,https://www.austin.com.br/Historico-Rating/3955/Próprio_Capital_Gestão_de_Recursos_Ltda,Gestão,QG3,,QG3,2022-12-22,Confirmação,Estável,
2026-09-25,PRÓPRIO CAPITAL GESTÃO DE RECURSOS LTDA.,https://www.austin.com.br/Historico-Rating/3955/Próprio_Capital_Gestão_de_Recursos_Ltda,Gestão,QG3,,QG3,2021-12-02,Rating Inicial,Estável,
2026-09-25,PROA FIDC - SUBORDINADAS MEZANINO I,https://www.austin.com.br/Historico-Rating/3014/Proa_FIDC_-_Subordinadas_Mezanino_I_,FIDCs,brBBB,,brBBB,2018-08-23,Rating Inicial,Estável,https://www.austin.com.br/Relatorio/Rating/Proa_FIDC/9097
2026-09-25,PROA FIDC - SUBORDINADAS MEZANINO,https://www.austin.com.br/Historico-Rating/2980/Proa_FIDC_-_Subordinadas_Mezanino_,FIDCs,brBB,,brBB,2020-04-02,Observação Negativa,,https://www.austin.com.br/Relatorio/Rating/Proa_FIDC/9933
2026-09-25,PROA FIDC - SUBORDINADAS MEZANINO,https://www.austin.com.br/Historico-Rating/2980/Proa_FIDC_-_Subordinadas_Mezanino_,FIDCs,brBB+,,brBB+,2019-05-14,Rebaixamento,,
2026-09-25,PROA FIDC - SUBORDINADAS MEZANINO,https://www.austin.com.br/Historico-Rating/2980/Proa_FIDC_-_Subordinadas_Mezanino_,FIDCs,brBBB-,,brBBB-,2019-02-12,Observação Negativa,,
2026-09-25,PROA FIDC - SUBORDINADAS MEZANINO,https://www.austin.com.br/Historico-Rating/2980/Proa_FIDC_-_Subordinadas_Mezanino_,FIDCs,brBBB-,,brBBB-,2018-07-12,Rating Inicial,Estável,
2026-09-25,PROLOJ FIDC - SUBORDINADAS JÚNIOR,https://www.austin.com.br/Historico-Rating/2303/Proloj_FIDC_-_Subordinadas_Júnior_,FIDCs,brCC,,brCC,2016-06-09,Rating Inicial,Estável,https://www.austin.com.br/Relatorio/Rating/Proloj_FIDC/6656
2026-09-25,PROLOJ FIDC - SUBORDINADAS JÚNIOR,https://www.austin.com.br/Historico-Rating/2303/Proloj_FIDC_-_Subordinadas_Júnior_,FIDCs,brCC,,brCC,2015-09-30,Rating Preliminar,,
2026-09-25,QUANTHAS FIDC - SUBORDINADAS JÚNIOR,https://www.austin.com.br/Historico-Rating/3399/Quanthas_FIDC_-_Subordinadas_Júnior_,FIDCs,brCCC,,brCCC,2024-09-03,Confirmação,Estável,https://www.austin.com.br/Relatorio/Rating/Quanthas_FIDC/11184
2026-09-25,QUANTHAS FIDC - SUBORDINADAS JÚNIOR,https://www.austin.com.br/Historico-Rating/3399/Quanthas_FIDC_-_Subordinadas_Júnior_,FIDCs,brB-,,brB-,2020-05-11,Rating Inicial,Estável,
2026-09-25,PUMA FIDC NP - SUBORDINADAS,https://www.austin.com.br/Historico-Rating/1847/Puma_FIDC_NP_-_Subordinadas_,FIDCs,brCC,,brCC,2020-04-02,Observação Negativa,,https://www.austin.com.br/Relatorio/Rating/Puma_FIDC_NP/9839
2026-09-25,PUMA FIDC NP - SUBORDINADAS,https://www.austin.com.br/Historico-Rating/1847/Puma_FIDC_NP_-_Subordinadas_,FIDCs,brCC,,brCC,2019-11-11,Confirmação,Estável,
2026-09-25,PUMA FIDC NP - SUBORDINADAS,https://www.austin.com.br/Historico-Rating/1847/Puma_FIDC_NP_-_Subordinadas_,FIDCs,brCC,,brCC,2019-07-19,Elevação,Estável,
2026-09-25,PUMA FIDC NP - SUBORDINADAS,https://www.austin.com.br/Historico-Rating/1847/Puma_FIDC_NP_-_Subordinadas_,FIDCs,brC,,brC,2019-05-03,Confirmação,Estável,
2026-09-25,PUMA FIDC NP - SUBORDINADAS,https://www.austin.com.br/Historico-Rating/1847/Puma_FIDC_NP_-_Subordinadas_,FIDCs,brC,,brC,2019-02-01,Confirmação,Estável,
2026-09-25,PUMA FIDC NP - SUBORDINADAS,https://www.austin.com.br/Historico-Rating/1847/Puma_FIDC_NP_-_Subordinadas_,FIDCs,brC,,brC,2018-08-01,Confirmação,Estável,
2026-09-25,PUMA FIDC NP - SUBORDINADAS,https://www.austin.com.br/Historico-Rating/1847/Puma_FIDC_NP_-_Subordinadas_,FIDCs,brC,,brC,2018-05-09,Confirmação,Estável,
2026-09-25,PUMA FIDC NP - SUBORDINADAS,https://www.austin.com.br/Historico-Rating/1847/Puma_FIDC_NP_-_Subordinadas_,FIDCs,brC,,brC,2018-02-09,Confirmação,Estável,
2026-09-25,PUMA FIDC NP - SUBORDINADAS,https://www.austin.com.br/Historico-Rating/1847/Puma_FIDC_NP_-_Subordinadas_,FIDCs,brC,,brC,2017-12-19,Confirmação,Estável,
2026-09-25,PUMA FIDC NP - SUBORDINADAS,https://www.austin.com.br/Historico-Rating/1847/Puma_FIDC_NP_-_Subordinadas_,FIDCs,brC,,brC,2017-09-01,Confirmação,Estável,
2026-09-25,PUMA FIDC NP - SUBORDINADAS,https://www.austin.com.br/Historico-Rating/1847/Puma_FIDC_NP_-_Subordinadas_,FIDCs,brC,,brC,2017-05-15,Rebaixamento,Estável,
2026-09-25,PUMA FIDC NP - SUBORDINADAS,https://www.austin.com.br/Historico-Rating/1847/Puma_FIDC_NP_-_Subordinadas_,FIDCs,brCC,,brCC,2017-02-15,Observação Negativa,,
2026-09-25,PUMA FIDC NP - SUBORDINADAS,https://www.austin.com.br/Historico-Rating/1847/Puma_FIDC_NP_-_Subordinadas_,FIDCs,brCC,,brCC,2016-11-16,Observação Negativa,,
2026-09-25,PUMA FIDC NP - SUBORDINADAS,https://www.austin.com.br/Historico-Rating/1847/Puma_FIDC_NP_-_Subordinadas_,FIDCs,brCC,,brCC,2016-08-12,Observação Negativa,,
2026-09-25,PUMA FIDC NP - SUBORDINADAS,https://www.austin.com.br/Historico-Rating/1847/Puma_FIDC_NP_-_Subordinadas_,FIDCs,brCC,,brCC,2016-05-20,Observação Negativa,,
2026-09-25,PUMA FIDC NP - SUBORDINADAS,https://www.austin.com.br/Historico-Rating/1847/Puma_FIDC_NP_-_Subordinadas_,FIDCs,brCCC,,brCCC,2016-02-17,Observação Negativa,,
2026-09-25,PUMA FIDC NP - SUBORDINADAS,https://www.austin.com.br/Historico-Rating/1847/Puma_FIDC_NP_-_Subordinadas_,FIDCs,brCCC,,brCCC,2015-11-13,Confirmação,Estável,
2026-09-25,PUMA FIDC NP - SUBORDINADAS,https://www.austin.com.br/Historico-Rating/1847/Puma_FIDC_NP_-_Subordinadas_,FIDCs,brCCC,,brCCC,2015-08-17,Confirmação,Estável,
2026-09-25,PUMA FIDC NP - SUBORDINADAS,https://www.austin.com.br/Historico-Rating/1847/Puma_FIDC_NP_-_Subordinadas_,FIDCs,brCCC,,brCCC,2015-05-15,Confirmação,Estável,
2026-09-25,PUMA FIDC NP - SUBORDINADAS,https://www.austin.com.br/Historico-Rating/1847/Puma_FIDC_NP_-_Subordinadas_,FIDCs,brCCC,,brCCC,2014-11-12,Confirmação,Estável,
2026-09-25,PUMA FIDC NP - SUBORDINADAS,https://www.austin.com.br/Historico-Rating/1847/Puma_FIDC_NP_-_Subordinadas_,FIDCs,brCCC,,brCCC,2014-08-15,Confirmação,Estável,
2026-09-25,PUMA FIDC NP - SUBORDINADAS,https://www.austin.com.br/Historico-Rating/1847/Puma_FIDC_NP_-_Subordinadas_,FIDCs,brCCC,,brCCC,2014-03-27,Rating Inicial,Estável,
2026-09-25,RAÍZES FIDC - SUBORDINADAS MEZANINO I,https://www.austin.com.br/Historico-Rating/2652/Raízes_FIDC_-_Subordinadas_Mezanino_I_,FIDCs,brBBB,,brBBB,2020-04-02,Observação Negativa,,https://www.austin.com.br/Relatorio/Rating/Raízes_FIDC/9947
2026-09-25,RAÍZES FIDC - SUBORDINADAS MEZANINO I,https://www.austin.com.br/Historico-Rating/2652/Raízes_FIDC_-_Subordinadas_Mezanino_I_,FIDCs,brBBB,,brBBB,2019-05-17,Confirmação,Estável,
2026-09-25,RAÍZES FIDC - SUBORDINADAS MEZANINO I,https://www.austin.com.br/Historico-Rating/2652/Raízes_FIDC_-_Subordinadas_Mezanino_I_,FIDCs,brBBB,,brBBB,2019-01-15,Confirmação,Estável,
2026-09-25,RAÍZES FIDC - SUBORDINADAS MEZANINO I,https://www.austin.com.br/Historico-Rating/2652/Raízes_FIDC_-_Subordinadas_Mezanino_I_,FIDCs,brBB+,,brBB+,2018-02-21,Observação Negativa,,
2026-09-25,RAÍZES FIDC - SUBORDINADAS MEZANINO I,https://www.austin.com.br/Historico-Rating/2652/Raízes_FIDC_-_Subordinadas_Mezanino_I_,FIDCs,brBB+,,brBB+,2017-05-12,Confirmação,Estável,
2026-09-25,RAÍZES FIDC - SUBORDINADAS MEZANINO I,https://www.austin.com.br/Historico-Rating/2652/Raízes_FIDC_-_Subordinadas_Mezanino_I_,FIDCs,brBB+,,brBB+,2017-02-10,Confirmação,Estável,
2026-09-25,RADIX SÊNIOR FIDC NP - SENIORES ÚNICA,https://www.austin.com.br/Historico-Rating/3708/Radix_Sênior_FIDC_NP_-_Seniores_Única,FIDCs,brBBB,,brBBB,2021-02-09,Rating Inicial,Estável,
2026-09-25,RAÍZES FIDC - SUBORDINADAS MEZANINO I-A,https://www.austin.com.br/Historico-Rating/3514/Raízes_FIDC_-_Subordinadas_Mezanino_I-A_,FIDCs,brBBB+,,brBBB+,2020-04-02,Observação Negativa,,https://www.austin.com.br/Relatorio/Rating/Raízes_FIDC/9948
2026-09-25,RAÍZES FIDC - SUBORDINADAS MEZANINO II,https://www.austin.com.br/Historico-Rating/2581/Raízes_FIDC_-_Subordinadas_Mezanino_II_,FIDCs,brBB+,,brBB+,2018-02-21,Observação Negativa,,https://www.austin.com.br/Relatorio/Rating/Raízes_FIDC/8206
2026-09-25,RAÍZES FIDC - SUBORDINADAS MEZANINO II,https://www.austin.com.br/Historico-Rating/2581/Raízes_FIDC_-_Subordinadas_Mezanino_II_,FIDCs,brBB+,,brBB+,2017-05-18,Rating Inicial,Estável,
2026-09-25,RAÍZES FIDC - SUBORDINADAS MEZANINO II,https://www.austin.com.br/Historico-Rating/2581/Raízes_FIDC_-_Subordinadas_Mezanino_II_,FIDCs,brBB+,,brBB+,2016-11-29,Rating Preliminar,,
2026-09-25,RAÍZES FIDC - SUBORDINADAS MEZANINO,https://www.austin.com.br/Historico-Rating/2613/Raízes_FIDC_-_Subordinadas_Mezanino_,FIDCs,brBB+,,brBB+,2017-05-29,Rating Inicial,Estável,https://www.austin.com.br/Relatorio/Rating/Raízes_FIDC/7140
2026-09-25,RAÍZES FIDC - SUBORDINADAS MEZANINO,https://www.austin.com.br/Historico-Rating/2362/Raízes_FIDC_-_Subordinadas_Mezanino_,FIDCs,brBBB,,brBBB,2019-08-06,Confirmação,Estável,https://www.austin.com.br/Relatorio/Rating/Raízes_FIDC/9271
2026-09-25,RAÍZES FIDC - MEZANINO CLASSE A,https://www.austin.com.br/Historico-Rating/2565/Raízes_FIDC_-_Mezanino_Classe_A_,FIDCs,brBB+,,brBB+,2016-11-29,Rating Inicial,Estável,
2026-09-25,RAÍZES FIDC - SUBORDINADAS JÚNIOR,https://www.austin.com.br/Historico-Rating/2340/Raízes_FIDC_-_Subordinadas_Júnior_,FIDCs,brB-,,brB-,2020-04-02,Observação Negativa,,https://www.austin.com.br/Relatorio/Rating/Raízes_FIDC/9945
2026-09-25,RAÍZES FIDC - SUBORDINADAS JÚNIOR,https://www.austin.com.br/Historico-Rating/2340/Raízes_FIDC_-_Subordinadas_Júnior_,FIDCs,brB-,,brB-,2019-08-08,Confirmação,Estável,
2026-09-25,RAÍZES FIDC - SUBORDINADAS JÚNIOR,https://www.austin.com.br/Historico-Rating/2340/Raízes_FIDC_-_Subordinadas_Júnior_,FIDCs,brB-,,brB-,2019-05-17,Confirmação,Estável,
2026-09-25,RAÍZES FIDC - SUBORDINADAS JÚNIOR,https://www.austin.com.br/Historico-Rating/2340/Raízes_FIDC_-_Subordinadas_Júnior_,FIDCs,brB-,,brB-,2019-01-15,Confirmação,Estável,
2026-09-25,RAÍZES FIDC - SUBORDINADAS JÚNIOR,https://www.austin.com.br/Historico-Rating/2340/Raízes_FIDC_-_Subordinadas_Júnior_,FIDCs,brCC,,brCC,2018-02-21,Observação Negativa,,
2026-09-25,RAÍZES FIDC - SUBORDINADAS JÚNIOR,https://www.austin.com.br/Historico-Rating/2340/Raízes_FIDC_-_Subordinadas_Júnior_,FIDCs,brCC,,brCC,2017-05-12,Confirmação,Estável,
2026-09-25,RAÍZES FIDC - SUBORDINADAS JÚNIOR,https://www.austin.com.br/Historico-Rating/2340/Raízes_FIDC_-_Subordinadas_Júnior_,FIDCs,brCC,,brCC,2017-02-10,Confirmação,Estável,
2026-09-25,RAÍZES FIDC - SUBORDINADAS JÚNIOR,https://www.austin.com.br/Historico-Rating/2340/Raízes_FIDC_-_Subordinadas_Júnior_,FIDCs,brCC,,brCC,2016-11-29,Confirmação,Estável,
2026-09-25,RAÍZES FIDC - SUBORDINADAS JÚNIOR,https://www.austin.com.br/Historico-Rating/2340/Raízes_FIDC_-_Subordinadas_Júnior_,FIDCs,brCC,,brCC,2016-08-05,Confirmação,Estável,
2026-09-25,RAÍZES FIDC - SUBORDINADAS JÚNIOR,https://www.austin.com.br/Historico-Rating/2340/Raízes_FIDC_-_Subordinadas_Júnior_,FIDCs,brCC,,brCC,2016-06-03,Confirmação,Estável,
2026-09-25,RAÍZES FIDC - SUBORDINADAS JÚNIOR,https://www.austin.com.br/Historico-Rating/2340/Raízes_FIDC_-_Subordinadas_Júnior_,FIDCs,brCC,,brCC,2015-10-19,Rating Inicial,Estável,
2026-09-25,RB CAPITAL CIA. DE SECURITIZAÇÃO - RISCO BALAROTI (219ª SÉRIE - 1ª EMISSÃO),https://www.austin.com.br/Historico-Rating/3381/RB_Capital_Cia_de_Securitização_-_Risco_Balaroti_(219ª_Série_-_1ª_Emissão),CRIs,brBBB-,,brBBB-,2019-10-21,Rating Preliminar,,https://www.austin.com.br/Relatorio/Rating/RB_Capital_Cia_de_Securitização_-_Risco_Balaroti_(219ª_Série_-_1ª_Emissão)/9403
2026-09-25,RECARGAPAY FIDC - SENIORES 1ª SÉRIE,https://www.austin.com.br/Historico-Rating/4199/RecargaPay_FIDC_-_Seniores_1ª_série,FIDCs,brBBB+,,brBBB+,2024-12-06,Confirmação,Estável,
2026-09-25,RAÍZES FIDC - SENIORES ÚNICA,https://www.austin.com.br/Historico-Rating/2361/Raízes_FIDC_-_Seniores_Única,FIDCs,brA-,,brA-,2020-04-02,Observação Negativa,,https://www.austin.com.br/Relatorio/Rating/Raízes_FIDC/9946
2026-09-25,RAÍZES FIDC - SENIORES ÚNICA,https://www.austin.com.br/Historico-Rating/2361/Raízes_FIDC_-_Seniores_Única,FIDCs,brA-,,brA-,2019-08-06,Confirmação,Estável,
2026-09-25,RAÍZES FIDC - SENIORES ÚNICA,https://www.austin.com.br/Historico-Rating/2361/Raízes_FIDC_-_Seniores_Única,FIDCs,brA-,,brA-,2019-05-17,Confirmação,Estável,
2026-09-25,RAÍZES FIDC - SENIORES ÚNICA,https://www.austin.com.br/Historico-Rating/2361/Raízes_FIDC_-_Seniores_Única,FIDCs,brA-,,brA-,2019-01-15,Confirmação,Estável,
2026-09-25,RAÍZES FIDC - SENIORES ÚNICA,https://www.austin.com.br/Historico-Rating/2361/Raízes_FIDC_-_Seniores_Única,FIDCs,brBBB,,brBBB,2018-02-21,Observação Negativa,,
2026-09-25,RAÍZES FIDC - SENIORES ÚNICA,https://www.austin.com.br/Historico-Rating/2361/Raízes_FIDC_-_Seniores_Única,FIDCs,brBBB,,brBBB,2017-05-12,Confirmação,Estável,
2026-09-25,RAÍZES FIDC - SENIORES ÚNICA,https://www.austin.com.br/Historico-Rating/2361/Raízes_FIDC_-_Seniores_Única,FIDCs,brBBB,,brBBB,2017-02-10,Confirmação,Estável,
2026-09-25,RAÍZES FIDC - SENIORES ÚNICA,https://www.austin.com.br/Historico-Rating/2361/Raízes_FIDC_-_Seniores_Única,FIDCs,brBBB,,brBBB,2016-11-29,Confirmação,Estável,
2026-09-25,RAÍZES FIDC - SENIORES ÚNICA,https://www.austin.com.br/Historico-Rating/2361/Raízes_FIDC_-_Seniores_Única,FIDCs,brBBB,,brBBB,2016-01-29,Rating Preliminar,,
2026-09-25,RECARGAPAY FIDC - SUBORDINADAS MEZANINO,https://www.austin.com.br/Historico-Rating/4200/RecargaPay_FIDC_-_Subordinadas_Mezanino_,FIDCs,brBB,,brBB,2024-12-06,Confirmação,Estável,
2026-09-25,REIT SECURITIZADORA - RISCOS SOCICAM E GR (5ª SÉRIE - 2ª EMISSÃO),https://www.austin.com.br/Historico-Rating/3472/REIT_Securitizadora_-_Riscos_Socicam_e_GR_(5ª_Série_-_2ª_Emissão),CRIs,brAA,,brAA,2020-03-18,Rating Inicial,Estável,https://www.austin.com.br/Relatorio/Rating/REIT_Securitizadora_-_Riscos_Socicam_e_GR_(5ª_Série_-_2ª_Emissão)/9615
2026-09-25,REIT SECURITIZADORA - RISCO PRÓ LOTES (16ª SÉRIE - 2ª EMISSÃO),https://www.austin.com.br/Historico-Rating/3471/REIT_Securitizadora_-_Risco_Pró_Lotes_(16ª_Série_-_2ª_Emissão),CRIs,brBB,,brBB,2020-03-18,Rating Inicial,Estável,https://www.austin.com.br/Relatorio/Rating/REIT_Securitizadora_-_Risco_Pró_Lotes_(16ª_Série_-_2ª_Emissão)/9614
2026-09-25,RÉGIA DESENVOLVE SP FIDC - SENIORES ÚNICA,https://www.austin.com.br/Historico-Rating/4950/Régia_Desenvolve_SP_FIDC_-_Seniores_Única,FIDCs,brBBB,,brBBB,2025-05-16,Rating Preliminar,,https://www.austin.com.br/Relatorio/Rating/Régia_Desenvolve_SP_FIDC/11362
2026-09-25,REPÚBLICA FEDERATIVA DO BRASIL (ESCALA GLOBAL),https://www.austin.com.br/Historico-Rating/170/República_Federativa_do_Brasil_(Escala_Global),Soberano,brBB+,,brBB+,2023-07-26,Alteração de Perspectiva,Positiva,https://www.austin.com.br/Relatorio/Rating/República_Federativa_do_Brasil_(Escala_Global)/10811
2026-09-25,REPÚBLICA FEDERATIVA DO BRASIL (ESCALA GLOBAL),https://www.austin.com.br/Historico-Rating/170/República_Federativa_do_Brasil_(Escala_Global),Soberano,brBB+,,brBB+,2022-08-11,Confirmação,Estável,
2026-09-25,REPÚBLICA FEDERATIVA DO BRASIL (ESCALA GLOBAL),https://www.austin.com.br/Historico-Rating/170/República_Federativa_do_Brasil_(Escala_Global),Soberano,brBB+,,brBB+,2021-12-13,Rebaixamento,Negativa,
2026-09-25,REPÚBLICA FEDERATIVA DO BRASIL (ESCALA GLOBAL),https://www.austin.com.br/Historico-Rating/170/República_Federativa_do_Brasil_(Escala_Global),Soberano,brBB+,,brBB+,2016-12-06,Confirmação,Negativa,
2026-09-25,REPÚBLICA FEDERATIVA DO BRASIL (ESCALA GLOBAL),https://www.austin.com.br/Historico-Rating/170/República_Federativa_do_Brasil_(Escala_Global),Soberano,brBB+,,brBB+,2015-07-23,Rebaixamento,Estável,
2026-09-25,REPÚBLICA FEDERATIVA DO BRASIL (ESCALA GLOBAL),https://www.austin.com.br/Historico-Rating/170/República_Federativa_do_Brasil_(Escala_Global),Soberano,brBBB-,,brBBB-,2014-10-31,Rebaixamento,Estável,
2026-09-25,REPÚBLICA FEDERATIVA DO BRASIL (ESCALA GLOBAL),https://www.austin.com.br/Historico-Rating/170/República_Federativa_do_Brasil_(Escala_Global),Soberano,brBBB,,brBBB,2012-08-24,Elevação,Estável,
2026-09-25,REPÚBLICA FEDERATIVA DO BRASIL (ESCALA GLOBAL),https://www.austin.com.br/Historico-Rating/170/República_Federativa_do_Brasil_(Escala_Global),Soberano,brBBB-,,brBBB-,2009-12-23,Elevação,Estável,
2026-09-25,REPÚBLICA FEDERATIVA DO BRASIL (ESCALA GLOBAL),https://www.austin.com.br/Historico-Rating/170/República_Federativa_do_Brasil_(Escala_Global),Soberano,brBB+,,brBB+,2008-05-30,Elevação,Estável,
2026-09-25,REPÚBLICA FEDERATIVA DO BRASIL (ESCALA GLOBAL),https://www.austin.com.br/Historico-Rating/170/República_Federativa_do_Brasil_(Escala_Global),Soberano,brBB,,brBB,2006-03-21,Rating Inicial,Estável,
2026-09-25,RNX FIDC MULTISSETORIAL - SENIORES 30ª SÉRIE,https://www.austin.com.br/Historico-Rating/4587/RNX_FIDC_MULTISSETORIAL_-_Seniores_30ª_série,FIDCs,brAA,,brAA,2024-07-12,Rating Inicial,Estável,https://www.austin.com.br/Relatorio/Rating/RNX_FIDC_MULTISSETORIAL/10927
2026-09-25,RNX FIDC MULTISSETORIAL LP - SUBORDINADAS MEZANINO XVI,https://www.austin.com.br/Historico-Rating/4505/RNX_FIDC_MULTISSETORIAL_LP_-_Subordinadas_Mezanino_XVI_,FIDCs,brA-,,brA-,2024-04-30,Rating Inicial,Estável,https://www.austin.com.br/Relatorio/Rating/RNX_FIDC_MULTISSETORIAL_LP/10844
2026-09-25,RNX FIDC MULTISSETORIAL LP - SUBORDINADAS MEZANINO XV,https://www.austin.com.br/Historico-Rating/4504/RNX_FIDC_MULTISSETORIAL_LP_-_Subordinadas_Mezanino_XV_,FIDCs,brA-,,brA-,2024-04-30,Rating Inicial,Estável,https://www.austin.com.br/Relatorio/Rating/RNX_FIDC_MULTISSETORIAL_LP/10843
2026-09-25,RNX FIDC MULTISSETORIAL LP - SUBORDINADAS MEZANINO XIII,https://www.austin.com.br/Historico-Rating/4502/RNX_FIDC_MULTISSETORIAL_LP_-_Subordinadas_Mezanino_XIII_,FIDCs,brA-,,brA-,2024-04-30,Confirmação,Estável,https://www.austin.com.br/Relatorio/Rating/RNX_FIDC_MULTISSETORIAL_LP/10841
2026-09-25,RNX FIDC MULTISSETORIAL LP - SENIORES 28ª SÉRIE,https://www.austin.com.br/Historico-Rating/4494/RNX_FIDC_MULTISSETORIAL_LP_-_Seniores_28ª_série,FIDCs,brAA,,brAA,2024-04-30,Confirmação,Estável,https://www.austin.com.br/Relatorio/Rating/RNX_FIDC_MULTISSETORIAL_LP/10838
2026-09-25,RNX FIDC MULTISSETORIAL LP - SUBORDINADAS MEZANINO XIV,https://www.austin.com.br/Historico-Rating/4503/RNX_FIDC_MULTISSETORIAL_LP_-_Subordinadas_Mezanino_XIV_,FIDCs,brA-,,brA-,2024-04-30,Confirmação,Estável,https://www.austin.com.br/Relatorio/Rating/RNX_FIDC_MULTISSETORIAL_LP/10842
2026-09-25,RNX FIDC MULTISSETORIAL LP - SUBORDINADAS MEZANINO XII,https://www.austin.com.br/Historico-Rating/4501/RNX_FIDC_MULTISSETORIAL_LP_-_Subordinadas_Mezanino_XII_,FIDCs,brA-,,brA-,2024-04-30,Confirmação,Estável,https://www.austin.com.br/Relatorio/Rating/RNX_FIDC_MULTISSETORIAL_LP/10840
2026-09-25,RNX FIDC MULTISSETORIAL LP - SENIORES 27ª SÉRIE,https://www.austin.com.br/Historico-Rating/4493/RNX_FIDC_MULTISSETORIAL_LP_-_Seniores_27ª_série,FIDCs,brAA,,brAA,2024-04-30,Confirmação,Estável,https://www.austin.com.br/Relatorio/Rating/RNX_FIDC_MULTISSETORIAL_LP/10837
2026-09-25,RNX FIDC MULTISSETORIAL LP - SENIORES 29ª SÉRIE,https://www.austin.com.br/Historico-Rating/4495/RNX_FIDC_MULTISSETORIAL_LP_-_Seniores_29ª_série,FIDCs,brAA,,brAA,2024-04-30,Confirmação,Estável,https://www.austin.com.br/Relatorio/Rating/RNX_FIDC_MULTISSETORIAL_LP/10839
2026-09-25,RNX FIDC MULTISSETORIAL LP - SENIORES 25ª SÉRIE,https://www.austin.com.br/Historico-Rating/4492/RNX_FIDC_MULTISSETORIAL_LP_-_Seniores_25ª_série,FIDCs,brAA,,brAA,2024-04-30,Confirmação,Estável,https://www.austin.com.br/Relatorio/Rating/RNX_FIDC_MULTISSETORIAL_LP/10836
2026-09-25,RNX FIDC MULTISSETORIAL LP - SUBORDINADAS JÚNIOR,https://www.austin.com.br/Historico-Rating/3345/RNX_FIDC_Multissetorial_LP_-_Subordinadas_Júnior_,FIDCs,brBB-,,brBB-,2024-04-30,Confirmação,Estável,
2026-09-25,RNX FIDC MULTISSETORIAL LP - SUBORDINADAS JÚNIOR,https://www.austin.com.br/Historico-Rating/3345/RNX_FIDC_Multissetorial_LP_-_Subordinadas_Júnior_,FIDCs,brBB-,,brBB-,2019-02-12,Confirmação,Estável,https://www.austin.com.br/Relatorio/Rating/RNX_FIDC_Multissetorial_LP/9363
2026-09-25,RODEIO FIDC - SUBORDINADAS MEZANINO,https://www.austin.com.br/Historico-Rating/3493/Rodeio_FIDC_-_Subordinadas_Mezanino_,FIDCs,brCCC,,brCCC,2020-03-13,Rating Preliminar,,https://www.austin.com.br/Relatorio/Rating/Rodeio_FIDC/9665
2026-09-25,RODEIO FIDC - SENIORES 1ª SÉRIE,https://www.austin.com.br/Historico-Rating/3492/Rodeio_FIDC_-_Seniores_1ª_série,FIDCs,brBBB,,brBBB,2020-03-13,Rating Preliminar,,https://www.austin.com.br/Relatorio/Rating/Rodeio_FIDC/9664
2026-09-25,RNX FIDC MULTISSETORIAL LP - SUBORDINADAS MEZANINO VII,https://www.austin.com.br/Historico-Rating/3344/RNX_FIDC_Multissetorial_LP_-_Subordinadas_Mezanino_VII_,FIDCs,brA-,,brA-,2024-04-30,Confirmação,Estável,
2026-09-25,RNX FIDC MULTISSETORIAL LP - SUBORDINADAS MEZANINO VII,https://www.austin.com.br/Historico-Rating/3344/RNX_FIDC_Multissetorial_LP_-_Subordinadas_Mezanino_VII_,FIDCs,brA-,,brA-,2019-02-12,Confirmação,Estável,https://www.austin.com.br/Relatorio/Rating/RNX_FIDC_Multissetorial_LP/9360
2026-09-25,ROYAL THERMALE FIDC - SENIORES ÚNICA,https://www.austin.com.br/Historico-Rating/3565/Royal_Thermale_FIDC_-_Seniores_Única,FIDCs,brB+,,brB+,2020-07-03,Rating Preliminar,,https://www.austin.com.br/Relatorio/Rating/Royal_Thermale_FIDC/10016
2026-09-25,SANTANDER INFRAESTRUTURA INCENTIVADO FIC FIDC - ÚNICA,https://www.austin.com.br/Historico-Rating/3396/Santander_Infraestrutura_Incentivado_FIC_FIDC_-_Única_,FIDCs,brA-,,brA-,2020-07-06,Rating Preliminar,,https://www.austin.com.br/Relatorio/Rating/Santander_Infraestrutura_Incentivado_FIC_FIDC/10015
2026-09-25,SABEMI MONO COTA II FIDC - ÚNICA,https://www.austin.com.br/Historico-Rating/3832/Sabemi_Mono_Cota_II_FIDC_-_Única_,FIDCs,brA-,,brA-,2022-08-15,Confirmação,Estável,https://www.austin.com.br/Relatorio/Rating/Sabemi_Mono_Cota_II_FIDC/10412
2026-09-25,SABEMI MONO COTA II FIDC - ÚNICA,https://www.austin.com.br/Historico-Rating/3832/Sabemi_Mono_Cota_II_FIDC_-_Única_,FIDCs,brA-,,brA-,2021-09-10,Rating Inicial,Estável,
2026-09-25,SBK CAPITAL FIDC - SUBORDINADAS MEZANINO VI,https://www.austin.com.br/Historico-Rating/4669/SBK_CAPITAL_FIDC_-_Subordinadas_Mezanino_VI_,FIDCs,brBB,,brBB,2024-08-08,Confirmação,Estável,https://www.austin.com.br/Relatorio/Rating/SBK_CAPITAL_FIDC/11053
2026-09-25,"SBK CAPITAL FIDC - SUB MEZANINO II, III, IV E V - SUBORDINADAS MEZANINO I","https://www.austin.com.br/Historico-Rating/3324/SBK_Capital_FIDC_-_SUB_MEZANINO_II,_III,_IV_E_V_-_Subordinadas_Mezanino_I_",FIDCs,brBB+,,brBB+,2024-08-08,Confirmação,Estável,"https://www.austin.com.br/Relatorio/Rating/SBK_Capital_FIDC_-_SUB_MEZANINO_II,_III,_IV_E_V/11052"
2026-09-25,"SBK CAPITAL FIDC - SUB MEZANINO II, III, IV E V - SUBORDINADAS MEZANINO I","https://www.austin.com.br/Historico-Rating/3324/SBK_Capital_FIDC_-_SUB_MEZANINO_II,_III,_IV_E_V_-_Subordinadas_Mezanino_I_",FIDCs,brBB,,brBB,2020-04-02,Observação Negativa,,
2026-09-25,"SBK CAPITAL FIDC - SUB MEZANINO II, III, IV E V - SUBORDINADAS MEZANINO I","https://www.austin.com.br/Historico-Rating/3324/SBK_Capital_FIDC_-_SUB_MEZANINO_II,_III,_IV_E_V_-_Subordinadas_Mezanino_I_",FIDCs,brBB,,brBB,2019-11-11,Confirmação,Estável,
2026-09-25,"SBK CAPITAL FIDC - SUB MEZANINO II, III, IV E V - SUBORDINADAS MEZANINO I","https://www.austin.com.br/Historico-Rating/3324/SBK_Capital_FIDC_-_SUB_MEZANINO_II,_III,_IV_E_V_-_Subordinadas_Mezanino_I_",FIDCs,brBB,,brBB,2019-09-18,Rating Inicial,Estável,
2026-09-25,SCF BRAZIL FIDC NP - SUBORDINADAS JÚNIOR,https://www.austin.com.br/Historico-Rating/2740/SCF_Brazil_FIDC_NP_-_Subordinadas_Júnior_,FIDCs,brCCC,,brCCC,2018-07-20,Confirmação,Estável,https://www.austin.com.br/Relatorio/Rating/SCF_Brazil_FIDC_NP/8354
2026-09-25,SCF BRAZIL FIDC NP - SUBORDINADAS JÚNIOR,https://www.austin.com.br/Historico-Rating/2740/SCF_Brazil_FIDC_NP_-_Subordinadas_Júnior_,FIDCs,brCCC,,brCCC,2018-05-30,Confirmação,Estável,
2026-09-25,SCF BRAZIL FIDC NP - SUBORDINADAS JÚNIOR,https://www.austin.com.br/Historico-Rating/2740/SCF_Brazil_FIDC_NP_-_Subordinadas_Júnior_,FIDCs,brCCC,,brCCC,2018-02-16,Confirmação,Estável,
2026-09-25,SCF BRAZIL FIDC NP - SUBORDINADAS JÚNIOR,https://www.austin.com.br/Historico-Rating/2740/SCF_Brazil_FIDC_NP_-_Subordinadas_Júnior_,FIDCs,brCCC,,brCCC,2017-08-02,Rating Inicial,Estável,
2026-09-25,SBK CAPITAL FIDC - SUBORDINADAS JÚNIOR,https://www.austin.com.br/Historico-Rating/3064/SBK_Capital_FIDC_-_Subordinadas_Júnior_,FIDCs,brB-,,brB-,2024-08-08,Confirmação,Estável,https://www.austin.com.br/Relatorio/Rating/SBK_Capital_FIDC/11051
2026-09-25,SBK CAPITAL FIDC - SUBORDINADAS JÚNIOR,https://www.austin.com.br/Historico-Rating/3064/SBK_Capital_FIDC_-_Subordinadas_Júnior_,FIDCs,brB-,,brB-,2020-04-02,Observação Negativa,,
2026-09-25,SBK CAPITAL FIDC - SUBORDINADAS JÚNIOR,https://www.austin.com.br/Historico-Rating/3064/SBK_Capital_FIDC_-_Subordinadas_Júnior_,FIDCs,brB-,,brB-,2019-11-11,Confirmação,Estável,
2026-09-25,SBK CAPITAL FIDC - SUBORDINADAS JÚNIOR,https://www.austin.com.br/Historico-Rating/3064/SBK_Capital_FIDC_-_Subordinadas_Júnior_,FIDCs,brB-,,brB-,2019-08-02,Confirmação,Estável,
2026-09-25,SBK CAPITAL FIDC - SUBORDINADAS JÚNIOR,https://www.austin.com.br/Historico-Rating/3064/SBK_Capital_FIDC_-_Subordinadas_Júnior_,FIDCs,brB-,,brB-,2019-05-21,Confirmação,Estável,
2026-09-25,SBK CAPITAL FIDC - SUBORDINADAS JÚNIOR,https://www.austin.com.br/Historico-Rating/3064/SBK_Capital_FIDC_-_Subordinadas_Júnior_,FIDCs,brB-,,brB-,2019-03-20,Confirmação,Estável,
2026-09-25,SBK CAPITAL FIDC - SUBORDINADAS JÚNIOR,https://www.austin.com.br/Historico-Rating/3064/SBK_Capital_FIDC_-_Subordinadas_Júnior_,FIDCs,brB-,,brB-,2018-10-25,Rating Inicial,Estável,
2026-09-25,"SBK CAPITAL FIDC - SÊNIOR 1ª, 2ª, 3ª, 4ª, 5ª  - SENIORES ÚNICA","https://www.austin.com.br/Historico-Rating/4667/SBK_Capital_FIDC_-_SÊNIOR_1ª,_2ª,_3ª,_4ª,_5ª__-_Seniores_Única",FIDCs,brA,,brA,2024-08-08,Confirmação,Estável,"https://www.austin.com.br/Relatorio/Rating/SBK_Capital_FIDC_-_SÊNIOR_1ª,_2ª,_3ª,_4ª,_5ª_/11049"
2026-09-25,SCE FIDC - ÚNICA,https://www.austin.com.br/Historico-Rating/3459/SCE_FIDC_-_Única_,FIDCs,brAA+,,brAA+,2020-02-20,Rating Inicial,Estável,https://www.austin.com.br/Relatorio/Rating/SCE_FIDC/9565
2026-09-25,SBK CAPITAL FIDC - SENIORES 8ª SÉRIE,https://www.austin.com.br/Historico-Rating/4668/SBK_Capital_FIDC_-_Seniores_8ª_série,FIDCs,brA,,brA,2024-08-08,Confirmação,Estável,https://www.austin.com.br/Relatorio/Rating/SBK_Capital_FIDC/11050
2026-09-25,SELLER 3 FIDC MEIOS DE PAGAMENTO - RL - SENIORES 2ª SÉRIE,https://www.austin.com.br/Historico-Rating/5265/Seller_3_FIDC_Meios_de_Pagamento_-_RL_-_Seniores_2ª_série,FIDCs,brAAA,,brAAA,2026-08-26,Rating Inicial,Estável,https://www.austin.com.br/Relatorio/Rating/Seller_3_FIDC_Meios_de_Pagamento_-_RL/11672
2026-09-25,SELLER FIDC - SUBORDINADAS JÚNIOR,https://www.austin.com.br/Historico-Rating/4686/Seller_FIDC_-_Subordinadas_Júnior_,FIDCs,brAA-,,brAA-,2024-08-12,Confirmação,Estável,https://www.austin.com.br/Relatorio/Rating/Seller_FIDC/11079
2026-09-25,SERRANA FIDC - SUBORDINADAS MEZANINO II,https://www.austin.com.br/Historico-Rating/2804/Serrana_FIDC_-_Subordinadas_Mezanino_II_,FIDCs,brBBB,,brBBB,2018-11-14,Rating Inicial,Estável,https://www.austin.com.br/Relatorio/Rating/Serrana_FIDC/7757
2026-09-25,"SELLER FIDC - 1ª, 2ª, 3ª, 4ª SÉRIES - SENIORES ÚNICA","https://www.austin.com.br/Historico-Rating/4685/Seller_FIDC_-_1ª,_2ª,_3ª,_4ª_Séries_-_Seniores_Única",FIDCs,brAAA,,brAAA,2024-08-12,Confirmação,Estável,"https://www.austin.com.br/Relatorio/Rating/Seller_FIDC_-_1ª,_2ª,_3ª,_4ª_Séries/11078"
2026-09-25,SETTE FIDC - SUBORDINADAS JÚNIOR,https://www.austin.com.br/Historico-Rating/3104/Sette_FIDC_-_Subordinadas_Júnior_,FIDCs,brCCC,,brCCC,2019-08-26,Rating Inicial,Estável,https://www.austin.com.br/Relatorio/Rating/Sette_FIDC/8497
2026-09-25,SERRANA FIDC - SENIORES ÚNICA,https://www.austin.com.br/Historico-Rating/2803/Serrana_FIDC_-_Seniores_Única,FIDCs,brA,,brA,2018-11-14,Rating Inicial,Estável,https://www.austin.com.br/Relatorio/Rating/Serrana_FIDC/7756
2026-09-25,SEVEN FIDC - SENIORES 1ª SÉRIE,https://www.austin.com.br/Historico-Rating/2123/Seven_FIDC_-_Seniores_1ª_série,FIDCs,brCCC,,brCCC,2019-08-08,Confirmação,Estável,
2026-09-25,SEVEN FIDC - SENIORES 1ª SÉRIE,https://www.austin.com.br/Historico-Rating/2123/Seven_FIDC_-_Seniores_1ª_série,FIDCs,brBB+,,brBB+,2019-05-14,Encerramento,,https://www.austin.com.br/Relatorio/Rating/Seven_FIDC/9004
2026-09-25,SEVEN FIDC - SENIORES 1ª SÉRIE,https://www.austin.com.br/Historico-Rating/2123/Seven_FIDC_-_Seniores_1ª_série,FIDCs,brBB+,,brBB+,2019-02-15,Confirmação,Estável,
2026-09-25,SEVEN FIDC - SENIORES 1ª SÉRIE,https://www.austin.com.br/Historico-Rating/2123/Seven_FIDC_-_Seniores_1ª_série,FIDCs,brBB,,brBB,2018-05-30,Confirmação,Estável,
2026-09-25,SEVEN FIDC - SENIORES 1ª SÉRIE,https://www.austin.com.br/Historico-Rating/2123/Seven_FIDC_-_Seniores_1ª_série,FIDCs,brBB,,brBB,2017-05-12,Confirmação,Estável,
2026-09-25,SEVEN FIDC - SENIORES 1ª SÉRIE,https://www.austin.com.br/Historico-Rating/2123/Seven_FIDC_-_Seniores_1ª_série,FIDCs,brBB,,brBB,2017-02-10,Confirmação,Estável,
2026-09-25,SEVEN FIDC - SENIORES 1ª SÉRIE,https://www.austin.com.br/Historico-Rating/2123/Seven_FIDC_-_Seniores_1ª_série,FIDCs,brBB,,brBB,2016-12-05,Confirmação,Estável,
2026-09-25,SEVEN FIDC - SENIORES 1ª SÉRIE,https://www.austin.com.br/Historico-Rating/2123/Seven_FIDC_-_Seniores_1ª_série,FIDCs,brBB,,brBB,2016-07-29,Confirmação,Estável,
2026-09-25,SEVEN FIDC - SENIORES 1ª SÉRIE,https://www.austin.com.br/Historico-Rating/2123/Seven_FIDC_-_Seniores_1ª_série,FIDCs,brBB,,brBB,2016-05-30,Confirmação,Estável,
2026-09-25,SEVEN FIDC - SENIORES 1ª SÉRIE,https://www.austin.com.br/Historico-Rating/2123/Seven_FIDC_-_Seniores_1ª_série,FIDCs,brBB,,brBB,2016-03-14,Confirmação,Estável,
2026-09-25,SEVEN FIDC - SENIORES 1ª SÉRIE,https://www.austin.com.br/Historico-Rating/2123/Seven_FIDC_-_Seniores_1ª_série,FIDCs,brBB,,brBB,2015-12-16,Confirmação,Estável,
2026-09-25,SEVEN FIDC - SENIORES 1ª SÉRIE,https://www.austin.com.br/Historico-Rating/2123/Seven_FIDC_-_Seniores_1ª_série,FIDCs,brBB,,brBB,2015-03-06,Rating Inicial,Estável,
2026-09-25,SELLER 3 FIDC - SENIORES ÚNICA,https://www.austin.com.br/Historico-Rating/5101/Seller_3_FIDC_-_Seniores_Única,FIDCs,brAAA,,brAAA,2026-01-16,Rating Inicial,Estável,https://www.austin.com.br/Relatorio/Rating/Seller_3_FIDC/11510
2026-09-25,SEVEN FIDC - SUBORDINADAS,https://www.austin.com.br/Historico-Rating/2124/Seven_FIDC_-_Subordinadas_,FIDCs,brCCC,,brCCC,2020-04-02,Observação Negativa,,https://www.austin.com.br/Relatorio/Rating/Seven_FIDC/9874
2026-09-25,SEVEN FIDC - SUBORDINADAS,https://www.austin.com.br/Historico-Rating/2124/Seven_FIDC_-_Subordinadas_,FIDCs,brCCC,,brCCC,2020-02-11,Confirmação,Estável,
2026-09-25,SEVEN FIDC - SUBORDINADAS,https://www.austin.com.br/Historico-Rating/2124/Seven_FIDC_-_Subordinadas_,FIDCs,brCCC,,brCCC,2019-08-08,Confirmação,Estável,
2026-09-25,SEVEN FIDC - SUBORDINADAS,https://www.austin.com.br/Historico-Rating/2124/Seven_FIDC_-_Subordinadas_,FIDCs,brCCC,,brCCC,2019-05-14,Confirmação,Estável,
2026-09-25,SEVEN FIDC - SUBORDINADAS,https://www.austin.com.br/Historico-Rating/2124/Seven_FIDC_-_Subordinadas_,FIDCs,brCCC,,brCCC,2019-02-15,Confirmação,Estável,
2026-09-25,SEVEN FIDC - SUBORDINADAS,https://www.austin.com.br/Historico-Rating/2124/Seven_FIDC_-_Subordinadas_,FIDCs,brCC,,brCC,2018-05-30,Confirmação,Estável,
2026-09-25,SEVEN FIDC - SUBORDINADAS,https://www.austin.com.br/Historico-Rating/2124/Seven_FIDC_-_Subordinadas_,FIDCs,brCC,,brCC,2017-05-12,Confirmação,Estável,
2026-09-25,SEVEN FIDC - SUBORDINADAS,https://www.austin.com.br/Historico-Rating/2124/Seven_FIDC_-_Subordinadas_,FIDCs,brCC,,brCC,2017-02-10,Confirmação,Estável,
2026-09-25,SEVEN FIDC - SUBORDINADAS,https://www.austin.com.br/Historico-Rating/2124/Seven_FIDC_-_Subordinadas_,FIDCs,brCC,,brCC,2016-12-05,Confirmação,Estável,
2026-09-25,SEVEN FIDC - SUBORDINADAS,https://www.austin.com.br/Historico-Rating/2124/Seven_FIDC_-_Subordinadas_,FIDCs,brCC,,brCC,2016-07-29,Confirmação,Estável,
2026-09-25,SEVEN FIDC - SUBORDINADAS,https://www.austin.com.br/Historico-Rating/2124/Seven_FIDC_-_Subordinadas_,FIDCs,brCC,,brCC,2016-05-30,Confirmação,Estável,
2026-09-25,SEVEN FIDC - SUBORDINADAS,https://www.austin.com.br/Historico-Rating/2124/Seven_FIDC_-_Subordinadas_,FIDCs,brCC,,brCC,2016-03-14,Confirmação,Estável,
2026-09-25,SEVEN FIDC - SUBORDINADAS,https://www.austin.com.br/Historico-Rating/2124/Seven_FIDC_-_Subordinadas_,FIDCs,brCC,,brCC,2015-12-16,Confirmação,Estável,
2026-09-25,SEVEN FIDC - SUBORDINADAS,https://www.austin.com.br/Historico-Rating/2124/Seven_FIDC_-_Subordinadas_,FIDCs,brCC,,brCC,2015-03-06,Rating Inicial,Estável,
2026-09-25,SFT FIDC  - SUBORDINADAS JÚNIOR,https://www.austin.com.br/Historico-Rating/4740/SFT_FIDC__-_Subordinadas_Júnior_,FIDCs,brB,,brB,2024-08-23,Confirmação,Estável,https://www.austin.com.br/Relatorio/Rating/SFT_FIDC_/11137
2026-09-25,SFT FIDC  - SUBORDINADAS MEZANINO II,https://www.austin.com.br/Historico-Rating/4739/SFT_FIDC__-_Subordinadas_Mezanino_II_,FIDCs,brBB+,,brBB+,2024-08-23,Confirmação,Estável,https://www.austin.com.br/Relatorio/Rating/SFT_FIDC_/11136
2026-09-25,SICOOB COOPECREDI,https://www.austin.com.br/Historico-Rating/3488/Sicoob_Coopecredi,Corporativo,brA,,brA,2024-03-01,Elevação,Estável,
2026-09-25,SICOOB COOPECREDI,https://www.austin.com.br/Historico-Rating/3488/Sicoob_Coopecredi,Corporativo,brA-,,brA-,2022-03-14,Confirmação,Estável,
2026-09-25,SICOOB COOPECREDI,https://www.austin.com.br/Historico-Rating/3488/Sicoob_Coopecredi,Corporativo,brA-,,brA-,2021-02-22,Confirmação,Estável,
2026-09-25,SICOOB COOPECREDI,https://www.austin.com.br/Historico-Rating/3488/Sicoob_Coopecredi,Corporativo,brA-,,brA-,2020-03-12,Rating Inicial,Estável,https://www.austin.com.br/Relatorio/Rating/Sicoob_Coopecredi/9624
2026-09-25,"SFT FIDC 1ª, 4ª E 5ª - SENIORES 1ª SÉRIE","https://www.austin.com.br/Historico-Rating/4737/SFT_FIDC_1ª,_4ª_e_5ª_-_Seniores_1ª_série",FIDCs,brA-,,brA-,2024-08-23,Confirmação,Estável,"https://www.austin.com.br/Relatorio/Rating/SFT_FIDC_1ª,_4ª_e_5ª/11134"
2026-09-25,SFT FIDC  - SENIORES 6ª SÉRIE,https://www.austin.com.br/Historico-Rating/4738/SFT_FIDC__-_Seniores_6ª_série,FIDCs,brA-,,brA-,2024-08-23,Rating Inicial,Estável,https://www.austin.com.br/Relatorio/Rating/SFT_FIDC_/11135
2026-09-25,SICOOB CREDICOM,https://www.austin.com.br/Historico-Rating/3096/Sicoob_Credicom,Corporativo,brBBB+,,brBBB+,2022-03-14,Confirmação,Estável,https://www.austin.com.br/Relatorio/Rating/Sicoob_Credicom/10375
2026-09-25,SICOOB CREDICOM,https://www.austin.com.br/Historico-Rating/3096/Sicoob_Credicom,Corporativo,brBBB+,,brBBB+,2021-06-21,Confirmação,Estável,
2026-09-25,SICOOB CREDICOM,https://www.austin.com.br/Historico-Rating/3096/Sicoob_Credicom,Corporativo,brBBB+,,brBBB+,2020-06-12,Confirmação,Estável,
2026-09-25,SICOOB CREDICOM,https://www.austin.com.br/Historico-Rating/3096/Sicoob_Credicom,Corporativo,brBBB+,,brBBB+,2018-12-27,Rating Inicial,Estável,
2026-09-25,SKADE CAPITAL,https://www.austin.com.br/Historico-Rating/5250/Skade_Capital,Gestão,QG3,,QG3,2026-06-08,Rating Inicial,Estável,
2026-09-25,SOLAR FIDC NP - SUBORDINADAS JÚNIOR,https://www.austin.com.br/Historico-Rating/3195/Solar_FIDC_NP_-_Subordinadas_Júnior_,FIDCs,brCCC,,brCCC,2020-04-02,Observação Negativa,,https://www.austin.com.br/Relatorio/Rating/Solar_FIDC_NP/9906
2026-09-25,SOLAR FIDC NP - SUBORDINADAS JÚNIOR,https://www.austin.com.br/Historico-Rating/3195/Solar_FIDC_NP_-_Subordinadas_Júnior_,FIDCs,brCCC,,brCCC,2019-08-21,Confirmação,Estável,
2026-09-25,SOLAR FIDC NP - SUBORDINADAS JÚNIOR,https://www.austin.com.br/Historico-Rating/3195/Solar_FIDC_NP_-_Subordinadas_Júnior_,FIDCs,brCCC,,brCCC,2019-04-29,Rating Inicial,Estável,
2026-09-25,SOLAR FIDC NP - SENIORES 1ª SÉRIE,https://www.austin.com.br/Historico-Rating/3306/Solar_FIDC_NP_-_Seniores_1ª_série,FIDCs,brBBB-,,brBBB-,2020-04-02,Observação Negativa,,https://www.austin.com.br/Relatorio/Rating/Solar_FIDC_NP/9907
2026-09-25,SOLAR FIDC NP - SENIORES 1ª SÉRIE,https://www.austin.com.br/Historico-Rating/3306/Solar_FIDC_NP_-_Seniores_1ª_série,FIDCs,brBBB-,,brBBB-,2019-09-09,Rating Inicial,Estável,
2026-09-25,SOLIS CONSIGNADO FIDC  - SENIORES ÚNICA,https://www.austin.com.br/Historico-Rating/3657/Solis_Consignado_FIDC__-_Seniores_Única,FIDCs,brA+,,brA+,2020-11-30,Rating Preliminar,,https://www.austin.com.br/Relatorio/Rating/Solis_Consignado_FIDC_/10120
2026-09-25,SOLIS CAPITAL ANTARES PIONEIRO FIDC - ÚNICA,https://www.austin.com.br/Historico-Rating/5137/Solis_Capital_Antares_Pioneiro_FIDC_-_Única_,FIDCs,brA-,,brA-,2026-02-06,Elevação,Estável,https://www.austin.com.br/Relatorio/Rating/Solis_Capital_Antares_Pioneiro_FIDC/11546
2026-09-25,SOLIS CONSIGNADO FIDC  - SUBORDINADAS,https://www.austin.com.br/Historico-Rating/3658/Solis_Consignado_FIDC__-_Subordinadas_,FIDCs,brBBB+,,brBBB+,2020-11-30,Rating Preliminar,,https://www.austin.com.br/Relatorio/Rating/Solis_Consignado_FIDC_/10121
2026-09-25,SOMA FIDC NP - SUBORDINADAS JÚNIOR,https://www.austin.com.br/Historico-Rating/3043/Soma_FIDC_NP_-_Subordinadas_Júnior_,FIDCs,brB-,,brB-,2020-04-02,Observação Negativa,,https://www.austin.com.br/Relatorio/Rating/Soma_FIDC_NP/9769
2026-09-25,SOMA FIDC NP - SUBORDINADAS JÚNIOR,https://www.austin.com.br/Historico-Rating/3043/Soma_FIDC_NP_-_Subordinadas_Júnior_,FIDCs,brB-,,brB-,2019-08-08,Confirmação,Estável,
2026-09-25,SOMA FIDC NP - SUBORDINADAS JÚNIOR,https://www.austin.com.br/Historico-Rating/3043/Soma_FIDC_NP_-_Subordinadas_Júnior_,FIDCs,brB-,,brB-,2019-05-21,Confirmação,Estável,
2026-09-25,SOMA FIDC NP - SUBORDINADAS JÚNIOR,https://www.austin.com.br/Historico-Rating/3043/Soma_FIDC_NP_-_Subordinadas_Júnior_,FIDCs,brB-,,brB-,2019-02-21,Confirmação,Estável,
2026-09-25,SOMA FIDC NP - SUBORDINADAS JÚNIOR,https://www.austin.com.br/Historico-Rating/3043/Soma_FIDC_NP_-_Subordinadas_Júnior_,FIDCs,brB-,,brB-,2018-10-02,Rating Inicial,Estável,
2026-09-25,SOMA II FIDC  - SENIORES 1ª SÉRIE,https://www.austin.com.br/Historico-Rating/3771/Soma_II_FIDC__-_Seniores_1ª_série,FIDCs,brAA-,,brAA-,2021-04-05,Rating Preliminar,,
2026-09-25,SOLIS PORTFOLIO CRÉDITO FIC FIDC - ÚNICA,https://www.austin.com.br/Historico-Rating/4996/Solis_Portfolio_Crédito_FIC_FIDC_-_Única_,FIDCs,brA-,,brA-,2025-02-05,Rating Inicial,Estável,
2026-09-25,SPARK FIDC - SUBORDINADAS MEZANINO,https://www.austin.com.br/Historico-Rating/4988/Spark_FIDC_-_Subordinadas_Mezanino_,FIDCs,brBB+,,brBB+,2025-07-25,Rating Inicial,Estável,https://www.austin.com.br/Relatorio/Rating/Spark_FIDC/11401
2026-09-25,SPARK FIDC - SENIORES 2ª SÉRIE,https://www.austin.com.br/Historico-Rating/4987/Spark_FIDC_-_Seniores_2ª_série,FIDCs,brBBB+,,brBBB+,2025-07-25,Rating Inicial,Estável,https://www.austin.com.br/Relatorio/Rating/Spark_FIDC/11400
2026-09-25,SPARK FIDC  - ÚNICA,https://www.austin.com.br/Historico-Rating/3770/Spark_FIDC__-_Única_,FIDCs,brB-,,brB-,2021-04-06,Rating Preliminar,,
2026-09-25,SONATA FIDC - SUBORDINADAS JÚNIOR,https://www.austin.com.br/Historico-Rating/2921/Sonata_FIDC_-_Subordinadas_Júnior_,FIDCs,brCC,,brCC,2018-03-14,Rating Preliminar,,https://www.austin.com.br/Relatorio/Rating/Sonata_FIDC/7930
2026-09-25,SPECIAL SITUATIONS FIDC NP - ÚNICA,https://www.austin.com.br/Historico-Rating/2485/Special_Situations_FIDC_NP_-_Única_,FIDCs,brBB-,,brBB-,2019-11-08,Confirmação,Estável,https://www.austin.com.br/Relatorio/Rating/Special_Situations_FIDC_NP/9606
2026-09-25,SPECIAL SITUATIONS FIDC NP - ÚNICA,https://www.austin.com.br/Historico-Rating/2485/Special_Situations_FIDC_NP_-_Única_,FIDCs,brB,,brB,2019-05-03,Confirmação,Estável,
2026-09-25,SPECIAL SITUATIONS FIDC NP - ÚNICA,https://www.austin.com.br/Historico-Rating/2485/Special_Situations_FIDC_NP_-_Única_,FIDCs,brB,,brB,2019-01-23,Confirmação,Estável,
2026-09-25,SPECIAL SITUATIONS FIDC NP - ÚNICA,https://www.austin.com.br/Historico-Rating/2485/Special_Situations_FIDC_NP_-_Única_,FIDCs,brB,,brB,2018-07-27,Confirmação,Estável,
2026-09-25,SPECIAL SITUATIONS FIDC NP - ÚNICA,https://www.austin.com.br/Historico-Rating/2485/Special_Situations_FIDC_NP_-_Única_,FIDCs,brB,,brB,2018-05-10,Confirmação,Estável,
2026-09-25,SPECIAL SITUATIONS FIDC NP - ÚNICA,https://www.austin.com.br/Historico-Rating/2485/Special_Situations_FIDC_NP_-_Única_,FIDCs,brB,,brB,2017-05-10,Confirmação,Estável,
2026-09-25,SPECIAL SITUATIONS FIDC NP - ÚNICA,https://www.austin.com.br/Historico-Rating/2485/Special_Situations_FIDC_NP_-_Única_,FIDCs,brB,,brB,2017-02-07,Confirmação,Estável,
2026-09-25,SPECIAL SITUATIONS FIDC NP - ÚNICA,https://www.austin.com.br/Historico-Rating/2485/Special_Situations_FIDC_NP_-_Única_,FIDCs,brB,,brB,2016-11-09,Confirmação,Estável,
2026-09-25,SPECIAL SITUATIONS FIDC NP - ÚNICA,https://www.austin.com.br/Historico-Rating/2485/Special_Situations_FIDC_NP_-_Única_,FIDCs,brB,,brB,2016-07-15,Rating Inicial,Estável,
2026-09-25,SPS CORP I FIDC NP - ÚNICA,https://www.austin.com.br/Historico-Rating/4684/SPS_Corp_I_FIDC_NP_-_Única_,FIDCs,brB-,,brB-,2024-08-12,Confirmação,Estável,https://www.austin.com.br/Relatorio/Rating/SPS_Corp_I_FIDC_NP/11077
2026-09-25,SPECIAL SITUATIONS II FIC FIDC NP - ÚNICA,https://www.austin.com.br/Historico-Rating/2486/Special_Situations_II_FIC_FIDC_NP_-_Única_,FIDCs,brBB-,,brBB-,2020-02-07,Confirmação,Estável,https://www.austin.com.br/Relatorio/Rating/Special_Situations_II_FIC_FIDC_NP/9641
2026-09-25,SPECIAL SITUATIONS II FIC FIDC NP - ÚNICA,https://www.austin.com.br/Historico-Rating/2486/Special_Situations_II_FIC_FIDC_NP_-_Única_,FIDCs,brBB-,,brBB-,2019-11-08,Confirmação,Estável,
2026-09-25,SPECIAL SITUATIONS II FIC FIDC NP - ÚNICA,https://www.austin.com.br/Historico-Rating/2486/Special_Situations_II_FIC_FIDC_NP_-_Única_,FIDCs,brBB-,,brBB-,2019-07-25,Elevação,Estável,
2026-09-25,SPECIAL SITUATIONS II FIC FIDC NP - ÚNICA,https://www.austin.com.br/Historico-Rating/2486/Special_Situations_II_FIC_FIDC_NP_-_Única_,FIDCs,brB,,brB,2019-05-03,Confirmação,Estável,
2026-09-25,SPECIAL SITUATIONS II FIC FIDC NP - ÚNICA,https://www.austin.com.br/Historico-Rating/2486/Special_Situations_II_FIC_FIDC_NP_-_Única_,FIDCs,brB,,brB,2019-01-23,Confirmação,Estável,
2026-09-25,SPECIAL SITUATIONS II FIC FIDC NP - ÚNICA,https://www.austin.com.br/Historico-Rating/2486/Special_Situations_II_FIC_FIDC_NP_-_Única_,FIDCs,brB,,brB,2018-11-06,Confirmação,Estável,
2026-09-25,SPECIAL SITUATIONS II FIC FIDC NP - ÚNICA,https://www.austin.com.br/Historico-Rating/2486/Special_Situations_II_FIC_FIDC_NP_-_Única_,FIDCs,brB,,brB,2018-07-27,Confirmação,Estável,
2026-09-25,SPECIAL SITUATIONS II FIC FIDC NP - ÚNICA,https://www.austin.com.br/Historico-Rating/2486/Special_Situations_II_FIC_FIDC_NP_-_Única_,FIDCs,brB,,brB,2018-05-10,Confirmação,Estável,
2026-09-25,SPECIAL SITUATIONS II FIC FIDC NP - ÚNICA,https://www.austin.com.br/Historico-Rating/2486/Special_Situations_II_FIC_FIDC_NP_-_Única_,FIDCs,brB,,brB,2018-02-07,Confirmação,Positiva,
2026-09-25,SPECIAL SITUATIONS II FIC FIDC NP - ÚNICA,https://www.austin.com.br/Historico-Rating/2486/Special_Situations_II_FIC_FIDC_NP_-_Única_,FIDCs,brB,,brB,2017-11-08,Confirmação,Estável,
2026-09-25,SPECIAL SITUATIONS II FIC FIDC NP - ÚNICA,https://www.austin.com.br/Historico-Rating/2486/Special_Situations_II_FIC_FIDC_NP_-_Única_,FIDCs,brB,,brB,2017-08-09,Confirmação,Estável,
2026-09-25,SPECIAL SITUATIONS II FIC FIDC NP - ÚNICA,https://www.austin.com.br/Historico-Rating/2486/Special_Situations_II_FIC_FIDC_NP_-_Única_,FIDCs,brB,,brB,2017-05-10,Confirmação,Estável,
2026-09-25,SPECIAL SITUATIONS II FIC FIDC NP - ÚNICA,https://www.austin.com.br/Historico-Rating/2486/Special_Situations_II_FIC_FIDC_NP_-_Única_,FIDCs,brB,,brB,2017-02-07,Confirmação,Estável,
2026-09-25,SPECIAL SITUATIONS II FIC FIDC NP - ÚNICA,https://www.austin.com.br/Historico-Rating/2486/Special_Situations_II_FIC_FIDC_NP_-_Única_,FIDCs,brB,,brB,2016-11-09,Confirmação,Estável,
2026-09-25,SPECIAL SITUATIONS II FIC FIDC NP - ÚNICA,https://www.austin.com.br/Historico-Rating/2486/Special_Situations_II_FIC_FIDC_NP_-_Única_,FIDCs,brB,,brB,2016-07-15,Rating Inicial,Estável,
2026-09-25,SPECTRA INVESTIMENTOS,https://www.austin.com.br/Historico-Rating/4755/Spectra_Investimentos,Gestão,QG2,,QG2,2024-08-19,Rating Inicial,Estável,
2026-09-25,SPECIAL SITUATIONS I FIC FIDC NP - ÚNICA,https://www.austin.com.br/Historico-Rating/2484/Special_Situations_I_FIC_FIDC_NP_-_Única_,FIDCs,brBB-,,brBB-,2020-02-07,Confirmação,Estável,https://www.austin.com.br/Relatorio/Rating/Special_Situations_I_FIC_FIDC_NP/9640
2026-09-25,SPECIAL SITUATIONS I FIC FIDC NP - ÚNICA,https://www.austin.com.br/Historico-Rating/2484/Special_Situations_I_FIC_FIDC_NP_-_Única_,FIDCs,brBB-,,brBB-,2019-11-08,Confirmação,Estável,
2026-09-25,SPECIAL SITUATIONS I FIC FIDC NP - ÚNICA,https://www.austin.com.br/Historico-Rating/2484/Special_Situations_I_FIC_FIDC_NP_-_Única_,FIDCs,brBB-,,brBB-,2019-07-25,Elevação,Estável,
2026-09-25,SPECIAL SITUATIONS I FIC FIDC NP - ÚNICA,https://www.austin.com.br/Historico-Rating/2484/Special_Situations_I_FIC_FIDC_NP_-_Única_,FIDCs,brB,,brB,2019-05-03,Confirmação,Estável,
2026-09-25,SPECIAL SITUATIONS I FIC FIDC NP - ÚNICA,https://www.austin.com.br/Historico-Rating/2484/Special_Situations_I_FIC_FIDC_NP_-_Única_,FIDCs,brB,,brB,2019-01-23,Confirmação,Estável,
2026-09-25,SPECIAL SITUATIONS I FIC FIDC NP - ÚNICA,https://www.austin.com.br/Historico-Rating/2484/Special_Situations_I_FIC_FIDC_NP_-_Única_,FIDCs,brB,,brB,2018-11-06,Confirmação,Estável,
2026-09-25,SPECIAL SITUATIONS I FIC FIDC NP - ÚNICA,https://www.austin.com.br/Historico-Rating/2484/Special_Situations_I_FIC_FIDC_NP_-_Única_,FIDCs,brB,,brB,2018-07-27,Confirmação,Estável,
2026-09-25,SPECIAL SITUATIONS I FIC FIDC NP - ÚNICA,https://www.austin.com.br/Historico-Rating/2484/Special_Situations_I_FIC_FIDC_NP_-_Única_,FIDCs,brB,,brB,2018-05-10,Confirmação,Estável,
2026-09-25,SPECIAL SITUATIONS I FIC FIDC NP - ÚNICA,https://www.austin.com.br/Historico-Rating/2484/Special_Situations_I_FIC_FIDC_NP_-_Única_,FIDCs,brB,,brB,2018-02-07,Confirmação,Estável,
2026-09-25,SPECIAL SITUATIONS I FIC FIDC NP - ÚNICA,https://www.austin.com.br/Historico-Rating/2484/Special_Situations_I_FIC_FIDC_NP_-_Única_,FIDCs,brB,,brB,2017-11-08,Confirmação,Estável,
2026-09-25,SPECIAL SITUATIONS I FIC FIDC NP - ÚNICA,https://www.austin.com.br/Historico-Rating/2484/Special_Situations_I_FIC_FIDC_NP_-_Única_,FIDCs,brB,,brB,2017-08-09,Confirmação,Estável,
2026-09-25,SPECIAL SITUATIONS I FIC FIDC NP - ÚNICA,https://www.austin.com.br/Historico-Rating/2484/Special_Situations_I_FIC_FIDC_NP_-_Única_,FIDCs,brB,,brB,2017-05-10,Confirmação,Estável,
2026-09-25,SPECIAL SITUATIONS I FIC FIDC NP - ÚNICA,https://www.austin.com.br/Historico-Rating/2484/Special_Situations_I_FIC_FIDC_NP_-_Única_,FIDCs,brB,,brB,2017-02-07,Confirmação,Estável,
2026-09-25,SPECIAL SITUATIONS I FIC FIDC NP - ÚNICA,https://www.austin.com.br/Historico-Rating/2484/Special_Situations_I_FIC_FIDC_NP_-_Única_,FIDCs,brB,,brB,2016-11-09,Confirmação,Estável,
2026-09-25,SPECIAL SITUATIONS I FIC FIDC NP - ÚNICA,https://www.austin.com.br/Historico-Rating/2484/Special_Situations_I_FIC_FIDC_NP_-_Única_,FIDCs,brB,,brB,2016-07-15,Rating Inicial,Estável,
2026-09-25,STEP-UP IX FIDC NP - ÚNICA,https://www.austin.com.br/Historico-Rating/3229/STEP-UP_IX_FIDC_NP_-_Única_,FIDCs,brBB-,,brBB-,2019-07-29,Confirmação,Estável,https://www.austin.com.br/Relatorio/Rating/STEP-UP_IX_FIDC_NP/9289
2026-09-25,STEP-UP IX FIDC NP - ÚNICA,https://www.austin.com.br/Historico-Rating/3229/STEP-UP_IX_FIDC_NP_-_Única_,FIDCs,brBB-,,brBB-,2019-05-08,Rating Inicial,Estável,
2026-09-25,STEP-UP V FIDC NP - ÚNICA,https://www.austin.com.br/Historico-Rating/3040/STEP-UP_V_FIDC_NP_-_Única_,FIDCs,brB-,,brB-,2019-07-25,Confirmação,Estável,https://www.austin.com.br/Relatorio/Rating/STEP-UP_V_FIDC_NP/9290
2026-09-25,STEP-UP V FIDC NP - ÚNICA,https://www.austin.com.br/Historico-Rating/3040/STEP-UP_V_FIDC_NP_-_Única_,FIDCs,brB-,,brB-,2019-05-03,Confirmação,Estável,
2026-09-25,STEP-UP V FIDC NP - ÚNICA,https://www.austin.com.br/Historico-Rating/3040/STEP-UP_V_FIDC_NP_-_Única_,FIDCs,brB-,,brB-,2019-02-04,Confirmação,Estável,
2026-09-25,STEP-UP V FIDC NP - ÚNICA,https://www.austin.com.br/Historico-Rating/3040/STEP-UP_V_FIDC_NP_-_Única_,FIDCs,brB-,,brB-,2018-07-23,Confirmação,Estável,
2026-09-25,STEP-UP V FIDC NP - ÚNICA,https://www.austin.com.br/Historico-Rating/3040/STEP-UP_V_FIDC_NP_-_Única_,FIDCs,brB-,,brB-,2018-01-31,Rating Inicial,Estável,
2026-09-25,STEP-UP IV FIDC NP - ÚNICA,https://www.austin.com.br/Historico-Rating/2815/STEP-UP_IV_FIDC_NP_-_Única_,FIDCs,brBBB,,brBBB,2019-07-25,Confirmação,Estável,https://www.austin.com.br/Relatorio/Rating/STEP-UP_IV_FIDC_NP/9288
2026-09-25,STEP-UP IV FIDC NP - ÚNICA,https://www.austin.com.br/Historico-Rating/2815/STEP-UP_IV_FIDC_NP_-_Única_,FIDCs,brBBB,,brBBB,2019-05-03,Confirmação,Estável,
2026-09-25,STEP-UP IV FIDC NP - ÚNICA,https://www.austin.com.br/Historico-Rating/2815/STEP-UP_IV_FIDC_NP_-_Única_,FIDCs,brBBB,,brBBB,2019-02-04,Elevação,Estável,
2026-09-25,STEP-UP IV FIDC NP - ÚNICA,https://www.austin.com.br/Historico-Rating/2815/STEP-UP_IV_FIDC_NP_-_Única_,FIDCs,brBB,,brBB,2018-07-23,Confirmação,Estável,
2026-09-25,STEP-UP IV FIDC NP - ÚNICA,https://www.austin.com.br/Historico-Rating/2815/STEP-UP_IV_FIDC_NP_-_Única_,FIDCs,brBB,,brBB,2018-04-30,Confirmação,Estável,
2026-09-25,STEP-UP IV FIDC NP - ÚNICA,https://www.austin.com.br/Historico-Rating/2815/STEP-UP_IV_FIDC_NP_-_Única_,FIDCs,brBB,,brBB,2017-11-07,Rating Inicial,Estável,
2026-09-25,STEP-UP III FIDC NP - ÚNICA,https://www.austin.com.br/Historico-Rating/2677/STEP-UP_III_FIDC_NP_-_Única_,FIDCs,brCCC,,brCCC,2019-07-25,Confirmação,Estável,https://www.austin.com.br/Relatorio/Rating/STEP-UP_III_FIDC_NP/9287
2026-09-25,STEP-UP III FIDC NP - ÚNICA,https://www.austin.com.br/Historico-Rating/2677/STEP-UP_III_FIDC_NP_-_Única_,FIDCs,brCCC,,brCCC,2019-05-03,Confirmação,Estável,
2026-09-25,STEP-UP III FIDC NP - ÚNICA,https://www.austin.com.br/Historico-Rating/2677/STEP-UP_III_FIDC_NP_-_Única_,FIDCs,brCCC,,brCCC,2019-02-04,Confirmação,Estável,
2026-09-25,STEP-UP III FIDC NP - ÚNICA,https://www.austin.com.br/Historico-Rating/2677/STEP-UP_III_FIDC_NP_-_Única_,FIDCs,brCCC,,brCCC,2018-07-23,Confirmação,Estável,
2026-09-25,STEP-UP III FIDC NP - ÚNICA,https://www.austin.com.br/Historico-Rating/2677/STEP-UP_III_FIDC_NP_-_Única_,FIDCs,brCCC,,brCCC,2018-04-30,Confirmação,Estável,
2026-09-25,STEP-UP III FIDC NP - ÚNICA,https://www.austin.com.br/Historico-Rating/2677/STEP-UP_III_FIDC_NP_-_Única_,FIDCs,brCCC,,brCCC,2017-05-15,Rating Inicial,Estável,
2026-09-25,STEP-UP VI FIDC NP - ÚNICA,https://www.austin.com.br/Historico-Rating/3020/STEP-UP_VI_FIDC_NP_-_Única_,FIDCs,brBBB,,brBBB,2019-07-25,Confirmação,Estável,https://www.austin.com.br/Relatorio/Rating/STEP-UP_VI_FIDC_NP/9291
2026-09-25,STEP-UP VI FIDC NP - ÚNICA,https://www.austin.com.br/Historico-Rating/3020/STEP-UP_VI_FIDC_NP_-_Única_,FIDCs,brBBB,,brBBB,2019-05-03,Confirmação,Estável,
2026-09-25,STEP-UP VI FIDC NP - ÚNICA,https://www.austin.com.br/Historico-Rating/3020/STEP-UP_VI_FIDC_NP_-_Única_,FIDCs,brBBB,,brBBB,2019-02-04,Confirmação,Estável,
2026-09-25,STEP-UP VI FIDC NP - ÚNICA,https://www.austin.com.br/Historico-Rating/3020/STEP-UP_VI_FIDC_NP_-_Única_,FIDCs,brBBB,,brBBB,2018-08-17,Rating Inicial,Estável,
2026-09-25,STEP UP FIDC NP DE AÇÕES JUDICIAIS - ÚNICA,https://www.austin.com.br/Historico-Rating/1953/STEP_UP_FIDC_NP_de_Ações_Judiciais_-_Única_,FIDCs,brB,,brB,2019-07-25,Confirmação,Estável,https://www.austin.com.br/Relatorio/Rating/STEP_UP_FIDC_NP_de_Ações_Judiciais/9286
2026-09-25,STEP UP FIDC NP DE AÇÕES JUDICIAIS - ÚNICA,https://www.austin.com.br/Historico-Rating/1953/STEP_UP_FIDC_NP_de_Ações_Judiciais_-_Única_,FIDCs,brB,,brB,2019-05-03,Confirmação,Estável,
2026-09-25,STEP UP FIDC NP DE AÇÕES JUDICIAIS - ÚNICA,https://www.austin.com.br/Historico-Rating/1953/STEP_UP_FIDC_NP_de_Ações_Judiciais_-_Única_,FIDCs,brB,,brB,2019-02-04,Confirmação,Estável,
2026-09-25,STEP UP FIDC NP DE AÇÕES JUDICIAIS - ÚNICA,https://www.austin.com.br/Historico-Rating/1953/STEP_UP_FIDC_NP_de_Ações_Judiciais_-_Única_,FIDCs,brB,,brB,2018-07-23,Confirmação,Estável,
2026-09-25,STEP UP FIDC NP DE AÇÕES JUDICIAIS - ÚNICA,https://www.austin.com.br/Historico-Rating/1953/STEP_UP_FIDC_NP_de_Ações_Judiciais_-_Única_,FIDCs,brB,,brB,2018-04-30,Confirmação,Estável,
2026-09-25,STEP UP FIDC NP DE AÇÕES JUDICIAIS - ÚNICA,https://www.austin.com.br/Historico-Rating/1953/STEP_UP_FIDC_NP_de_Ações_Judiciais_-_Única_,FIDCs,brB,,brB,2017-05-15,Confirmação,Estável,
2026-09-25,STEP UP FIDC NP DE AÇÕES JUDICIAIS - ÚNICA,https://www.austin.com.br/Historico-Rating/1953/STEP_UP_FIDC_NP_de_Ações_Judiciais_-_Única_,FIDCs,brB,,brB,2016-05-16,Confirmação,Estável,
2026-09-25,STEP UP FIDC NP DE AÇÕES JUDICIAIS - ÚNICA,https://www.austin.com.br/Historico-Rating/1953/STEP_UP_FIDC_NP_de_Ações_Judiciais_-_Única_,FIDCs,brB,,brB,2015-05-15,Confirmação,Estável,
2026-09-25,STEP UP FIDC NP DE AÇÕES JUDICIAIS - ÚNICA,https://www.austin.com.br/Historico-Rating/1953/STEP_UP_FIDC_NP_de_Ações_Judiciais_-_Única_,FIDCs,brB,,brB,2014-08-14,Confirmação,Estável,
2026-09-25,STEP-UP VIII FIDC NP - ÚNICA,https://www.austin.com.br/Historico-Rating/3154/STEP-UP_VIII_FIDC_NP_-_Única_,FIDCs,brBB+,,brBB+,2019-07-29,Confirmação,Estável,https://www.austin.com.br/Relatorio/Rating/STEP-UP_VIII_FIDC_NP/9293
2026-09-25,STEP-UP VIII FIDC NP - ÚNICA,https://www.austin.com.br/Historico-Rating/3154/STEP-UP_VIII_FIDC_NP_-_Única_,FIDCs,brBBB,,brBBB,2019-05-10,Confirmação,Estável,
2026-09-25,STEP-UP VIII FIDC NP - ÚNICA,https://www.austin.com.br/Historico-Rating/3154/STEP-UP_VIII_FIDC_NP_-_Única_,FIDCs,brBBB,,brBBB,2019-02-14,Rating Inicial,Estável,
2026-09-25,STEP-UP X FIDC NP - ÚNICA,https://www.austin.com.br/Historico-Rating/3561/STEP-UP_X_FIDC_NP_-_Única_,FIDCs,brB,,brB,2020-05-21,Rating Inicial,Estável,https://www.austin.com.br/Relatorio/Rating/STEP-UP_X_FIDC_NP/9997
2026-09-25,STEP-UP XI FIDC NP - ÚNICA,https://www.austin.com.br/Historico-Rating/3282/STEP-UP_XI_FIDC_NP_-_Única_,FIDCs,brB,,brB,2019-08-02,Rating Inicial,Estável,https://www.austin.com.br/Relatorio/Rating/STEP-UP_XI_FIDC_NP/8971
2026-09-25,STEP-UP VII FIDC NP - ÚNICA,https://www.austin.com.br/Historico-Rating/3041/STEP-UP_VII_FIDC_NP_-_Única_,FIDCs,brCCC,,brCCC,2019-07-25,Confirmação,Estável,https://www.austin.com.br/Relatorio/Rating/STEP-UP_VII_FIDC_NP/9292
2026-09-25,STEP-UP VII FIDC NP - ÚNICA,https://www.austin.com.br/Historico-Rating/3041/STEP-UP_VII_FIDC_NP_-_Única_,FIDCs,brCCC,,brCCC,2019-05-03,Confirmação,Estável,
2026-09-25,STEP-UP VII FIDC NP - ÚNICA,https://www.austin.com.br/Historico-Rating/3041/STEP-UP_VII_FIDC_NP_-_Única_,FIDCs,brCCC,,brCCC,2019-02-04,Confirmação,Estável,
2026-09-25,STEP-UP VII FIDC NP - ÚNICA,https://www.austin.com.br/Historico-Rating/3041/STEP-UP_VII_FIDC_NP_-_Única_,FIDCs,brCCC,,brCCC,2018-07-27,Confirmação,Estável,
2026-09-25,STEP-UP VII FIDC NP - ÚNICA,https://www.austin.com.br/Historico-Rating/3041/STEP-UP_VII_FIDC_NP_-_Única_,FIDCs,brCCC,,brCCC,2018-02-09,Rating Inicial,Estável,
2026-09-25,STEP-UP XII FIDC NP - SENIORES ÚNICA,https://www.austin.com.br/Historico-Rating/3706/Step-Up_XII_FIDC_NP_-_Seniores_Única,FIDCs,brBB-,,brBB-,2021-02-19,Rating Inicial,Estável,
2026-09-25,STONE III FIDC - SUBORDINADAS,https://www.austin.com.br/Historico-Rating/3930/Stone_III_FIDC_-_Subordinadas_,FIDCs,brAA-,,brAA-,2021-12-02,Rating Inicial,Estável,https://www.austin.com.br/Relatorio/Rating/Stone_III_FIDC/10289
2026-09-25,STONE FIC FIDC - SUBORDINADAS,https://www.austin.com.br/Historico-Rating/2304/Stone_FIC_FIDC_-_Subordinadas_,FIDCs,brB-,,brB-,2020-02-14,Confirmação,Estável,https://www.austin.com.br/Relatorio/Rating/Stone_FIC_FIDC/9642
2026-09-25,STONE FIC FIDC - SUBORDINADAS,https://www.austin.com.br/Historico-Rating/2304/Stone_FIC_FIDC_-_Subordinadas_,FIDCs,brB-,,brB-,2019-11-13,Confirmação,Estável,
2026-09-25,STONE FIC FIDC - SUBORDINADAS,https://www.austin.com.br/Historico-Rating/2304/Stone_FIC_FIDC_-_Subordinadas_,FIDCs,brB-,,brB-,2019-08-12,Elevação,Estável,
2026-09-25,STONE FIC FIDC - SUBORDINADAS,https://www.austin.com.br/Historico-Rating/2304/Stone_FIC_FIDC_-_Subordinadas_,FIDCs,brCCC,,brCCC,2019-05-13,Confirmação,Estável,
2026-09-25,STONE FIC FIDC - SUBORDINADAS,https://www.austin.com.br/Historico-Rating/2304/Stone_FIC_FIDC_-_Subordinadas_,FIDCs,brCCC,,brCCC,2019-02-15,Confirmação,Estável,
2026-09-25,STONE FIC FIDC - SUBORDINADAS,https://www.austin.com.br/Historico-Rating/2304/Stone_FIC_FIDC_-_Subordinadas_,FIDCs,brCCC,,brCCC,2018-11-07,Confirmação,Estável,
2026-09-25,STONE FIC FIDC - SUBORDINADAS,https://www.austin.com.br/Historico-Rating/2304/Stone_FIC_FIDC_-_Subordinadas_,FIDCs,brCCC,,brCCC,2015-10-02,Rating Inicial,Estável,
2026-09-25,STRUCTURE FIDC - SUBORDINADAS JÚNIOR,https://www.austin.com.br/Historico-Rating/5080/Structure_FIDC_-_Subordinadas_Júnior_,FIDCs,brCCC,,brCCC,2025-11-26,Rebaixamento,Negativa,https://www.austin.com.br/Relatorio/Rating/Structure_FIDC/11488
2026-09-25,STONE FIC FIDC  - SUBORDINADAS JÚNIOR,https://www.austin.com.br/Historico-Rating/1626/Stone_FIC_FIDC__-_Subordinadas_Júnior_,FIDCs,brB-,,brB-,2020-04-02,Observação Negativa,,https://www.austin.com.br/Relatorio/Rating/Stone_FIC_FIDC_/9766
2026-09-25,STONE FIC FIDC  - SUBORDINADAS JÚNIOR,https://www.austin.com.br/Historico-Rating/1626/Stone_FIC_FIDC__-_Subordinadas_Júnior_,FIDCs,brCCC,,brCCC,2018-05-23,Confirmação,Estável,
2026-09-25,STONE FIC FIDC  - SUBORDINADAS JÚNIOR,https://www.austin.com.br/Historico-Rating/1626/Stone_FIC_FIDC__-_Subordinadas_Júnior_,FIDCs,brCCC,,brCCC,2018-02-09,Confirmação,Estável,
2026-09-25,STONE FIC FIDC  - SUBORDINADAS JÚNIOR,https://www.austin.com.br/Historico-Rating/1626/Stone_FIC_FIDC__-_Subordinadas_Júnior_,FIDCs,brCCC,,brCCC,2017-11-17,Confirmação,Estável,
2026-09-25,STONE FIC FIDC  - SUBORDINADAS JÚNIOR,https://www.austin.com.br/Historico-Rating/1626/Stone_FIC_FIDC__-_Subordinadas_Júnior_,FIDCs,brCCC,,brCCC,2017-08-18,Confirmação,Estável,
2026-09-25,STONE FIC FIDC  - SUBORDINADAS JÚNIOR,https://www.austin.com.br/Historico-Rating/1626/Stone_FIC_FIDC__-_Subordinadas_Júnior_,FIDCs,brCCC,,brCCC,2017-06-12,Confirmação,Estável,
2026-09-25,STONE FIC FIDC  - SUBORDINADAS JÚNIOR,https://www.austin.com.br/Historico-Rating/1626/Stone_FIC_FIDC__-_Subordinadas_Júnior_,FIDCs,brCCC,,brCCC,2016-12-05,Confirmação,Estável,
2026-09-25,STONE FIC FIDC  - SUBORDINADAS JÚNIOR,https://www.austin.com.br/Historico-Rating/1626/Stone_FIC_FIDC__-_Subordinadas_Júnior_,FIDCs,brCCC,,brCCC,2016-08-01,Confirmação,Estável,
2026-09-25,STONE FIC FIDC  - SUBORDINADAS JÚNIOR,https://www.austin.com.br/Historico-Rating/1626/Stone_FIC_FIDC__-_Subordinadas_Júnior_,FIDCs,brCCC,,brCCC,2015-08-17,Confirmação,Estável,
2026-09-25,STONE FIC FIDC  - SUBORDINADAS JÚNIOR,https://www.austin.com.br/Historico-Rating/1626/Stone_FIC_FIDC__-_Subordinadas_Júnior_,FIDCs,brCCC,,brCCC,2015-05-15,Confirmação,Estável,
2026-09-25,STONE FIC FIDC  - SUBORDINADAS JÚNIOR,https://www.austin.com.br/Historico-Rating/1626/Stone_FIC_FIDC__-_Subordinadas_Júnior_,FIDCs,brCCC,,brCCC,2015-02-11,Confirmação,Estável,
2026-09-25,STONE FIC FIDC  - SUBORDINADAS JÚNIOR,https://www.austin.com.br/Historico-Rating/1626/Stone_FIC_FIDC__-_Subordinadas_Júnior_,FIDCs,brCCC,,brCCC,2014-11-12,Confirmação,Estável,
2026-09-25,STONE FIC FIDC  - SUBORDINADAS JÚNIOR,https://www.austin.com.br/Historico-Rating/1626/Stone_FIC_FIDC__-_Subordinadas_Júnior_,FIDCs,brCCC,,brCCC,2014-08-15,Confirmação,Estável,
2026-09-25,STONE FIC FIDC  - SUBORDINADAS JÚNIOR,https://www.austin.com.br/Historico-Rating/1626/Stone_FIC_FIDC__-_Subordinadas_Júnior_,FIDCs,brCCC,,brCCC,2014-05-20,Confirmação,Estável,
2026-09-25,STONE FIC FIDC  - SUBORDINADAS JÚNIOR,https://www.austin.com.br/Historico-Rating/1626/Stone_FIC_FIDC__-_Subordinadas_Júnior_,FIDCs,brCCC,,brCCC,2013-11-14,Rating Inicial,Estável,
2026-09-25,STRUCTURE FIDC - SUBORDINADAS MEZANINO,https://www.austin.com.br/Historico-Rating/5079/Structure_FIDC_-_Subordinadas_Mezanino_,FIDCs,brB+,,brB+,2025-11-26,Rebaixamento,Negativa,https://www.austin.com.br/Relatorio/Rating/Structure_FIDC/11487
2026-09-25,STRUTTURA AGRO FIDC - SUBORDINADAS JÚNIOR,https://www.austin.com.br/Historico-Rating/4835/Struttura_Agro_FIDC_-_Subordinadas_Júnior_,FIDCs,brB,,brB,2024-10-25,Rating Inicial,Estável,
2026-09-25,STONE IV FIDC - SUBORDINADAS,https://www.austin.com.br/Historico-Rating/3934/Stone_IV_FIDC_-_Subordinadas_,FIDCs,brAA-,,brAA-,2022-08-05,Confirmação,Estável,https://www.austin.com.br/Relatorio/Rating/Stone_IV_FIDC/10404
2026-09-25,STONE IV FIDC - SUBORDINADAS,https://www.austin.com.br/Historico-Rating/3934/Stone_IV_FIDC_-_Subordinadas_,FIDCs,brAA-,,brAA-,2021-12-11,Rating Inicial,Estável,
2026-09-25,STRUCTURE FIDC - SENIORES 2ª SÉRIE,https://www.austin.com.br/Historico-Rating/5078/Structure_FIDC_-_Seniores_2ª_série,FIDCs,brBB+,,brBB+,2025-11-26,Rebaixamento,Negativa,https://www.austin.com.br/Relatorio/Rating/Structure_FIDC/11486
2026-09-25,STRUTTURA AGRO FIDC - SUBORDINADAS MEZANINO,https://www.austin.com.br/Historico-Rating/4834/Struttura_Agro_FIDC_-_Subordinadas_Mezanino_,FIDCs,brBB-,,brBB-,2024-10-25,Rating Inicial,Estável,
2026-09-25,STRUTTURA AGRO FIDC - SUBORDINADAS JÚNIOR,https://www.austin.com.br/Historico-Rating/4233/Struttura_Agro_FIDC_-_Subordinadas_Júnior_,FIDCs,brB,,brB,2025-06-16,Confirmação,Estável,https://www.austin.com.br/Relatorio/Rating/Struttura_Agro_FIDC/10614
2026-09-25,STRUTTURA AGRO FIDC - SENIORES 1ª SÉRIE,https://www.austin.com.br/Historico-Rating/4231/Struttura_Agro_FIDC_-_Seniores_1ª_série,FIDCs,brA,,brA,2025-06-16,Confirmação,Estável,https://www.austin.com.br/Relatorio/Rating/Struttura_Agro_FIDC/10612
2026-09-25,STRUTTURA AGRO FIDC - SENIORES 2ª SÉRIE,https://www.austin.com.br/Historico-Rating/4833/Struttura_Agro_FIDC_-_Seniores_2ª_série,FIDCs,brA,,brA,2024-10-25,Rating Inicial,Estável,
2026-09-25,STZ FORNECEDORES FIDC CORPORATIVOS - SENIORES 2ª SÉRIE,https://www.austin.com.br/Historico-Rating/4832/STZ_Fornecedores_FIDC_Corporativos_-_Seniores_2ª_série,FIDCs,brA,,brA,2024-10-10,Rating Inicial,Estável,
2026-09-25,STRUTTURA AGRO FIDC - MEZANINO CLASSE A,https://www.austin.com.br/Historico-Rating/4232/Struttura_Agro_FIDC_-_Mezanino_Classe_A_,FIDCs,brBB-,,brBB-,2025-06-16,Confirmação,Estável,https://www.austin.com.br/Relatorio/Rating/Struttura_Agro_FIDC/10613
2026-09-25,SUL BRASIL FIDC - SUBORDINADAS MEZANINO,https://www.austin.com.br/Historico-Rating/2962/Sul_Brasil_FIDC_-_Subordinadas_Mezanino_,FIDCs,brBBB-,,brBBB-,2020-04-02,Observação Negativa,,https://www.austin.com.br/Relatorio/Rating/Sul_Brasil_FIDC/9765
2026-09-25,SUL BRASIL FIDC - SUBORDINADAS MEZANINO,https://www.austin.com.br/Historico-Rating/2962/Sul_Brasil_FIDC_-_Subordinadas_Mezanino_,FIDCs,brBBB-,,brBBB-,2019-09-10,Confirmação,Estável,
2026-09-25,SUL BRASIL FIDC - SUBORDINADAS MEZANINO,https://www.austin.com.br/Historico-Rating/2962/Sul_Brasil_FIDC_-_Subordinadas_Mezanino_,FIDCs,brBBB-,,brBBB-,2019-05-14,Confirmação,Estável,
2026-09-25,SUL BRASIL FIDC - SUBORDINADAS MEZANINO,https://www.austin.com.br/Historico-Rating/2962/Sul_Brasil_FIDC_-_Subordinadas_Mezanino_,FIDCs,brBBB-,,brBBB-,2019-02-15,Confirmação,Estável,
2026-09-25,SUL BRASIL FIDC - SUBORDINADAS MEZANINO,https://www.austin.com.br/Historico-Rating/2962/Sul_Brasil_FIDC_-_Subordinadas_Mezanino_,FIDCs,brBBB-,,brBBB-,2018-05-14,Rating Inicial,Estável,
2026-09-25,SUNNYHUB FIDC - SENIORES ÚNICA,https://www.austin.com.br/Historico-Rating/4994/Sunnyhub_FIDC_-_Seniores_Única,FIDCs,brA,,brA,2025-05-30,Rating Preliminar,,https://www.austin.com.br/Relatorio/Rating/Sunnyhub_FIDC/11484
2026-09-25,SUL BRASIL FIDC NP - SENIORES ÚNICA,https://www.austin.com.br/Historico-Rating/3092/Sul_Brasil_FIDC_NP_-_Seniores_Única,FIDCs,brA-,,brA-,2019-08-06,Confirmação,Estável,https://www.austin.com.br/Relatorio/Rating/Sul_Brasil_FIDC_NP/9295
2026-09-25,SUL BRASIL FIDC NP - SENIORES ÚNICA,https://www.austin.com.br/Historico-Rating/3092/Sul_Brasil_FIDC_NP_-_Seniores_Única,FIDCs,brA-,,brA-,2019-05-15,Elevação,Estável,
2026-09-25,SUL BRASIL FIDC NP - SENIORES ÚNICA,https://www.austin.com.br/Historico-Rating/3092/Sul_Brasil_FIDC_NP_-_Seniores_Única,FIDCs,brBBB+,,brBBB+,2018-12-26,Rating Inicial,Estável,
2026-09-25,SUNRISE FIDC - ÚNICA,https://www.austin.com.br/Historico-Rating/4006/Sunrise_FIDC_-_Única_,FIDCs,brBB+,,brBB+,2022-06-24,Rating Inicial,Estável,
2026-09-25,TAIPATSB FIDC NP MULTISSETORIAL - SUBORDINADAS JÚNIOR,https://www.austin.com.br/Historico-Rating/2200/TAIPATSB_FIDC_NP_Multissetorial_-_Subordinadas_Júnior_,FIDCs,brB,,brB,2020-04-02,Observação Negativa,,https://www.austin.com.br/Relatorio/Rating/TAIPATSB_FIDC_NP_Multissetorial/9764
2026-09-25,TAIPATSB FIDC NP MULTISSETORIAL - SUBORDINADAS JÚNIOR,https://www.austin.com.br/Historico-Rating/2200/TAIPATSB_FIDC_NP_Multissetorial_-_Subordinadas_Júnior_,FIDCs,brB,,brB,2020-02-17,Confirmação,Estável,
2026-09-25,TAIPATSB FIDC NP MULTISSETORIAL - SUBORDINADAS JÚNIOR,https://www.austin.com.br/Historico-Rating/2200/TAIPATSB_FIDC_NP_Multissetorial_-_Subordinadas_Júnior_,FIDCs,brB,,brB,2019-11-11,Confirmação,Estável,
2026-09-25,TAIPATSB FIDC NP MULTISSETORIAL - SUBORDINADAS JÚNIOR,https://www.austin.com.br/Historico-Rating/2200/TAIPATSB_FIDC_NP_Multissetorial_-_Subordinadas_Júnior_,FIDCs,brB,,brB,2019-07-19,Confirmação,Estável,
2026-09-25,TAIPATSB FIDC NP MULTISSETORIAL - SUBORDINADAS JÚNIOR,https://www.austin.com.br/Historico-Rating/2200/TAIPATSB_FIDC_NP_Multissetorial_-_Subordinadas_Júnior_,FIDCs,brB,,brB,2019-05-03,Confirmação,Estável,
2026-09-25,TAIPATSB FIDC NP MULTISSETORIAL - SUBORDINADAS JÚNIOR,https://www.austin.com.br/Historico-Rating/2200/TAIPATSB_FIDC_NP_Multissetorial_-_Subordinadas_Júnior_,FIDCs,brB,,brB,2019-02-06,Confirmação,Estável,
2026-09-25,TAIPATSB FIDC NP MULTISSETORIAL - SUBORDINADAS JÚNIOR,https://www.austin.com.br/Historico-Rating/2200/TAIPATSB_FIDC_NP_Multissetorial_-_Subordinadas_Júnior_,FIDCs,brB,,brB,2018-08-01,Confirmação,Estável,
2026-09-25,TAIPATSB FIDC NP MULTISSETORIAL - SUBORDINADAS JÚNIOR,https://www.austin.com.br/Historico-Rating/2200/TAIPATSB_FIDC_NP_Multissetorial_-_Subordinadas_Júnior_,FIDCs,brB,,brB,2018-06-04,Confirmação,Estável,
2026-09-25,TAIPATSB FIDC NP MULTISSETORIAL - SUBORDINADAS JÚNIOR,https://www.austin.com.br/Historico-Rating/2200/TAIPATSB_FIDC_NP_Multissetorial_-_Subordinadas_Júnior_,FIDCs,brB,,brB,2018-02-09,Elevação,Estável,
2026-09-25,TAIPATSB FIDC NP MULTISSETORIAL - SUBORDINADAS JÚNIOR,https://www.austin.com.br/Historico-Rating/2200/TAIPATSB_FIDC_NP_Multissetorial_-_Subordinadas_Júnior_,FIDCs,brB-,,brB-,2017-11-24,Confirmação,Estável,
2026-09-25,TAIPATSB FIDC NP MULTISSETORIAL - SUBORDINADAS JÚNIOR,https://www.austin.com.br/Historico-Rating/2200/TAIPATSB_FIDC_NP_Multissetorial_-_Subordinadas_Júnior_,FIDCs,brB-,,brB-,2017-08-18,Confirmação,Estável,
2026-09-25,TAIPATSB FIDC NP MULTISSETORIAL - SUBORDINADAS JÚNIOR,https://www.austin.com.br/Historico-Rating/2200/TAIPATSB_FIDC_NP_Multissetorial_-_Subordinadas_Júnior_,FIDCs,brB-,,brB-,2017-05-15,Confirmação,Estável,
2026-09-25,TAIPATSB FIDC NP MULTISSETORIAL - SUBORDINADAS JÚNIOR,https://www.austin.com.br/Historico-Rating/2200/TAIPATSB_FIDC_NP_Multissetorial_-_Subordinadas_Júnior_,FIDCs,brB-,,brB-,2017-02-15,Confirmação,Estável,
2026-09-25,TAIPATSB FIDC NP MULTISSETORIAL - SUBORDINADAS JÚNIOR,https://www.austin.com.br/Historico-Rating/2200/TAIPATSB_FIDC_NP_Multissetorial_-_Subordinadas_Júnior_,FIDCs,brB-,,brB-,2016-11-16,Elevação,Estável,
2026-09-25,TAIPATSB FIDC NP MULTISSETORIAL - SUBORDINADAS JÚNIOR,https://www.austin.com.br/Historico-Rating/2200/TAIPATSB_FIDC_NP_Multissetorial_-_Subordinadas_Júnior_,FIDCs,brCCC,,brCCC,2016-08-18,Confirmação,Estável,
2026-09-25,TAIPATSB FIDC NP MULTISSETORIAL - SUBORDINADAS JÚNIOR,https://www.austin.com.br/Historico-Rating/2200/TAIPATSB_FIDC_NP_Multissetorial_-_Subordinadas_Júnior_,FIDCs,brCCC,,brCCC,2016-05-20,Confirmação,Estável,
2026-09-25,TAIPATSB FIDC NP MULTISSETORIAL - SUBORDINADAS JÚNIOR,https://www.austin.com.br/Historico-Rating/2200/TAIPATSB_FIDC_NP_Multissetorial_-_Subordinadas_Júnior_,FIDCs,brCCC,,brCCC,2016-02-15,Confirmação,Estável,
2026-09-25,TAIPATSB FIDC NP MULTISSETORIAL - SUBORDINADAS JÚNIOR,https://www.austin.com.br/Historico-Rating/2200/TAIPATSB_FIDC_NP_Multissetorial_-_Subordinadas_Júnior_,FIDCs,brCCC,,brCCC,2015-11-13,Confirmação,Estável,
2026-09-25,TAIPATSB FIDC NP MULTISSETORIAL - SUBORDINADAS JÚNIOR,https://www.austin.com.br/Historico-Rating/2200/TAIPATSB_FIDC_NP_Multissetorial_-_Subordinadas_Júnior_,FIDCs,brCCC,,brCCC,2015-06-17,Rating Inicial,Estável,
2026-09-25,TAPSO FIDC - SUBORDINADAS JÚNIOR,https://www.austin.com.br/Historico-Rating/3468/Tapso_FIDC_-_Subordinadas_Júnior_,FIDCs,brA,,brA,2020-03-18,Rating Inicial,Estável,https://www.austin.com.br/Relatorio/Rating/Tapso_FIDC/9611
2026-09-25,TAURUS FIC FIDC NP - ÚNICA,https://www.austin.com.br/Historico-Rating/4345/Taurus_FIC_FIDC_NP_-_Única_,FIDCs,brB-,,brB-,2023-10-05,Rating Inicial,Estável,https://www.austin.com.br/Relatorio/Rating/Taurus_FIC_FIDC_NP/10714
2026-09-25,TCJUS I FIDC NP - SUBORDINADAS JÚNIOR,https://www.austin.com.br/Historico-Rating/3338/TCJUS_I_FIDC_NP_-_Subordinadas_Júnior_,FIDCs,brBB+,,brBB+,2019-08-06,Confirmação,Estável,https://www.austin.com.br/Relatorio/Rating/TCJUS_I_FIDC_NP/9306
2026-09-25,TERRA NOVA FIDC - SUBORDINADAS JÚNIOR,https://www.austin.com.br/Historico-Rating/2422/Terra_Nova_FIDC_-_Subordinadas_Júnior_,FIDCs,brCC,,brCC,2020-04-02,Observação Negativa,,https://www.austin.com.br/Relatorio/Rating/Terra_Nova_FIDC/9763
2026-09-25,TERRA NOVA FIDC - SUBORDINADAS JÚNIOR,https://www.austin.com.br/Historico-Rating/2422/Terra_Nova_FIDC_-_Subordinadas_Júnior_,FIDCs,brCC,,brCC,2019-08-15,Observação Negativa,,
2026-09-25,TERRA NOVA FIDC - SUBORDINADAS JÚNIOR,https://www.austin.com.br/Historico-Rating/2422/Terra_Nova_FIDC_-_Subordinadas_Júnior_,FIDCs,brCC,,brCC,2019-05-14,Confirmação,Estável,
2026-09-25,TERRA NOVA FIDC - SUBORDINADAS JÚNIOR,https://www.austin.com.br/Historico-Rating/2422/Terra_Nova_FIDC_-_Subordinadas_Júnior_,FIDCs,brCC,,brCC,2019-02-15,Confirmação,Estável,
2026-09-25,TERRA NOVA FIDC - SUBORDINADAS JÚNIOR,https://www.austin.com.br/Historico-Rating/2422/Terra_Nova_FIDC_-_Subordinadas_Júnior_,FIDCs,brCC,,brCC,2018-08-08,Confirmação,Estável,
2026-09-25,TERRA NOVA FIDC - SUBORDINADAS JÚNIOR,https://www.austin.com.br/Historico-Rating/2422/Terra_Nova_FIDC_-_Subordinadas_Júnior_,FIDCs,brCC,,brCC,2018-06-19,Confirmação,Estável,
2026-09-25,TERRA NOVA FIDC - SUBORDINADAS JÚNIOR,https://www.austin.com.br/Historico-Rating/2422/Terra_Nova_FIDC_-_Subordinadas_Júnior_,FIDCs,brCC,,brCC,2017-05-18,Confirmação,Estável,
2026-09-25,TERRA NOVA FIDC - SUBORDINADAS JÚNIOR,https://www.austin.com.br/Historico-Rating/2422/Terra_Nova_FIDC_-_Subordinadas_Júnior_,FIDCs,brCC,,brCC,2016-12-23,Rating Inicial,Estável,
2026-09-25,TCJUS I FIDC NP - SENIORES 1ª SÉRIE,https://www.austin.com.br/Historico-Rating/3337/TCJUS_I_FIDC_NP_-_Seniores_1ª_série,FIDCs,brA,,brA,2019-08-06,Confirmação,Estável,https://www.austin.com.br/Relatorio/Rating/TCJUS_I_FIDC_NP/9305
2026-09-25,TMB CONSIGNADOS FIDC - SUBORDINADAS JÚNIOR,https://www.austin.com.br/Historico-Rating/3747/TMB_Consignados_FIDC_-_Subordinadas_Júnior_,FIDCs,brBB,,brBB,2021-02-25,Rating Inicial,Estável,
2026-09-25,TMB CONSIGNADOS FIDC - SENIORES ÚNICA,https://www.austin.com.br/Historico-Rating/3745/TMB_Consignados_FIDC_-_Seniores_Única,FIDCs,brA,,brA,2021-02-25,Rating Inicial,Estável,
2026-09-25,TMB CONSIGNADOS FIDC - SUBORDINADAS MEZANINO,https://www.austin.com.br/Historico-Rating/3746/TMB_Consignados_FIDC_-_Subordinadas_Mezanino_,FIDCs,brBBB-,,brBBB-,2021-02-25,Rating Inicial,Estável,
2026-09-25,TG SPECIALE FIC FIDC - ÚNICA,https://www.austin.com.br/Historico-Rating/3489/TG_Speciale_FIC_FIDC_-_Única_,FIDCs,brBB-,,brBB-,2024-07-01,Confirmação,Estável,https://www.austin.com.br/Relatorio/Rating/TG_Speciale_FIC_FIDC/10983
2026-09-25,TG SPECIALE FIC FIDC - ÚNICA,https://www.austin.com.br/Historico-Rating/3489/TG_Speciale_FIC_FIDC_-_Única_,FIDCs,brBB,,brBB,2020-04-02,Observação Negativa,,
2026-09-25,TG SPECIALE FIC FIDC - ÚNICA,https://www.austin.com.br/Historico-Rating/3489/TG_Speciale_FIC_FIDC_-_Única_,FIDCs,brBB,,brBB,2020-02-14,Confirmação,Estável,
2026-09-25,TRAÇADO FIDC - SUBORDINADAS MEZANINO,https://www.austin.com.br/Historico-Rating/4624/Traçado_FIDC_-_Subordinadas_Mezanino_,FIDCs,brBBB-,,brBBB-,2024-07-17,Confirmação,Estável,https://www.austin.com.br/Relatorio/Rating/Traçado_FIDC/10981
2026-09-25,TRAVESSIA SECURITIZADORA LTDA. - 2ª SÉRIE,https://www.austin.com.br/Historico-Rating/4477/Travessia_Securitizadora_Ltda_-_2ª_Série,Debêntures,brA-,,brA-,2023-05-12,Rating Inicial,Estável,
2026-09-25,TMJ FIDC - ÚNICA,https://www.austin.com.br/Historico-Rating/2641/TMJ_FIDC_-_Única_,FIDCs,brB,,brB,2018-08-17,Rebaixamento,,https://www.austin.com.br/Relatorio/Rating/TMJ_FIDC/8369
2026-09-25,TMJ FIDC - ÚNICA,https://www.austin.com.br/Historico-Rating/2641/TMJ_FIDC_-_Única_,FIDCs,brBB-,,brBB-,2018-06-13,Observação Negativa,,
2026-09-25,TMJ FIDC - ÚNICA,https://www.austin.com.br/Historico-Rating/2641/TMJ_FIDC_-_Única_,FIDCs,brBB-,,brBB-,2017-12-15,Rating Inicial,Estável,
2026-09-25,TMJ FIDC - ÚNICA,https://www.austin.com.br/Historico-Rating/2641/TMJ_FIDC_-_Única_,FIDCs,brBB,,brBB,2017-12-08,Rating Retirado,,
2026-09-25,TMJ FIDC - ÚNICA,https://www.austin.com.br/Historico-Rating/2641/TMJ_FIDC_-_Única_,FIDCs,brBBB,,brBBB,2017-08-25,Rating Inicial,Estável,
2026-09-25,TRAÇADO FIDC - SENIORES ÚNICA,https://www.austin.com.br/Historico-Rating/4623/Traçado_FIDC_-_Seniores_Única,FIDCs,brA+,,brA+,2024-07-17,Confirmação,Estável,https://www.austin.com.br/Relatorio/Rating/Traçado_FIDC/10980
2026-09-25,TRAVESSIA SECURITIZADORA LTDA. - 1ª SÉRIE,https://www.austin.com.br/Historico-Rating/4476/Travessia_Securitizadora_Ltda_-_1ª_Série,Debêntures,brAA-,,brAA-,2023-05-12,Rating Inicial,Estável,
2026-09-25,TRUE SECURITIZADORA S/A - RISCO VITACON PARTICIPAÇÕES S/A (211ª SÉRIE - 1ª EMISSÃO),https://www.austin.com.br/Historico-Rating/3228/True_Securitizadora_S_A_-_Risco_Vitacon_Participações_S_A_(211ª_Série_-_1ª_Emissão),CRIs,brA-,,brA-,2019-10-11,Rating Inicial,Estável,https://www.austin.com.br/Relatorio/Rating/True_Securitizadora_S_A_-_Risco_Vitacon_Participações_S_A_(211ª_Série_-_1ª_Emissão)/9379
2026-09-25,TRIPOLI FIDC NP - SUBORDINADAS MEZANINO,https://www.austin.com.br/Historico-Rating/4436/Tripoli_FIDC_NP_-_Subordinadas_Mezanino_,FIDCs,brC,,brC,2024-03-06,Rebaixamento,Estável,https://www.austin.com.br/Relatorio/Rating/Tripoli_FIDC_NP/10807
2026-09-25,TRIPOLI FIDC NP - SENIORES 1ª SÉRIE,https://www.austin.com.br/Historico-Rating/4435/Tripoli_FIDC_NP_-_Seniores_1ª_série,FIDCs,brB,,brB,2024-03-06,Rebaixamento,Estável,https://www.austin.com.br/Relatorio/Rating/Tripoli_FIDC_NP/10806
2026-09-25,TRUE SECURITIZADORA - RISCO PULVERIZADO (143ª SÉRIE - 1ª EMISSÃO),https://www.austin.com.br/Historico-Rating/2975/True_Securitizadora_-_Risco_Pulverizado_(143ª_Série_-_1ª_Emissão),CRIs,brAA-,,brAA-,2024-07-30,Confirmação,Estável,https://www.austin.com.br/Relatorio/Rating/True_Securitizadora_-_Risco_Pulverizado_(143ª_Série_-_1ª_Emissão)/10992
2026-09-25,TRUE SECURITIZADORA - RISCO PULVERIZADO (143ª SÉRIE - 1ª EMISSÃO),https://www.austin.com.br/Historico-Rating/2975/True_Securitizadora_-_Risco_Pulverizado_(143ª_Série_-_1ª_Emissão),CRIs,brAA-,,brAA-,2022-03-25,Confirmação,Estável,
2026-09-25,TRUE SECURITIZADORA - RISCO PULVERIZADO (143ª SÉRIE - 1ª EMISSÃO),https://www.austin.com.br/Historico-Rating/2975/True_Securitizadora_-_Risco_Pulverizado_(143ª_Série_-_1ª_Emissão),CRIs,brAA-,,brAA-,2019-07-10,Rating Inicial,Estável,
2026-09-25,TREVISO FIDC - SUBORDINADAS JÚNIOR,https://www.austin.com.br/Historico-Rating/2578/Treviso_FIDC_-_Subordinadas_Júnior_,FIDCs,brCCC,,brCCC,2020-04-02,Observação Negativa,,https://www.austin.com.br/Relatorio/Rating/Treviso_FIDC/9757
2026-09-25,TREVISO FIDC - SUBORDINADAS JÚNIOR,https://www.austin.com.br/Historico-Rating/2578/Treviso_FIDC_-_Subordinadas_Júnior_,FIDCs,brCCC,,brCCC,2019-08-15,Confirmação,Estável,
2026-09-25,TREVISO FIDC - SUBORDINADAS JÚNIOR,https://www.austin.com.br/Historico-Rating/2578/Treviso_FIDC_-_Subordinadas_Júnior_,FIDCs,brCCC,,brCCC,2019-05-03,Confirmação,Estável,
2026-09-25,TREVISO FIDC - SUBORDINADAS JÚNIOR,https://www.austin.com.br/Historico-Rating/2578/Treviso_FIDC_-_Subordinadas_Júnior_,FIDCs,brCCC,,brCCC,2019-01-18,Elevação,Estável,
2026-09-25,TREVISO FIDC - SUBORDINADAS JÚNIOR,https://www.austin.com.br/Historico-Rating/2578/Treviso_FIDC_-_Subordinadas_Júnior_,FIDCs,brCC,,brCC,2017-08-11,Rating Inicial,Estável,
2026-09-25,TRUE SECURITIZADORA S/A – RISCO VITACON (226ª SÉRIE – 1ª EMISSÃO),https://www.austin.com.br/Historico-Rating/3448/True_Securitizadora_S_A_–_Risco_Vitacon_(226ª_Série_–_1ª_Emissão),CRIs,brBBB+,,brBBB+,2021-12-28,Confirmação,Estável,https://www.austin.com.br/Relatorio/Rating/True_Securitizadora_S_A_–_Risco_Vitacon_(226ª_Série_–_1ª_Emissão)/10397
2026-09-25,TRUE SECURITIZADORA S/A – RISCO VITACON (226ª SÉRIE – 1ª EMISSÃO),https://www.austin.com.br/Historico-Rating/3448/True_Securitizadora_S_A_–_Risco_Vitacon_(226ª_Série_–_1ª_Emissão),CRIs,brBBB+,,brBBB+,2020-10-13,Rating Inicial,Estável,
2026-09-25,TRUST FIDC - SUBORDINADAS JÚNIOR,https://www.austin.com.br/Historico-Rating/3305/Trust_FIDC_-_Subordinadas_Júnior_,FIDCs,brCCC,,brCCC,2020-04-02,Observação Negativa,,https://www.austin.com.br/Relatorio/Rating/Trust_FIDC/9756
2026-09-25,TRUST FIDC - SUBORDINADAS JÚNIOR,https://www.austin.com.br/Historico-Rating/3305/Trust_FIDC_-_Subordinadas_Júnior_,FIDCs,brCCC,,brCCC,2019-09-09,Rating Inicial,Estável,
2026-09-25,TRX FIDC CORPORATIVO I - SENIORES ÚNICA,https://www.austin.com.br/Historico-Rating/2292/TRX_FIDC_Corporativo_I_-_Seniores_Única,FIDCs,brA,,brA,2016-01-08,Rating Inicial,Estável,https://www.austin.com.br/Relatorio/Rating/TRX_FIDC_Corporativo_I/6340
2026-09-25,TSB FIDC NP - SENIORES 1ª SÉRIE,https://www.austin.com.br/Historico-Rating/2198/TSB_FIDC_NP_-_Seniores_1ª_série,FIDCs,brBBB-,,brBBB-,2015-06-17,Rating Preliminar,,https://www.austin.com.br/Relatorio/Rating/TSB_FIDC_NP/6082
2026-09-25,UBYFOL AGRO FIDC - SENIORES 1ª SÉRIE,https://www.austin.com.br/Historico-Rating/2609/Ubyfol_Agro_FIDC_-_Seniores_1ª_série,FIDCs,brA-,,brA-,2017-07-21,Rating Inicial,Estável,https://www.austin.com.br/Relatorio/Rating/Ubyfol_Agro_FIDC/7142
2026-09-25,UBYFOL AGRO III FIDC - MEZANINO CLASSE A,https://www.austin.com.br/Historico-Rating/4702/UBYFOL_AGRO_III_FIDC_-_Mezanino_Classe_A_,FIDCs,brBBB,,brBBB,2024-08-13,Confirmação,Estável,https://www.austin.com.br/Relatorio/Rating/UBYFOL_AGRO_III_FIDC/11096
2026-09-25,UBYFOL AGRO III FIDC - SUBORDINADAS JÚNIOR,https://www.austin.com.br/Historico-Rating/4704/UBYFOL_AGRO_III_FIDC_-_Subordinadas_Júnior_,FIDCs,brB,,brB,2024-08-13,Confirmação,Estável,https://www.austin.com.br/Relatorio/Rating/UBYFOL_AGRO_III_FIDC/11098
2026-09-25,UBYFOL AGRO III FIDC - MEZANINO CLASSE B,https://www.austin.com.br/Historico-Rating/4703/UBYFOL_AGRO_III_FIDC_-_Mezanino_Classe_B_,FIDCs,brBBB,,brBBB,2024-08-13,Confirmação,Estável,https://www.austin.com.br/Relatorio/Rating/UBYFOL_AGRO_III_FIDC/11097
2026-09-25,UBYFOL AGRO III FIDC - SENIORES 2ª SÉRIE,https://www.austin.com.br/Historico-Rating/4701/UBYFOL_AGRO_III_FIDC_-_Seniores_2ª_série,FIDCs,brA,,brA,2024-08-13,Confirmação,Estável,https://www.austin.com.br/Relatorio/Rating/UBYFOL_AGRO_III_FIDC/11095
2026-09-25,UP.P II FIDC - MEZANINO CLASSE A,https://www.austin.com.br/Historico-Rating/4459/Upp_II_FIDC_-_Mezanino_Classe_A_,FIDCs,brBB,,brBB,2024-01-23,Rating Inicial,Estável,
2026-09-25,UBYFOL AGRO III FIDC - SENIORES 1ª SÉRIE,https://www.austin.com.br/Historico-Rating/4700/UBYFOL_AGRO_III_FIDC_-_Seniores_1ª_série,FIDCs,brA,,brA,2024-08-13,Confirmação,Estável,https://www.austin.com.br/Relatorio/Rating/UBYFOL_AGRO_III_FIDC/11094
2026-09-25,USECORP CATÁLISE FIDC - SUBORDINADAS JÚNIOR,https://www.austin.com.br/Historico-Rating/4873/Usecorp_Catálise_FIDC_-_Subordinadas_Júnior_,FIDCs,brB+,,brB+,2024-12-12,Rating Inicial,Estável,
2026-09-25,URUS FIDC - SUBORDINADAS JÚNIOR,https://www.austin.com.br/Historico-Rating/3199/Urus_FIDC_-_Subordinadas_Júnior_,FIDCs,brCCC,,brCCC,2020-04-02,Observação Negativa,,https://www.austin.com.br/Relatorio/Rating/Urus_FIDC/9760
2026-09-25,URUS FIDC - SUBORDINADAS JÚNIOR,https://www.austin.com.br/Historico-Rating/3199/Urus_FIDC_-_Subordinadas_Júnior_,FIDCs,brCCC,,brCCC,2020-02-12,Confirmação,Estável,
2026-09-25,URUS FIDC - SUBORDINADAS JÚNIOR,https://www.austin.com.br/Historico-Rating/3199/Urus_FIDC_-_Subordinadas_Júnior_,FIDCs,brCCC,,brCCC,2019-11-14,Confirmação,Estável,
2026-09-25,URUS FIDC - SUBORDINADAS JÚNIOR,https://www.austin.com.br/Historico-Rating/3199/Urus_FIDC_-_Subordinadas_Júnior_,FIDCs,brCCC,,brCCC,2019-09-06,Confirmação,Estável,
2026-09-25,URUS FIDC - SUBORDINADAS JÚNIOR,https://www.austin.com.br/Historico-Rating/3199/Urus_FIDC_-_Subordinadas_Júnior_,FIDCs,brCCC,,brCCC,2019-05-03,Rating Inicial,Estável,
2026-09-25,UP.P II FIDC - SENIORES ÚNICA,https://www.austin.com.br/Historico-Rating/4458/Upp_II_FIDC_-_Seniores_Única,FIDCs,brAA,,brAA,2024-01-23,Rating Inicial,Estável,
2026-09-25,USECORP CATÁLISE FIDC - SENIORES ÚNICA,https://www.austin.com.br/Historico-Rating/4871/Usecorp_Catálise_FIDC_-_Seniores_Única,FIDCs,brAA-,,brAA-,2024-12-12,Rating Inicial,Estável,
2026-09-25,VALORA VANGUARD FIC FIDC - ÚNICA,https://www.austin.com.br/Historico-Rating/5085/Valora_Vanguard_FIC_FIDC_-_Única_,FIDCs,brA,,brA,2025-12-17,Rating Inicial,Estável,https://www.austin.com.br/Relatorio/Rating/Valora_Vanguard_FIC_FIDC/11493
2026-09-25,V. C. M. GESTÃO DE CAPITAL LTDA.,https://www.austin.com.br/Historico-Rating/3634/V_C_M_Gestão_de_Capital_Ltda,Gestão,QG2-,,QG2-,2023-09-05,Confirmação,Estável,
2026-09-25,V. C. M. GESTÃO DE CAPITAL LTDA.,https://www.austin.com.br/Historico-Rating/3634/V_C_M_Gestão_de_Capital_Ltda,Gestão,QG2-,,QG2-,2021-08-20,Elevação,Estável,
2026-09-25,V. C. M. GESTÃO DE CAPITAL LTDA.,https://www.austin.com.br/Historico-Rating/3634/V_C_M_Gestão_de_Capital_Ltda,Gestão,QG2-,,QG2-,2021-08-20,Elevação,Estável,
2026-09-25,V. C. M. GESTÃO DE CAPITAL LTDA.,https://www.austin.com.br/Historico-Rating/3634/V_C_M_Gestão_de_Capital_Ltda,Gestão,QG2-,,QG2-,2021-08-20,Elevação,Estável,
2026-09-25,V. C. M. GESTÃO DE CAPITAL LTDA.,https://www.austin.com.br/Historico-Rating/3634/V_C_M_Gestão_de_Capital_Ltda,Gestão,QG3+,,QG3+,2020-10-20,Rating Inicial,,
2026-09-25,VALOREM FIDC - SUBORDINADAS MEZANINO XVI,https://www.austin.com.br/Historico-Rating/4647/VALOREM_FIDC_-_Subordinadas_Mezanino_XVI_,FIDCs,brA,,brA,2024-06-21,Confirmação,Estável,https://www.austin.com.br/Relatorio/Rating/VALOREM_FIDC/11019
2026-09-25,USECORP CATÁLISE FIDC - SUBORDINADAS MEZANINO,https://www.austin.com.br/Historico-Rating/4872/Usecorp_Catálise_FIDC_-_Subordinadas_Mezanino_,FIDCs,brA-,,brA-,2024-12-12,Rating Inicial,Estável,
2026-09-25,VALOREM FIDC - SUBORDINADAS MEZANINO XV,https://www.austin.com.br/Historico-Rating/4646/VALOREM_FIDC_-_Subordinadas_Mezanino_XV_,FIDCs,brA,,brA,2024-06-21,Confirmação,Estável,https://www.austin.com.br/Relatorio/Rating/VALOREM_FIDC/11018
2026-09-25,VALOREM FIDC - SUBORDINADAS MEZANINO XII,https://www.austin.com.br/Historico-Rating/4643/VALOREM_FIDC_-_Subordinadas_Mezanino_XII_,FIDCs,brA,,brA,2024-06-21,Confirmação,Estável,
2026-09-25,VALOREM FIDC - SUBORDINADAS MEZANINO XIII,https://www.austin.com.br/Historico-Rating/4644/VALOREM_FIDC_-_Subordinadas_Mezanino_XIII_,FIDCs,brA,,brA,2024-06-21,Confirmação,Estável,https://www.austin.com.br/Relatorio/Rating/VALOREM_FIDC/11016
2026-09-25,VALOREM FIDC - SUBORDINADAS MEZANINO XIV,https://www.austin.com.br/Historico-Rating/4645/VALOREM_FIDC_-_Subordinadas_Mezanino_XIV_,FIDCs,brA,,brA,2024-06-21,Confirmação,Estável,https://www.austin.com.br/Relatorio/Rating/VALOREM_FIDC/11017
2026-09-25,VALOREM FIDC - SUBORDINADAS MEZANINO XI,https://www.austin.com.br/Historico-Rating/4642/VALOREM_FIDC_-_Subordinadas_Mezanino_XI_,FIDCs,brA,,brA,2024-06-21,Confirmação,Estável,https://www.austin.com.br/Relatorio/Rating/VALOREM_FIDC/11015
2026-09-25,VALOREM FIDC - SUBORDINADAS MEZANINO X,https://www.austin.com.br/Historico-Rating/4641/VALOREM_FIDC_-_Subordinadas_Mezanino_X_,FIDCs,brA,,brA,2024-06-21,Confirmação,Estável,https://www.austin.com.br/Relatorio/Rating/VALOREM_FIDC/11014
2026-09-25,VALOREM FIDC - SUBORDINADAS MEZANINO IX,https://www.austin.com.br/Historico-Rating/4640/VALOREM_FIDC_-_Subordinadas_Mezanino_IX_,FIDCs,brA,,brA,2024-06-21,Confirmação,Estável,https://www.austin.com.br/Relatorio/Rating/VALOREM_FIDC/11013
2026-09-25,VALOREM FIDC - SENIORES 15ª SÉRIE,https://www.austin.com.br/Historico-Rating/4638/VALOREM_FIDC_-_Seniores_15ª_série,FIDCs,brAA,,brAA,2024-06-21,Confirmação,Estável,https://www.austin.com.br/Relatorio/Rating/VALOREM_FIDC/11012
2026-09-25,VALOREM FIDC - SENIORES 13ª SÉRIE,https://www.austin.com.br/Historico-Rating/4637/VALOREM_FIDC_-_Seniores_13ª_série,FIDCs,brAA,,brAA,2024-06-21,Confirmação,Estável,https://www.austin.com.br/Relatorio/Rating/VALOREM_FIDC/11011
2026-09-25,VALOREM FIDC - SENIORES 16ª SÉRIE,https://www.austin.com.br/Historico-Rating/4636/VALOREM_FIDC_-_Seniores_16ª_série,FIDCs,brAA,,brAA,2024-06-21,Rating Inicial,Estável,https://www.austin.com.br/Relatorio/Rating/VALOREM_FIDC/11009
2026-09-25,VALOREM FIDC - SUBORDINADAS MEZANINO VI,https://www.austin.com.br/Historico-Rating/4639/VALOREM_FIDC_-_Subordinadas_Mezanino_VI_,FIDCs,brA,,brA,2024-06-21,Confirmação,Estável,
2026-09-25,VALOREM FIDC - SUBORDINADAS MEZANINO II,https://www.austin.com.br/Historico-Rating/2927/Valorem_FIDC_-_Subordinadas_Mezanino_II_,FIDCs,brA,,brA,2024-06-21,Confirmação,Estável,https://www.austin.com.br/Relatorio/Rating/Valorem_FIDC/11008
2026-09-25,VALOREM FIDC - SUBORDINADAS MEZANINO II,https://www.austin.com.br/Historico-Rating/2927/Valorem_FIDC_-_Subordinadas_Mezanino_II_,FIDCs,brA,,brA,2019-08-15,Confirmação,Estável,
2026-09-25,VALOREM FIDC - SUBORDINADAS MEZANINO II,https://www.austin.com.br/Historico-Rating/2927/Valorem_FIDC_-_Subordinadas_Mezanino_II_,FIDCs,brA,,brA,2019-01-15,Confirmação,Estável,
2026-09-25,VALOREM FIDC - SUBORDINADAS MEZANINO II,https://www.austin.com.br/Historico-Rating/2927/Valorem_FIDC_-_Subordinadas_Mezanino_II_,FIDCs,brA,,brA,2018-02-06,Rating Inicial,Estável,
2026-09-25,VALOREM FIDC - SUBORDINADAS MEZANINO V,https://www.austin.com.br/Historico-Rating/3429/Valorem_FIDC_-_Subordinadas_Mezanino_V_,FIDCs,brA,,brA,2024-06-21,Confirmação,Estável,https://www.austin.com.br/Relatorio/Rating/Valorem_FIDC/11010
2026-09-25,VALOREM FIDC - SUBORDINADAS MEZANINO V,https://www.austin.com.br/Historico-Rating/3429/Valorem_FIDC_-_Subordinadas_Mezanino_V_,FIDCs,brA,,brA,2020-01-06,Rating Inicial,Estável,
2026-09-25,VALOREM PLUS FIDC NP - SUBORDINADAS JÚNIOR,https://www.austin.com.br/Historico-Rating/3424/Valorem_Plus_FIDC_NP_-_Subordinadas_Júnior_,FIDCs,brCCC,,brCCC,2020-04-02,Observação Negativa,,https://www.austin.com.br/Relatorio/Rating/Valorem_Plus_FIDC_NP/9778
2026-09-25,VALOREM PLUS FIDC NP - SUBORDINADAS JÚNIOR,https://www.austin.com.br/Historico-Rating/3424/Valorem_Plus_FIDC_NP_-_Subordinadas_Júnior_,FIDCs,brCCC,,brCCC,2019-12-30,Rating Inicial,Estável,
2026-09-25,VALOREM FIDC - SUBORDINADAS JÚNIOR,https://www.austin.com.br/Historico-Rating/2922/Valorem_FIDC_-_Subordinadas_Júnior_,FIDCs,brBB-,,brBB-,2024-06-21,Confirmação,Estável,https://www.austin.com.br/Relatorio/Rating/Valorem_FIDC/11007
2026-09-25,VALOREM FIDC - SUBORDINADAS JÚNIOR,https://www.austin.com.br/Historico-Rating/2922/Valorem_FIDC_-_Subordinadas_Júnior_,FIDCs,brBB-,,brBB-,2019-01-15,Confirmação,Estável,
2026-09-25,VALOREM FIDC - SUBORDINADAS JÚNIOR,https://www.austin.com.br/Historico-Rating/2922/Valorem_FIDC_-_Subordinadas_Júnior_,FIDCs,brBB-,,brBB-,2018-03-09,Rating Inicial,Estável,
2026-09-25,VANGUARD I FIDC NP - SUBORDINADAS JÚNIOR,https://www.austin.com.br/Historico-Rating/4377/Vanguard_I_FIDC_NP_-_Subordinadas_Júnior_,FIDCs,brB-,,brB-,2024-01-23,Rating Inicial,Estável,https://www.austin.com.br/Relatorio/Rating/Vanguard_I_FIDC_NP/10746
2026-09-25,VALOREM PLUS FIDC NP - SUBORDINADAS MEZANINO,https://www.austin.com.br/Historico-Rating/3423/Valorem_Plus_FIDC_NP_-_Subordinadas_Mezanino_,FIDCs,brBB+,,brBB+,2020-04-02,Observação Negativa,,https://www.austin.com.br/Relatorio/Rating/Valorem_Plus_FIDC_NP/9777
2026-09-25,VALOREM PLUS FIDC NP - SUBORDINADAS MEZANINO,https://www.austin.com.br/Historico-Rating/3423/Valorem_Plus_FIDC_NP_-_Subordinadas_Mezanino_,FIDCs,brBB+,,brBB+,2019-12-30,Rating Inicial,Estável,
2026-09-25,VALOREM PLUS FIDC NP - SENIORES ÚNICA,https://www.austin.com.br/Historico-Rating/3422/Valorem_Plus_FIDC_NP_-_Seniores_Única,FIDCs,brBBB+,,brBBB+,2020-04-02,Observação Negativa,,https://www.austin.com.br/Relatorio/Rating/Valorem_Plus_FIDC_NP/9776
2026-09-25,VALOREM PLUS FIDC NP - SENIORES ÚNICA,https://www.austin.com.br/Historico-Rating/3422/Valorem_Plus_FIDC_NP_-_Seniores_Única,FIDCs,brBBB+,,brBBB+,2019-12-30,Rating Inicial,Estável,
2026-09-25,VECTOR FIDC NP - SUBORDINADAS JÚNIOR,https://www.austin.com.br/Historico-Rating/1949/Vector_FIDC_NP_-_Subordinadas_Júnior_,FIDCs,brB-,,brB-,2019-08-15,Confirmação,Estável,https://www.austin.com.br/Relatorio/Rating/Vector_FIDC_NP/9312
2026-09-25,VECTOR FIDC NP - SUBORDINADAS JÚNIOR,https://www.austin.com.br/Historico-Rating/1949/Vector_FIDC_NP_-_Subordinadas_Júnior_,FIDCs,brB-,,brB-,2019-05-14,Elevação,Estável,
2026-09-25,VECTOR FIDC NP - SUBORDINADAS JÚNIOR,https://www.austin.com.br/Historico-Rating/1949/Vector_FIDC_NP_-_Subordinadas_Júnior_,FIDCs,brCCC,,brCCC,2019-02-15,Confirmação,Estável,
2026-09-25,VECTOR FIDC NP - SUBORDINADAS JÚNIOR,https://www.austin.com.br/Historico-Rating/1949/Vector_FIDC_NP_-_Subordinadas_Júnior_,FIDCs,brCC,,brCC,2018-08-10,Confirmação,Estável,
2026-09-25,VECTOR FIDC NP - SUBORDINADAS JÚNIOR,https://www.austin.com.br/Historico-Rating/1949/Vector_FIDC_NP_-_Subordinadas_Júnior_,FIDCs,brCC,,brCC,2018-06-19,Confirmação,Estável,
2026-09-25,VECTOR FIDC NP - SUBORDINADAS JÚNIOR,https://www.austin.com.br/Historico-Rating/1949/Vector_FIDC_NP_-_Subordinadas_Júnior_,FIDCs,brCC,,brCC,2017-05-18,Confirmação,Estável,
2026-09-25,VECTOR FIDC NP - SUBORDINADAS JÚNIOR,https://www.austin.com.br/Historico-Rating/1949/Vector_FIDC_NP_-_Subordinadas_Júnior_,FIDCs,brCC,,brCC,2016-07-29,Confirmação,Estável,
2026-09-25,VECTOR FIDC NP - SUBORDINADAS JÚNIOR,https://www.austin.com.br/Historico-Rating/1949/Vector_FIDC_NP_-_Subordinadas_Júnior_,FIDCs,brCC,,brCC,2014-08-07,Rating Inicial,Estável,
2026-09-25,VANGUARD I FIDC NP - SUBORDINADAS MEZANINO,https://www.austin.com.br/Historico-Rating/4376/Vanguard_I_FIDC_NP_-_Subordinadas_Mezanino_,FIDCs,brB+,,brB+,2024-01-23,Rating Inicial,Estável,https://www.austin.com.br/Relatorio/Rating/Vanguard_I_FIDC_NP/10745
2026-09-25,VALORTEC FIDC - SUBORDINADAS JÚNIOR,https://www.austin.com.br/Historico-Rating/2116/Valortec_FIDC_-_Subordinadas_Júnior_,FIDCs,brCCC,,brCCC,2020-04-02,Observação Negativa,,https://www.austin.com.br/Relatorio/Rating/Valortec_FIDC/9754
2026-09-25,VALORTEC FIDC - SUBORDINADAS JÚNIOR,https://www.austin.com.br/Historico-Rating/2116/Valortec_FIDC_-_Subordinadas_Júnior_,FIDCs,brCCC,,brCCC,2020-02-14,Confirmação,Estável,
2026-09-25,VALORTEC FIDC - SUBORDINADAS JÚNIOR,https://www.austin.com.br/Historico-Rating/2116/Valortec_FIDC_-_Subordinadas_Júnior_,FIDCs,brCCC,,brCCC,2019-11-05,Confirmação,Estável,
2026-09-25,VALORTEC FIDC - SUBORDINADAS JÚNIOR,https://www.austin.com.br/Historico-Rating/2116/Valortec_FIDC_-_Subordinadas_Júnior_,FIDCs,brCCC,,brCCC,2019-07-23,Confirmação,Estável,
2026-09-25,VALORTEC FIDC - SUBORDINADAS JÚNIOR,https://www.austin.com.br/Historico-Rating/2116/Valortec_FIDC_-_Subordinadas_Júnior_,FIDCs,brCCC,,brCCC,2019-05-03,Confirmação,Estável,
2026-09-25,VALORTEC FIDC - SUBORDINADAS JÚNIOR,https://www.austin.com.br/Historico-Rating/2116/Valortec_FIDC_-_Subordinadas_Júnior_,FIDCs,brCCC,,brCCC,2019-02-15,Confirmação,Estável,
2026-09-25,VALORTEC FIDC - SUBORDINADAS JÚNIOR,https://www.austin.com.br/Historico-Rating/2116/Valortec_FIDC_-_Subordinadas_Júnior_,FIDCs,brCC,,brCC,2018-08-06,Confirmação,Estável,
2026-09-25,VALORTEC FIDC - SUBORDINADAS JÚNIOR,https://www.austin.com.br/Historico-Rating/2116/Valortec_FIDC_-_Subordinadas_Júnior_,FIDCs,brCC,,brCC,2018-05-23,Confirmação,Estável,
2026-09-25,VALORTEC FIDC - SUBORDINADAS JÚNIOR,https://www.austin.com.br/Historico-Rating/2116/Valortec_FIDC_-_Subordinadas_Júnior_,FIDCs,brCC,,brCC,2018-02-09,Confirmação,Estável,
2026-09-25,VALORTEC FIDC - SUBORDINADAS JÚNIOR,https://www.austin.com.br/Historico-Rating/2116/Valortec_FIDC_-_Subordinadas_Júnior_,FIDCs,brCC,,brCC,2017-11-17,Confirmação,Estável,
2026-09-25,VALORTEC FIDC - SUBORDINADAS JÚNIOR,https://www.austin.com.br/Historico-Rating/2116/Valortec_FIDC_-_Subordinadas_Júnior_,FIDCs,brCC,,brCC,2017-09-01,Confirmação,Estável,
2026-09-25,VALORTEC FIDC - SUBORDINADAS JÚNIOR,https://www.austin.com.br/Historico-Rating/2116/Valortec_FIDC_-_Subordinadas_Júnior_,FIDCs,brCC,,brCC,2017-06-05,Confirmação,Estável,
2026-09-25,VALORTEC FIDC - SUBORDINADAS JÚNIOR,https://www.austin.com.br/Historico-Rating/2116/Valortec_FIDC_-_Subordinadas_Júnior_,FIDCs,brCC,,brCC,2017-03-13,Confirmação,Estável,
2026-09-25,VALORTEC FIDC - SUBORDINADAS JÚNIOR,https://www.austin.com.br/Historico-Rating/2116/Valortec_FIDC_-_Subordinadas_Júnior_,FIDCs,brCC,,brCC,2016-03-22,Rating Inicial,Estável,
2026-09-25,VEGA FIDC - SUBORDINADAS JÚNIOR,https://www.austin.com.br/Historico-Rating/2797/Vega_FIDC_-_Subordinadas_Júnior_,FIDCs,brCCC,,brCCC,2020-04-02,Observação Negativa,,https://www.austin.com.br/Relatorio/Rating/Vega_FIDC/9753
2026-09-25,VEGA FIDC - SUBORDINADAS JÚNIOR,https://www.austin.com.br/Historico-Rating/2797/Vega_FIDC_-_Subordinadas_Júnior_,FIDCs,brCCC,,brCCC,2020-02-10,Confirmação,Estável,
2026-09-25,VEGA FIDC - SUBORDINADAS JÚNIOR,https://www.austin.com.br/Historico-Rating/2797/Vega_FIDC_-_Subordinadas_Júnior_,FIDCs,brCCC,,brCCC,2019-05-09,Confirmação,Estável,
2026-09-25,VEGA FIDC - SUBORDINADAS JÚNIOR,https://www.austin.com.br/Historico-Rating/2797/Vega_FIDC_-_Subordinadas_Júnior_,FIDCs,brCCC,,brCCC,2019-02-04,Confirmação,Estável,
2026-09-25,VEGA FIDC - SUBORDINADAS JÚNIOR,https://www.austin.com.br/Historico-Rating/2797/Vega_FIDC_-_Subordinadas_Júnior_,FIDCs,brCCC,,brCCC,2018-08-02,Observação Negativa,,
2026-09-25,VEGA FIDC - SUBORDINADAS JÚNIOR,https://www.austin.com.br/Historico-Rating/2797/Vega_FIDC_-_Subordinadas_Júnior_,FIDCs,brCCC,,brCCC,2018-05-24,Confirmação,Estável,
2026-09-25,VEGA FIDC - SUBORDINADAS JÚNIOR,https://www.austin.com.br/Historico-Rating/2797/Vega_FIDC_-_Subordinadas_Júnior_,FIDCs,brCCC,,brCCC,2018-01-16,Rating Inicial,Estável,
2026-09-25,VERAX I FEDERAL FIDC NP  - SUBORDINADAS MEZANINO I,https://www.austin.com.br/Historico-Rating/1987/Verax_I_Federal_FIDC_NP__-_Subordinadas_Mezanino_I_,FIDCs,brB-,,brB-,2016-11-09,Confirmação,Estável,https://www.austin.com.br/Relatorio/Rating/Verax_I_Federal_FIDC_NP_/7118
2026-09-25,VERAX I FEDERAL FIDC NP  - SUBORDINADAS MEZANINO I,https://www.austin.com.br/Historico-Rating/1987/Verax_I_Federal_FIDC_NP__-_Subordinadas_Mezanino_I_,FIDCs,brB-,,brB-,2016-08-12,Confirmação,Estável,
2026-09-25,VERAX I FEDERAL FIDC NP  - SUBORDINADAS MEZANINO I,https://www.austin.com.br/Historico-Rating/1987/Verax_I_Federal_FIDC_NP__-_Subordinadas_Mezanino_I_,FIDCs,brB-,,brB-,2016-03-08,Confirmação,Estável,
2026-09-25,VERAX I FEDERAL FIDC NP  - SUBORDINADAS MEZANINO I,https://www.austin.com.br/Historico-Rating/1987/Verax_I_Federal_FIDC_NP__-_Subordinadas_Mezanino_I_,FIDCs,brB-,,brB-,2015-11-12,Confirmação,Estável,
2026-09-25,VERAX I FEDERAL FIDC NP  - SUBORDINADAS MEZANINO I,https://www.austin.com.br/Historico-Rating/1987/Verax_I_Federal_FIDC_NP__-_Subordinadas_Mezanino_I_,FIDCs,brB-,,brB-,2015-08-24,Confirmação,Estável,
2026-09-25,VERAX I FEDERAL FIDC NP  - SUBORDINADAS MEZANINO I,https://www.austin.com.br/Historico-Rating/1987/Verax_I_Federal_FIDC_NP__-_Subordinadas_Mezanino_I_,FIDCs,brB-,,brB-,2015-04-17,Confirmação,Estável,
2026-09-25,VERAX I FEDERAL FIDC NP  - SUBORDINADAS MEZANINO I,https://www.austin.com.br/Historico-Rating/1987/Verax_I_Federal_FIDC_NP__-_Subordinadas_Mezanino_I_,FIDCs,brB-,,brB-,2014-09-24,Rating Inicial,Estável,
2026-09-25,VEGA FIDC - SENIORES ÚNICA,https://www.austin.com.br/Historico-Rating/2795/Vega_FIDC_-_Seniores_Única,FIDCs,brBB+,,brBB+,2020-04-02,Observação Negativa,,https://www.austin.com.br/Relatorio/Rating/Vega_FIDC/9752
2026-09-25,VEGA FIDC - SENIORES ÚNICA,https://www.austin.com.br/Historico-Rating/2795/Vega_FIDC_-_Seniores_Única,FIDCs,brBB+,,brBB+,2020-02-10,Confirmação,Estável,
2026-09-25,VEGA FIDC - SENIORES ÚNICA,https://www.austin.com.br/Historico-Rating/2795/Vega_FIDC_-_Seniores_Única,FIDCs,brBB+,,brBB+,2019-07-26,Confirmação,Estável,
2026-09-25,VEGA FIDC - SENIORES ÚNICA,https://www.austin.com.br/Historico-Rating/2795/Vega_FIDC_-_Seniores_Única,FIDCs,brBB+,,brBB+,2019-05-09,Confirmação,Estável,
2026-09-25,VEGA FIDC - SENIORES ÚNICA,https://www.austin.com.br/Historico-Rating/2795/Vega_FIDC_-_Seniores_Única,FIDCs,brBB+,,brBB+,2019-02-04,Confirmação,Estável,
2026-09-25,VEGA FIDC - SENIORES ÚNICA,https://www.austin.com.br/Historico-Rating/2795/Vega_FIDC_-_Seniores_Única,FIDCs,brBB+,,brBB+,2018-08-28,Rating Inicial,Estável,
2026-09-25,VIRGÍNIA FIC FIDC - SUBORDINADAS MEZANINO I,https://www.austin.com.br/Historico-Rating/2748/Virgínia_FIC_FIDC_-_Subordinadas_Mezanino_I_,FIDCs,brBBB+,,brBBB+,2020-04-02,Observação Negativa,,https://www.austin.com.br/Relatorio/Rating/Virgínia_FIC_FIDC/9807
2026-09-25,VIRGÍNIA FIC FIDC - SUBORDINADAS MEZANINO I,https://www.austin.com.br/Historico-Rating/2748/Virgínia_FIC_FIDC_-_Subordinadas_Mezanino_I_,FIDCs,brBBB+,,brBBB+,2019-08-07,Confirmação,Estável,
2026-09-25,VIRGÍNIA FIC FIDC - SUBORDINADAS MEZANINO I,https://www.austin.com.br/Historico-Rating/2748/Virgínia_FIC_FIDC_-_Subordinadas_Mezanino_I_,FIDCs,brBBB+,,brBBB+,2019-05-16,Confirmação,Estável,
2026-09-25,VIRGÍNIA FIC FIDC - SUBORDINADAS MEZANINO I,https://www.austin.com.br/Historico-Rating/2748/Virgínia_FIC_FIDC_-_Subordinadas_Mezanino_I_,FIDCs,brBBB+,,brBBB+,2019-02-04,Confirmação,Estável,
2026-09-25,VIRGÍNIA FIC FIDC - SUBORDINADAS MEZANINO I,https://www.austin.com.br/Historico-Rating/2748/Virgínia_FIC_FIDC_-_Subordinadas_Mezanino_I_,FIDCs,brBBB+,,brBBB+,2018-08-06,Confirmação,Estável,
2026-09-25,VIRGÍNIA FIC FIDC - SUBORDINADAS MEZANINO I,https://www.austin.com.br/Historico-Rating/2748/Virgínia_FIC_FIDC_-_Subordinadas_Mezanino_I_,FIDCs,brBBB+,,brBBB+,2018-01-26,Elevação,Estável,
2026-09-25,VIRGÍNIA FIC FIDC - SUBORDINADAS MEZANINO I,https://www.austin.com.br/Historico-Rating/2748/Virgínia_FIC_FIDC_-_Subordinadas_Mezanino_I_,FIDCs,brBB+,,brBB+,2017-08-11,Rating Inicial,Estável,
2026-09-25,VEGA FIDC - SUBORDINADAS MEZANINO,https://www.austin.com.br/Historico-Rating/2796/Vega_FIDC_-_Subordinadas_Mezanino_,FIDCs,brCCC,,brCCC,2019-07-26,Confirmação,Estável,https://www.austin.com.br/Relatorio/Rating/Vega_FIDC/9314
2026-09-25,VEGA FIDC - SUBORDINADAS MEZANINO,https://www.austin.com.br/Historico-Rating/2796/Vega_FIDC_-_Subordinadas_Mezanino_,FIDCs,brBB,,brBB,2017-10-03,Rating Preliminar,,
2026-09-25,VIRGÍNIA FIC FIDC - SUBORDINADAS JÚNIOR,https://www.austin.com.br/Historico-Rating/2642/Virgínia_FIC_FIDC_-_Subordinadas_Júnior_,FIDCs,brBB,,brBB,2020-04-02,Observação Negativa,,https://www.austin.com.br/Relatorio/Rating/Virgínia_FIC_FIDC/9804
2026-09-25,VIRGÍNIA FIC FIDC - SUBORDINADAS JÚNIOR,https://www.austin.com.br/Historico-Rating/2642/Virgínia_FIC_FIDC_-_Subordinadas_Júnior_,FIDCs,brBB,,brBB,2019-08-07,Confirmação,Estável,
2026-09-25,VIRGÍNIA FIC FIDC - SUBORDINADAS JÚNIOR,https://www.austin.com.br/Historico-Rating/2642/Virgínia_FIC_FIDC_-_Subordinadas_Júnior_,FIDCs,brBB,,brBB,2019-05-16,Confirmação,Estável,
2026-09-25,VIRGÍNIA FIC FIDC - SUBORDINADAS JÚNIOR,https://www.austin.com.br/Historico-Rating/2642/Virgínia_FIC_FIDC_-_Subordinadas_Júnior_,FIDCs,brBB,,brBB,2019-02-04,Confirmação,Estável,
2026-09-25,VIRGÍNIA FIC FIDC - SUBORDINADAS JÚNIOR,https://www.austin.com.br/Historico-Rating/2642/Virgínia_FIC_FIDC_-_Subordinadas_Júnior_,FIDCs,brBB,,brBB,2018-08-06,Confirmação,Estável,
2026-09-25,VIRGÍNIA FIC FIDC - SUBORDINADAS JÚNIOR,https://www.austin.com.br/Historico-Rating/2642/Virgínia_FIC_FIDC_-_Subordinadas_Júnior_,FIDCs,brBB,,brBB,2018-01-26,Elevação,Estável,
2026-09-25,VIRGÍNIA FIC FIDC - SUBORDINADAS JÚNIOR,https://www.austin.com.br/Historico-Rating/2642/Virgínia_FIC_FIDC_-_Subordinadas_Júnior_,FIDCs,brB+,,brB+,2017-03-24,Rating Inicial,Estável,
2026-09-25,VIRGÍNIA FIC FIDC - SENIORES ÚNICA,https://www.austin.com.br/Historico-Rating/2644/Virgínia_FIC_FIDC_-_Seniores_Única,FIDCs,brAA-,,brAA-,2020-04-02,Observação Negativa,,https://www.austin.com.br/Relatorio/Rating/Virgínia_FIC_FIDC/9806
2026-09-25,VIRGÍNIA FIC FIDC - SENIORES ÚNICA,https://www.austin.com.br/Historico-Rating/2644/Virgínia_FIC_FIDC_-_Seniores_Única,FIDCs,brAA-,,brAA-,2019-08-07,Elevação,Estável,
2026-09-25,VIRGÍNIA FIC FIDC - SENIORES ÚNICA,https://www.austin.com.br/Historico-Rating/2644/Virgínia_FIC_FIDC_-_Seniores_Única,FIDCs,brA-,,brA-,2019-05-16,Confirmação,Estável,
2026-09-25,VIRGÍNIA FIC FIDC - SENIORES ÚNICA,https://www.austin.com.br/Historico-Rating/2644/Virgínia_FIC_FIDC_-_Seniores_Única,FIDCs,brA-,,brA-,2019-02-04,Confirmação,Estável,
2026-09-25,VIRGÍNIA FIC FIDC - SENIORES ÚNICA,https://www.austin.com.br/Historico-Rating/2644/Virgínia_FIC_FIDC_-_Seniores_Única,FIDCs,brA-,,brA-,2018-08-06,Confirmação,Estável,
2026-09-25,VIRGÍNIA FIC FIDC - SENIORES ÚNICA,https://www.austin.com.br/Historico-Rating/2644/Virgínia_FIC_FIDC_-_Seniores_Única,FIDCs,brA-,,brA-,2018-01-26,Elevação,Estável,
2026-09-25,VIRGÍNIA FIC FIDC - SENIORES ÚNICA,https://www.austin.com.br/Historico-Rating/2644/Virgínia_FIC_FIDC_-_Seniores_Única,FIDCs,brBBB-,,brBBB-,2017-03-24,Rating Inicial,Estável,
2026-09-25,VERT-11 COMPANHIA SECURITIZADORA DE CRÉDITOS FINANCEIROS - 1ª EMISSÃO - 2ª SÉRIE,https://www.austin.com.br/Historico-Rating/4046/Vert-11_Companhia_Securitizadora_de_Créditos_Financeiros_-_1ª_Emissão_-_2ª_Série,Debêntures,brAA-,,brAA-,2023-07-13,Confirmação,Estável,
2026-09-25,VERT-11 COMPANHIA SECURITIZADORA DE CRÉDITOS FINANCEIROS - 1ª EMISSÃO - 2ª SÉRIE,https://www.austin.com.br/Historico-Rating/4046/Vert-11_Companhia_Securitizadora_de_Créditos_Financeiros_-_1ª_Emissão_-_2ª_Série,Debêntures,brAA-,,brAA-,2022-07-01,Rating Inicial,Estável,
2026-09-25,VIRGÍNIA FIC FIDC - SUBORDINADAS MEZANINO II,https://www.austin.com.br/Historico-Rating/2643/Virgínia_FIC_FIDC_-_Subordinadas_Mezanino_II_,FIDCs,brBBB+,,brBBB+,2020-04-02,Observação Negativa,,https://www.austin.com.br/Relatorio/Rating/Virgínia_FIC_FIDC/9805
2026-09-25,VIRGÍNIA FIC FIDC - SUBORDINADAS MEZANINO II,https://www.austin.com.br/Historico-Rating/2643/Virgínia_FIC_FIDC_-_Subordinadas_Mezanino_II_,FIDCs,brBBB+,,brBBB+,2019-08-07,Confirmação,Estável,
2026-09-25,VIRGÍNIA FIC FIDC - SUBORDINADAS MEZANINO II,https://www.austin.com.br/Historico-Rating/2643/Virgínia_FIC_FIDC_-_Subordinadas_Mezanino_II_,FIDCs,brBBB+,,brBBB+,2019-05-16,Confirmação,Estável,
2026-09-25,VIRGÍNIA FIC FIDC - SUBORDINADAS MEZANINO II,https://www.austin.com.br/Historico-Rating/2643/Virgínia_FIC_FIDC_-_Subordinadas_Mezanino_II_,FIDCs,brBBB+,,brBBB+,2019-02-04,Confirmação,Estável,
2026-09-25,VIRGÍNIA FIC FIDC - SUBORDINADAS MEZANINO II,https://www.austin.com.br/Historico-Rating/2643/Virgínia_FIC_FIDC_-_Subordinadas_Mezanino_II_,FIDCs,brBBB+,,brBBB+,2018-08-06,Confirmação,Estável,
2026-09-25,VIRGÍNIA FIC FIDC - SUBORDINADAS MEZANINO II,https://www.austin.com.br/Historico-Rating/2643/Virgínia_FIC_FIDC_-_Subordinadas_Mezanino_II_,FIDCs,brBBB+,,brBBB+,2018-01-26,Elevação,Estável,
2026-09-25,VIRGÍNIA FIC FIDC - SUBORDINADAS MEZANINO II,https://www.austin.com.br/Historico-Rating/2643/Virgínia_FIC_FIDC_-_Subordinadas_Mezanino_II_,FIDCs,brBB+,,brBB+,2017-03-24,Rating Inicial,Estável,
2026-09-25,VIXTRA FIDC - SENIORES ÚNICA,https://www.austin.com.br/Historico-Rating/4338/VIXTRA_FIDC_-_Seniores_Única,FIDCs,brA-,,brA-,2023-10-17,Rating Inicial,Estável,https://www.austin.com.br/Relatorio/Rating/VIXTRA_FIDC/10707
2026-09-25,VIRGO SECURITIZADORA - RISCO VIA VAREJO E BEMOL - 55A EMISSÃO - SÉRIE ÚNICA,https://www.austin.com.br/Historico-Rating/4332/Virgo_Securitizadora_-_Risco_Via_Varejo_e_Bemol_-_55a_Emissão_-_Série_Única,CRIs,brBBB,,brBBB,2023-10-04,Rebaixamento,Negativa,https://www.austin.com.br/Relatorio/Rating/Virgo_Securitizadora_-_Risco_Via_Varejo_e_Bemol_-_55a_Emissão_-_Série_Única/10701
2026-09-25,VLA FIDC - SENIORES 1ª SÉRIE,https://www.austin.com.br/Historico-Rating/3631/VLA_FIDC_-_Seniores_1ª_série,FIDCs,brA,,brA,2021-05-06,Elevação,Estável,https://www.austin.com.br/Relatorio/Rating/VLA_FIDC/10219
2026-09-25,VLA FIDC - SENIORES 1ª SÉRIE,https://www.austin.com.br/Historico-Rating/3631/VLA_FIDC_-_Seniores_1ª_série,FIDCs,brBB+,,brBB+,2020-10-15,Rating Inicial,Estável,
2026-09-25,VSI SAC FIDC - SUBORDINADAS JÚNIOR,https://www.austin.com.br/Historico-Rating/4470/VSI_SAC_FIDC_-_Subordinadas_Júnior_,FIDCs,brB,,brB,2024-01-17,Rating Inicial,Estável,
2026-09-25,VOLPATO FIDC - ÚNICA,https://www.austin.com.br/Historico-Rating/4626/Volpato_FIDC_-_Única_,FIDCs,brBB-,,brBB-,2024-07-22,Confirmação,Estável,https://www.austin.com.br/Relatorio/Rating/Volpato_FIDC/10984
2026-09-25,VLA FIDC - SUBORDINADAS,https://www.austin.com.br/Historico-Rating/3182/VLA_FIDC_-_Subordinadas_,FIDCs,brB,,brB,2021-05-06,Elevação,Estável,https://www.austin.com.br/Relatorio/Rating/VLA_FIDC/10218
2026-09-25,VLA FIDC - SUBORDINADAS,https://www.austin.com.br/Historico-Rating/3182/VLA_FIDC_-_Subordinadas_,FIDCs,brB-,,brB-,2020-10-15,Confirmação,Estável,
2026-09-25,VLA FIDC - SUBORDINADAS,https://www.austin.com.br/Historico-Rating/3182/VLA_FIDC_-_Subordinadas_,FIDCs,brB-,,brB-,2020-04-02,Observação Negativa,,
2026-09-25,VLA FIDC - SUBORDINADAS,https://www.austin.com.br/Historico-Rating/3182/VLA_FIDC_-_Subordinadas_,FIDCs,brB-,,brB-,2019-08-21,Confirmação,Estável,
2026-09-25,VLA FIDC - SUBORDINADAS,https://www.austin.com.br/Historico-Rating/3182/VLA_FIDC_-_Subordinadas_,FIDCs,brB-,,brB-,2019-04-12,Rating Inicial,Estável,
2026-09-25,VSI SAC FIDC - SUBORDINADAS MEZANINO,https://www.austin.com.br/Historico-Rating/4469/VSI_SAC_FIDC_-_Subordinadas_Mezanino_,FIDCs,brBB+,,brBB+,2024-01-17,Rating Inicial,Estável,
2026-09-25,VSI SAC FIDC - SENIORES ÚNICA,https://www.austin.com.br/Historico-Rating/4468/VSI_SAC_FIDC_-_Seniores_Única,FIDCs,brA+,,brA+,2024-01-17,Rating Inicial,Estável,
2026-09-25,XP C1 FIDC NP – CLASSE A - SUBORDINADAS,https://www.austin.com.br/Historico-Rating/4683/XP_C1_FIDC_NP_–_Classe_A_-_Subordinadas_,FIDCs,brCC,,brCC,2024-08-12,Confirmação,Estável,https://www.austin.com.br/Relatorio/Rating/XP_C1_FIDC_NP_–_Classe_A/11075
2026-09-25,WOW FIDC - SUBORDINADAS,https://www.austin.com.br/Historico-Rating/3059/WOW_FIDC_-_Subordinadas_,FIDCs,brB,,brB,2019-08-15,Confirmação,Estável,https://www.austin.com.br/Relatorio/Rating/WOW_FIDC/9318
2026-09-25,WOW FIDC - SUBORDINADAS,https://www.austin.com.br/Historico-Rating/3059/WOW_FIDC_-_Subordinadas_,FIDCs,brB,,brB,2019-03-21,Rating Inicial,Estável,
2026-09-25,ZKR FIDC NP  - SUBORDINADAS JÚNIOR,https://www.austin.com.br/Historico-Rating/1834/ZKR_FIDC_NP__-_Subordinadas_Júnior_,FIDCs,brCC,,brCC,2020-04-02,Observação Negativa,,https://www.austin.com.br/Relatorio/Rating/ZKR_FIDC_NP_/9748
2026-09-25,ZKR FIDC NP  - SUBORDINADAS JÚNIOR,https://www.austin.com.br/Historico-Rating/1834/ZKR_FIDC_NP__-_Subordinadas_Júnior_,FIDCs,brCC,,brCC,2019-07-19,Elevação,Estável,
2026-09-25,ZKR FIDC NP  - SUBORDINADAS JÚNIOR,https://www.austin.com.br/Historico-Rating/1834/ZKR_FIDC_NP__-_Subordinadas_Júnior_,FIDCs,brC,,brC,2019-05-03,Confirmação,Estável,
2026-09-25,ZKR FIDC NP  - SUBORDINADAS JÚNIOR,https://www.austin.com.br/Historico-Rating/1834/ZKR_FIDC_NP__-_Subordinadas_Júnior_,FIDCs,brC,,brC,2019-02-01,Confirmação,Estável,
2026-09-25,ZKR FIDC NP  - SUBORDINADAS JÚNIOR,https://www.austin.com.br/Historico-Rating/1834/ZKR_FIDC_NP__-_Subordinadas_Júnior_,FIDCs,brC,,brC,2018-07-27,Confirmação,Estável,
2026-09-25,ZKR FIDC NP  - SUBORDINADAS JÚNIOR,https://www.austin.com.br/Historico-Rating/1834/ZKR_FIDC_NP__-_Subordinadas_Júnior_,FIDCs,brC,,brC,2018-05-09,Confirmação,Estável,
2026-09-25,ZKR FIDC NP  - SUBORDINADAS JÚNIOR,https://www.austin.com.br/Historico-Rating/1834/ZKR_FIDC_NP__-_Subordinadas_Júnior_,FIDCs,brC,,brC,2017-05-15,Rebaixamento,Estável,
2026-09-25,ZKR FIDC NP  - SUBORDINADAS JÚNIOR,https://www.austin.com.br/Historico-Rating/1834/ZKR_FIDC_NP__-_Subordinadas_Júnior_,FIDCs,brCC,,brCC,2017-02-15,Observação Negativa,,
2026-09-25,ZKR FIDC NP  - SUBORDINADAS JÚNIOR,https://www.austin.com.br/Historico-Rating/1834/ZKR_FIDC_NP__-_Subordinadas_Júnior_,FIDCs,brCC,,brCC,2016-12-05,Observação Negativa,,
2026-09-25,ZKR FIDC NP  - SUBORDINADAS JÚNIOR,https://www.austin.com.br/Historico-Rating/1834/ZKR_FIDC_NP__-_Subordinadas_Júnior_,FIDCs,brCC,,brCC,2016-09-05,Confirmação,Estável,
2026-09-25,ZKR FIDC NP  - SUBORDINADAS JÚNIOR,https://www.austin.com.br/Historico-Rating/1834/ZKR_FIDC_NP__-_Subordinadas_Júnior_,FIDCs,brCC,,brCC,2016-02-17,Rating Inicial,Estável,
2026-09-25,ZKR FIDC NP  - SUBORDINADAS JÚNIOR,https://www.austin.com.br/Historico-Rating/1834/ZKR_FIDC_NP__-_Subordinadas_Júnior_,FIDCs,brCC,,brCC,2015-04-06,Rating Retirado,,
2026-09-25,ZKR FIDC NP  - SUBORDINADAS JÚNIOR,https://www.austin.com.br/Historico-Rating/1834/ZKR_FIDC_NP__-_Subordinadas_Júnior_,FIDCs,brCC,,brCC,2014-11-12,Confirmação,Estável,
2026-09-25,ZKR FIDC NP  - SUBORDINADAS JÚNIOR,https://www.austin.com.br/Historico-Rating/1834/ZKR_FIDC_NP__-_Subordinadas_Júnior_,FIDCs,brCC,,brCC,2014-03-10,Rating Inicial,Estável,
