dt_captura,no_emissor,no_setor,link
2026-09-25,ACCESS FIDC - SENIORES ÚNICA,FIDCs,https://www.austin.com.br/Historico-Rating/3103/Access_FIDC_-_Seniores_Única
2026-09-25,ACCESS FIDC - SUBORDINADAS JÚNIOR,FIDCs,https://www.austin.com.br/Historico-Rating/2395/Access_FIDC_-_Subordinadas_Júnior_
2026-09-25,ACCESS FIDC - SUBORDINADAS MEZANINO,FIDCs,https://www.austin.com.br/Historico-Rating/2394/Access_FIDC_-_Subordinadas_Mezanino_
2026-09-25,AÇO CEARENSE FIDC - SUBORDINADAS JÚNIOR,FIDCs,https://www.austin.com.br/Historico-Rating/5241/Aço_Cearense_FIDC_-_Subordinadas_Júnior_
2026-09-25,AÇO CEARENSE FIDC - MEZANINO CLASSE A,FIDCs,https://www.austin.com.br/Historico-Rating/5240/Aço_Cearense_FIDC_-_Mezanino_Classe_A_
2026-09-25,AÇO CEARENSE FIDC - SUBORDINADAS MEZANINO,FIDCs,https://www.austin.com.br/Historico-Rating/5239/Aço_Cearense_FIDC_-_Subordinadas_Mezanino_
2026-09-25,AÇO CEARENSE FIDC - SENIORES ÚNICA,FIDCs,https://www.austin.com.br/Historico-Rating/5237/Aço_Cearense_FIDC_-_Seniores_Única
2026-09-25,ACP BIOENERGIA DESENVOLVE SP FIDC - SENIORES ÚNICA,FIDCs,https://www.austin.com.br/Historico-Rating/4951/ACP_Bioenergia_Desenvolve_SP_FIDC_-_Seniores_Única
2026-09-25,ACR IV FIDC - SUBORDINADAS,FIDCs,https://www.austin.com.br/Historico-Rating/4665/ACR_IV_FIDC_-_Subordinadas_
2026-09-25,ACRE BG FIDC - SUBORDINADAS JÚNIOR,FIDCs,https://www.austin.com.br/Historico-Rating/4680/Acre_BG_FIDC_-_Subordinadas_Júnior_
2026-09-25,ACRE BG FIDC - SENIORES ÚNICA,FIDCs,https://www.austin.com.br/Historico-Rating/4679/Acre_BG_FIDC_-_Seniores_Única
2026-09-25,ACTIVA FIDC - SUBORDINADAS JÚNIOR,FIDCs,https://www.austin.com.br/Historico-Rating/1607/Activa_FIDC_-_Subordinadas_Júnior_
2026-09-25,ADGM FIDC - SENIORES 3ª SÉRIE,FIDCs,https://www.austin.com.br/Historico-Rating/4595/ADGM_FIDC_-_Seniores_3ª_série
2026-09-25,ADJUD I FIDC NP  - SUBORDINADAS,FIDCs,https://www.austin.com.br/Historico-Rating/4791/Adjud_I_FIDC_NP__-_Subordinadas_
2026-09-25,ADJUD I FIDC NP  - SENIORES ÚNICA,FIDCs,https://www.austin.com.br/Historico-Rating/4790/Adjud_I_FIDC_NP__-_Seniores_Única
2026-09-25,AFINITTY FIC FIDC - SUBORDINADAS JÚNIOR,FIDCs,https://www.austin.com.br/Historico-Rating/4529/Afinitty_FIC_FIDC_-_Subordinadas_Júnior_
2026-09-25,AFINITTY FIC FIDC - MEZANINO CLASSE A,FIDCs,https://www.austin.com.br/Historico-Rating/4528/Afinitty_FIC_FIDC_-_Mezanino_Classe_A_
2026-09-25,AFINITTY FIC FIDC - SENIORES 1ª SÉRIE,FIDCs,https://www.austin.com.br/Historico-Rating/4527/Afinitty_FIC_FIDC_-_Seniores_1ª_série
2026-09-25,AFINITTY FIC FIDC - SUBORDINADAS MEZANINO III,FIDCs,https://www.austin.com.br/Historico-Rating/4526/Afinitty_FIC_FIDC_-_Subordinadas_Mezanino_III_
2026-09-25,AFINITTY FIC FIDC - SENIORES 3ª SÉRIE,FIDCs,https://www.austin.com.br/Historico-Rating/4525/Afinitty_FIC_FIDC_-_Seniores_3ª_série
2026-09-25,AFINITTY FIC FIDC - SUBORDINADAS MEZANINO II,FIDCs,https://www.austin.com.br/Historico-Rating/4457/Afinitty_FIC_FIDC_-_Subordinadas_Mezanino_II_
2026-09-25,AFINITTY FIC FIDC - SENIORES 2ª SÉRIE,FIDCs,https://www.austin.com.br/Historico-Rating/4456/Afinitty_FIC_FIDC_-_Seniores_2ª_série
2026-09-25,AFINITTY MF FIDC (ELETRO FIDC) - ÚNICA,FIDCs,https://www.austin.com.br/Historico-Rating/2646/Afinitty_MF_FIDC_(Eletro_FIDC)_-_Única_
2026-09-25,AFINITTY MF FIDC (ELETRO FIDC) - SENIORES ÚNICA,FIDCs,https://www.austin.com.br/Historico-Rating/2365/Afinitty_MF_FIDC_(Eletro_FIDC)_-_Seniores_Única
2026-09-25,AGP FIDC - SUBORDINADAS JÚNIOR,FIDCs,https://www.austin.com.br/Historico-Rating/2507/AGP_FIDC_-_Subordinadas_Júnior_
2026-09-25,AGROCRED IB I FIDC - SUBORDINADAS JÚNIOR,FIDCs,https://www.austin.com.br/Historico-Rating/3943/Agrocred_IB_I_FIDC_-_Subordinadas_Júnior_
2026-09-25,AGROCRED IB I FIDC - SUBORDINADAS MEZANINO,FIDCs,https://www.austin.com.br/Historico-Rating/3942/Agrocred_IB_I_FIDC_-_Subordinadas_Mezanino_
2026-09-25,AGROCRED IB I FIDC - SENIORES 1ª SÉRIE,FIDCs,https://www.austin.com.br/Historico-Rating/3941/Agrocred_IB_I_FIDC_-_Seniores_1ª_série
2026-09-25,AL CREDIT FIDC NP  - SUBORDINADAS,FIDCs,https://www.austin.com.br/Historico-Rating/1728/Al_Credit_FIDC_NP__-_Subordinadas_
2026-09-25,ALION MZ FIC FIDC - SUBORDINADAS JÚNIOR,FIDCs,https://www.austin.com.br/Historico-Rating/4249/Alion_MZ_FIC_FIDC_-_Subordinadas_Júnior_
2026-09-25,ALION MZ FIC FIDC - SENIORES ÚNICA,FIDCs,https://www.austin.com.br/Historico-Rating/4248/Alion_MZ_FIC_FIDC_-_Seniores_Única
2026-09-25,ALLSEC FIDC  - SUBORDINADAS JÚNIOR,FIDCs,https://www.austin.com.br/Historico-Rating/3685/Allsec_FIDC__-_Subordinadas_Júnior_
2026-09-25,ALLSEC FIDC  - SENIORES 1ª SÉRIE,FIDCs,https://www.austin.com.br/Historico-Rating/3684/Allsec_FIDC__-_Seniores_1ª_série
2026-09-25,ALLUGG FIDC - SUBORDINADAS MEZANINO,FIDCs,https://www.austin.com.br/Historico-Rating/5182/Allugg_FIDC_-_Subordinadas_Mezanino_
2026-09-25,ALLUGG FIDC - SENIORES ÚNICA,FIDCs,https://www.austin.com.br/Historico-Rating/5181/Allugg_FIDC_-_Seniores_Única
2026-09-25,ALUME FIDC - SUBORDINADAS,FIDCs,https://www.austin.com.br/Historico-Rating/4056/Alume_FIDC_-_Subordinadas_
2026-09-25,ALUME FIDC - 1ª E 2ª SÉRIES - SENIORES ÚNICA,FIDCs,https://www.austin.com.br/Historico-Rating/4055/Alume_FIDC_-_1ª_e_2ª_Séries_-_Seniores_Única
2026-09-25,ALUME FIDC - 3ª E 4ª SÉRIES - SENIORES 3ª SÉRIE,FIDCs,https://www.austin.com.br/Historico-Rating/4530/Alume_FIDC_-_3ª_e_4ª_Séries_-_Seniores_3ª_série
2026-09-25,ALVORADA I FIDC - SUBORDINADAS JÚNIOR,FIDCs,https://www.austin.com.br/Historico-Rating/5142/Alvorada_I_FIDC_-_Subordinadas_Júnior_
2026-09-25,ALVORADA I FIDC - SUBORDINADAS MEZANINO,FIDCs,https://www.austin.com.br/Historico-Rating/5141/Alvorada_I_FIDC_-_Subordinadas_Mezanino_
2026-09-25,ALVORADA I FIDC - SENIORES ÚNICA,FIDCs,https://www.austin.com.br/Historico-Rating/5140/Alvorada_I_FIDC_-_Seniores_Única
2026-09-25,AMAZONAS ENERGIA FIDC - SUBORDINADAS JÚNIOR,FIDCs,https://www.austin.com.br/Historico-Rating/3605/Amazonas_Energia_FIDC_-_Subordinadas_Júnior_
2026-09-25,AMAZONAS FIDC - SUBORDINADAS MEZANINO V,FIDCs,https://www.austin.com.br/Historico-Rating/3481/Amazonas_FIDC_-_Subordinadas_Mezanino_V_
2026-09-25,AMAZONAS FIDC - SUBORDINADAS MEZANINO IV,FIDCs,https://www.austin.com.br/Historico-Rating/3480/Amazonas_FIDC_-_Subordinadas_Mezanino_IV_
2026-09-25,AMAZONAS FIDC - SUBORDINADAS MEZANINO III,FIDCs,https://www.austin.com.br/Historico-Rating/3479/Amazonas_FIDC_-_Subordinadas_Mezanino_III_
2026-09-25,AMAZONAS FIDC - SUBORDINADAS MEZANINO II,FIDCs,https://www.austin.com.br/Historico-Rating/3478/Amazonas_FIDC_-_Subordinadas_Mezanino_II_
2026-09-25,AMAZONAS FIDC - SUBORDINADAS MEZANINO I,FIDCs,https://www.austin.com.br/Historico-Rating/3477/Amazonas_FIDC_-_Subordinadas_Mezanino_I_
2026-09-25,AMAZONAS FIDC - SENIORES ÚNICA,FIDCs,https://www.austin.com.br/Historico-Rating/3476/Amazonas_FIDC_-_Seniores_Única
2026-09-25,ANACLETO FIDC  - ÚNICA,FIDCs,https://www.austin.com.br/Historico-Rating/3705/Anacleto_FIDC__-_Única_
2026-09-25,ANGÁ SABEMI VIII.I FIC FIDC - SENIORES 1ª SÉRIE,FIDCs,https://www.austin.com.br/Historico-Rating/3046/Angá_Sabemi_VIIII_FIC_FIDC_-_Seniores_1ª_série
2026-09-25,ANTECIPA FIDC NP MULTISSETORIAL - SUBORDINADAS JÚNIOR,FIDCs,https://www.austin.com.br/Historico-Rating/3264/Antecipa_FIDC_NP_Multissetorial_-_Subordinadas_Júnior_
2026-09-25,ANTECIPE FIDC MULTISSETORIAL - SUBORDINADAS JÚNIOR,FIDCs,https://www.austin.com.br/Historico-Rating/3002/Antecipe_FIDC_Multissetorial_-_Subordinadas_Júnior_
2026-09-25,APPALOOSA FIDC - SUBORDINADAS JÚNIOR,FIDCs,https://www.austin.com.br/Historico-Rating/4650/APPALOOSA_FIDC_-_Subordinadas_Júnior_
2026-09-25,APPALOOSA FIDC - SUBORDINADAS MEZANINO,FIDCs,https://www.austin.com.br/Historico-Rating/4649/APPALOOSA_FIDC_-_Subordinadas_Mezanino_
2026-09-25,APPALOOSA FIDC - SENIORES ÚNICA,FIDCs,https://www.austin.com.br/Historico-Rating/4648/APPALOOSA_FIDC_-_Seniores_Única
2026-09-25,APUAMA CAPITAL GESTORA DE RECURSOS LTDA.,Gestão,https://www.austin.com.br/Historico-Rating/4425/Apuama_Capital_Gestora_de_Recursos_Ltda
2026-09-25,AQUIRAZ FIC FIDC - SUBORDINADAS MEZANINO III,FIDCs,https://www.austin.com.br/Historico-Rating/2824/Aquiraz_FIC_FIDC_-_Subordinadas_Mezanino_III_
2026-09-25,AQUIRAZ FIC FIDC - SUBORDINADAS MEZANINO II,FIDCs,https://www.austin.com.br/Historico-Rating/2823/Aquiraz_FIC_FIDC_-_Subordinadas_Mezanino_II_
2026-09-25,AQUIRAZ FIC FIDC - SUBORDINADAS MEZANINO I,FIDCs,https://www.austin.com.br/Historico-Rating/2639/Aquiraz_FIC_FIDC_-_Subordinadas_Mezanino_I_
2026-09-25,AQUIRAZ FIC FIDC - SUBORDINADAS JÚNIOR,FIDCs,https://www.austin.com.br/Historico-Rating/2638/Aquiraz_FIC_FIDC_-_Subordinadas_Júnior_
2026-09-25,AQUIRAZ FIC FIDC - SENIORES ÚNICA,FIDCs,https://www.austin.com.br/Historico-Rating/2607/Aquiraz_FIC_FIDC_-_Seniores_Única
2026-09-25,ÁREA DE GESTÃO DE RECURSOS DE TERCEIROS DA BANESTES DTVM,Gestão,https://www.austin.com.br/Historico-Rating/5018/Área_de_Gestão_de_Recursos_de_Terceiros_da_Banestes_DTVM
2026-09-25,ARES FIDC NP - SUBORDINADAS,FIDCs,https://www.austin.com.br/Historico-Rating/4797/Ares_FIDC_NP_-_Subordinadas_
2026-09-25,ARES FIDC NP - SENIORES ÚNICA,FIDCs,https://www.austin.com.br/Historico-Rating/4796/Ares_FIDC_NP_-_Seniores_Única
2026-09-25,ARTCON FIDC MULTISETORIAL NP  - SUBORDINADAS JÚNIOR,FIDCs,https://www.austin.com.br/Historico-Rating/2938/Artcon_FIDC_Multisetorial_NP__-_Subordinadas_Júnior_
2026-09-25,ARTEMUS FIDC - SENIORES 5ª SÉRIE,FIDCs,https://www.austin.com.br/Historico-Rating/3166/Artemus_FIDC_-_Seniores_5ª_série
2026-09-25,ARTEMUS FIDC - SUBORDINADAS MEZANINO I-A,FIDCs,https://www.austin.com.br/Historico-Rating/3135/Artemus_FIDC_-_Subordinadas_Mezanino_I-A_
2026-09-25,ARTEMUS FIDC - SUBORDINADAS MEZANINO III,FIDCs,https://www.austin.com.br/Historico-Rating/2995/Artemus_FIDC_-_Subordinadas_Mezanino_III_
2026-09-25,ARTEMUS FIDC - SUBORDINADAS JÚNIOR,FIDCs,https://www.austin.com.br/Historico-Rating/2465/Artemus_FIDC_-_Subordinadas_Júnior_
2026-09-25,ARTEMUS FIDC - SUBORDINADAS MEZANINO I,FIDCs,https://www.austin.com.br/Historico-Rating/2464/Artemus_FIDC_-_Subordinadas_Mezanino_I_
2026-09-25,ARTESANAL FGTS FIDC - SENIORES 2ª SÉRIE,FIDCs,https://www.austin.com.br/Historico-Rating/4635/ARTESANAL_FGTS_FIDC_-_Seniores_2ª_série
2026-09-25,ARTESANAL FGTS FIDC - SUBORDINADAS JÚNIOR,FIDCs,https://www.austin.com.br/Historico-Rating/4462/Artesanal_FGTS_FIDC_-_Subordinadas_Júnior_
2026-09-25,ARTESANAL FGTS FIDC - SUBORDINADAS MEZANINO,FIDCs,https://www.austin.com.br/Historico-Rating/4461/Artesanal_FGTS_FIDC_-_Subordinadas_Mezanino_
2026-09-25,ARTESANAL FGTS FIDC - SENIORES ÚNICA,FIDCs,https://www.austin.com.br/Historico-Rating/4460/Artesanal_FGTS_FIDC_-_Seniores_Única
2026-09-25,ARTESANAL INVESTIMENTOS LTDA.,Gestão,https://www.austin.com.br/Historico-Rating/3814/Artesanal_Investimentos_Ltda
2026-09-25,ARTESANAL RECEBÍVEIS IMOBILIÁRIOS FIDC  - SUBORDINADAS JÚNIOR,FIDCs,https://www.austin.com.br/Historico-Rating/4764/Artesanal_Recebíveis_Imobiliários_FIDC__-_Subordinadas_Júnior_
2026-09-25,ARTESANAL RECEBÍVEIS IMOBILIÁRIOS FIDC  - SUBORDINADAS MEZANINO,FIDCs,https://www.austin.com.br/Historico-Rating/4763/Artesanal_Recebíveis_Imobiliários_FIDC__-_Subordinadas_Mezanino_
2026-09-25,ARTESANAL RECEBÍVEIS IMOBILIÁRIOS FIDC  - SENIORES ÚNICA,FIDCs,https://www.austin.com.br/Historico-Rating/4762/Artesanal_Recebíveis_Imobiliários_FIDC__-_Seniores_Única
2026-09-25,ARTESANAL SECURITIZADORA DE CRÉDITOS S.A.,Securitizadoras,https://www.austin.com.br/Historico-Rating/5242/Artesanal_Securitizadora_de_Créditos_SA
2026-09-25,ASA CRÉDITO DISTRESSED FIDC NP - ÚNICA,FIDCs,https://www.austin.com.br/Historico-Rating/4765/ASA_Crédito_Distressed_FIDC_NP_-_Única_
2026-09-25,ASA FIC FIDC 90 - SENIORES 2ª SÉRIE,FIDCs,https://www.austin.com.br/Historico-Rating/4678/ASA_FIC_FIDC_90_-_Seniores_2ª_série
2026-09-25,ASA LP FIC FIDC - SENIORES 6ª SÉRIE,FIDCs,https://www.austin.com.br/Historico-Rating/4677/ASA_LP_FIC_FIDC_-_Seniores_6ª_série
2026-09-25,ASA LP FIC FIDC - SENIORES 5ª SÉRIE,FIDCs,https://www.austin.com.br/Historico-Rating/4676/ASA_LP_FIC_FIDC_-_Seniores_5ª_série
2026-09-25,ASA LP FIC FIDC - SENIORES 4ª SÉRIE,FIDCs,https://www.austin.com.br/Historico-Rating/4675/ASA_LP_FIC_FIDC_-_Seniores_4ª_série
2026-09-25,ASA LP FIC FIDC - SENIORES 3ª SÉRIE,FIDCs,https://www.austin.com.br/Historico-Rating/4674/ASA_LP_FIC_FIDC_-_Seniores_3ª_série
2026-09-25,ASA LP FIC FIDC - SENIORES 9ª SÉRIE,FIDCs,https://www.austin.com.br/Historico-Rating/4521/ASA_LP_FIC_FIDC_-_Seniores_9ª_série
2026-09-25,ASA LP FIC FIDC - SENIORES 8ª SÉRIE,FIDCs,https://www.austin.com.br/Historico-Rating/4520/ASA_LP_FIC_FIDC_-_Seniores_8ª_série
2026-09-25,ASA LP FIC FIDC - SENIORES 7ª SÉRIE,FIDCs,https://www.austin.com.br/Historico-Rating/4519/ASA_LP_FIC_FIDC_-_Seniores_7ª_série
2026-09-25,ATICCA FIC FIDC - SUBORDINADAS JÚNIOR,FIDCs,https://www.austin.com.br/Historico-Rating/4801/Aticca_FIC_FIDC_-_Subordinadas_Júnior_
2026-09-25,ATICCA FIC FIDC - SUBORDINADAS MEZANINO II,FIDCs,https://www.austin.com.br/Historico-Rating/4800/Aticca_FIC_FIDC_-_Subordinadas_Mezanino_II_
2026-09-25,ATICCA FIC FIDC - SUBORDINADAS MEZANINO I,FIDCs,https://www.austin.com.br/Historico-Rating/4799/Aticca_FIC_FIDC_-_Subordinadas_Mezanino_I_
2026-09-25,ATICCA FIC FIDC - SENIORES ÚNICA,FIDCs,https://www.austin.com.br/Historico-Rating/4798/Aticca_FIC_FIDC_-_Seniores_Única
2026-09-25,ATICCA FIDC - SUBORDINADAS MEZANINO I,FIDCs,https://www.austin.com.br/Historico-Rating/3107/Aticca_FIDC_-_Subordinadas_Mezanino_I_
2026-09-25,ATICCA FIDC - SENIORES 2ª SÉRIE,FIDCs,https://www.austin.com.br/Historico-Rating/3098/Aticca_FIDC_-_Seniores_2ª_série
2026-09-25,ATICCA FIDC - SUBORDINADAS JÚNIOR,FIDCs,https://www.austin.com.br/Historico-Rating/2854/Aticca_FIDC_-_Subordinadas_Júnior_
2026-09-25,ATLANTA FIDC MULTISSETORIAL - SENIORES 8ª SÉRIE,FIDCs,https://www.austin.com.br/Historico-Rating/3430/Atlanta_FIDC_Multissetorial_-_Seniores_8ª_série
2026-09-25,ATLANTA FIDC MULTISSETORIAL - SENIORES 6ª SÉRIE,FIDCs,https://www.austin.com.br/Historico-Rating/2924/Atlanta_FIDC_Multissetorial_-_Seniores_6ª_série
2026-09-25,ATLANTA FIDC MULTISSETORIAL - SENIORES 5ª SÉRIE,FIDCs,https://www.austin.com.br/Historico-Rating/2923/Atlanta_FIDC_Multissetorial_-_Seniores_5ª_série
2026-09-25,ATLANTA FIDC MULTISSETORIAL - SUBORDINADAS,FIDCs,https://www.austin.com.br/Historico-Rating/1606/Atlanta_FIDC_Multissetorial_-_Subordinadas_
2026-09-25,ATLANTA FIDC MULTISSETORIAL - SENIORES 4ª SÉRIE,FIDCs,https://www.austin.com.br/Historico-Rating/1604/Atlanta_FIDC_Multissetorial_-_Seniores_4ª_série
2026-09-25,ATLANTA FIDC MULTISSETORIAL - SENIORES 3ª SÉRIE,FIDCs,https://www.austin.com.br/Historico-Rating/1603/Atlanta_FIDC_Multissetorial_-_Seniores_3ª_série
2026-09-25,ATLANTA FIDC MULTISSETORIAL - SENIORES 1ª SÉRIE,FIDCs,https://www.austin.com.br/Historico-Rating/769/Atlanta_FIDC_Multissetorial_-_Seniores_1ª_série
2026-09-25,ATLÂNTICO FIDC NP - ÚNICA,FIDCs,https://www.austin.com.br/Historico-Rating/3632/Atlântico_FIDC_NP_-_Única_
2026-09-25,ATLAS FIDC NP - SENIORES 2ª SÉRIE,FIDCs,https://www.austin.com.br/Historico-Rating/3431/Atlas_FIDC_NP_-_Seniores_2ª_série
2026-09-25,ATLAS FIDC NP   - MEZANINO CLASSE A,FIDCs,https://www.austin.com.br/Historico-Rating/1921/Atlas_FIDC_NP___-_Mezanino_Classe_A_
2026-09-25,ATLAS HUB II FIDC - SENIORES ÚNICA,FIDCs,https://www.austin.com.br/Historico-Rating/5139/Atlas_Hub_II_FIDC_-_Seniores_Única
2026-09-25,ATLAS HUB III FIDC - SUBORDINADAS PREFERENCIAIS,FIDCs,https://www.austin.com.br/Historico-Rating/5244/Atlas_Hub_III_FIDC_-_Subordinadas_Preferenciais_
2026-09-25,ATLAS HUB III FIDC - SENIORES ÚNICA,FIDCs,https://www.austin.com.br/Historico-Rating/5243/Atlas_Hub_III_FIDC_-_Seniores_Única
2026-09-25,AUTO LOANS FIDC - SUBORDINADAS JÚNIOR,FIDCs,https://www.austin.com.br/Historico-Rating/4653/AUTO_LOANS_FIDC_-_Subordinadas_Júnior_
2026-09-25,AUTO LOANS FIDC - SUBORDINADAS MEZANINO,FIDCs,https://www.austin.com.br/Historico-Rating/4652/AUTO_LOANS_FIDC_-_Subordinadas_Mezanino_
2026-09-25,AUTO LOANS FIDC - SENIORES ÚNICA,FIDCs,https://www.austin.com.br/Historico-Rating/4651/AUTO_LOANS_FIDC_-_Seniores_Única
2026-09-25,AUTOMOTIVO FIDC - ÚNICA,FIDCs,https://www.austin.com.br/Historico-Rating/3080/Automotivo_FIDC_-_Única_
2026-09-25,AXIS RENOVÁVEIS FIDC  - SUBORDINADAS,FIDCs,https://www.austin.com.br/Historico-Rating/3556/Axis_Renováveis_FIDC__-_Subordinadas_
2026-09-25,AXIS RENOVÁVEIS FIDC  - SENIORES ÚNICA,FIDCs,https://www.austin.com.br/Historico-Rating/3555/Axis_Renováveis_FIDC__-_Seniores_Única
2026-09-25,AZURE CONSIGNADO FIDC - SENIORES ÚNICA,FIDCs,https://www.austin.com.br/Historico-Rating/4828/Azure_Consignado_FIDC_-_Seniores_Única
2026-09-25,AZURE CONSIGNADO FIDC - SUBORDINADAS MEZANINO,FIDCs,https://www.austin.com.br/Historico-Rating/4824/Azure_Consignado_FIDC_-_Subordinadas_Mezanino_
2026-09-25,AZURE CONSIGNADO FIDC - SENIORES ÚNICA,FIDCs,https://www.austin.com.br/Historico-Rating/4823/Azure_Consignado_FIDC_-_Seniores_Única
2026-09-25,B4 TRUST FIDC - SUBORDINADAS MEZANINO,FIDCs,https://www.austin.com.br/Historico-Rating/4805/B4_Trust_FIDC_-_Subordinadas_Mezanino_
2026-09-25,B4 TRUST FIDC - SENIORES ÚNICA,FIDCs,https://www.austin.com.br/Historico-Rating/4804/B4_Trust_FIDC_-_Seniores_Única
2026-09-25,B7 FIDC NP - SUBORDINADAS MEZANINO,FIDCs,https://www.austin.com.br/Historico-Rating/4808/B7_FIDC_NP_-_Subordinadas_Mezanino_
2026-09-25,B7 FIDC NP - SUBORDINADAS JÚNIOR,FIDCs,https://www.austin.com.br/Historico-Rating/4807/B7_FIDC_NP_-_Subordinadas_Júnior_
2026-09-25,B7 FIDC NP - SENIORES ÚNICA,FIDCs,https://www.austin.com.br/Historico-Rating/4806/B7_FIDC_NP_-_Seniores_Única
2026-09-25,BACKSTAGE FIDC NP - SUBORDINADAS JÚNIOR,FIDCs,https://www.austin.com.br/Historico-Rating/4471/Backstage_FIDC_NP_-_Subordinadas_Júnior_
2026-09-25,BANCO BARI DE INVESTIMENTOS E FINANCIAMENTOS S.A.,Bancos,https://www.austin.com.br/Historico-Rating/4367/Banco_Bari_de_Investimentos_e_Financiamentos_SA_
2026-09-25,BANCO BRADESCO,Governança Corporativa,https://www.austin.com.br/Historico-Rating/15/Banco_Bradesco
2026-09-25,BANCO SEMEAR S/A,Bancos,https://www.austin.com.br/Historico-Rating/1909/Banco_Semear_S_A
2026-09-25,BANRISUL S/A CORRETORA DE VALORES E CÂMBIO,Gestão,https://www.austin.com.br/Historico-Rating/3047/Banrisul_S_A_Corretora_de_Valores_e_Câmbio
2026-09-25,BARI COMPANHIA HIPOTECÁRIA,Cias Hipotecárias,https://www.austin.com.br/Historico-Rating/5179/Bari_Companhia_Hipotecária
2026-09-25,BARU FIDC - SENIORES 9ª SÉRIE,FIDCs,https://www.austin.com.br/Historico-Rating/5056/Baru_FIDC_-_Seniores_9ª_série
2026-09-25,BASE SECURITIZADORA - RISCO VALE (10ª SÉRIE - 1ª EMISSÃO),CRIs,https://www.austin.com.br/Historico-Rating/3933/Base_Securitizadora_-_Risco_Vale_(10ª_Série_-_1ª_Emissão)
2026-09-25,BASSO FIDC - SUBORDINADAS JÚNIOR,FIDCs,https://www.austin.com.br/Historico-Rating/3375/Basso_FIDC_-_Subordinadas_Júnior_
2026-09-25,BASSO FIDC - SENIORES 2ª SÉRIE,FIDCs,https://www.austin.com.br/Historico-Rating/3374/Basso_FIDC_-_Seniores_2ª_série
2026-09-25,BAVIERA FIDC - SENIORES 1ª SÉRIE,FIDCs,https://www.austin.com.br/Historico-Rating/2741/Baviera_FIDC_-_Seniores_1ª_série
2026-09-25,BBIF MASTER FIDC - ÚNICA,FIDCs,https://www.austin.com.br/Historico-Rating/4612/BBIF_Master_FIDC_-_Única_
2026-09-25,BCR FIDC - SENIORES 6ª SÉRIE,FIDCs,https://www.austin.com.br/Historico-Rating/3339/BCR_FIDC_-_Seniores_6ª_série
2026-09-25,BCR FIDC - SENIORES 5ª SÉRIE,FIDCs,https://www.austin.com.br/Historico-Rating/3137/BCR_FIDC_-_Seniores_5ª_série
2026-09-25,BCR FIDC - SENIORES 4ª SÉRIE,FIDCs,https://www.austin.com.br/Historico-Rating/3136/BCR_FIDC_-_Seniores_4ª_série
2026-09-25,BCR FIDC - SUBORDINADAS JÚNIOR,FIDCs,https://www.austin.com.br/Historico-Rating/2352/BCR_FIDC_-_Subordinadas_Júnior_
2026-09-25,BCR FIDC - SENIORES 2ª SÉRIE,FIDCs,https://www.austin.com.br/Historico-Rating/2350/BCR_FIDC_-_Seniores_2ª_série
2026-09-25,BCR FIDC - SUBORDINADAS,FIDCs,https://www.austin.com.br/Historico-Rating/2248/BCR_FIDC_-_Subordinadas_
2026-09-25,BENFICA FIDC  - SUBORDINADAS,FIDCs,https://www.austin.com.br/Historico-Rating/1730/Benfica_FIDC__-_Subordinadas_
2026-09-25,BENVAL FIDC - SUBORDINADAS,FIDCs,https://www.austin.com.br/Historico-Rating/1596/Benval_FIDC_-_Subordinadas_
2026-09-25,BEX FIDC - SUBORDINADAS JÚNIOR,FIDCs,https://www.austin.com.br/Historico-Rating/4424/BEX_FIDC_-_Subordinadas_Júnior_
2026-09-25,BEX FIDC - SUBORDINADAS MEZANINO II,FIDCs,https://www.austin.com.br/Historico-Rating/4423/BEX_FIDC_-_Subordinadas_Mezanino_II_
2026-09-25,BEX FIDC - SENIORES 1ª SÉRIE,FIDCs,https://www.austin.com.br/Historico-Rating/4422/BEX_FIDC_-_Seniores_1ª_série
2026-09-25,BEX FIDC - SUBORDINADAS MEZANINO,FIDCs,https://www.austin.com.br/Historico-Rating/4343/Bex_FIDC_-_Subordinadas_Mezanino_
2026-09-25,BEX FIDC - SENIORES 3ª SÉRIE,FIDCs,https://www.austin.com.br/Historico-Rating/4342/Bex_FIDC_-_Seniores_3ª_série
2026-09-25,BFC FIDC - SUBORDINADAS,FIDCs,https://www.austin.com.br/Historico-Rating/1820/BFC_FIDC_-_Subordinadas_
2026-09-25,BMA FIDC - SUBORDINADAS MEZANINO II,FIDCs,https://www.austin.com.br/Historico-Rating/3498/BMA_FIDC_-_Subordinadas_Mezanino_II_
2026-09-25,BMA FIDC - SENIORES 3ª SÉRIE,FIDCs,https://www.austin.com.br/Historico-Rating/3304/BMA_FIDC_-_Seniores_3ª_série
2026-09-25,BMA INTER FIDC - SUBORDINADAS JÚNIOR,FIDCs,https://www.austin.com.br/Historico-Rating/3586/BMA_Inter_FIDC_-_Subordinadas_Júnior_
2026-09-25,BMA INTER FIDC - SENIORES 1ª SÉRIE,FIDCs,https://www.austin.com.br/Historico-Rating/3585/BMA_Inter_FIDC_-_Seniores_1ª_série
2026-09-25,BNDESPAR XP ONE7 FIDC  - SENIORES ÚNICA,FIDCs,https://www.austin.com.br/Historico-Rating/3725/BNDESPAR_XP_One7_FIDC__-_Seniores_Única
2026-09-25,BOASAFRA FIDC - SUBORDINADAS JÚNIOR,FIDCs,https://www.austin.com.br/Historico-Rating/4768/Boasafra_FIDC_-_Subordinadas_Júnior_
2026-09-25,BOASAFRA FIDC - SUBORDINADAS MEZANINO,FIDCs,https://www.austin.com.br/Historico-Rating/4767/Boasafra_FIDC_-_Subordinadas_Mezanino_
2026-09-25,BOASAFRA FIDC - SENIORES 1ª SÉRIE,FIDCs,https://www.austin.com.br/Historico-Rating/4766/Boasafra_FIDC_-_Seniores_1ª_série
2026-09-25,BRA FIDC - SUBORDINADAS JÚNIOR,FIDCs,https://www.austin.com.br/Historico-Rating/3302/BRA_FIDC_-_Subordinadas_Júnior_
2026-09-25,BRA FIDC - SENIORES 1ª SÉRIE,FIDCs,https://www.austin.com.br/Historico-Rating/2525/BRA_FIDC_-_Seniores_1ª_série
2026-09-25,BRADESCO LEASING (1ª EMISSÃO),Debêntures,https://www.austin.com.br/Historico-Rating/69/Bradesco_Leasing_(1ª_Emissão)
2026-09-25,BRADESCO LEASING (3ª EMISSÃO),Debêntures,https://www.austin.com.br/Historico-Rating/4047/Bradesco_Leasing_(3ª_Emissão)
2026-09-25,BRADESCO LEASING (4ª EMISSÃO),Debêntures,https://www.austin.com.br/Historico-Rating/72/Bradesco_Leasing_(4ª_Emissão)
2026-09-25,BRADESCO LEASING (5ª EMISSÃO),Debêntures,https://www.austin.com.br/Historico-Rating/4048/Bradesco_Leasing_(5ª_Emissão)
2026-09-25,BRADESCO LEASING (6ª EMISSÃO),Debêntures,https://www.austin.com.br/Historico-Rating/4049/Bradesco_Leasing_(6ª_Emissão)
2026-09-25,BRADESCO LEASING (7ª EMISSÃO),Debêntures,https://www.austin.com.br/Historico-Rating/1297/Bradesco_Leasing_(7ª_Emissão)
2026-09-25,BRASIL MICROCRÉDITO DE IMPACTO SOCIAL FIDC - SENIORES ÚNICA,FIDCs,https://www.austin.com.br/Historico-Rating/3727/Brasil_Microcrédito_de_Impacto_Social_FIDC_-_Seniores_Única
2026-09-25,BRASPOR FIDC - SENIORES 1ª SÉRIE,FIDCs,https://www.austin.com.br/Historico-Rating/1888/Braspor_FIDC_-_Seniores_1ª_série
2026-09-25,BRAVA I FIDC - SUBORDINADAS JÚNIOR,FIDCs,https://www.austin.com.br/Historico-Rating/3578/Brava_I_FIDC_-_Subordinadas_Júnior_
2026-09-25,BRAZILIAN SECURITIES (SÉRIE 2010-186),CRIs,https://www.austin.com.br/Historico-Rating/638/Brazilian_Securities_(Série_2010-186)
2026-09-25,BRISTOL FIDC - SUBORDINADAS MEZANINO II,FIDCs,https://www.austin.com.br/Historico-Rating/4732/Bristol_FIDC_-_Subordinadas_Mezanino_II_
2026-09-25,BRISTOL FIDC - MEZANINO CLASSE D,FIDCs,https://www.austin.com.br/Historico-Rating/4731/Bristol_FIDC_-_Mezanino_Classe_D_
2026-09-25,BRISTOL FIDC - SENIORES 5ª SÉRIE,FIDCs,https://www.austin.com.br/Historico-Rating/4730/Bristol_FIDC_-_Seniores_5ª_série
2026-09-25,BRISTOL FIDC - SENIORES 6ª SÉRIE,FIDCs,https://www.austin.com.br/Historico-Rating/4729/Bristol_FIDC_-_Seniores_6ª_série
2026-09-25,BRISTOL FIDC - SUBORDINADAS JÚNIOR,FIDCs,https://www.austin.com.br/Historico-Rating/3362/Bristol_FIDC_-_Subordinadas_Júnior_
2026-09-25,BRISTOL FIDC - MEZANINO CLASSE A,FIDCs,https://www.austin.com.br/Historico-Rating/3361/Bristol_FIDC_-_Mezanino_Classe_A_
2026-09-25,BRZ AKRK CONSIGNADOS V FIDC  - SUBORDINADAS MEZANINO,FIDCs,https://www.austin.com.br/Historico-Rating/4810/BRZ_AKRK_Consignados_V_FIDC__-_Subordinadas_Mezanino_
2026-09-25,BRZ AKRK CONSIGNADOS V FIDC  - SENIORES ÚNICA,FIDCs,https://www.austin.com.br/Historico-Rating/4809/BRZ_AKRK_Consignados_V_FIDC__-_Seniores_Única
2026-09-25,BRZ CONSIGNADOS VI FIDC - SUBORDINADAS JÚNIOR,FIDCs,https://www.austin.com.br/Historico-Rating/4590/BRZ_Consignados_VI_FIDC_-_Subordinadas_Júnior_
2026-09-25,BRZ CONSIGNADOS VI FIDC - SUBORDINADAS MEZANINO,FIDCs,https://www.austin.com.br/Historico-Rating/4589/BRZ_Consignados_VI_FIDC_-_Subordinadas_Mezanino_
2026-09-25,BRZ CONSIGNADOS VI FIDC - SENIORES ÚNICA,FIDCs,https://www.austin.com.br/Historico-Rating/4588/BRZ_Consignados_VI_FIDC_-_Seniores_Única
2026-09-25,BRZ TECFIT FIDC - SENIORES ÚNICA,FIDCs,https://www.austin.com.br/Historico-Rating/4654/BRZ_TECFIT_FIDC_-_Seniores_Única
2026-09-25,BTAG MASTER I FIAGRO - DC - ÚNICA,FIDCs,https://www.austin.com.br/Historico-Rating/4655/BTAG_MASTER_I_FIAGRO_-_DC_-_Única_
2026-09-25,BTG PACTUAL CRÉDITO AGRÍCOLA FIAGRO  - ÚNICA,FIDCs,https://www.austin.com.br/Historico-Rating/3946/BTG_Pactual_Crédito_Agrícola_FIAGRO__-_Única_
2026-09-25,BUDAPESTE FIDC - ÚNICA,FIDCs,https://www.austin.com.br/Historico-Rating/3819/Budapeste_FIDC_-_Única_
2026-09-25,CALLOWAY FIDC  - SUBORDINADAS JÚNIOR,FIDCs,https://www.austin.com.br/Historico-Rating/3773/Calloway_FIDC__-_Subordinadas_Júnior_
2026-09-25,CAMPO ARADO FIAGRO-DC - SENIORES ÚNICA,FIDCs,https://www.austin.com.br/Historico-Rating/4870/Campo_Arado_FIAGRO-DC_-_Seniores_Única
2026-09-25,CANADÁ INVEST FIDC - SENIORES 1ª SÉRIE,FIDCs,https://www.austin.com.br/Historico-Rating/2546/Canadá_Invest_FIDC_-_Seniores_1ª_série
2026-09-25,CANADÁ INVEST FIDC - SUBORDINADAS JÚNIOR,FIDCs,https://www.austin.com.br/Historico-Rating/2159/Canadá_Invest_FIDC_-_Subordinadas_Júnior_
2026-09-25,CAPITAL ANNEX FIDC - SUBORDINADAS,FIDCs,https://www.austin.com.br/Historico-Rating/1737/Capital_Annex_FIDC_-_Subordinadas_
2026-09-25,CAPTALYS MPME FIDC - SENIORES ÚNICA,FIDCs,https://www.austin.com.br/Historico-Rating/3669/Captalys_MPME_FIDC_-_Seniores_Única
2026-09-25,CEDAR OCTANTE FIDC - SUBORDINADAS MEZANINO II,FIDCs,https://www.austin.com.br/Historico-Rating/4445/Cedar_Octante_FIDC_-_Subordinadas_Mezanino_II_
2026-09-25,CEDAR OCTANTE FIDC - SUBORDINADAS MEZANINO I,FIDCs,https://www.austin.com.br/Historico-Rating/4444/Cedar_Octante_FIDC_-_Subordinadas_Mezanino_I_
2026-09-25,CEDAR OCTANTE FIDC - SENIORES 3ª SÉRIE,FIDCs,https://www.austin.com.br/Historico-Rating/4443/Cedar_Octante_FIDC_-_Seniores_3ª_série
2026-09-25,CEDRO FIDC NP - SUBORDINADAS JÚNIOR,FIDCs,https://www.austin.com.br/Historico-Rating/3049/Cedro_FIDC_NP_-_Subordinadas_Júnior_
2026-09-25,CELETI PROVEDORES BANDA LARGA - SUBORDINADAS MEZANINO,FIDCs,https://www.austin.com.br/Historico-Rating/3668/Celeti_Provedores_Banda_Larga_-_Subordinadas_Mezanino_
2026-09-25,CELETI PROVEDORES BANDA LARGA - SENIORES ÚNICA,FIDCs,https://www.austin.com.br/Historico-Rating/3667/Celeti_Provedores_Banda_Larga_-_Seniores_Única
2026-09-25,CIELO RECEBA MAIS FIDC  - SENIORES 1ª SÉRIE,FIDCs,https://www.austin.com.br/Historico-Rating/3777/Cielo_Receba_Mais_FIDC__-_Seniores_1ª_série
2026-09-25,CJP FIDC NP - SUBORDINADAS,FIDCs,https://www.austin.com.br/Historico-Rating/3712/CJP_FIDC_NP_-_Subordinadas_
2026-09-25,CJP FIDC NP - SENIORES ÚNICA,FIDCs,https://www.austin.com.br/Historico-Rating/3711/CJP_FIDC_NP_-_Seniores_Única
2026-09-25,COMPANHIA PROVÍNCIA DE SECURITIZAÇÃO - 1ª SÉRIE (SÉRIE SÊNIOR) DA 63ª EMISSÃO,CRIs,https://www.austin.com.br/Historico-Rating/4733/Companhia_Província_de_Securitização_-_1ª_Série_(Série_Sênior)_da_63ª_Emissão
2026-09-25,CONQUEST BRAZIL FIDC - SENIORES 1ª SÉRIE,FIDCs,https://www.austin.com.br/Historico-Rating/3303/Conquest_Brazil_FIDC_-_Seniores_1ª_série
2026-09-25,CONQUEST BRAZIL FIDC - SUBORDINADAS JÚNIOR,FIDCs,https://www.austin.com.br/Historico-Rating/2708/Conquest_Brazil_FIDC_-_Subordinadas_Júnior_
2026-09-25,CONSTÂNCIA INVESTIMENTOS,Gestão,https://www.austin.com.br/Historico-Rating/2855/Constância_Investimentos
2026-09-25,CONTAÍ FIDC - SENIORES 1ª SÉRIE,FIDCs,https://www.austin.com.br/Historico-Rating/4093/Contaí_FIDC_-_Seniores_1ª_série
2026-09-25,CONTAÍ FIDC - MEZANINO CLASSE A,FIDCs,https://www.austin.com.br/Historico-Rating/4092/Contaí_FIDC_-_Mezanino_Classe_A_
2026-09-25,CONTAÍ FIDC - SUBORDINADAS JÚNIOR,FIDCs,https://www.austin.com.br/Historico-Rating/3529/Contaí_FIDC_-_Subordinadas_Júnior_
2026-09-25,COOPERFORTE COOPERATIVA DE CRÉDITO E INVESTIMENTOS LTDA.,Corporativo,https://www.austin.com.br/Historico-Rating/4579/Cooperforte_Cooperativa_de_Crédito_e_Investimentos_Ltda
2026-09-25,CORPAL FIDC - SUBORDINADAS,FIDCs,https://www.austin.com.br/Historico-Rating/1868/Corpal_FIDC_-_Subordinadas_
2026-09-25,CORPORE NP FIDC NÃO PADRONIZADO MULTISSETORIAL - SUBORDINADAS,FIDCs,https://www.austin.com.br/Historico-Rating/3266/Corpore_NP_FIDC_Não_Padronizado_Multissetorial_-_Subordinadas_
2026-09-25,CRA ECOAGRO - RISCO EXPOCACER - 410ª EMISSÃO - SÉRIE ÚNICA,CRIs,https://www.austin.com.br/Historico-Rating/4992/CRA_Ecoagro_-_Risco_Expocacer_-_410ª_Emissão_-_Série_Única
2026-09-25,CREDCESTA FIDC - SENIORES ÚNICA,FIDCs,https://www.austin.com.br/Historico-Rating/3515/Credcesta_FIDC_-_Seniores_Única
2026-09-25,CREDERE FIDC - SENIORES 1ª SÉRIE,FIDCs,https://www.austin.com.br/Historico-Rating/1978/Credere_FIDC_-_Seniores_1ª_série
2026-09-25,CREDERE FIDC - SUBORDINADAS JÚNIOR,FIDCs,https://www.austin.com.br/Historico-Rating/1930/Credere_FIDC_-_Subordinadas_Júnior_
2026-09-25,CREDIT PARTNERS LTDA - SUBORDINADAS JÚNIOR,FIDCs,https://www.austin.com.br/Historico-Rating/5083/Credit_Partners_Ltda_-_Subordinadas_Júnior_
2026-09-25,CREDIT PARTNERS LTDA - SUBORDINADAS MEZANINO,FIDCs,https://www.austin.com.br/Historico-Rating/5082/Credit_Partners_Ltda_-_Subordinadas_Mezanino_
2026-09-25,CREDIT PARTNERS LTDA - SENIORES ÚNICA,FIDCs,https://www.austin.com.br/Historico-Rating/5081/Credit_Partners_Ltda_-_Seniores_Única
2026-09-25,CREDSHOW FIDC - SUBORDINADAS MEZANINO I,FIDCs,https://www.austin.com.br/Historico-Rating/2547/Credshow_FIDC_-_Subordinadas_Mezanino_I_
2026-09-25,CREDVALE FIDC - SENIORES 11ª SÉRIE,FIDCs,https://www.austin.com.br/Historico-Rating/4631/CREDVALE_FIDC_-_Seniores_11ª_série
2026-09-25,CREDVALE FIDC - SUBORDINADAS JÚNIOR,FIDCs,https://www.austin.com.br/Historico-Rating/2970/Credvale_FIDC_-_Subordinadas_Júnior_
2026-09-25,CREDVALE FIDC - SENIORES 1ª SÉRIE,FIDCs,https://www.austin.com.br/Historico-Rating/2968/Credvale_FIDC_-_Seniores_1ª_série
2026-09-25,CRI CIBRASEC - RISCO PPP HABITACIONAL - 303ª SÉRIE DA 2ª EMISSÃO,CRIs,https://www.austin.com.br/Historico-Rating/4516/CRI_Cibrasec_-_Risco_PPP_Habitacional_-_303ª_Série_da_2ª_Emissão
2026-09-25,CRI OPEA - 468ª E 470ª SÉRIES - 1ª EMISSÃO – RISCO SHOPPING MADUREIRA,CRIs,https://www.austin.com.br/Historico-Rating/3949/CRI_Opea_-_468ª_e_470ª_Séries_-_1ª_Emissão_–_Risco_Shopping_Madureira
2026-09-25,CRI TRUE SECURITIZADORA - RISCO PULVERIZADO (MRV) - 1ª SÉRIE - 161ª EMISSÃO,CRIs,https://www.austin.com.br/Historico-Rating/4254/CRI_True_Securitizadora_-_Risco_Pulverizado_(MRV)_-_1ª_Série_-_161ª_Emissão
2026-09-25,CRI TRUE SECURITIZADORA - RISCO PULVERIZADO (MRV) - 2ª SÉRIE - 161ª EMISSÃO,CRIs,https://www.austin.com.br/Historico-Rating/4255/CRI_True_Securitizadora_-_Risco_Pulverizado_(MRV)_-_2ª_Série_-_161ª_Emissão
2026-09-25,CRI TRUE SECURITIZADORA - RISCO PULVERIZADO (MRV) - 3ª SÉRIE - 161ª EMISSÃO,CRIs,https://www.austin.com.br/Historico-Rating/4256/CRI_True_Securitizadora_-_Risco_Pulverizado_(MRV)_-_3ª_Série_-_161ª_Emissão
2026-09-25,CRIS DA INFRASEC – RISCO PSA BRASIL - 1ª EMISSÃO,CRIs,https://www.austin.com.br/Historico-Rating/4369/CRIs_da_Infrasec_–_Risco_PSA_Brasil_-_1ª_Emissão
2026-09-25,CRIS DA INFRASEC – RISCO PSA BRASIL - 2ª EMISSÃO,CRIs,https://www.austin.com.br/Historico-Rating/4370/CRIs_da_Infrasec_–_Risco_PSA_Brasil_-_2ª_Emissão
2026-09-25,CRONOS FIDC NP - SUBORDINADAS,FIDCs,https://www.austin.com.br/Historico-Rating/4507/Cronos_FIDC_NP_-_Subordinadas_
2026-09-25,CRONOS FIDC NP - SENIORES ÚNICA,FIDCs,https://www.austin.com.br/Historico-Rating/4506/Cronos_FIDC_NP_-_Seniores_Única
2026-09-25,CROWN OCEAN I FIDC NP - SUBORDINADAS MEZANINO,FIDCs,https://www.austin.com.br/Historico-Rating/3474/Crown_Ocean_I_FIDC_NP_-_Subordinadas_Mezanino_
2026-09-25,CROWN OCEAN I FIDC NP - SUBORDINADAS JÚNIOR,FIDCs,https://www.austin.com.br/Historico-Rating/3473/Crown_Ocean_I_FIDC_NP_-_Subordinadas_Júnior_
2026-09-25,CROWN OCEAN I FIDC NP - SUBORDINADAS,FIDCs,https://www.austin.com.br/Historico-Rating/2451/Crown_Ocean_I_FIDC_NP_-_Subordinadas_
2026-09-25,CROWN OCEAN III FIDC NP - ÚNICA,FIDCs,https://www.austin.com.br/Historico-Rating/2592/Crown_Ocean_III_FIDC_NP_-_Única_
2026-09-25,CULTURA AGROMAIS FIDC - SUBORDINADAS JÚNIOR,FIDCs,https://www.austin.com.br/Historico-Rating/4771/Cultura_Agromais_FIDC_-_Subordinadas_Júnior_
2026-09-25,CULTURA AGROMAIS FIDC - SUBORDINADAS MEZANINO,FIDCs,https://www.austin.com.br/Historico-Rating/4770/Cultura_Agromais_FIDC_-_Subordinadas_Mezanino_
2026-09-25,CULTURA AGROMAIS FIDC - SENIORES ÚNICA,FIDCs,https://www.austin.com.br/Historico-Rating/4769/Cultura_Agromais_FIDC_-_Seniores_Única
2026-09-25,CUPERTINO FIDC NP - SUBORDINADAS JÚNIOR,FIDCs,https://www.austin.com.br/Historico-Rating/3800/Cupertino_FIDC_NP_-_Subordinadas_Júnior_
2026-09-25,DAE S.A. – ÁGUA E ESGOTO,Corporativo,https://www.austin.com.br/Historico-Rating/4586/DAE_SA_–_ÁGUA_E_ESGOTO
2026-09-25,DBS FIDC - SENIORES 4ª SÉRIE,FIDCs,https://www.austin.com.br/Historico-Rating/3187/DBS_FIDC_-_Seniores_4ª_série
2026-09-25,DBS FIDC - SENIORES 3ª SÉRIE,FIDCs,https://www.austin.com.br/Historico-Rating/3186/DBS_FIDC_-_Seniores_3ª_série
2026-09-25,DBS FIDC - SENIORES 2ª SÉRIE,FIDCs,https://www.austin.com.br/Historico-Rating/3185/DBS_FIDC_-_Seniores_2ª_série
2026-09-25,DBS FIDC - SENIORES 1ª SÉRIE,FIDCs,https://www.austin.com.br/Historico-Rating/3184/DBS_FIDC_-_Seniores_1ª_série
2026-09-25,DBS FIDC - SUBORDINADAS JÚNIOR,FIDCs,https://www.austin.com.br/Historico-Rating/3183/DBS_FIDC_-_Subordinadas_Júnior_
2026-09-25,DEBÊNTURES DA BGO - 1ª EMISSÃO - 1ª E 2ª SÉRIES,Debêntures,https://www.austin.com.br/Historico-Rating/4984/Debêntures_da_BGO_-_1ª_Emissão_-_1ª_e_2ª_Séries
2026-09-25,DEL CRED FIDC - SUBORDINADAS JÚNIOR,FIDCs,https://www.austin.com.br/Historico-Rating/1758/Del_Cred_FIDC_-_Subordinadas_Júnior_
2026-09-25,DELTA ENERGIA PRÉ-PAGAMENTO I FIDC - SENIORES ÚNICA,FIDCs,https://www.austin.com.br/Historico-Rating/3438/Delta_Energia_Pré-Pagamento_I_FIDC_-_Seniores_Única
2026-09-25,DEMAND FIDC - SENIORES 1ª SÉRIE,FIDCs,https://www.austin.com.br/Historico-Rating/4472/Demand_FIDC_-_Seniores_1ª_série
2026-09-25,DFC FIDC NP - SUBORDINADAS JÚNIOR,FIDCs,https://www.austin.com.br/Historico-Rating/3065/DFC_FIDC_NP_-_Subordinadas_Júnior_
2026-09-25,DFG FIDC - SUBORDINADAS MEZANINO,FIDCs,https://www.austin.com.br/Historico-Rating/3167/DFG_FIDC_-_Subordinadas_Mezanino_
2026-09-25,DFG FIDC - SUBORDINADAS JÚNIOR,FIDCs,https://www.austin.com.br/Historico-Rating/3021/DFG_FIDC_-_Subordinadas_Júnior_
2026-09-25,DISAM BANK FIDC - SUBORDINADAS MEZANINO,FIDCs,https://www.austin.com.br/Historico-Rating/4778/Disam_Bank_FIDC_-_Subordinadas_Mezanino_
2026-09-25,DISAM BANK FIDC - SENIORES 1ª SÉRIE,FIDCs,https://www.austin.com.br/Historico-Rating/4777/Disam_Bank_FIDC_-_Seniores_1ª_série
2026-09-25,DUAS RODAS FIDC - SENIORES 1ª SÉRIE,FIDCs,https://www.austin.com.br/Historico-Rating/2161/Duas_Rodas_FIDC_-_Seniores_1ª_série
2026-09-25,DUAS RODAS FIDC - SUBORDINADAS JÚNIOR,FIDCs,https://www.austin.com.br/Historico-Rating/2160/Duas_Rodas_FIDC_-_Subordinadas_Júnior_
2026-09-25,ECOAGRO INSUMOS FIDC NP - SUBORDINADAS MEZANINO,FIDCs,https://www.austin.com.br/Historico-Rating/3567/Ecoagro_Insumos_FIDC_NP_-_Subordinadas_Mezanino_
2026-09-25,ECOAGRO INSUMOS FIDC NP - SENIORES 2ª SÉRIE,FIDCs,https://www.austin.com.br/Historico-Rating/3566/Ecoagro_Insumos_FIDC_NP_-_Seniores_2ª_série
2026-09-25,ECOAGRO INSUMOS FIDC NP - SUBORDINADAS MEZANINO,FIDCs,https://www.austin.com.br/Historico-Rating/3385/Ecoagro_Insumos_FIDC_NP_-_Subordinadas_Mezanino_
2026-09-25,ECOAGRO INSUMOS FIDC NP - SENIORES 1ª SÉRIE,FIDCs,https://www.austin.com.br/Historico-Rating/3382/Ecoagro_Insumos_FIDC_NP_-_Seniores_1ª_série
2026-09-25,EDISON FIDC - SENIORES 4ª SÉRIE,FIDCs,https://www.austin.com.br/Historico-Rating/4449/Edison_FIDC_-_Seniores_4ª_série
2026-09-25,EFFICIENTIA FIDC - SENIORES ÚNICA,FIDCs,https://www.austin.com.br/Historico-Rating/3313/Efficientia_FIDC_-_Seniores_Única
2026-09-25,ELETRONET FIDC - SENIORES 1ª SÉRIE,FIDCs,https://www.austin.com.br/Historico-Rating/4191/Eletronet_FIDC_-_Seniores_1ª_série
2026-09-25,EMPÍRICA DEBÊNTURES FIDC  - ÚNICA,FIDCs,https://www.austin.com.br/Historico-Rating/3656/Empírica_Debêntures_FIDC__-_Única_
2026-09-25,ENERGÉTICA FIDC - SUBORDINADAS JÚNIOR,FIDCs,https://www.austin.com.br/Historico-Rating/2616/Energética_FIDC_-_Subordinadas_Júnior_
2026-09-25,ENERGÉTICA FIDC - SUBORDINADAS MEZANINO,FIDCs,https://www.austin.com.br/Historico-Rating/2615/Energética_FIDC_-_Subordinadas_Mezanino_
2026-09-25,ENERGÉTICA FIDC - SENIORES 1ª SÉRIE,FIDCs,https://www.austin.com.br/Historico-Rating/2590/Energética_FIDC_-_Seniores_1ª_série
2026-09-25,EQUIPMED FIDC  - SUBORDINADAS MEZANINO,FIDCs,https://www.austin.com.br/Historico-Rating/5016/EquipMed_FIDC__-_Subordinadas_Mezanino_
2026-09-25,"EQUIPMED FIDC - 1ª, 2ª E 3ª SÉRIES - SENIORES 1ª SÉRIE",FIDCs,"https://www.austin.com.br/Historico-Rating/3628/EquipMed_FIDC_-_1ª,_2ª_e_3ª_Séries_-_Seniores_1ª_série"
2026-09-25,ESTADO DE SÃO PAULO,Estados e Municípios,https://www.austin.com.br/Historico-Rating/266/Estado_de_São_Paulo
2026-09-25,ESTADO DO PIAUÍ,Estados e Municípios,https://www.austin.com.br/Historico-Rating/3074/Estado_do_Piauí
2026-09-25,ESTANHO CRÉDITO CONSIGNADO FIDC - SENIORES 1ª SÉRIE,FIDCs,https://www.austin.com.br/Historico-Rating/5102/Estanho_Crédito_Consignado_FIDC_-_Seniores_1ª_série
2026-09-25,ESTRATÉGIA EDUCACIONAL FIDC - MEZANINO CLASSE A,FIDCs,https://www.austin.com.br/Historico-Rating/3932/Estratégia_Educacional_FIDC_-_Mezanino_Classe_A_
2026-09-25,ESTRATÉGIA EDUCACIONAL FIDC - SENIORES 1ª SÉRIE,FIDCs,https://www.austin.com.br/Historico-Rating/3931/Estratégia_Educacional_FIDC_-_Seniores_1ª_série
2026-09-25,ESTRATÉGIA EDUCACIONAL FIDC - SENIORES 1ª SÉRIE,FIDCs,https://www.austin.com.br/Historico-Rating/3831/Estratégia_Educacional_FIDC_-_Seniores_1ª_série
2026-09-25,ETR FIDC - SUBORDINADAS MEZANINO,FIDCs,https://www.austin.com.br/Historico-Rating/3403/ETR_FIDC_-_Subordinadas_Mezanino_
2026-09-25,ETR FIDC - SENIORES ÚNICA,FIDCs,https://www.austin.com.br/Historico-Rating/3402/ETR_FIDC_-_Seniores_Única
2026-09-25,EUD FICTOR CONSIGNADO FIDC - SUBORDINADAS JÚNIOR,FIDCs,https://www.austin.com.br/Historico-Rating/5104/EUD_Fictor_Consignado_FIDC_-_Subordinadas_Júnior_
2026-09-25,EUD FICTOR CONSIGNADO FIDC - SUBORDINADAS MEZANINO II,FIDCs,https://www.austin.com.br/Historico-Rating/5103/EUD_Fictor_Consignado_FIDC_-_Subordinadas_Mezanino_II_
2026-09-25,EURO FIDC - SENIORES 1ª SÉRIE,FIDCs,https://www.austin.com.br/Historico-Rating/2558/Euro_FIDC_-_Seniores_1ª_série
2026-09-25,EURO FIDC - SUBORDINADAS JÚNIOR,FIDCs,https://www.austin.com.br/Historico-Rating/2425/Euro_FIDC_-_Subordinadas_Júnior_
2026-09-25,EVOLUT FIDC MULTISSETORIAL - SENIORES 4ª SÉRIE,FIDCs,https://www.austin.com.br/Historico-Rating/4524/Evolut_FIDC_Multissetorial_-_Seniores_4ª_série
2026-09-25,EVOLUT FIDC MULTISSETORIAL - SUBORDINADAS JÚNIOR,FIDCs,https://www.austin.com.br/Historico-Rating/4523/Evolut_FIDC_Multissetorial_-_Subordinadas_Júnior_
2026-09-25,EVOLUT FIDC MULTISSETORIAL - SENIORES 3ª SÉRIE,FIDCs,https://www.austin.com.br/Historico-Rating/4522/Evolut_FIDC_Multissetorial_-_Seniores_3ª_série
2026-09-25,EVOLVE FIDC NP - SUBORDINADAS JÚNIOR,FIDCs,https://www.austin.com.br/Historico-Rating/3507/Evolve_FIDC_NP_-_Subordinadas_Júnior_
2026-09-25,EVOLVE FIDC NP - MEZANINO CLASSE A,FIDCs,https://www.austin.com.br/Historico-Rating/3506/Evolve_FIDC_NP_-_Mezanino_Classe_A_
2026-09-25,EXES AGRO XINGU - SUBORDINADAS,FIDCs,https://www.austin.com.br/Historico-Rating/4670/EXES_AGRO_XINGU_-_Subordinadas_
2026-09-25,EXES AGRO XINGU - SENIORES ÚNICA,FIDCs,https://www.austin.com.br/Historico-Rating/3595/Exes_Agro_Xingu_-_Seniores_Única
2026-09-25,EXES MÁQUINAS FIDC - MEZANINO CLASSE A,FIDCs,https://www.austin.com.br/Historico-Rating/4773/Exes_Máquinas_FIDC_-_Mezanino_Classe_A_
2026-09-25,EXES MÁQUINAS FIDC - SENIORES 1ª SÉRIE,FIDCs,https://www.austin.com.br/Historico-Rating/4772/Exes_Máquinas_FIDC_-_Seniores_1ª_série
2026-09-25,EXES SPECIAL FIDC - ÚNICA,FIDCs,https://www.austin.com.br/Historico-Rating/4657/EXES_SPECIAL_FIDC_-_Única_
2026-09-25,EXTRA BALANCE TOP SIERRA FIDC - SENIORES ÚNICA,FIDCs,https://www.austin.com.br/Historico-Rating/4695/Extra_Balance_Top_Sierra_FIDC_-_Seniores_Única
2026-09-25,FARM M I FIC FIDC - ÚNICA,FIDCs,https://www.austin.com.br/Historico-Rating/3425/FARM_M_I_FIC_FIDC_-_Única_
2026-09-25,FATOR UCB FIDC - SENIORES 1ª SÉRIE,FIDCs,https://www.austin.com.br/Historico-Rating/4061/Fator_UCB_FIDC_-_Seniores_1ª_série
2026-09-25,FATORI FIDC - SUBORDINADAS JÚNIOR,FIDCs,https://www.austin.com.br/Historico-Rating/2709/Fatori_FIDC_-_Subordinadas_Júnior_
2026-09-25,FEDERAL IAA FIDC NP - ÚNICA,FIDCs,https://www.austin.com.br/Historico-Rating/3575/Federal_IAA_FIDC_NP_-_Única_
2026-09-25,FEDERAL INVEST CO FIDC - SUBORDINADAS JÚNIOR,FIDCs,https://www.austin.com.br/Historico-Rating/2863/Federal_Invest_CO_FIDC_-_Subordinadas_Júnior_
2026-09-25,FEDERAL INVEST FIDC - SUBORDINADAS MEZANINO IV,FIDCs,https://www.austin.com.br/Historico-Rating/2929/Federal_Invest_FIDC_-_Subordinadas_Mezanino_IV_
2026-09-25,FEDERAL INVEST FIDC - SUBORDINADAS JÚNIOR,FIDCs,https://www.austin.com.br/Historico-Rating/2240/Federal_Invest_FIDC_-_Subordinadas_Júnior_
2026-09-25,FEDERAL INVEST FIDC - SUBORDINADAS MEZANINO II,FIDCs,https://www.austin.com.br/Historico-Rating/2239/Federal_Invest_FIDC_-_Subordinadas_Mezanino_II_
2026-09-25,FEDERAL INVEST FIDC - SUBORDINADAS MEZANINO I,FIDCs,https://www.austin.com.br/Historico-Rating/2238/Federal_Invest_FIDC_-_Subordinadas_Mezanino_I_
2026-09-25,FEDERAL INVEST FIDC - SENIORES 1ª SÉRIE,FIDCs,https://www.austin.com.br/Historico-Rating/2100/Federal_Invest_FIDC_-_Seniores_1ª_série
2026-09-25,FEDERAL INVEST I FIC FIDC - MEZANINO CLASSE B,FIDCs,https://www.austin.com.br/Historico-Rating/2333/Federal_Invest_I_FIC_FIDC_-_Mezanino_Classe_B_
2026-09-25,FEDERAL INVEST I FIC FIDC - MEZANINO CLASSE A,FIDCs,https://www.austin.com.br/Historico-Rating/2332/Federal_Invest_I_FIC_FIDC_-_Mezanino_Classe_A_
2026-09-25,FEDERAL INVEST I FIC FIDC - SENIORES 1ª SÉRIE,FIDCs,https://www.austin.com.br/Historico-Rating/2313/Federal_Invest_I_FIC_FIDC_-_Seniores_1ª_série
2026-09-25,FG NOW FIDC - SUBORDINADAS JÚNIOR,FIDCs,https://www.austin.com.br/Historico-Rating/4539/FG_Now_FIDC_-_Subordinadas_Júnior_
2026-09-25,FG NOW FIDC - SUBORDINADAS MEZANINO,FIDCs,https://www.austin.com.br/Historico-Rating/4538/FG_Now_FIDC_-_Subordinadas_Mezanino_
2026-09-25,FG NOW FIDC - SENIORES ÚNICA,FIDCs,https://www.austin.com.br/Historico-Rating/4537/FG_Now_FIDC_-_Seniores_Única
2026-09-25,FGR FIDC - SENIORES ÚNICA,FIDCs,https://www.austin.com.br/Historico-Rating/4952/FGR_FIDC_-_Seniores_Única
2026-09-25,FIC FIDC BIZCAPITAL I - SUBORDINADAS JÚNIOR,FIDCs,https://www.austin.com.br/Historico-Rating/4141/FIC_FIDC_BIZCAPITAL_I_-_Subordinadas_Júnior_
2026-09-25,FIC FIDC BIZCAPITAL I - SUBORDINADAS MEZANINO,FIDCs,https://www.austin.com.br/Historico-Rating/4140/FIC_FIDC_BIZCAPITAL_I_-_Subordinadas_Mezanino_
2026-09-25,FIC FIDC BRAZIL PLUS  - SUBORDINADAS MEZANINO,FIDCs,https://www.austin.com.br/Historico-Rating/1020/FIC_FIDC_Brazil_Plus__-_Subordinadas_Mezanino_
2026-09-25,FIC FIDC BRAZIL PLUS  - SENIORES ÚNICA,FIDCs,https://www.austin.com.br/Historico-Rating/1019/FIC_FIDC_Brazil_Plus__-_Seniores_Única
2026-09-25,FIC FIDC EMPÍRICA NOVERDE - SUBORDINADAS,FIDCs,https://www.austin.com.br/Historico-Rating/4467/FIC_FIDC_Empírica_Noverde_-_Subordinadas_
2026-09-25,FIC FIDC EMPÍRICA NOVERDE - SENIORES ÚNICA,FIDCs,https://www.austin.com.br/Historico-Rating/4466/FIC_FIDC_Empírica_Noverde_-_Seniores_Única
2026-09-25,FIC FIDC EXODUS INSTITUCIONAL - MEZANINO CLASSE B,FIDCs,https://www.austin.com.br/Historico-Rating/4664/FIC_FIDC_EXODUS_INSTITUCIONAL_-_Mezanino_Classe_B_
2026-09-25,FIC FIDC EXODUS INSTITUCIONAL - MEZANINO CLASSE A,FIDCs,https://www.austin.com.br/Historico-Rating/4663/FIC_FIDC_EXODUS_INSTITUCIONAL_-_Mezanino_Classe_A_
2026-09-25,FIC FIDC EXODUS INSTITUCIONAL - SUBORDINADAS MEZANINO I,FIDCs,https://www.austin.com.br/Historico-Rating/4662/FIC_FIDC_EXODUS_INSTITUCIONAL_-_Subordinadas_Mezanino_I_
2026-09-25,FIC FIDC EXODUS INSTITUCIONAL - SENIORES 5ª SÉRIE,FIDCs,https://www.austin.com.br/Historico-Rating/4661/FIC_FIDC_EXODUS_INSTITUCIONAL_-_Seniores_5ª_série
2026-09-25,FIC FIDC EXODUS INSTITUCIONAL - SENIORES 4ª SÉRIE,FIDCs,https://www.austin.com.br/Historico-Rating/4660/FIC_FIDC_EXODUS_INSTITUCIONAL_-_Seniores_4ª_série
2026-09-25,FIC FIDC EXODUS INSTITUCIONAL - SENIORES 3ª SÉRIE,FIDCs,https://www.austin.com.br/Historico-Rating/4659/FIC_FIDC_EXODUS_INSTITUCIONAL_-_Seniores_3ª_série
2026-09-25,FIC FIDC EXODUS INSTITUCIONAL - SENIORES 2ª SÉRIE,FIDCs,https://www.austin.com.br/Historico-Rating/4658/FIC_FIDC_EXODUS_INSTITUCIONAL_-_Seniores_2ª_série
2026-09-25,FIC FIDC MULTIPLIX - SUBORDINADAS JÚNIOR,FIDCs,https://www.austin.com.br/Historico-Rating/3134/FIC_FIDC_Multiplix_-_Subordinadas_Júnior_
2026-09-25,FIC FIDC NP JIVE PRECATÓRIOS - SENIORES ÚNICA,FIDCs,https://www.austin.com.br/Historico-Rating/3376/FIC_FIDC_NP_Jive_Precatórios_-_Seniores_Única
2026-09-25,FIC FIDC PACÍFICO - SENIORES ÚNICA,FIDCs,https://www.austin.com.br/Historico-Rating/4993/FIC_FIDC_Pacífico_-_Seniores_Única
2026-09-25,FIC FIDC RNX FEEDER - SUBORDINADAS,FIDCs,https://www.austin.com.br/Historico-Rating/2533/FIC_FIDC_RNX_Feeder_-_Subordinadas_
2026-09-25,FIC FIDC RNX FEEDER - SENIORES ÚNICA,FIDCs,https://www.austin.com.br/Historico-Rating/2532/FIC_FIDC_RNX_Feeder_-_Seniores_Única
2026-09-25,FIC FIDC SRM   - SENIORES 3ª SÉRIE,FIDCs,https://www.austin.com.br/Historico-Rating/1926/FIC_FIDC_SRM___-_Seniores_3ª_série
2026-09-25,FIC FIDC SUL BRASIL MEZANINO - SENIORES 4ª SÉRIE,FIDCs,https://www.austin.com.br/Historico-Rating/3496/FIC_FIDC_Sul_Brasil_Mezanino_-_Seniores_4ª_série
2026-09-25,FIC FIDC SUL BRASIL MEZANINO - SENIORES 3ª SÉRIE,FIDCs,https://www.austin.com.br/Historico-Rating/3495/FIC_FIDC_Sul_Brasil_Mezanino_-_Seniores_3ª_série
2026-09-25,FIC FIDC SUL BRASIL MEZANINO - SENIORES 1ª SÉRIE,FIDCs,https://www.austin.com.br/Historico-Rating/3265/FIC_FIDC_Sul_Brasil_Mezanino_-_Seniores_1ª_série
2026-09-25,FIC FIDC SUL BRASIL MEZANINO - SENIORES 2ª SÉRIE,FIDCs,https://www.austin.com.br/Historico-Rating/3230/FIC_FIDC_Sul_Brasil_Mezanino_-_Seniores_2ª_série
2026-09-25,FIC FIDC SUL BRASIL MEZANINO - SUBORDINADAS,FIDCs,https://www.austin.com.br/Historico-Rating/2961/FIC_FIDC_Sul_Brasil_Mezanino_-_Subordinadas_
2026-09-25,FIC FIDC TERCON MULTICRÉDITO - SENIORES ÚNICA,FIDCs,https://www.austin.com.br/Historico-Rating/2599/FIC_FIDC_Tercon_Multicrédito_-_Seniores_Única
2026-09-25,FIC FIDC VIA MULTICRÉDITO - SUBORDINADAS JÚNIOR,FIDCs,https://www.austin.com.br/Historico-Rating/3497/FIC_FIDC_Via_Multicrédito_-_Subordinadas_Júnior_
2026-09-25,FIC FIDC VIA MULTICRÉDITO - SUBORDINADAS MEZANINO,FIDCs,https://www.austin.com.br/Historico-Rating/3263/FIC_FIDC_Via_Multicrédito_-_Subordinadas_Mezanino_
2026-09-25,FIC FIDC VIA MULTICRÉDITO  - SENIORES ÚNICA,FIDCs,https://www.austin.com.br/Historico-Rating/2661/FIC_FIDC_Via_Multicrédito__-_Seniores_Única
2026-09-25,FICTOR CONSIGNADO II FIDC - SUBORDINADAS JÚNIOR,FIDCs,https://www.austin.com.br/Historico-Rating/5108/Fictor_Consignado_II_FIDC_-_Subordinadas_Júnior_
2026-09-25,FICTOR CONSIGNADO II FIDC - SENIORES 2ª SÉRIE,FIDCs,https://www.austin.com.br/Historico-Rating/5107/Fictor_Consignado_II_FIDC_-_Seniores_2ª_série
2026-09-25,FICTOR FIC FIDC - SUBORDINADAS MEZANINO,FIDCs,https://www.austin.com.br/Historico-Rating/4347/FICTOR_FIC_FIDC_-_Subordinadas_Mezanino_
2026-09-25,FICTOR FIC FIDC - SENIORES ÚNICA,FIDCs,https://www.austin.com.br/Historico-Rating/4346/FICTOR_FIC_FIDC_-_Seniores_Única
2026-09-25,FICTOR INVEST FIDC - SUBORDINADAS MEZANINO,FIDCs,https://www.austin.com.br/Historico-Rating/5038/Fictor_Invest_FIDC_-_Subordinadas_Mezanino_
2026-09-25,FICTOR INVEST FIDC - SUBORDINADAS MEZANINO,FIDCs,https://www.austin.com.br/Historico-Rating/5037/Fictor_Invest_FIDC_-_Subordinadas_Mezanino_
2026-09-25,FICTOR INVEST FIDC - SUBORDINADAS MEZANINO,FIDCs,https://www.austin.com.br/Historico-Rating/5036/Fictor_Invest_FIDC_-_Subordinadas_Mezanino_
2026-09-25,FICTOR INVEST FIDC - SUBORDINADAS MEZANINO,FIDCs,https://www.austin.com.br/Historico-Rating/5035/Fictor_Invest_FIDC_-_Subordinadas_Mezanino_
2026-09-25,FICTOR INVEST FIDC - SUBORDINADAS MEZANINO,FIDCs,https://www.austin.com.br/Historico-Rating/5034/Fictor_Invest_FIDC_-_Subordinadas_Mezanino_
2026-09-25,FIDC 3R AGRO PRODUTORES AGRÍCOLAS I - SENIORES 1ª SÉRIE,FIDCs,https://www.austin.com.br/Historico-Rating/3452/FIDC_3R_Agro_Produtores_Agrícolas_I_-_Seniores_1ª_série
2026-09-25,FIDC ABERTO CAIXA RPPS CC CONSIGNADO BMG INSS - SENIORES ÚNICA,FIDCs,https://www.austin.com.br/Historico-Rating/2482/FIDC_Aberto_Caixa_RPPS_CC_Consignado_BMG_INSS_-_Seniores_Única
2026-09-25,FIDC ABERTO MIT - SUBORDINADAS,FIDCs,https://www.austin.com.br/Historico-Rating/1127/FIDC_Aberto_MIT_-_Subordinadas_
2026-09-25,FIDC ABERTO MIT - SENIORES ÚNICA,FIDCs,https://www.austin.com.br/Historico-Rating/1126/FIDC_Aberto_MIT_-_Seniores_Única
2026-09-25,FIDC ACR FAST - SENIORES ÚNICA,FIDCs,https://www.austin.com.br/Historico-Rating/4230/FIDC_ACR_Fast_-_Seniores_Única
2026-09-25,FIDC ACR I - SENIORES ÚNICA,FIDCs,https://www.austin.com.br/Historico-Rating/4463/FIDC_ACR_I_-_Seniores_Única
2026-09-25,FIDC ACR II - SUBORDINADAS,FIDCs,https://www.austin.com.br/Historico-Rating/4614/FIDC_ACR_II_-_Subordinadas_
2026-09-25,FIDC ACR II - SENIORES ÚNICA,FIDCs,https://www.austin.com.br/Historico-Rating/4613/FIDC_ACR_II_-_Seniores_Única
2026-09-25,FIDC ACTUS 1 - ÚNICA,FIDCs,https://www.austin.com.br/Historico-Rating/3386/FIDC_Actus_1_-_Única_
2026-09-25,FIDC ALBAUGH - SENIORES 4ª SÉRIE,FIDCs,https://www.austin.com.br/Historico-Rating/4728/FIDC_Albaugh_-_Seniores_4ª_série
2026-09-25,"FIDC ALBAUGH - 1ª, 2ª, 3ª E 5ª SÉRIES - SENIORES 1ª SÉRIE",FIDCs,"https://www.austin.com.br/Historico-Rating/4536/FIDC_Albaugh_-_1ª,_2ª,_3ª_e_5ª_Séries_-_Seniores_1ª_série"
2026-09-25,FIDC ALION CONSIGNADOS - SUBORDINADAS JÚNIOR,FIDCs,https://www.austin.com.br/Historico-Rating/4606/FIDC_Alion_Consignados_-_Subordinadas_Júnior_
2026-09-25,FIDC ALION CONSIGNADOS - SUBORDINADAS MEZANINO,FIDCs,https://www.austin.com.br/Historico-Rating/4605/FIDC_Alion_Consignados_-_Subordinadas_Mezanino_
2026-09-25,FIDC ALION CONSIGNADOS - SENIORES ÚNICA,FIDCs,https://www.austin.com.br/Historico-Rating/4604/FIDC_Alion_Consignados_-_Seniores_Única
2026-09-25,FIDC ALION II CONSIGNADOS - SUBORDINADAS JÚNIOR,FIDCs,https://www.austin.com.br/Historico-Rating/4795/FIDC_Alion_II_Consignados_-_Subordinadas_Júnior_
2026-09-25,FIDC ALION II CONSIGNADOS - MEZANINO CLASSE A,FIDCs,https://www.austin.com.br/Historico-Rating/4794/FIDC_Alion_II_Consignados_-_Mezanino_Classe_A_
2026-09-25,FIDC ALION II CONSIGNADOS - MEZANINO CLASSE B,FIDCs,https://www.austin.com.br/Historico-Rating/4793/FIDC_Alion_II_Consignados_-_Mezanino_Classe_B_
2026-09-25,FIDC ALION II CONSIGNADOS - SENIORES ÚNICA,FIDCs,https://www.austin.com.br/Historico-Rating/4792/FIDC_Alion_II_Consignados_-_Seniores_Única
2026-09-25,FIDC ALION III CONSIGNADOS - MEZANINO CLASSE A,FIDCs,https://www.austin.com.br/Historico-Rating/4442/FIDC_Alion_III_Consignados_-_Mezanino_Classe_A_
2026-09-25,FIDC ALION III CONSIGNADOS - MEZANINO CLASSE B,FIDCs,https://www.austin.com.br/Historico-Rating/4441/FIDC_Alion_III_Consignados_-_Mezanino_Classe_B_
2026-09-25,FIDC ALION III CONSIGNADOS - SENIORES 1ª SÉRIE,FIDCs,https://www.austin.com.br/Historico-Rating/4440/FIDC_Alion_III_Consignados_-_Seniores_1ª_série
2026-09-25,FIDC ANGÁ CREDITAS CONSIGNADO PRIVADO - SUBORDINADAS PREFERENCIAIS,FIDCs,https://www.austin.com.br/Historico-Rating/4020/FIDC_Angá_Creditas_Consignado_Privado_-_Subordinadas_Preferenciais_
2026-09-25,FIDC ANGÁ CREDITAS CONSIGNADO PRIVADO - SENIORES 1ª SÉRIE,FIDCs,https://www.austin.com.br/Historico-Rating/4019/FIDC_Angá_Creditas_Consignado_Privado_-_Seniores_1ª_série
2026-09-25,FIDC ANGÁ CREDITAS CONSIGNADO PRIVADO - SUBORDINADAS PREFERENCIAIS,FIDCs,https://www.austin.com.br/Historico-Rating/4018/FIDC_Angá_Creditas_Consignado_Privado_-_Subordinadas_Preferenciais_
2026-09-25,FIDC ANGÁ CREDITAS CONSIGNADO PRIVADO - SENIORES 2ª SÉRIE,FIDCs,https://www.austin.com.br/Historico-Rating/4017/FIDC_Angá_Creditas_Consignado_Privado_-_Seniores_2ª_série
2026-09-25,FIDC ANGÁ CREDITAS CONSIGNADO PRIVADO - SUBORDINADAS PREFERENCIAIS,FIDCs,https://www.austin.com.br/Historico-Rating/3860/FIDC_Angá_Creditas_Consignado_Privado_-_Subordinadas_Preferenciais_
2026-09-25,FIDC ANGÁ FACTA CONSIGNADOS INSS I - SUBORDINADAS ORDINÁRIAS,FIDCs,https://www.austin.com.br/Historico-Rating/3622/FIDC_Angá_Facta_Consignados_INSS_I_-_Subordinadas_Ordinárias_
2026-09-25,FIDC ANGÁ FGTS - SUBORDINADAS JÚNIOR,FIDCs,https://www.austin.com.br/Historico-Rating/4781/FIDC_Angá_FGTS_-_Subordinadas_Júnior_
2026-09-25,FIDC ANGÁ FGTS - SUBORDINADAS MEZANINO,FIDCs,https://www.austin.com.br/Historico-Rating/4780/FIDC_Angá_FGTS_-_Subordinadas_Mezanino_
2026-09-25,FIDC ANGÁ FGTS - SENIORES ÚNICA,FIDCs,https://www.austin.com.br/Historico-Rating/4779/FIDC_Angá_FGTS_-_Seniores_Única
2026-09-25,FIDC ANGÁ LEASING 2921 - SENIORES 1ª SÉRIE,FIDCs,https://www.austin.com.br/Historico-Rating/2680/FIDC_Angá_Leasing_2921_-_Seniores_1ª_série
2026-09-25,FIDC ANGÁ LEASING 2921 - SUBORDINADAS,FIDCs,https://www.austin.com.br/Historico-Rating/2679/FIDC_Angá_Leasing_2921_-_Subordinadas_
2026-09-25,FIDC ANGÁ MULTI CONSIGNADOS I - SUBORDINADAS,FIDCs,https://www.austin.com.br/Historico-Rating/3611/FIDC_Angá_Multi_Consignados_I_-_Subordinadas_
2026-09-25,FIDC ANGÁ MULTI CONSIGNADOS I - SENIORES ÚNICA,FIDCs,https://www.austin.com.br/Historico-Rating/3610/FIDC_Angá_Multi_Consignados_I_-_Seniores_Única
2026-09-25,FIDC ANGÁ MULTIESTRATÉGIA I - SUBORDINADAS,FIDCs,https://www.austin.com.br/Historico-Rating/2849/FIDC_Angá_Multiestratégia_I_-_Subordinadas_
2026-09-25,FIDC ANGÁ MULTIESTRATÉGIA I - SENIORES 1ª SÉRIE,FIDCs,https://www.austin.com.br/Historico-Rating/2848/FIDC_Angá_Multiestratégia_I_-_Seniores_1ª_série
2026-09-25,FIDC ANGÁ MULTIESTRATÉGIA II - SUBORDINADAS,FIDCs,https://www.austin.com.br/Historico-Rating/3121/FIDC_Angá_Multiestratégia_II_-_Subordinadas_
2026-09-25,FIDC ANGÁ MULTIESTRATÉGIA II - SENIORES 1ª SÉRIE,FIDCs,https://www.austin.com.br/Historico-Rating/3120/FIDC_Angá_Multiestratégia_II_-_Seniores_1ª_série
2026-09-25,FIDC ANGÁ SABEMI CONSIGNADOS IX - SUBORDINADAS ORDINÁRIAS,FIDCs,https://www.austin.com.br/Historico-Rating/2966/FIDC_Angá_Sabemi_Consignados_IX_-_Subordinadas_Ordinárias_
2026-09-25,FIDC ANGÁ SABEMI CONSIGNADOS XI  - SUBORDINADAS ORDINÁRIAS,FIDCs,https://www.austin.com.br/Historico-Rating/3767/FIDC_Angá_Sabemi_Consignados_XI__-_Subordinadas_Ordinárias_
2026-09-25,FIDC ANGÁ SABEMI X - SUBORDINADAS ORDINÁRIAS,FIDCs,https://www.austin.com.br/Historico-Rating/3116/FIDC_Angá_Sabemi_X_-_Subordinadas_Ordinárias_
2026-09-25,FIDC ARTESANAL MP MICROFINANÇAS - SUBORDINADAS JÚNIOR,FIDCs,https://www.austin.com.br/Historico-Rating/3176/FIDC_Artesanal_MP_Microfinanças_-_Subordinadas_Júnior_
2026-09-25,FIDC ARTESANAL MP MICROFINANÇAS - SENIORES 2ª SÉRIE,FIDCs,https://www.austin.com.br/Historico-Rating/3165/FIDC_Artesanal_MP_Microfinanças_-_Seniores_2ª_série
2026-09-25,FIDC ARTESANAL MP MICROFINANÇAS - SENIORES 1ª SÉRIE,FIDCs,https://www.austin.com.br/Historico-Rating/3164/FIDC_Artesanal_MP_Microfinanças_-_Seniores_1ª_série
2026-09-25,FIDC ARTESANAL MP MICROFINANÇAS - MEZANINO CLASSE C,FIDCs,https://www.austin.com.br/Historico-Rating/3163/FIDC_Artesanal_MP_Microfinanças_-_Mezanino_Classe_C_
2026-09-25,FIDC AUTO-HONDA - SENIORES ÚNICA,FIDCs,https://www.austin.com.br/Historico-Rating/2782/FIDC_Auto-Honda_-_Seniores_Única
2026-09-25,FIDC BANCO EMISSORES DE CARTÃO DE CRÉDITO V - SUBORDINADAS,FIDCs,https://www.austin.com.br/Historico-Rating/4014/FIDC_Banco_Emissores_de_Cartão_de_Crédito_V_-_Subordinadas_
2026-09-25,FIDC BANCOS EMISSORES DE CARTÃO DE CRÉDITO V - SUBORDINADAS,FIDCs,https://www.austin.com.br/Historico-Rating/4615/FIDC_Bancos_Emissores_de_Cartão_de_Crédito_V_-_Subordinadas_
2026-09-25,FIDC BANDEIRANTES - SENIORES ÚNICA,FIDCs,https://www.austin.com.br/Historico-Rating/5091/FIDC_Bandeirantes_-_Seniores_Única
2026-09-25,FIDC BEEF TECH - SUBORDINADAS JÚNIOR,FIDCs,https://www.austin.com.br/Historico-Rating/3619/FIDC_Beef_Tech_-_Subordinadas_Júnior_
2026-09-25,FIDC BEEF TECH - SUBORDINADAS MEZANINO,FIDCs,https://www.austin.com.br/Historico-Rating/3618/FIDC_Beef_Tech_-_Subordinadas_Mezanino_
2026-09-25,FIDC BEEF TECH - SENIORES ÚNICA,FIDCs,https://www.austin.com.br/Historico-Rating/3617/FIDC_Beef_Tech_-_Seniores_Única
2026-09-25,FIDC BNP PARIBAS CAFAM INFRAESTRUTURA I - SENIORES ÚNICA,FIDCs,https://www.austin.com.br/Historico-Rating/2955/FIDC_BNP_Paribas_CAFAM_Infraestrutura_I_-_Seniores_Única
2026-09-25,FIDC BNP PARIBAS CAFAM INFRAESTRUTURA I - SUBORDINADAS MEZANINO,FIDCs,https://www.austin.com.br/Historico-Rating/2954/FIDC_BNP_Paribas_CAFAM_Infraestrutura_I_-_Subordinadas_Mezanino_
2026-09-25,FIDC BRZ CAPITAL CONSIG I  - SUBORDINADAS JÚNIOR,FIDCs,https://www.austin.com.br/Historico-Rating/3730/FIDC_BRZ_Capital_Consig_I__-_Subordinadas_Júnior_
2026-09-25,FIDC BRZ CAPITAL CONSIG I  - SUBORDINADAS MEZANINO,FIDCs,https://www.austin.com.br/Historico-Rating/3729/FIDC_BRZ_Capital_Consig_I__-_Subordinadas_Mezanino_
2026-09-25,FIDC BRZ CAPITAL CONSIG I  - SENIORES ÚNICA,FIDCs,https://www.austin.com.br/Historico-Rating/3728/FIDC_BRZ_Capital_Consig_I__-_Seniores_Única
2026-09-25,FIDC BRZ CIASPREV II - SUBORDINADAS JÚNIOR,FIDCs,https://www.austin.com.br/Historico-Rating/3707/FIDC_BRZ_Ciasprev_II_-_Subordinadas_Júnior_
2026-09-25,FIDC BRZ CIASPREV II - SUBORDINADAS MEZANINO,FIDCs,https://www.austin.com.br/Historico-Rating/3253/FIDC_BRZ_Ciasprev_II_-_Subordinadas_Mezanino_
2026-09-25,FIDC BRZ CIASPREV II - SENIORES ÚNICA,FIDCs,https://www.austin.com.br/Historico-Rating/3252/FIDC_BRZ_Ciasprev_II_-_Seniores_Única
2026-09-25,FIDC BUNGE BRASIL  - SENIORES 1ª SÉRIE,FIDCs,https://www.austin.com.br/Historico-Rating/1374/FIDC_Bunge_Brasil__-_Seniores_1ª_série
2026-09-25,FIDC CADEIAS AGROINDUSTRIAIS– FIAGRO ÂNIMA COCARI - SENIORES 1ª SÉRIE,FIDCs,https://www.austin.com.br/Historico-Rating/5032/FIDC_Cadeias_Agroindustriais–_Fiagro_Ânima_Cocari_-_Seniores_1ª_série
2026-09-25,FIDC CAP - SUBORDINADAS PREFERENCIAIS,FIDCs,https://www.austin.com.br/Historico-Rating/4699/FIDC_Cap_-_Subordinadas_Preferenciais_
2026-09-25,FIDC CAP - SUBORDINADAS PREFERENCIAIS,FIDCs,https://www.austin.com.br/Historico-Rating/4698/FIDC_Cap_-_Subordinadas_Preferenciais_
2026-09-25,FIDC CAP - SENIORES 2ª SÉRIE,FIDCs,https://www.austin.com.br/Historico-Rating/4697/FIDC_Cap_-_Seniores_2ª_série
2026-09-25,FIDC CAP - SENIORES 1ª SÉRIE,FIDCs,https://www.austin.com.br/Historico-Rating/4696/FIDC_Cap_-_Seniores_1ª_série
2026-09-25,FIDC CAPITAL BR  - SENIORES 1ª SÉRIE,FIDCs,https://www.austin.com.br/Historico-Rating/3391/FIDC_Capital_BR__-_Seniores_1ª_série
2026-09-25,FIDC CAR10  - SENIORES ÚNICA,FIDCs,https://www.austin.com.br/Historico-Rating/3774/FIDC_Car10__-_Seniores_Única
2026-09-25,FIDC CEEE VII-D - SENIORES 2ª SÉRIE,FIDCs,https://www.austin.com.br/Historico-Rating/3000/FIDC_CEEE_VII-D_-_Seniores_2ª_série
2026-09-25,FIDC CEEE VII-D - SENIORES 1ª SÉRIE,FIDCs,https://www.austin.com.br/Historico-Rating/2999/FIDC_CEEE_VII-D_-_Seniores_1ª_série
2026-09-25,FIDC CENTERCOB - SENIORES ÚNICA,FIDCs,https://www.austin.com.br/Historico-Rating/2920/FIDC_Centercob_-_Seniores_Única
2026-09-25,FIDC CERES CONFINA - MEZANINO CLASSE B,FIDCs,https://www.austin.com.br/Historico-Rating/4656/FIDC_Ceres_Confina_-_Mezanino_Classe_B_
2026-09-25,FIDC CERES CONFINA - SENIORES 2ª SÉRIE,FIDCs,https://www.austin.com.br/Historico-Rating/4630/FIDC_Ceres_Confina_-_Seniores_2ª_série
2026-09-25,FIDC CERES CONFINA - SUBORDINADAS JÚNIOR,FIDCs,https://www.austin.com.br/Historico-Rating/4081/FIDC_Ceres_Confina_-_Subordinadas_Júnior_
2026-09-25,FIDC CERES CONFINA - MEZANINO CLASSE A,FIDCs,https://www.austin.com.br/Historico-Rating/4080/FIDC_Ceres_Confina_-_Mezanino_Classe_A_
2026-09-25,FIDC CERES CONFINA - SENIORES 1ª SÉRIE,FIDCs,https://www.austin.com.br/Historico-Rating/4079/FIDC_Ceres_Confina_-_Seniores_1ª_série
2026-09-25,FIDC COLUMBIA - SUBORDINADAS MEZANINO,FIDCs,https://www.austin.com.br/Historico-Rating/2413/FIDC_Columbia_-_Subordinadas_Mezanino_
2026-09-25,FIDC COLUMBIA - SENIORES ÚNICA,FIDCs,https://www.austin.com.br/Historico-Rating/2412/FIDC_Columbia_-_Seniores_Única
2026-09-25,FIDC CONSIGNADOS FEDERAIS - SUBORDINADAS ORDINÁRIAS,FIDCs,https://www.austin.com.br/Historico-Rating/3349/FIDC_Consignados_Federais_-_Subordinadas_Ordinárias_
2026-09-25,FIDC CONSIGNADOS FEDERAIS - SUBORDINADAS PREFERENCIAIS,FIDCs,https://www.austin.com.br/Historico-Rating/3348/FIDC_Consignados_Federais_-_Subordinadas_Preferenciais_
2026-09-25,FIDC CONSIGNADOS FEDERAIS - SUBORDINADAS PREFERENCIAIS,FIDCs,https://www.austin.com.br/Historico-Rating/3347/FIDC_Consignados_Federais_-_Subordinadas_Preferenciais_
2026-09-25,FIDC CONSIGNADOS FEDERAIS - SENIORES ÚNICA,FIDCs,https://www.austin.com.br/Historico-Rating/3346/FIDC_Consignados_Federais_-_Seniores_Única
2026-09-25,FIDC CONSORCIEI I  - SUBORDINADAS,FIDCs,https://www.austin.com.br/Historico-Rating/3390/FIDC_Consorciei_I__-_Subordinadas_
2026-09-25,FIDC CORBAN - ÚNICA,FIDCs,https://www.austin.com.br/Historico-Rating/2806/FIDC_Corban_-_Única_
2026-09-25,FIDC CREDIBLUE-GENIAL - SENIORES 1ª SÉRIE,FIDCs,https://www.austin.com.br/Historico-Rating/4682/FIDC_Crediblue-Genial_-_Seniores_1ª_série
2026-09-25,FIDC CREDITAS TEMPUS - ÚNICA,FIDCs,https://www.austin.com.br/Historico-Rating/3750/FIDC_Creditas_Tempus_-_Única_
2026-09-25,FIDC DA INDÚSTRIA EXODUS INSTITUCIONAL - SENIORES ÚNICA,FIDCs,https://www.austin.com.br/Historico-Rating/4666/FIDC_DA_INDÚSTRIA_EXODUS_INSTITUCIONAL_-_Seniores_Única
2026-09-25,FIDC DANIELE - SENIORES 4ª SÉRIE,FIDCs,https://www.austin.com.br/Historico-Rating/4013/FIDC_Daniele_-_Seniores_4ª_série
2026-09-25,FIDC DE  RESPONSABILIDADE LIMITADA FGTS MT II - SENIORES 1ª SÉRIE,FIDCs,https://www.austin.com.br/Historico-Rating/4512/FIDC_de__Responsabilidade_Limitada_FGTS_MT_II_-_Seniores_1ª_série
2026-09-25,FIDC DOM PEDRO I - SENIORES 2ª SÉRIE,FIDCs,https://www.austin.com.br/Historico-Rating/3038/FIDC_Dom_Pedro_I_-_Seniores_2ª_série
2026-09-25,FIDC DOM PEDRO I - SENIORES 1ª SÉRIE,FIDCs,https://www.austin.com.br/Historico-Rating/3037/FIDC_Dom_Pedro_I_-_Seniores_1ª_série
2026-09-25,FIDC EMPÍRICA FUTURO PREVIDÊNCIA CONSIGNADO PÚBLICO - SUBORDINADAS JÚNIOR,FIDCs,https://www.austin.com.br/Historico-Rating/4064/FIDC_Empírica_Futuro_Previdência_Consignado_Público_-_Subordinadas_Júnior_
2026-09-25,FIDC EMPÍRICA FUTURO PREVIDÊNCIA CONSIGNADO PÚBLICO - SUBORDINADAS MEZANINO,FIDCs,https://www.austin.com.br/Historico-Rating/4063/FIDC_Empírica_Futuro_Previdência_Consignado_Público_-_Subordinadas_Mezanino_
2026-09-25,FIDC EMPÍRICA FUTURO PREVIDÊNCIA CONSIGNADO PÚBLICO - SENIORES ÚNICA,FIDCs,https://www.austin.com.br/Historico-Rating/4062/FIDC_Empírica_Futuro_Previdência_Consignado_Público_-_Seniores_Única
2026-09-25,FIDC EMPÍRICA GOAL ONE - SUBORDINADAS JÚNIOR,FIDCs,https://www.austin.com.br/Historico-Rating/1889/FIDC_Empírica_Goal_One_-_Subordinadas_Júnior_
2026-09-25,FIDC EMPÍRICA NOVERDE - ÚNICA,FIDCs,https://www.austin.com.br/Historico-Rating/4689/FIDC_Empírica_Noverde_-_Única_
2026-09-25,FIDC EMPÍRICA NOVERDE - SUBORDINADAS,FIDCs,https://www.austin.com.br/Historico-Rating/4511/FIDC_Empírica_Noverde_-_Subordinadas_
2026-09-25,FIDC EMPÍRICA NOVERDE - SENIORES 2ª SÉRIE,FIDCs,https://www.austin.com.br/Historico-Rating/4510/FIDC_Empírica_Noverde_-_Seniores_2ª_série
2026-09-25,FIDC ESPÍRITO SANTO - SUBORDINADAS JÚNIOR,FIDCs,https://www.austin.com.br/Historico-Rating/2296/FIDC_Espírito_Santo_-_Subordinadas_Júnior_
2026-09-25,FIDC EVEREST CONSIGNADO FEDERAL - SUBORDINADAS MEZANINO,FIDCs,https://www.austin.com.br/Historico-Rating/3753/FIDC_Everest_Consignado_Federal_-_Subordinadas_Mezanino_
2026-09-25,FIDC EVEREST CONSIGNADO FEDERAL - SENIORES ÚNICA,FIDCs,https://www.austin.com.br/Historico-Rating/3752/FIDC_Everest_Consignado_Federal_-_Seniores_Única
2026-09-25,FIDC EXODUS INSTITUCIONAL - MEZANINO CLASSE C,FIDCs,https://www.austin.com.br/Historico-Rating/2711/FIDC_Exodus_Institucional_-_Mezanino_Classe_C_
2026-09-25,FIDC EXODUS INSTITUCIONAL - MEZANINO CLASSE B,FIDCs,https://www.austin.com.br/Historico-Rating/2665/FIDC_Exodus_Institucional_-_Mezanino_Classe_B_
2026-09-25,FIDC EXODUS INSTITUCIONAL - MEZANINO CLASSE A,FIDCs,https://www.austin.com.br/Historico-Rating/1265/FIDC_Exodus_Institucional_-_Mezanino_Classe_A_
2026-09-25,FIDC EXODUS INSTITUCIONAL - SENIORES ÚNICA,FIDCs,https://www.austin.com.br/Historico-Rating/1092/FIDC_Exodus_Institucional_-_Seniores_Única
2026-09-25,FIDC FCT CONSIGNADO II - SUBORDINADAS JÚNIOR,FIDCs,https://www.austin.com.br/Historico-Rating/4629/FIDC_FCT_Consignado_II_-_Subordinadas_Júnior_
2026-09-25,FIDC FCT CONSIGNADO II - SUBORDINADAS MEZANINO,FIDCs,https://www.austin.com.br/Historico-Rating/4628/FIDC_FCT_Consignado_II_-_Subordinadas_Mezanino_
2026-09-25,FIDC FCT CONSIGNADO II - SENIORES ÚNICA,FIDCs,https://www.austin.com.br/Historico-Rating/4627/FIDC_FCT_Consignado_II_-_Seniores_Única
2026-09-25,FIDC FCT CONSIGNADO II - SUBORDINADAS JÚNIOR,FIDCs,https://www.austin.com.br/Historico-Rating/4453/FIDC_FCT_Consignado_II_-_Subordinadas_Júnior_
2026-09-25,FIDC FCT CONSIGNADO II - SUBORDINADAS MEZANINO,FIDCs,https://www.austin.com.br/Historico-Rating/4452/FIDC_FCT_Consignado_II_-_Subordinadas_Mezanino_
2026-09-25,FIDC FCT CONSIGNADO II - SENIORES ÚNICA,FIDCs,https://www.austin.com.br/Historico-Rating/4451/FIDC_FCT_Consignado_II_-_Seniores_Única
2026-09-25,FIDC FÊNIX - SUBORDINADAS MEZANINO,FIDCs,https://www.austin.com.br/Historico-Rating/4448/FIDC_Fênix_-_Subordinadas_Mezanino_
2026-09-25,FIDC FÊNIX - SENIORES 3ª SÉRIE,FIDCs,https://www.austin.com.br/Historico-Rating/4447/FIDC_Fênix_-_Seniores_3ª_série
2026-09-25,FIDC FÊNIX - SENIORES 1ª SÉRIE,FIDCs,https://www.austin.com.br/Historico-Rating/4446/FIDC_Fênix_-_Seniores_1ª_série
2026-09-25,FIDC FICTOR - SENIORES 1ª SÉRIE,FIDCs,https://www.austin.com.br/Historico-Rating/5105/FIDC_Fictor_-_Seniores_1ª_série
2026-09-25,FIDC FORNECEDORES MADEIRAMADEIRA I - SENIORES 1ª SÉRIE,FIDCs,https://www.austin.com.br/Historico-Rating/3723/FIDC_Fornecedores_MadeiraMadeira_I_-_Seniores_1ª_série
2026-09-25,FIDC FREI 19  - SUBORDINADAS,FIDCs,https://www.austin.com.br/Historico-Rating/3737/FIDC_Frei_19__-_Subordinadas_
2026-09-25,FIDC GALLERIA - MEZANINO CLASSE B,FIDCs,https://www.austin.com.br/Historico-Rating/4831/FIDC_Galleria_-_Mezanino_Classe_B_
2026-09-25,FIDC GALLERIA - SENIORES 3ª SÉRIE,FIDCs,https://www.austin.com.br/Historico-Rating/4830/FIDC_Galleria_-_Seniores_3ª_série
2026-09-25,FIDC GALLERIA - SENIORES ÚNICA,FIDCs,https://www.austin.com.br/Historico-Rating/3869/FIDC_Galleria_-_Seniores_Única
2026-09-25,FIDC GO KENERSON - SUBORDINADAS JÚNIOR,FIDCs,https://www.austin.com.br/Historico-Rating/4786/FIDC_GO_Kenerson_-_Subordinadas_Júnior_
2026-09-25,FIDC GO KENERSON - SUBORDINADAS MEZANINO II,FIDCs,https://www.austin.com.br/Historico-Rating/4785/FIDC_GO_Kenerson_-_Subordinadas_Mezanino_II_
2026-09-25,FIDC GO KENERSON - SUBORDINADAS MEZANINO I,FIDCs,https://www.austin.com.br/Historico-Rating/4784/FIDC_GO_Kenerson_-_Subordinadas_Mezanino_I_
2026-09-25,FIDC GO KENERSON - SENIORES 2ª SÉRIE,FIDCs,https://www.austin.com.br/Historico-Rating/4783/FIDC_GO_Kenerson_-_Seniores_2ª_série
2026-09-25,FIDC GO KENERSON - SENIORES 1ª SÉRIE,FIDCs,https://www.austin.com.br/Historico-Rating/4782/FIDC_GO_Kenerson_-_Seniores_1ª_série
2026-09-25,FIDC IC SOMAPAY - SUBORDINADAS MEZANINO,FIDCs,https://www.austin.com.br/Historico-Rating/4694/FIDC_IC_Somapay_-_Subordinadas_Mezanino_
2026-09-25,FIDC IC SOMAPAY - SUBORDINADAS MEZANINO,FIDCs,https://www.austin.com.br/Historico-Rating/4693/FIDC_IC_Somapay_-_Subordinadas_Mezanino_
2026-09-25,FIDC IC SOMAPAY - SENIORES 1ª SÉRIE,FIDCs,https://www.austin.com.br/Historico-Rating/4692/FIDC_IC_Somapay_-_Seniores_1ª_série
2026-09-25,FIDC INCLUSÃO FINANCEIRA - MEZANINO CLASSE E,FIDCs,https://www.austin.com.br/Historico-Rating/4535/FIDC_Inclusão_Financeira_-_Mezanino_Classe_E_
2026-09-25,FIDC INCLUSÃO FINANCEIRA - MEZANINO CLASSE A,FIDCs,https://www.austin.com.br/Historico-Rating/4534/FIDC_Inclusão_Financeira_-_Mezanino_Classe_A_
2026-09-25,FIDC INCLUSÃO FINANCEIRA - SUBORDINADAS PREFERENCIAIS,FIDCs,https://www.austin.com.br/Historico-Rating/4533/FIDC_Inclusão_Financeira_-_Subordinadas_Preferenciais_
2026-09-25,FIDC INCLUSÃO FINANCEIRA - MEZANINO CLASSE D,FIDCs,https://www.austin.com.br/Historico-Rating/4484/FIDC_Inclusão_Financeira_-_Mezanino_Classe_D_
2026-09-25,FIDC INCLUSÃO FINANCEIRA - MEZANINO CLASSE A,FIDCs,https://www.austin.com.br/Historico-Rating/4483/FIDC_Inclusão_Financeira_-_Mezanino_Classe_A_
2026-09-25,FIDC INCLUSÃO FINANCEIRA - SENIORES 4ª SÉRIE,FIDCs,https://www.austin.com.br/Historico-Rating/4482/FIDC_Inclusão_Financeira_-_Seniores_4ª_série
2026-09-25,FIDC INCLUSÃO FINANCEIRA PLUS - SENIORES ÚNICA,FIDCs,https://www.austin.com.br/Historico-Rating/4591/FIDC_Inclusão_Financeira_Plus_-_Seniores_Única
2026-09-25,FIDC INFRA BRASIL  - SUBORDINADAS JÚNIOR,FIDCs,https://www.austin.com.br/Historico-Rating/3161/FIDC_Infra_Brasil__-_Subordinadas_Júnior_
2026-09-25,FIDC INFRA BRASIL  - SUBORDINADAS MEZANINO,FIDCs,https://www.austin.com.br/Historico-Rating/3160/FIDC_Infra_Brasil__-_Subordinadas_Mezanino_
2026-09-25,FIDC INVEST - SUBORDINADAS JÚNIOR,FIDCs,https://www.austin.com.br/Historico-Rating/3840/FIDC_Invest_-_Subordinadas_Júnior_
2026-09-25,FIDC INVEST - SENIORES 1ª SÉRIE,FIDCs,https://www.austin.com.br/Historico-Rating/3839/FIDC_Invest_-_Seniores_1ª_série
2026-09-25,FIDC INVEST DUNAS - SUBORDINADAS JÚNIOR,FIDCs,https://www.austin.com.br/Historico-Rating/4486/FIDC_Invest_Dunas_-_Subordinadas_Júnior_
2026-09-25,FIDC INVEST DUNAS - SUBORDINADAS MEZANINO,FIDCs,https://www.austin.com.br/Historico-Rating/2461/FIDC_Invest_Dunas_-_Subordinadas_Mezanino_
2026-09-25,FIDC INVEST DUNAS - SENIORES ÚNICA,FIDCs,https://www.austin.com.br/Historico-Rating/2460/FIDC_Invest_Dunas_-_Seniores_Única
2026-09-25,"FIDC IOSAN - 6ª, 7ª E 8ª  - SENIORES 6ª SÉRIE",FIDCs,"https://www.austin.com.br/Historico-Rating/4734/FIDC_Iosan_-_6ª,_7ª_e_8ª__-_Seniores_6ª_série"
2026-09-25,FIDC IOSAN - 9ª E 10ª - SENIORES 9ª SÉRIE,FIDCs,https://www.austin.com.br/Historico-Rating/4735/FIDC_Iosan_-_9ª_e_10ª_-_Seniores_9ª_série
2026-09-25,FIDC IOSAN - SUBORDINADA MEZANINO G E H - MEZANINO CLASSE G,FIDCs,https://www.austin.com.br/Historico-Rating/4736/FIDC_Iosan_-_Subordinada_Mezanino_G_e_H_-_Mezanino_Classe_G_
2026-09-25,FIDC JUVO - SUBORDINADAS MEZANINO,FIDCs,https://www.austin.com.br/Historico-Rating/4691/FIDC_Juvo_-_Subordinadas_Mezanino_
2026-09-25,FIDC JUVO - SENIORES ÚNICA,FIDCs,https://www.austin.com.br/Historico-Rating/4690/FIDC_Juvo_-_Seniores_Única
2026-09-25,FIDC KIJANI - SENIORES ÚNICA,FIDCs,https://www.austin.com.br/Historico-Rating/5090/FIDC_Kijani_-_Seniores_Única
2026-09-25,FIDC LECCA CCP I - SUBORDINADAS MEZANINO I,FIDCs,https://www.austin.com.br/Historico-Rating/2298/FIDC_Lecca_CCP_I_-_Subordinadas_Mezanino_I_
2026-09-25,FIDC LESTE FICTOR CONSIGNADO - SUBORDINADAS JÚNIOR,FIDCs,https://www.austin.com.br/Historico-Rating/5106/FIDC_Leste_Fictor_Consignado_-_Subordinadas_Júnior_
2026-09-25,FIDC LESTE FICTOR CONSIGNADO – CLASSE I - SENIORES 2ª SÉRIE,FIDCs,https://www.austin.com.br/Historico-Rating/4759/FIDC_LESTE_FICTOR_CONSIGNADO_–_CLASSE_I_-_Seniores_2ª_série
2026-09-25,FIDC LESTE FICTOR CONSIGNADO – CLASSE I - SENIORES 1ª SÉRIE,FIDCs,https://www.austin.com.br/Historico-Rating/4758/FIDC_LESTE_FICTOR_CONSIGNADO_–_CLASSE_I_-_Seniores_1ª_série
2026-09-25,FIDC MONEY PLUS  - SUBORDINADAS JÚNIOR,FIDCs,https://www.austin.com.br/Historico-Rating/2042/FIDC_Money_Plus__-_Subordinadas_Júnior_
2026-09-25,FIDC MOTO-HONDA - SENIORES ÚNICA,FIDCs,https://www.austin.com.br/Historico-Rating/3277/FIDC_Moto-Honda_-_Seniores_Única
2026-09-25,FIDC MULTIAGRO - SENIORES ÚNICA,FIDCs,https://www.austin.com.br/Historico-Rating/4421/FIDC_Multiagro_-_Seniores_Única
2026-09-25,FIDC MULTIAGRO - SUBORDINADAS JÚNIOR,FIDCs,https://www.austin.com.br/Historico-Rating/3621/FIDC_Multiagro_-_Subordinadas_Júnior_
2026-09-25,FIDC MULTIAGRO - SUBORDINADAS MEZANINO,FIDCs,https://www.austin.com.br/Historico-Rating/3620/FIDC_Multiagro_-_Subordinadas_Mezanino_
2026-09-25,FIDC MULTIPLIX - SUBORDINADAS JÚNIOR,FIDCs,https://www.austin.com.br/Historico-Rating/3027/FIDC_Multiplix_-_Subordinadas_Júnior_
2026-09-25,FIDC MULTIPLIX - SENIORES ÚNICA,FIDCs,https://www.austin.com.br/Historico-Rating/3026/FIDC_Multiplix_-_Seniores_Única
2026-09-25,FIDC MÚLTIPLO NP - ÚNICA,FIDCs,https://www.austin.com.br/Historico-Rating/1984/FIDC_Múltiplo_NP_-_Única_
2026-09-25,FIDC MULTISETORIAL ITÁLIA  - SENIORES ÚNICA,FIDCs,https://www.austin.com.br/Historico-Rating/842/FIDC_Multisetorial_Itália__-_Seniores_Única
2026-09-25,FIDC MULTISETORIAL SM LP - SENIORES 3ª SÉRIE,FIDCs,https://www.austin.com.br/Historico-Rating/2299/FIDC_Multisetorial_SM_LP_-_Seniores_3ª_série
2026-09-25,FIDC MULTISETORIAL SM LP - SUBORDINADAS,FIDCs,https://www.austin.com.br/Historico-Rating/1811/FIDC_Multisetorial_SM_LP_-_Subordinadas_
2026-09-25,FIDC NP ALTERNATIVO I - SUBORDINADAS,FIDCs,https://www.austin.com.br/Historico-Rating/3073/FIDC_NP_Alternativo_I_-_Subordinadas_
2026-09-25,FIDC NP ALTERNATIVO I - SENIORES ÚNICA,FIDCs,https://www.austin.com.br/Historico-Rating/3072/FIDC_NP_Alternativo_I_-_Seniores_Única
2026-09-25,FIDC NP ANGÁ ALTERNATIVO I - SUBORDINADAS,FIDCs,https://www.austin.com.br/Historico-Rating/3439/FIDC_NP_Angá_Alternativo_I_-_Subordinadas_
2026-09-25,FIDC NP ATIVOS JUDICIAIS I - SUBORDINADAS JÚNIOR,FIDCs,https://www.austin.com.br/Historico-Rating/4803/FIDC_NP_Ativos_Judiciais_I_-_Subordinadas_Júnior_
2026-09-25,FIDC NP ATIVOS JUDICIAIS I - 1ª/2ª/3ª/4ª/5ª/6ª/7ª SÉRIES SÊNIOR - SENIORES ÚNICA,FIDCs,https://www.austin.com.br/Historico-Rating/4802/FIDC_NP_Ativos_Judiciais_I_-_1ª_2ª_3ª_4ª_5ª_6ª_7ª_Séries_Sênior_-_Seniores_Única
2026-09-25,FIDC NP CONSÓRCIOS  - SUBORDINADAS,FIDCs,https://www.austin.com.br/Historico-Rating/3665/FIDC_NP_Consórcios__-_Subordinadas_
2026-09-25,FIDC NP CONSÓRCIOS  - SENIORES ÚNICA,FIDCs,https://www.austin.com.br/Historico-Rating/3663/FIDC_NP_Consórcios__-_Seniores_Única
2026-09-25,FIDC NP EXODUS INSTITUCIONAL - MEZANINO CLASSE B,FIDCs,https://www.austin.com.br/Historico-Rating/3269/FIDC_NP_Exodus_Institucional_-_Mezanino_Classe_B_
2026-09-25,FIDC NP MULTISSETORIAL R&G LP - SENIORES 2ª SÉRIE,FIDCs,https://www.austin.com.br/Historico-Rating/1099/FIDC_NP_Multissetorial_R&G_LP_-_Seniores_2ª_série
2026-09-25,FIDC NP NPL BRASIL I  - ÚNICA,FIDCs,https://www.austin.com.br/Historico-Rating/4097/FIDC_NP_NPL_Brasil_I__-_Única_
2026-09-25,FIDC NP PEARL - SENIORES 2ª SÉRIE,FIDCs,https://www.austin.com.br/Historico-Rating/2127/FIDC_NP_Pearl_-_Seniores_2ª_série
2026-09-25,FIDC NP PEARL  - SENIORES 1ª SÉRIE,FIDCs,https://www.austin.com.br/Historico-Rating/715/FIDC_NP_Pearl__-_Seniores_1ª_série
2026-09-25,FIDC NP PJUS II  - SENIORES ÚNICA,FIDCs,https://www.austin.com.br/Historico-Rating/3291/FIDC_NP_Pjus_II__-_Seniores_Única
2026-09-25,FIDC NP PRECATÓRIOS SELECIONADOS I - SENIORES ÚNICA,FIDCs,https://www.austin.com.br/Historico-Rating/3028/FIDC_NP_Precatórios_Selecionados_I_-_Seniores_Única
2026-09-25,FIDC NP TRATEX II - ÚNICA,FIDCs,https://www.austin.com.br/Historico-Rating/2937/FIDC_NP_Tratex_II_-_Única_
2026-09-25,FIDC NP TRATEX III - ÚNICA,FIDCs,https://www.austin.com.br/Historico-Rating/3509/FIDC_NP_Tratex_III_-_Única_
2026-09-25,FIDC NP TRYBE  - SENIORES 2ª SÉRIE,FIDCs,https://www.austin.com.br/Historico-Rating/4741/FIDC_NP_Trybe__-_Seniores_2ª_série
2026-09-25,FIDC NP TRYBE - SENIORES 1ª SÉRIE,FIDCs,https://www.austin.com.br/Historico-Rating/3666/FIDC_NP_Trybe_-_Seniores_1ª_série
2026-09-25,FIDC NP UNP - SUBORDINADAS,FIDCs,https://www.austin.com.br/Historico-Rating/2280/FIDC_NP_UNP_-_Subordinadas_
2026-09-25,FIDC PAGSEGURO I  - SENIORES 2ª SÉRIE,FIDCs,https://www.austin.com.br/Historico-Rating/4687/FIDC_Pagseguro_I__-_Seniores_2ª_série
2026-09-25,FIDC PAGUEVELOZ - SENIORES ÚNICA,FIDCs,https://www.austin.com.br/Historico-Rating/3419/FIDC_PagueVeloz_-_Seniores_Única
2026-09-25,FIDC PAULISTA INVEST - SENIORES 2ª SÉRIE,FIDCs,https://www.austin.com.br/Historico-Rating/2725/FIDC_Paulista_Invest_-_Seniores_2ª_série
2026-09-25,FIDC PAULISTA INVEST - SENIORES 1ª SÉRIE,FIDCs,https://www.austin.com.br/Historico-Rating/2724/FIDC_Paulista_Invest_-_Seniores_1ª_série
2026-09-25,FIDC PAULISTA INVEST - SUBORDINADAS JÚNIOR,FIDCs,https://www.austin.com.br/Historico-Rating/2539/FIDC_Paulista_Invest_-_Subordinadas_Júnior_
2026-09-25,FIDC PEAK INVEST - SENIORES 1ª SÉRIE,FIDCs,https://www.austin.com.br/Historico-Rating/3623/FIDC_Peak_Invest_-_Seniores_1ª_série
2026-09-25,FIDC PLUGIFY TECH I - SUBORDINADAS JÚNIOR,FIDCs,https://www.austin.com.br/Historico-Rating/4067/FIDC_Plugify_Tech_I_-_Subordinadas_Júnior_
2026-09-25,FIDC PLUGIFY TECH I - MEZANINO CLASSE A,FIDCs,https://www.austin.com.br/Historico-Rating/4066/FIDC_Plugify_Tech_I_-_Mezanino_Classe_A_
2026-09-25,FIDC PLUGIFY TECH I - SENIORES 1ª SÉRIE,FIDCs,https://www.austin.com.br/Historico-Rating/4065/FIDC_Plugify_Tech_I_-_Seniores_1ª_série
2026-09-25,FIDC POLÍGONO BLUE - SUBORDINADAS JÚNIOR,FIDCs,https://www.austin.com.br/Historico-Rating/4236/FIDC_Polígono_Blue_-_Subordinadas_Júnior_
2026-09-25,FIDC POLÍGONO BLUE - SENIORES 1ª SÉRIE,FIDCs,https://www.austin.com.br/Historico-Rating/4235/FIDC_Polígono_Blue_-_Seniores_1ª_série
2026-09-25,FIDC PRATA DIGITAL - SUBORDINADAS JÚNIOR,FIDCs,https://www.austin.com.br/Historico-Rating/4239/FIDC_Prata_Digital_-_Subordinadas_Júnior_
2026-09-25,FIDC PRATA DIGITAL - SUBORDINADAS MEZANINO,FIDCs,https://www.austin.com.br/Historico-Rating/4238/FIDC_Prata_Digital_-_Subordinadas_Mezanino_
2026-09-25,FIDC PRATA DIGITAL - SENIORES ÚNICA,FIDCs,https://www.austin.com.br/Historico-Rating/4237/FIDC_Prata_Digital_-_Seniores_Única
2026-09-25,FIDC PREMIUM  - SENIORES ÚNICA,FIDCs,https://www.austin.com.br/Historico-Rating/180/FIDC_Premium__-_Seniores_Única
2026-09-25,FIDC PROSPECTA - SUBORDINADAS JÚNIOR,FIDCs,https://www.austin.com.br/Historico-Rating/4611/FIDC_Prospecta_-_Subordinadas_Júnior_
2026-09-25,FIDC PROSPECTA - MEZANINO CLASSE B,FIDCs,https://www.austin.com.br/Historico-Rating/3637/FIDC_Prospecta_-_Mezanino_Classe_B_
2026-09-25,FIDC PROSPECTA - MEZANINO CLASSE A,FIDCs,https://www.austin.com.br/Historico-Rating/3636/FIDC_Prospecta_-_Mezanino_Classe_A_
2026-09-25,FIDC PROSPECTA - SENIORES ÚNICA,FIDCs,https://www.austin.com.br/Historico-Rating/3635/FIDC_Prospecta_-_Seniores_Única
2026-09-25,FIDC PROVI ISA - ÚNICA,FIDCs,https://www.austin.com.br/Historico-Rating/4005/FIDC_Provi_ISA_-_Única_
2026-09-25,FIDC QUASAR CB - SUBORDINADAS JÚNIOR,FIDCs,https://www.austin.com.br/Historico-Rating/3865/FIDC_Quasar_CB_-_Subordinadas_Júnior_
2026-09-25,FIDC QUASAR CB - SENIORES ÚNICA,FIDCs,https://www.austin.com.br/Historico-Rating/3864/FIDC_Quasar_CB_-_Seniores_Única
2026-09-25,FIDC QUASAR DUCOCO - SUBORDINADAS JÚNIOR,FIDCs,https://www.austin.com.br/Historico-Rating/3868/FIDC_Quasar_Ducoco_-_Subordinadas_Júnior_
2026-09-25,FIDC QUASAR DUCOCO - SUBORDINADAS MEZANINO,FIDCs,https://www.austin.com.br/Historico-Rating/3867/FIDC_Quasar_Ducoco_-_Subordinadas_Mezanino_
2026-09-25,FIDC ROTAM - MEZANINO CLASSE B,FIDCs,https://www.austin.com.br/Historico-Rating/3673/FIDC_Rotam_-_Mezanino_Classe_B_
2026-09-25,FIDC ROTAM - MEZANINO CLASSE A,FIDCs,https://www.austin.com.br/Historico-Rating/3672/FIDC_Rotam_-_Mezanino_Classe_A_
2026-09-25,FIDC ROTAM - SENIORES 1ª SÉRIE,FIDCs,https://www.austin.com.br/Historico-Rating/3671/FIDC_Rotam_-_Seniores_1ª_série
2026-09-25,FIDC SAGRES - ÚNICA,FIDCs,https://www.austin.com.br/Historico-Rating/2760/FIDC_Sagres_-_Única_
2026-09-25,FIDC SIGA ENERGIA - SENIORES 8ª SÉRIE,FIDCs,https://www.austin.com.br/Historico-Rating/4829/FIDC_SIGA_ENERGIA_-_Seniores_8ª_série
2026-09-25,FIDC SIGA ENERGIA - SENIORES 7ª SÉRIE,FIDCs,https://www.austin.com.br/Historico-Rating/4753/FIDC_Siga_Energia_-_Seniores_7ª_série
2026-09-25,"FIDC SIGA ENERGIA 3ª, 4ª, 5ª, 6ª - SENIORES 3ª SÉRIE",FIDCs,"https://www.austin.com.br/Historico-Rating/4754/FIDC_Siga_Energia_3ª,_4ª,_5ª,_6ª_-_Seniores_3ª_série"
2026-09-25,FIDC SINAI CONSIG - SUBORDINADAS MEZANINO,FIDCs,https://www.austin.com.br/Historico-Rating/5246/FIDC_Sinai_Consig_-_Subordinadas_Mezanino_
2026-09-25,FIDC SINAI CONSIG - SENIORES 2ª SÉRIE,FIDCs,https://www.austin.com.br/Historico-Rating/5245/FIDC_Sinai_Consig_-_Seniores_2ª_série
2026-09-25,FIDC SINAI CONSIG - SUBORDINADAS MEZANINO,FIDCs,https://www.austin.com.br/Historico-Rating/5193/FIDC_Sinai_Consig_-_Subordinadas_Mezanino_
2026-09-25,FIDC SINAI CONSIG - SENIORES 2ª SÉRIE,FIDCs,https://www.austin.com.br/Historico-Rating/5192/FIDC_Sinai_Consig_-_Seniores_2ª_série
2026-09-25,FIDC SP RECEBÍVEIS PREMIUM I  - SENIORES ÚNICA,FIDCs,https://www.austin.com.br/Historico-Rating/3255/FIDC_SP_Recebíveis_Premium_I__-_Seniores_Única
2026-09-25,FIDC SP RECEBÍVEIS PREMIUM I - SUBORDINADAS MEZANINO,FIDCs,https://www.austin.com.br/Historico-Rating/1609/FIDC_SP_Recebíveis_Premium_I_-_Subordinadas_Mezanino_
2026-09-25,FIDC SUPERSIM - MEZANINO CLASSE C,FIDCs,https://www.austin.com.br/Historico-Rating/4004/FIDC_SuperSim_-_Mezanino_Classe_C_
2026-09-25,FIDC SUPERSIM - SENIORES 3ª SÉRIE,FIDCs,https://www.austin.com.br/Historico-Rating/4003/FIDC_SuperSim_-_Seniores_3ª_série
2026-09-25,FIDC SUPERSIM - MEZANINO CLASSE B,FIDCs,https://www.austin.com.br/Historico-Rating/3886/FIDC_SuperSim_-_Mezanino_Classe_B_
2026-09-25,FIDC SUPERSIM - MEZANINO CLASSE B,FIDCs,https://www.austin.com.br/Historico-Rating/3885/FIDC_SuperSim_-_Mezanino_Classe_B_
2026-09-25,FIDC SUPERSIM - SENIORES 2ª SÉRIE,FIDCs,https://www.austin.com.br/Historico-Rating/3884/FIDC_SuperSim_-_Seniores_2ª_série
2026-09-25,FIDC TAMANDARÉ - SUBORDINADAS MEZANINO II,FIDCs,https://www.austin.com.br/Historico-Rating/4681/FIDC_Tamandaré_-_Subordinadas_Mezanino_II_
2026-09-25,FIDC TERA PERFORMANCE  - SUBORDINADAS JÚNIOR,FIDCs,https://www.austin.com.br/Historico-Rating/4009/FIDC_Tera_Performance__-_Subordinadas_Júnior_
2026-09-25,FIDC TERA PERFORMANCE  - SUBORDINADAS MEZANINO I,FIDCs,https://www.austin.com.br/Historico-Rating/4008/FIDC_Tera_Performance__-_Subordinadas_Mezanino_I_
2026-09-25,FIDC TERA PERFORMANCE  - SENIORES 1ª SÉRIE,FIDCs,https://www.austin.com.br/Historico-Rating/4007/FIDC_Tera_Performance__-_Seniores_1ª_série
2026-09-25,FIDC TG REAL - SUBORDINADAS JÚNIOR,FIDCs,https://www.austin.com.br/Historico-Rating/4603/FIDC_TG_Real_-_Subordinadas_Júnior_
2026-09-25,FIDC TG REAL - SUBORDINADAS MEZANINO,FIDCs,https://www.austin.com.br/Historico-Rating/4602/FIDC_TG_Real_-_Subordinadas_Mezanino_
2026-09-25,FIDC TG REAL - SENIORES ÚNICA,FIDCs,https://www.austin.com.br/Historico-Rating/2801/FIDC_TG_Real_-_Seniores_Única
2026-09-25,FIDC TILES - SENIORES ÚNICA,FIDCs,https://www.austin.com.br/Historico-Rating/2664/FIDC_Tiles_-_Seniores_Única
2026-09-25,FIDC TMX FINANCE - SUBORDINADAS JÚNIOR,FIDCs,https://www.austin.com.br/Historico-Rating/4264/FIDC_TMX_Finance_-_Subordinadas_Júnior_
2026-09-25,FIDC TMX FINANCE - SUBORDINADAS MEZANINO,FIDCs,https://www.austin.com.br/Historico-Rating/4262/FIDC_TMX_Finance_-_Subordinadas_Mezanino_
2026-09-25,FIDC TORONTO  - SUBORDINADAS MEZANINO,FIDCs,https://www.austin.com.br/Historico-Rating/3780/FIDC_Toronto__-_Subordinadas_Mezanino_
2026-09-25,FIDC TORONTO  - SENIORES ÚNICA,FIDCs,https://www.austin.com.br/Historico-Rating/3779/FIDC_Toronto__-_Seniores_Única
2026-09-25,FIDC TRAÇÃO FINANCEIRA - SUBORDINADAS JÚNIOR,FIDCs,https://www.austin.com.br/Historico-Rating/4500/FIDC_Tração_Financeira_-_Subordinadas_Júnior_
2026-09-25,FIDC TRAÇÃO FINANCEIRA - SUBORDINADAS MEZANINO III,FIDCs,https://www.austin.com.br/Historico-Rating/4499/FIDC_Tração_Financeira_-_Subordinadas_Mezanino_III_
2026-09-25,FIDC TRAÇÃO FINANCEIRA - SENIORES 5ª SÉRIE,FIDCs,https://www.austin.com.br/Historico-Rating/4498/FIDC_Tração_Financeira_-_Seniores_5ª_série
2026-09-25,FIDC TRAÇÃO FINANCEIRA - SENIORES 4ª SÉRIE,FIDCs,https://www.austin.com.br/Historico-Rating/4497/FIDC_Tração_Financeira_-_Seniores_4ª_série
2026-09-25,FIDC TRAÇÃO FINANCEIRA - SENIORES 3ª SÉRIE,FIDCs,https://www.austin.com.br/Historico-Rating/4496/FIDC_Tração_Financeira_-_Seniores_3ª_série
2026-09-25,FIDC UME I - MEZANINO CLASSE B,FIDCs,https://www.austin.com.br/Historico-Rating/4515/FIDC_UME_I_-_Mezanino_Classe_B_
2026-09-25,FIDC UME I - MEZANINO CLASSE A,FIDCs,https://www.austin.com.br/Historico-Rating/4514/FIDC_UME_I_-_Mezanino_Classe_A_
2026-09-25,FIDC UME I - SENIORES 1ª SÉRIE,FIDCs,https://www.austin.com.br/Historico-Rating/4513/FIDC_UME_I_-_Seniores_1ª_série
2026-09-25,FIDC UTILITY CREDIT - SUBORDINADAS JÚNIOR,FIDCs,https://www.austin.com.br/Historico-Rating/3071/FIDC_Utility_Credit_-_Subordinadas_Júnior_
2026-09-25,FIDC UTILITY CREDIT - SUBORDINADAS MEZANINO,FIDCs,https://www.austin.com.br/Historico-Rating/3070/FIDC_Utility_Credit_-_Subordinadas_Mezanino_
2026-09-25,FIDC UTILITY CREDIT - SENIORES 1ª SÉRIE,FIDCs,https://www.austin.com.br/Historico-Rating/3069/FIDC_Utility_Credit_-_Seniores_1ª_série
2026-09-25,FIDC VALECRED - SENIORES 5ª SÉRIE,FIDCs,https://www.austin.com.br/Historico-Rating/1771/FIDC_Valecred_-_Seniores_5ª_série
2026-09-25,FIDC VALER - SUBORDINADAS MEZANINO,FIDCs,https://www.austin.com.br/Historico-Rating/3279/FIDC_Valer_-_Subordinadas_Mezanino_
2026-09-25,FIDC VALER - SENIORES ÚNICA,FIDCs,https://www.austin.com.br/Historico-Rating/3278/FIDC_Valer_-_Seniores_Única
2026-09-25,FIDC VCK CONSIGNADOS - SUBORDINADAS MEZANINO,FIDCs,https://www.austin.com.br/Historico-Rating/3713/FIDC_VCK_Consignados_-_Subordinadas_Mezanino_
2026-09-25,FIDC VCK CONSIGNADOS - SUBORDINADAS JÚNIOR,FIDCs,https://www.austin.com.br/Historico-Rating/3704/FIDC_VCK_Consignados_-_Subordinadas_Júnior_
2026-09-25,FIDC VCK II CONSIGNADOS - SUBORDINADAS JÚNIOR,FIDCs,https://www.austin.com.br/Historico-Rating/4609/FIDC_VCK_II_Consignados_-_Subordinadas_Júnior_
2026-09-25,FIDC VCK II CONSIGNADOS - SUBORDINADAS MEZANINO,FIDCs,https://www.austin.com.br/Historico-Rating/4608/FIDC_VCK_II_Consignados_-_Subordinadas_Mezanino_
2026-09-25,FIDC VCK II CONSIGNADOS - SENIORES ÚNICA,FIDCs,https://www.austin.com.br/Historico-Rating/4607/FIDC_VCK_II_Consignados_-_Seniores_Única
2026-09-25,FIDC VELAR - SUBORDINADAS JÚNIOR,FIDCs,https://www.austin.com.br/Historico-Rating/1883/FIDC_Velar_-_Subordinadas_Júnior_
2026-09-25,FIDC VIAINVEST - SUBORDINADAS JÚNIOR,FIDCs,https://www.austin.com.br/Historico-Rating/2363/FIDC_Viainvest_-_Subordinadas_Júnior_
2026-09-25,FIDC VITA AUTO - SENIORES ÚNICA,FIDCs,https://www.austin.com.br/Historico-Rating/4625/FIDC_Vita_Auto_-_Seniores_Única
2026-09-25,FIDC XP CRÉDITO MIDDLE - SUBORDINADAS JÚNIOR,FIDCs,https://www.austin.com.br/Historico-Rating/3785/FIDC_XP_Crédito_Middle_-_Subordinadas_Júnior_
2026-09-25,FIDC XP CRÉDITO MIDDLE - MEZANINO CLASSE A,FIDCs,https://www.austin.com.br/Historico-Rating/3784/FIDC_XP_Crédito_Middle_-_Mezanino_Classe_A_
2026-09-25,FIDC XP CRÉDITO MIDDLE - SENIORES 2ª SÉRIE,FIDCs,https://www.austin.com.br/Historico-Rating/3783/FIDC_XP_Crédito_Middle_-_Seniores_2ª_série
2026-09-25,FIDC XP CRÉDITO MIDDLE - SENIORES 1ª SÉRIE,FIDCs,https://www.austin.com.br/Historico-Rating/3782/FIDC_XP_Crédito_Middle_-_Seniores_1ª_série
2026-09-25,FIDES SECURITIZADORA,CRIs,https://www.austin.com.br/Historico-Rating/135/Fides_Securitizadora_
2026-09-25,FIGTREE EDUCACIONAL FIDC - SUBORDINADAS,FIDCs,https://www.austin.com.br/Historico-Rating/3871/Figtree_Educacional_FIDC_-_Subordinadas_
2026-09-25,FIGTREE EDUCACIONAL FIDC - SENIORES ÚNICA,FIDCs,https://www.austin.com.br/Historico-Rating/3870/Figtree_Educacional_FIDC_-_Seniores_Única
2026-09-25,FINANÇA FIDC NP - SUBORDINADAS JÚNIOR,FIDCs,https://www.austin.com.br/Historico-Rating/2319/Finança_FIDC_NP_-_Subordinadas_Júnior_
2026-09-25,FINANCIA FIDC - SUBORDINADAS JÚNIOR,FIDCs,https://www.austin.com.br/Historico-Rating/2357/Financia_FIDC_-_Subordinadas_Júnior_
2026-09-25,FINARTE FIDC - ÚNICA,FIDCs,https://www.austin.com.br/Historico-Rating/3042/Finarte_FIDC_-_Única_
2026-09-25,FIRMA FIDC - SUBORDINADAS JÚNIOR,FIDCs,https://www.austin.com.br/Historico-Rating/4016/Firma_FIDC_-_Subordinadas_Júnior_
2026-09-25,FIRMA FIDC - SENIORES 1ª SÉRIE,FIDCs,https://www.austin.com.br/Historico-Rating/4015/Firma_FIDC_-_Seniores_1ª_série
2026-09-25,FLOWINVEST FIC FIDC  - ÚNICA,FIDCs,https://www.austin.com.br/Historico-Rating/3189/Flowinvest_FIC_FIDC__-_Única_
2026-09-25,FOR-TE FIDC - SENIORES ÚNICA,FIDCs,https://www.austin.com.br/Historico-Rating/404/FOR-TE_FIDC_-_Seniores_Única
2026-09-25,FORCE CAPITAL FIDC - SUBORDINADAS JÚNIOR,FIDCs,https://www.austin.com.br/Historico-Rating/3698/Force_Capital_FIDC_-_Subordinadas_Júnior_
2026-09-25,FORCE CAPITAL FIDC - SENIORES 3ª SÉRIE,FIDCs,https://www.austin.com.br/Historico-Rating/3697/Force_Capital_FIDC_-_Seniores_3ª_série
2026-09-25,FORCE CAPITAL FIDC - SENIORES 2ª SÉRIE,FIDCs,https://www.austin.com.br/Historico-Rating/3696/Force_Capital_FIDC_-_Seniores_2ª_série
2026-09-25,FORCE CAPITAL FIDC - SENIORES 1ª SÉRIE,FIDCs,https://www.austin.com.br/Historico-Rating/3695/Force_Capital_FIDC_-_Seniores_1ª_série
2026-09-25,FORTESEC - ENCONTRO DAS ÁGUAS (RMEX) (SÉRIES SENIORES I E II (301ª E 303ª SÉRIES) - 1ª EMISSÃO),CRIs,https://www.austin.com.br/Historico-Rating/3527/Fortesec_-_Encontro_das_Águas_(RMEX)_(Séries_Seniores_I_e_II_(301ª_e_303ª_Séries)_-_1ª_Emissão)
2026-09-25,FORTESEC - ENCONTRO DAS ÁGUAS (RMEX) (SÉRIES SUBORDINADAS I E II (302ª E 304ª SÉRIES) - 1ª EMISSÃO),CRIs,https://www.austin.com.br/Historico-Rating/3528/Fortesec_-_Encontro_das_Águas_(RMEX)_(Séries_Subordinadas_I_e_II_(302ª_e_304ª_Séries)_-_1ª_Emissão)
2026-09-25,"FORTESEC - RISCO BOURBON FOZ DO IGUAÇU - (1ª EMISSÃO - 463ª, 465ª, 467ª E 469ª SÉRIES)",CRIs,"https://www.austin.com.br/Historico-Rating/4023/Fortesec_-_Risco_Bourbon_Foz_do_Iguaçu_-_(1ª_Emissão_-_463ª,_465ª,_467ª_e_469ª_Séries)"
2026-09-25,"FORTESEC - RISCO BOURBON FOZ DO IGUAÇU - (1ª EMISSÃO - 464ª, 466ª, 468ª E 470ª SÉRIES)",CRIs,"https://www.austin.com.br/Historico-Rating/4024/Fortesec_-_Risco_Bourbon_Foz_do_Iguaçu_-_(1ª_Emissão_-_464ª,_466ª,_468ª_e_470ª_Séries)"
2026-09-25,FORTESEC - RISCO CEMARA LOTEAMENTOS (1ª EMISSÃO - 485ª SÉRIE),CRIs,https://www.austin.com.br/Historico-Rating/4027/Fortesec_-_Risco_Cemara_Loteamentos_(1ª_Emissão_-_485ª_Série)
2026-09-25,FORTESEC - RISCO CEMARA LOTEAMENTOS (1ª EMISSÃO - 486ª SÉRIE),CRIs,https://www.austin.com.br/Historico-Rating/4028/Fortesec_-_Risco_Cemara_Loteamentos_(1ª_Emissão_-_486ª_Série)
2026-09-25,"FORTESEC - RISCO CEMARA LOTEAMENTOS (353ª, 355ª, 357ª E 359ª SÉRIES SENIORES - 1ª EMISSÃO)",CRIs,"https://www.austin.com.br/Historico-Rating/3581/Fortesec_-_Risco_Cemara_Loteamentos_(353ª,_355ª,_357ª_e_359ª_Séries_Seniores_-_1ª_Emissão)"
2026-09-25,"FORTESEC - RISCO CEMARA LOTEAMENTOS (354ª, 356ª, 358ª E 360ª SÉRIES SUBORDINADAS - 1ª EMISSÃO)",CRIs,"https://www.austin.com.br/Historico-Rating/3582/Fortesec_-_Risco_Cemara_Loteamentos_(354ª,_356ª,_358ª_e_360ª_Séries_Subordinadas_-_1ª_Emissão)"
2026-09-25,FORTESEC - RISCO CEMARA LOTEAMENTOS (67ª SÉRIE SUBORDINADA 1 - 1ª EMISSÃO),CRIs,https://www.austin.com.br/Historico-Rating/2875/Fortesec_-_Risco_Cemara_Loteamentos_(67ª_Série_Subordinada_1_-_1ª_Emissão)
2026-09-25,"FORTESEC - RISCO CEMARA LOTEAMENTOS (68ª, 70ª, 72ª, 74ª E 76ª SÉRIES SENIORES - 1ª EMISSÃO)",CRIs,"https://www.austin.com.br/Historico-Rating/3158/Fortesec_-_Risco_Cemara_Loteamentos_(68ª,_70ª,_72ª,_74ª_e_76ª_Séries_Seniores_-_1ª_Emissão)"
2026-09-25,"FORTESEC - RISCO CEMARA LOTEAMENTOS (69ª, 71ª, 73ª, 75ª E 77ª SÉRIES SUBORDINADAS - 1ª EMISSÃO)",CRIs,"https://www.austin.com.br/Historico-Rating/3159/Fortesec_-_Risco_Cemara_Loteamentos_(69ª,_71ª,_73ª,_75ª_e_77ª_Séries_Subordinadas_-_1ª_Emissão)"
2026-09-25,FORTESEC - RISCO EL SHADAI (16ª SÉRIE - 1ª EMISSÃO),CRIs,https://www.austin.com.br/Historico-Rating/2495/Fortesec_-_Risco_El_Shadai_(16ª_Série_-_1ª_Emissão)
2026-09-25,FORTESEC - RISCO EL SHADAI (17ª SÉRIE - 1ª EMISSÃO),CRIs,https://www.austin.com.br/Historico-Rating/2790/Fortesec_-_Risco_El_Shadai_(17ª_Série_-_1ª_Emissão)
2026-09-25,FORTESEC - RISCO ELDORADO EMPREENDIMENTOS (276ª E 277ª SÉRIES - 1ª EMISSÃO),CRIs,https://www.austin.com.br/Historico-Rating/3630/Fortesec_-_Risco_Eldorado_Empreendimentos_(276ª_e_277ª_Séries_-_1ª_Emissão)
2026-09-25,FORTESEC - RISCO ENCANTOS DE ITAPERAPUÃ - 487ª A 490ª SÉRIES - 1ª EMISSÃO,CRIs,https://www.austin.com.br/Historico-Rating/4748/Fortesec_-_Risco_Encantos_de_Itaperapuã_-_487ª_a_490ª_Séries_-_1ª_Emissão
2026-09-25,"FORTESEC - RISCO EXCELSO PARTICIPAÇÕES (174ª, 175ª E 178ª SÉRIES - 1ª EMISSÃO)",CRIs,"https://www.austin.com.br/Historico-Rating/3050/Fortesec_-_Risco_Excelso_Participações_(174ª,_175ª_e_178ª_Séries_-_1ª_Emissão)"
2026-09-25,"FORTESEC - RISCO EXCELSO PARTICIPAÇÕES (176ª, 177ª E 179ª SÉRIES - 1ª EMISSÃO)",CRIs,"https://www.austin.com.br/Historico-Rating/3051/Fortesec_-_Risco_Excelso_Participações_(176ª,_177ª_e_179ª_Séries_-_1ª_Emissão)"
2026-09-25,FORTESEC - RISCO EXCELSO PARTICIPAÇÕES (48ª SÉRIE - 1ª EMISSÃO),CRIs,https://www.austin.com.br/Historico-Rating/2792/Fortesec_-_Risco_Excelso_Participações_(48ª_Série_-_1ª_Emissão)
2026-09-25,FORTESEC - RISCO FIX URBANISMO (37ª SÉRIE - 1ª EMISSÃO),CRIs,https://www.austin.com.br/Historico-Rating/2649/Fortesec_-_Risco_Fix_Urbanismo_(37ª_Série_-_1ª_Emissão)
2026-09-25,FORTESEC - RISCO GOLDEN LAGHETTO (139ª A 144ª SÉRIES - 1ª EMISSÃO),CRIs,https://www.austin.com.br/Historico-Rating/3208/Fortesec_-_Risco_Golden_Laghetto_(139ª_a_144ª_Séries_-_1ª_Emissão)
2026-09-25,"FORTESEC - RISCO GR CONSTRUTORA (WYNDHAM CLUB) - (1ª EMISSÃO - 389ª, 391ª E 393ª SÉRIES)",CRIs,"https://www.austin.com.br/Historico-Rating/4038/Fortesec_-_Risco_GR_Construtora_(Wyndham_Club)_-_(1ª_Emissão_-_389ª,_391ª_e_393ª_Séries)"
2026-09-25,"FORTESEC - RISCO GR CONSTRUTORA (WYNDHAM CLUB) - (1ª EMISSÃO - 390ª, 392ª E 394ª SÉRIES)",CRIs,"https://www.austin.com.br/Historico-Rating/4039/Fortesec_-_Risco_GR_Construtora_(Wyndham_Club)_-_(1ª_Emissão_-_390ª,_392ª_e_394ª_Séries)"
2026-09-25,FORTESEC - RISCO GRAMADO BV RESORT - (1ª EMISSÃO - 699ª SÉRIE),CRIs,https://www.austin.com.br/Historico-Rating/4031/Fortesec_-_Risco_Gramado_BV_Resort_-_(1ª_Emissão_-_699ª_Série)
2026-09-25,FORTESEC - RISCO GRAMADO BV RESORT - (1ª EMISSÃO - 700ª SÉRIE),CRIs,https://www.austin.com.br/Historico-Rating/4032/Fortesec_-_Risco_Gramado_BV_Resort_-_(1ª_Emissão_-_700ª_Série)
2026-09-25,"FORTESEC - RISCO GRAMADO INCORPORAÇÕES (1ª EMISSÃO - SÉRIES 197ª, 199ª, 201ª E 203ª)",CRIs,"https://www.austin.com.br/Historico-Rating/3108/Fortesec_-_Risco_Gramado_Incorporações_(1ª_Emissão_-_Séries_197ª,_199ª,_201ª_e_203ª)"
2026-09-25,"FORTESEC - RISCO GRAMADO INCORPORAÇÕES (1ª EMISSÃO - SÉRIES 198ª, 200ª, 202ª E 204ª)",CRIs,"https://www.austin.com.br/Historico-Rating/3109/Fortesec_-_Risco_Gramado_Incorporações_(1ª_Emissão_-_Séries_198ª,_200ª,_202ª_e_204ª)"
2026-09-25,"FORTESEC - RISCO GRAMADO PARKS INVESTIMENTOS (1ª EMISSÃO - 449ª, 451ª, 453ª E 455ª SÉRIES)",CRIs,"https://www.austin.com.br/Historico-Rating/4029/Fortesec_-_Risco_Gramado_Parks_Investimentos_(1ª_Emissão_-_449ª,_451ª,_453ª_e_455ª_Séries)"
2026-09-25,"FORTESEC - RISCO GRAMADO PARKS INVESTIMENTOS (1ª EMISSÃO - 450ª, 452ª, 454ª E 456ª SÉRIES)",CRIs,"https://www.austin.com.br/Historico-Rating/4030/Fortesec_-_Risco_Gramado_Parks_Investimentos_(1ª_Emissão_-_450ª,_452ª,_454ª_e_456ª_Séries)"
2026-09-25,"FORTESEC - RISCO GRAMADO PARKS INVESTIMENTOS (311ª, 314ª, 317ª, 320ª, 323ª,326ª, 329ª E 332ª SÉRIES SENIORES - 1ª EMISSÃO)",CRIs,"https://www.austin.com.br/Historico-Rating/3501/Fortesec_-_Risco_Gramado_Parks_Investimentos_(311ª,_314ª,_317ª,_320ª,_323ª,326ª,_329ª_e_332ª_Séries_Seniores_-_1ª_Emissão)"
2026-09-25,"FORTESEC - RISCO GRAMADO PARKS INVESTIMENTOS (312ª, 315ª, 318ª, 321ª, 324ª. 327ª, 330ª E 333ª SÉRIES MEZANINO - 1ª EMISSÃO)",CRIs,"https://www.austin.com.br/Historico-Rating/3502/Fortesec_-_Risco_Gramado_Parks_Investimentos_(312ª,_315ª,_318ª,_321ª,_324ª_327ª,_330ª_e_333ª_Séries_Mezanino_-_1ª_Emissão)"
2026-09-25,"FORTESEC - RISCO GRAMADO PARKS INVESTIMENTOS (313ª, 316ª, 319ª, 322ª, 325ª, 328ª, 331ª E 334ª SÉRIES SUBORDINADAS - 1ª EMISSÃO)",CRIs,"https://www.austin.com.br/Historico-Rating/3503/Fortesec_-_Risco_Gramado_Parks_Investimentos_(313ª,_316ª,_319ª,_322ª,_325ª,_328ª,_331ª_e_334ª_Séries_Subordinadas_-_1ª_Emissão)"
2026-09-25,FORTESEC - RISCO GRUPO LÍRIOS (60ª SÉRIE - 1ª EMISSÃO),CRIs,https://www.austin.com.br/Historico-Rating/3090/Fortesec_-_Risco_Grupo_Lírios_(60ª_Série_-_1ª_Emissão)
2026-09-25,FORTESEC - RISCO GRUPO LÍRIOS (61ª SÉRIE - 1ª EMISSÃO),CRIs,https://www.austin.com.br/Historico-Rating/3091/Fortesec_-_Risco_Grupo_Lírios_(61ª_Série_-_1ª_Emissão)
2026-09-25,FORTESEC - RISCO GRUPO THCM (MEZANINO I E II - 246ª E 249ª SÉRIES),CRIs,https://www.austin.com.br/Historico-Rating/3308/Fortesec_-_Risco_Grupo_THCM_(Mezanino_I_e_II_-_246ª_e_249ª_Séries)
2026-09-25,FORTESEC - RISCO GRUPO THCM (SENIORES I E II - 245ª E 248ª SÉRIES),CRIs,https://www.austin.com.br/Historico-Rating/3307/Fortesec_-_Risco_Grupo_THCM_(Seniores_I_e_II_-_245ª_e_248ª_Séries)
2026-09-25,FORTESEC - RISCO GRUPO THCM (SUBORDINADAS I E II - 247ª E 250ª SÉRIES),CRIs,https://www.austin.com.br/Historico-Rating/3309/Fortesec_-_Risco_Grupo_THCM_(Subordinadas_I_e_II_-_247ª_e_250ª_Séries)
2026-09-25,FORTESEC - RISCO GRUPO WPX (62ª SÉRIE SÊNIOR - 1ª EMISSÃO),CRIs,https://www.austin.com.br/Historico-Rating/3142/Fortesec_-_Risco_Grupo_WPX_(62ª_Série_Sênior_-_1ª_Emissão)
2026-09-25,FORTESEC - RISCO GRUPO WPX (63ª SÉRIE SUBORDINADA - 1ª EMISSÃO),CRIs,https://www.austin.com.br/Historico-Rating/3143/Fortesec_-_Risco_Grupo_WPX_(63ª_Série_Subordinada_-_1ª_Emissão)
2026-09-25,FORTESEC - RISCO GRUPO WPX (64ª SÉRIE SÊNIOR - 1ª EMISSÃO),CRIs,https://www.austin.com.br/Historico-Rating/3140/Fortesec_-_Risco_Grupo_WPX_(64ª_Série_Sênior_-_1ª_Emissão)
2026-09-25,FORTESEC - RISCO GRUPO WPX (65ª SÉRIE SUBORDINADA - 1ª EMISSÃO),CRIs,https://www.austin.com.br/Historico-Rating/3141/Fortesec_-_Risco_Grupo_WPX_(65ª_Série_Subordinada_-_1ª_Emissão)
2026-09-25,"FORTESEC - RISCO GTR HOTÉIS E RESORT LTDA. (SÉRIES 206ª, 209ª E 212ª SENIORES - 1ª EMISSÃO)",CRIs,"https://www.austin.com.br/Historico-Rating/3219/Fortesec_-_Risco_GTR_Hotéis_e_resort_ltda_(Séries_206ª,_209ª_e_212ª_Seniores_-_1ª_Emissão)"
2026-09-25,"FORTESEC - RISCO GTR HOTÉIS E RESORT LTDA. (SÉRIES 207ª, 210ª E 213ª MEZANINO - 1ª EMISSÃO)",CRIs,"https://www.austin.com.br/Historico-Rating/3218/Fortesec_-_Risco_GTR_Hotéis_e_resort_ltda_(Séries_207ª,_210ª_e_213ª_Mezanino_-_1ª_Emissão)"
2026-09-25,"FORTESEC - RISCO GTR HOTÉIS E RESORT LTDA. (SÉRIES 208ª, 211ª E 214ª SUBORDINADOS - 1ª EMISSÃO)",CRIs,"https://www.austin.com.br/Historico-Rating/3220/Fortesec_-_Risco_GTR_Hotéis_e_resort_ltda_(Séries_208ª,_211ª_e_214ª_Subordinados_-_1ª_Emissão)"
2026-09-25,FORTESEC - RISCO GTR TERMAS RESORT GRAMADO - (1ª EMISSÃO -  458ª E 461ª SÉRIES),CRIs,https://www.austin.com.br/Historico-Rating/4036/Fortesec_-_Risco_GTR_Termas_Resort_Gramado_-_(1ª_Emissão_-__458ª_e_461ª_Séries)
2026-09-25,FORTESEC - RISCO GTR TERMAS RESORT GRAMADO - (1ª EMISSÃO - 457ª E 460ª SÉRIES),CRIs,https://www.austin.com.br/Historico-Rating/4035/Fortesec_-_Risco_GTR_Termas_Resort_Gramado_-_(1ª_Emissão_-_457ª_e_460ª_Séries)
2026-09-25,FORTESEC - RISCO GTR TERMAS RESORT GRAMADO - (1ª EMISSÃO - 459ª E 462ª SÉRIES),CRIs,https://www.austin.com.br/Historico-Rating/4037/Fortesec_-_Risco_GTR_Termas_Resort_Gramado_-_(1ª_Emissão_-_459ª_e_462ª_Séries)_
2026-09-25,FORTESEC - RISCO JARDIM SCALA (20ª SÉRIE - 1ª EMISSÃO),CRIs,https://www.austin.com.br/Historico-Rating/3245/Fortesec_-_Risco_Jardim_Scala_(20ª_Série_-_1ª_Emissão)
2026-09-25,FORTESEC - RISCO JARDIM SCALA (21ª SÉRIE - 1ª EMISSÃO),CRIs,https://www.austin.com.br/Historico-Rating/3246/Fortesec_-_Risco_Jardim_Scala_(21ª_Série_-_1ª_Emissão)
2026-09-25,FORTESEC - RISCO MAUI RESIDENCE LTDA (272ª E 273ª SÉRIES - 1ª EMISSÃO),CRIs,https://www.austin.com.br/Historico-Rating/3296/Fortesec_-_Risco_Maui_Residence_Ltda_(272ª_e_273ª_Séries_-_1ª_Emissão)
2026-09-25,FORTESEC - RISCO MONTE LÍBANO EMPREENDIMENTOS LTDA. (GRUPO QUATTO) - (297ª E 299ª SÉRIES SENIORES - 1ª EMISSÃO),CRIs,https://www.austin.com.br/Historico-Rating/3461/Fortesec_-_Risco_Monte_Líbano_Empreendimentos_Ltda_(Grupo_Quatto)_-_(297ª_e_299ª_Séries_Seniores_-_1ª_Emissão)
2026-09-25,FORTESEC - RISCO MONTE LÍBANO EMPREENDIMENTOS LTDA. (GRUPO QUATTO) - (298ª E 300ª SÉRIES SUBORDINADAS - 1ª EMISSÃO),CRIs,https://www.austin.com.br/Historico-Rating/3462/Fortesec_-_Risco_Monte_Líbano_Empreendimentos_Ltda_(Grupo_Quatto)_-_(298ª_e_300ª_Séries_Subordinadas_-_1ª_Emissão)
2026-09-25,FORTESEC - RISCO NOVA ITABUNA SPE (23ª SÉRIE - 1ª EMISSÃO),CRIs,https://www.austin.com.br/Historico-Rating/2883/Fortesec_-_Risco_Nova_Itabuna_SPE_(23ª_Série_-_1ª_Emissão)
2026-09-25,FORTESEC - RISCO PARQUE DOS GIRASSÓIS (236ª SÉRIE SÊNIOR - 1ª EMISSÃO),CRIs,https://www.austin.com.br/Historico-Rating/3442/Fortesec_-_Risco_Parque_dos_Girassóis_(236ª_Série_Sênior_-_1ª_Emissão)
2026-09-25,"FORTESEC - RISCO PARQUE DOS GIRASSÓIS (237ª, 238ª E 239ª SÉRIES SUBORDINADAS I, II E III - 1ª EMISSÃO)",CRIs,"https://www.austin.com.br/Historico-Rating/3443/Fortesec_-_Risco_Parque_dos_Girassóis_(237ª,_238ª_e_239ª_Séries_Subordinadas_I,_II_e_III_-_1ª_Emissão)"
2026-09-25,FORTESEC - RISCO PÔR DO SOL URBANIZAÇÕES LTDA. (SÉRIES SENIORES 193ª E 195ª - 1ª EMISSÃO),CRIs,https://www.austin.com.br/Historico-Rating/3523/Fortesec_-_Risco_Pôr_do_Sol_Urbanizações_Ltda_(Séries_Seniores_193ª_e_195ª_-_1ª_Emissão)
2026-09-25,FORTESEC - RISCO PÔR DO SOL URBANIZAÇÕES LTDA. (SÉRIES SUBORDINADAS 194ª E 196ª - 1ª EMISSÃO),CRIs,https://www.austin.com.br/Historico-Rating/3524/Fortesec_-_Risco_Pôr_do_Sol_Urbanizações_Ltda_(Séries_Subordinadas_194ª_e_196ª_-_1ª_Emissão)
2026-09-25,FORTESEC - RISCO PRESTIGE - 192ª EMISSÃO - 1ª SÉRIE,CRIs,https://www.austin.com.br/Historico-Rating/3152/Fortesec_-_Risco_Prestige_-_192ª_Emissão_-_1ª_Série_
2026-09-25,FORTESEC - RISCO PULVERIZADO (LOJISTAS SÓ MARCAS OUTLET) (205ª SÉRIE - 1ª EMISSÃO),CRIs,https://www.austin.com.br/Historico-Rating/3089/Fortesec_-_Risco_Pulverizado_(Lojistas_Só_Marcas_Outlet)_(205ª_Série_-_1ª_Emissão)__
2026-09-25,FORTESEC - RISCO RENDA PORTUGUESA (182ª SÉRIE - 1ª EMISSÃO),CRIs,https://www.austin.com.br/Historico-Rating/3111/Fortesec_-_Risco_Renda_Portuguesa_(182ª_Série_-_1ª_Emissão)
2026-09-25,FORTESEC - RISCO RENDA PORTUGUESA (SÉRIES 180ª E 181ª - 1ª EMISSÃO),CRIs,https://www.austin.com.br/Historico-Rating/3112/Fortesec_-_Risco_Renda_Portuguesa_(Séries_180ª_e_181ª_-_1ª_Emissão)
2026-09-25,FORTESEC - RISCO RR CONSTRUÇÕES E IMOBILIÁRIA LTDA. (106ª SÉRIE SÊNIOR - 1ª EMISSÃO),CRIs,https://www.austin.com.br/Historico-Rating/3510/Fortesec_-_Risco_RR_Construções_e_Imobiliária_Ltda_(106ª_Série_Sênior_-_1ª_Emissão)
2026-09-25,FORTESEC - RISCO RR CONSTRUÇÕES E IMOBILIÁRIA LTDA. (107ª SÉRIE MEZANINO - 1ª EMISSÃO),CRIs,https://www.austin.com.br/Historico-Rating/3511/Fortesec_-_Risco_RR_Construções_e_Imobiliária_Ltda_(107ª_Série_Mezanino_-_1ª_Emissão)
2026-09-25,FORTESEC - RISCO RR CONSTRUÇÕES E IMOBILIÁRIA LTDA. (108ª SÉRIE SUBORDINADA - 1ª EMISSÃO),CRIs,https://www.austin.com.br/Historico-Rating/3512/Fortesec_-_Risco_RR_Construções_e_Imobiliária_Ltda_(108ª_Série_Subordinada_-_1ª_Emissão)
2026-09-25,"FORTESEC - RISCO SOLAR DAS ÁGUAS - (1ª EMISSÃO -  335ª, 337ª, 339ª, 341ª E 343ª SÉRIES)",CRIs,"https://www.austin.com.br/Historico-Rating/4033/Fortesec_-_Risco_Solar_das_Águas_-_(1ª_Emissão_-__335ª,_337ª,_339ª,_341ª_e_343ª_Séries)_"
2026-09-25,"FORTESEC - RISCO SOLAR DAS ÁGUAS - (1ª EMISSÃO -  336ª, 338ª, 340ª, 342ª E 344ª SÉRIES)",CRIs,"https://www.austin.com.br/Historico-Rating/4034/Fortesec_-_Risco_Solar_das_Águas_-_(1ª_Emissão_-__336ª,_338ª,_340ª,_342ª_e_344ª_Séries)"
2026-09-25,FORTESEC - RISCO SOLAR PEDRA DA ILHA (283ª E 285ª SÉRIES SÊNIOR - 1ª EMISSÃO),CRIs,https://www.austin.com.br/Historico-Rating/3450/Fortesec_-_Risco_Solar_Pedra_da_Ilha_(283ª_e_285ª_Séries_Sênior_-_1ª_Emissão)
2026-09-25,FORTESEC - RISCO SOLAR PEDRA DA ILHA (284ª E 286ª SÉRIES SUBORDINADA - 1ª EMISSÃO),CRIs,https://www.austin.com.br/Historico-Rating/3451/Fortesec_-_Risco_Solar_Pedra_da_Ilha_(284ª_e_286ª_Séries_Subordinada_-_1ª_Emissão)
2026-09-25,"FORTESEC - RISCO SPE HOT BEACH (1ª EMISSÃO - SÉRIES SENIORES 287ª, 289ª, 293ª E 295ª)",CRIs,"https://www.austin.com.br/Historico-Rating/3456/Fortesec_-_Risco_SPE_Hot_Beach_(1ª_Emissão_-_Séries_Seniores_287ª,_289ª,_293ª_e_295ª)"
2026-09-25,"FORTESEC - RISCO SPE HOT BEACH (1ª EMISSÃO - SÉRIES SUBORDINADAS 290ª, 292ª, 294ª E 296ª)",CRIs,"https://www.austin.com.br/Historico-Rating/3457/Fortesec_-_Risco_SPE_Hot_Beach_(1ª_Emissão_-_Séries_Subordinadas_290ª,_292ª,_294ª_e_296ª)"
2026-09-25,"FORTESEC - RISCO SPE NG20 (1ª EMISSÃO - SÉRIES 280ª, 281ª E 282ª)",CRIs,"https://www.austin.com.br/Historico-Rating/3458/Fortesec_-_Risco_SPE_NG20_(1ª_Emissão_-_Séries_280ª,_281ª_e_282ª)"
2026-09-25,FORTESEC - RISCO SPE PORTO SEGURO (50ª SÉRIE - 1ª EMISSÃO),CRIs,https://www.austin.com.br/Historico-Rating/2793/Fortesec_-_Risco_SPE_Porto_Seguro_(50ª_Série_-_1ª_Emissão)
2026-09-25,FORTESEC - RISCO SPE PORTO SEGURO (51ª SÉRIE - 1ª EMISSÃO),CRIs,https://www.austin.com.br/Historico-Rating/2794/Fortesec_-_Risco_SPE_Porto_Seguro_(51ª_Série_-_1ª_Emissão)
2026-09-25,"FORTESEC - RISCO SPE PORTO SEGURO (52ª, 54ª, 56ª SÉRIES - 1ª EMISSÃO)",CRIs,"https://www.austin.com.br/Historico-Rating/3191/Fortesec_-_Risco_SPE_Porto_Seguro_(52ª,_54ª,_56ª_Séries_-_1ª_Emissão)"
2026-09-25,"FORTESEC - RISCO SPE PORTO SEGURO (53ª, 55ª, 57ª SÉRIES - 1ª EMISSÃO)",CRIs,"https://www.austin.com.br/Historico-Rating/3178/Fortesec_-_Risco_SPE_Porto_Seguro_(53ª,_55ª,_57ª_Séries_-_1ª_Emissão)"
2026-09-25,"FORTESEC - RISCO SPE RESORT DO LAGO (116ª, 117ª, 118ª,119ª E 120ª SÉRIES - 1ª EMISSÃO)",CRIs,"https://www.austin.com.br/Historico-Rating/2981/Fortesec_-_Risco_SPE_Resort_do_Lago_(116ª,_117ª,_118ª,119ª_e_120ª_Séries_-_1ª_Emissão)"
2026-09-25,"FORTESEC - RISCO SPE RESORT DO LAGO (116ª, 122ª, 124ª, 126ª, 128ª,130ª, 132ª, 134ª E 136ª SÉRIES - 1ª EMISSÃO)",CRIs,"https://www.austin.com.br/Historico-Rating/2982/Fortesec_-_Risco_SPE_Resort_do_Lago_(116ª,_122ª,_124ª,_126ª,_128ª,130ª,_132ª,_134ª_e_136ª_Séries_-_1ª_Emissão)"
2026-09-25,"FORTESEC - RISCO SPE RESORT DO LAGO (121ª, 123ª, 125ª, 127ª, 129ª,131ª, 133ª, 135ª E 137ª SÉRIES - 1ª EMISSÃO)",CRIs,"https://www.austin.com.br/Historico-Rating/2983/Fortesec_-_Risco_SPE_Resort_do_Lago_(121ª,_123ª,_125ª,_127ª,_129ª,131ª,_133ª,_135ª_e_137ª_Séries_-_1ª_Emissão)"
2026-09-25,FORTESEC - RISCO SPE RESORT DO LAGO (24ª SÉRIE - 1ª EMISSÃO),CRIs,https://www.austin.com.br/Historico-Rating/2585/Fortesec_-_Risco_SPE_Resort_do_Lago_(24ª_Série_-_1ª_Emissão)
2026-09-25,"FORTESEC - RISCO SPE RESORT DO LAGO (252ª, 256ª, 260ª, 264ª E 268ª SÉRIES - 1ª EMISSÃO)",CRIs,"https://www.austin.com.br/Historico-Rating/3333/Fortesec_-_Risco_SPE_Resort_do_Lago_(252ª,_256ª,_260ª,_264ª_e_268ª_Séries_-_1ª_Emissão)"
2026-09-25,"FORTESEC - RISCO SPE RESORT DO LAGO (253ª, 257ª, 261ª, 265ª E 269ª SÉRIES - 1ª EMISSÃO)",CRIs,"https://www.austin.com.br/Historico-Rating/3334/Fortesec_-_Risco_SPE_Resort_do_Lago_(253ª,_257ª,_261ª,_265ª_E_269ª_Séries_-_1ª_Emissão)"
2026-09-25,"FORTESEC - RISCO SPE RESORT DO LAGO (254ª, 258ª, 262ª, 266ª E 270ª SÉRIES - 1ª EMISSÃO)",CRIs,"https://www.austin.com.br/Historico-Rating/3335/Fortesec_-_Risco_SPE_Resort_do_Lago_(254ª,_258ª,_262ª,_266ª_e_270ª_Séries_-_1ª_Emissão)"
2026-09-25,"FORTESEC - RISCO SPE RESORT DO LAGO (255ª, 259ª, 263ª, 267ª E 271ª SÉRIES - 1ª EMISSÃO)",CRIs,"https://www.austin.com.br/Historico-Rating/3336/Fortesec_-_Risco_SPE_Resort_do_Lago_(255ª,_259ª,_263ª,_267ª_e_271ª_Séries_-_1ª_Emissão)"
2026-09-25,FORTESEC - RISCO TERRA NOVA - (1ª SÉRIE - 362ª EMISSÃO),CRIs,https://www.austin.com.br/Historico-Rating/3709/Fortesec_-_Risco_Terra_Nova_-_(1ª_Série_-_362ª_Emissão)
2026-09-25,FORTESEC - RISCO TERRA NOVA - (1ª SÉRIE - 363ª EMISSÃO),CRIs,https://www.austin.com.br/Historico-Rating/3710/Fortesec_-_Risco_Terra_Nova_-_(1ª_Série_-_363ª_Emissão)
2026-09-25,FORTESEC - RISCO THCM - (145A SÉRIES - 1A EMISSÃO),CRIs,https://www.austin.com.br/Historico-Rating/3568/Fortesec_-_Risco_THCM_-_(145a_Séries_-_1a_Emissão)
2026-09-25,FORTESEC - RISCO THCM - (MEZANINO SENIORES 146A E 147A SÉRIES - 1A EMISSÃO),CRIs,https://www.austin.com.br/Historico-Rating/3569/Fortesec_-_Risco_THCM_-_(Mezanino_Seniores_146a_e_147a_Séries_-_1a_Emissão)
2026-09-25,FORTESEC - RISCO THCM - (MEZANINO SUBORDINADA 148A SÉRIES - 1A EMISSÃO),CRIs,https://www.austin.com.br/Historico-Rating/3570/Fortesec_-_Risco_THCM_-_(Mezanino_Subordinada_148a_Séries_-_1a_Emissão)
2026-09-25,FORTESEC - RISCO THCM - (SUBORDINADA 149A A 155A SÉRIES - 1A EMISSÃO),CRIs,https://www.austin.com.br/Historico-Rating/3571/Fortesec_-_Risco_THCM_-_(Subordinada_149a_a_155a_Séries_-_1a_Emissão)
2026-09-25,"FORTESEC - RISCO TOCTAO ARGON ATIBAIA (407ª, 409ª E 411ª SÉRIES SENIORES - 1ª EMISSÃO)",CRIs,"https://www.austin.com.br/Historico-Rating/3638/Fortesec_-_Risco_Toctao_Argon_Atibaia_(407ª,_409ª_e_411ª_Séries_Seniores_-_1ª_Emissão)"
2026-09-25,"FORTESEC - RISCO TOCTAO ARGON ATIBAIA (408ª, 410ª E 412ª SÉRIES SUBORDINADAS - 1ª EMISSÃO)",CRIs,"https://www.austin.com.br/Historico-Rating/3639/Fortesec_-_Risco_Toctao_Argon_Atibaia_(408ª,_410ª_e_412ª_Séries_Subordinadas_-_1ª_Emissão)"
2026-09-25,FORTESEC - RISCO TOP PARK LEM -  (215ª SÉRIE SÊNIOR - 1ª EMISSÃO),CRIs,https://www.austin.com.br/Historico-Rating/3576/Fortesec_-_Risco_Top_Park_LEM_-__(215ª_Série_Sênior_-_1ª_Emissão)
2026-09-25,FORTESEC - RISCO TOP PARK LEM -  (216ª E 217ª SÉRIES SUBORDINADAS - 1ª EMISSÃO),CRIs,https://www.austin.com.br/Historico-Rating/3577/Fortesec_-_Risco_Top_Park_LEM_-__(216ª_e_217ª_Séries_Subordinadas_-_1ª_Emissão)
2026-09-25,"FORTESEC - RISCO URBANES EMPREENDIMENTOS (SÉRIES SENIORES I A V (226ª, 228ª, 230ª, 232ª E 234ª SÉRIES) - 1ª EMISSÃO)",CRIs,"https://www.austin.com.br/Historico-Rating/3420/Fortesec_-_Risco_Urbanes_Empreendimentos_(Séries_Seniores_I_a_V_(226ª,_228ª,_230ª,_232ª_e_234ª_Séries)_-_1ª_Emissão)"
2026-09-25,"FORTESEC - RISCO URBANES EMPREENDIMENTOS (SÉRIES SUBORDINADAS I A III (227ª, 229ª, 231ª, 233ª E 235ª) - 1ª EMISSÃO)",CRIs,"https://www.austin.com.br/Historico-Rating/3421/Fortesec_-_Risco_Urbanes_Empreendimentos_(Séries_Subordinadas_I_a_III_(227ª,_229ª,_231ª,_233ª_e_235ª)_-_1ª_Emissão)"
2026-09-25,FORTESEC - RISCO W50 BÚZIOS BEACH (WAM) - (1ª EMISSÃO - 503ª A SÉRIE),CRIs,https://www.austin.com.br/Historico-Rating/4025/Fortesec_-_Risco_W50_Búzios_Beach_(WAM)_-_(1ª_Emissão_-_503ª_A_Série)_
2026-09-25,"FORTESEC - RISCO W50 BÚZIOS BEACH (WAM) - (1ª EMISSÃO - S 504ª, 505ª E  506ª SÉRIES {SÉRIE B/C-I/C-II})",CRIs,"https://www.austin.com.br/Historico-Rating/4026/Fortesec_-_Risco_W50_Búzios_Beach_(WAM)_-_(1ª_Emissão_-_s_504ª,_505ª_e__506ª_Séries_{Série_B_C-I_C-II})_"
2026-09-25,FORTESEC - SARAIVA DE REZENDE SPE (278ª SÉRIE SÊNIOR - 1ª EMISSÃO),CRIs,https://www.austin.com.br/Historico-Rating/3432/Fortesec_-_Saraiva_de_Rezende_SPE_(278ª_Série_Sênior_-_1ª_Emissão)
2026-09-25,FORTESEC - SARAIVA DE REZENDE SPE (279ª SÉRIE SUBORDINADA - 1ª EMISSÃO),CRIs,https://www.austin.com.br/Historico-Rating/3434/Fortesec_-_Saraiva_de_Rezende_SPE_(279ª_Série_Subordinada_-_1ª_Emissão)
2026-09-25,FORTITUDINE FIC FIDC NP - SENIORES 1ª SÉRIE,FIDCs,https://www.austin.com.br/Historico-Rating/3751/Fortitudine_FIC_FIDC_NP_-_Seniores_1ª_série
2026-09-25,FORTITUDINE FIC FIDC NP - SUBORDINADAS JÚNIOR,FIDCs,https://www.austin.com.br/Historico-Rating/3464/Fortitudine_FIC_FIDC_NP_-_Subordinadas_Júnior_
2026-09-25,FORTITUDINE FIC FIDC NP - SUBORDINADAS MEZANINO,FIDCs,https://www.austin.com.br/Historico-Rating/3463/Fortitudine_FIC_FIDC_NP_-_Subordinadas_Mezanino_
2026-09-25,FORZA FIDC NP  - SENIORES ÚNICA,FIDCs,https://www.austin.com.br/Historico-Rating/3732/Forza_FIDC_NP__-_Seniores_Única
2026-09-25,FS FIDC NP - SUBORDINADAS JÚNIOR,FIDCs,https://www.austin.com.br/Historico-Rating/2162/FS_FIDC_NP_-_Subordinadas_Júnior_
2026-09-25,G5 ALLOCATION FIC FIDC - ÚNICA,FIDCs,https://www.austin.com.br/Historico-Rating/3188/G5_Allocation_FIC_FIDC_-_Única_
2026-09-25,G5 BR INFRA FIDC NP - SUBORDINADAS JÚNIOR,FIDCs,https://www.austin.com.br/Historico-Rating/3500/G5_BR_Infra_FIDC_NP_-_Subordinadas_Júnior_
2026-09-25,G5 CREDIJUS FIDC NP - SUBORDINADAS,FIDCs,https://www.austin.com.br/Historico-Rating/1982/G5_Credijus_FIDC_NP_-_Subordinadas_
2026-09-25,G5 MIX FIDC NP - ÚNICA,FIDCs,https://www.austin.com.br/Historico-Rating/2015/G5_Mix_FIDC_NP_-_Única_
2026-09-25,GAIA SECURITIZADORA - RISCO ROJEMAC (121ª SÉRIE - 4ª EMISSÃO),CRIs,https://www.austin.com.br/Historico-Rating/3350/Gaia_Securitizadora_-_Risco_Rojemac_(121ª_Série_-_4ª_Emissão)
2026-09-25,GALÁPAGOS ATLAS FIDC - SENIORES ÚNICA,FIDCs,https://www.austin.com.br/Historico-Rating/5086/Galápagos_Atlas_FIDC_-_Seniores_Única
2026-09-25,GARANTIA BANCO FIDC - SUBORDINADAS JÚNIOR,FIDCs,https://www.austin.com.br/Historico-Rating/3233/Garantia_Banco_FIDC_-_Subordinadas_Júnior_
2026-09-25,GÁVEA SUL FIDC - SUBORDINADAS MEZANINO II,FIDCs,https://www.austin.com.br/Historico-Rating/3744/Gávea_Sul_FIDC_-_Subordinadas_Mezanino_II_
2026-09-25,GÁVEA SUL FIDC - SUBORDINADAS MEZANINO,FIDCs,https://www.austin.com.br/Historico-Rating/3743/Gávea_Sul_FIDC_-_Subordinadas_Mezanino_
2026-09-25,GÁVEA SUL FIDC - SENIORES 6ª SÉRIE,FIDCs,https://www.austin.com.br/Historico-Rating/3742/Gávea_Sul_FIDC_-_Seniores_6ª_série
2026-09-25,GÁVEA SUL FIDC - SENIORES 4ª SÉRIE,FIDCs,https://www.austin.com.br/Historico-Rating/3741/Gávea_Sul_FIDC_-_Seniores_4ª_série
2026-09-25,GBX PRIME I FIDC - SUBORDINADAS MEZANINO I,FIDCs,https://www.austin.com.br/Historico-Rating/1902/GBX_Prime_I_FIDC_-_Subordinadas_Mezanino_I_
2026-09-25,GENIAL GESTÃO LTDA.,Gestão,https://www.austin.com.br/Historico-Rating/4475/Genial_Gestão_Ltda
2026-09-25,GENTE DO BULLA I FIDC - ÚNICA,FIDCs,https://www.austin.com.br/Historico-Rating/4178/Gente_do_Bulla_I_FIDC_-_Única_
2026-09-25,GESTOR TRUST FIDC - SUBORDINADAS MEZANINO I,FIDCs,https://www.austin.com.br/Historico-Rating/2781/Gestor_Trust_FIDC_-_Subordinadas_Mezanino_I_
2026-09-25,GESTOR TRUST FIDC - SENIORES ÚNICA,FIDCs,https://www.austin.com.br/Historico-Rating/2153/Gestor_Trust_FIDC_-_Seniores_Única
2026-09-25,GESTOR TRUST FIDC - SUBORDINADAS JÚNIOR,FIDCs,https://www.austin.com.br/Historico-Rating/2151/Gestor_Trust_FIDC_-_Subordinadas_Júnior_
2026-09-25,GGR PRIME I FIDC - ÚNICA,FIDCs,https://www.austin.com.br/Historico-Rating/2650/GGR_Prime_I_FIDC_-_Única_
2026-09-25,GIROFIDC FIDC - SUBORDINADAS JÚNIOR,FIDCs,https://www.austin.com.br/Historico-Rating/2290/Girofidc_FIDC_-_Subordinadas_Júnior_
2026-09-25,GLOBAL RETAIL FIDC MULTISSETORIAL - SUBORDINADAS JÚNIOR,FIDCs,https://www.austin.com.br/Historico-Rating/1884/Global_Retail_FIDC_Multissetorial_-_Subordinadas_Júnior_
2026-09-25,GLOBAL RETAIL FIDC MULTISSETORIAL - MEZANINO CLASSE C,FIDCs,https://www.austin.com.br/Historico-Rating/1700/Global_Retail_FIDC_Multissetorial_-_Mezanino_Classe_C_
2026-09-25,GLOBAL RETAIL FIDC MULTISSETORIAL - MEZANINO CLASSE B,FIDCs,https://www.austin.com.br/Historico-Rating/1586/Global_Retail_FIDC_Multissetorial_-_Mezanino_Classe_B_
2026-09-25,GLOBAL RETAIL FIDC MULTISSETORIAL - MEZANINO CLASSE D,FIDCs,https://www.austin.com.br/Historico-Rating/1568/Global_Retail_FIDC_Multissetorial_-_Mezanino_Classe_D_
2026-09-25,GLOBAL SUPPLIERS FIDC MULTISSETORIAL - SENIORES 1ª SÉRIE,FIDCs,https://www.austin.com.br/Historico-Rating/2378/Global_Suppliers_FIDC_Multissetorial_-_Seniores_1ª_série
2026-09-25,GLOBAL SUPPLIERS FIDC MULTISSETORIAL - SUBORDINADAS JÚNIOR,FIDCs,https://www.austin.com.br/Historico-Rating/1882/Global_Suppliers_FIDC_Multissetorial_-_Subordinadas_Júnior_
2026-09-25,GLOBAL SUPPLIERS FIDC MULTISSETORIAL - SUBORDINADAS MEZANINO,FIDCs,https://www.austin.com.br/Historico-Rating/1567/Global_Suppliers_FIDC_Multissetorial_-_Subordinadas_Mezanino_
2026-09-25,GLOBALCASH FIDC - SENIORES 3ª SÉRIE,FIDCs,https://www.austin.com.br/Historico-Rating/2928/Globalcash_FIDC_-_Seniores_3ª_série
2026-09-25,GLOBALCASH FIDC - SUBORDINADAS MEZANINO,FIDCs,https://www.austin.com.br/Historico-Rating/2672/Globalcash_FIDC_-_Subordinadas_Mezanino_
2026-09-25,GLOBALCASH FIDC - SENIORES 2ª SÉRIE,FIDCs,https://www.austin.com.br/Historico-Rating/2604/Globalcash_FIDC_-_Seniores_2ª_série
2026-09-25,GLOBALCASH FIDC - SUBORDINADAS JÚNIOR,FIDCs,https://www.austin.com.br/Historico-Rating/2411/Globalcash_FIDC_-_Subordinadas_Júnior_
2026-09-25,GOAL CONSIGNADO FIDC  - ÚNICA,FIDCs,https://www.austin.com.br/Historico-Rating/3778/Goal_Consignado_FIDC__-_Única_
2026-09-25,GOLDEN GATE BRIDGE FIDC - SENIORES ÚNICA,FIDCs,https://www.austin.com.br/Historico-Rating/2779/Golden_Gate_Bridge_FIDC_-_Seniores_Única
2026-09-25,GOPLAN FIDC - SUBORDINADAS MEZANINO,FIDCs,https://www.austin.com.br/Historico-Rating/4439/Goplan_FIDC_-_Subordinadas_Mezanino_
2026-09-25,GOPLAN FIDC - SENIORES ÚNICA,FIDCs,https://www.austin.com.br/Historico-Rating/4438/Goplan_FIDC_-_Seniores_Única
2026-09-25,GRANCRED FIDC - SUBORDINADAS,FIDCs,https://www.austin.com.br/Historico-Rating/1612/Grancred_FIDC_-_Subordinadas_
2026-09-25,GREEN FIDC SOLAR GD II - 1ª / 2ª / 3ª / 4ª - SENIORES ÚNICA,FIDCs,https://www.austin.com.br/Historico-Rating/3532/Green_FIDC_Solar_GD_II_-_1ª___2ª___3ª___4ª_-_Seniores_Única
2026-09-25,GREEN FIDC SOLAR GD II - 5ª / 6ª / 7ª / 8ª - SENIORES ÚNICA,FIDCs,https://www.austin.com.br/Historico-Rating/4021/Green_FIDC_Solar_GD_II_-_5ª___6ª___7ª___8ª_-_Seniores_Única
2026-09-25,GREEN FIDC SOLAR GD II - A1 / A2 / A3 - SUBORDINADAS JÚNIOR,FIDCs,https://www.austin.com.br/Historico-Rating/3533/Green_FIDC_Solar_GD_II_-_A1___A2___A3_-_Subordinadas_Júnior_
2026-09-25,GREEN FIDC SOLAR GD II - A4 / A5 / A6 / A7 / A8 - SUBORDINADAS MEZANINO,FIDCs,https://www.austin.com.br/Historico-Rating/4022/Green_FIDC_Solar_GD_II_-_A4___A5___A6___A7___A8_-_Subordinadas_Mezanino_
2026-09-25,GREEN SOLFÁCIL II FIDC - MEZANINO CLASSE B,FIDCs,https://www.austin.com.br/Historico-Rating/4043/Green_Solfácil_II_FIDC_-_Mezanino_Classe_B_
2026-09-25,GREEN SOLFÁCIL II FIDC - SENIORES 2ª SÉRIE,FIDCs,https://www.austin.com.br/Historico-Rating/4042/Green_Solfácil_II_FIDC_-_Seniores_2ª_série
2026-09-25,GREEN SOLFÁCIL II FIDC - SUBORDINADAS JÚNIOR,FIDCs,https://www.austin.com.br/Historico-Rating/3874/Green_Solfácil_II_FIDC_-_Subordinadas_Júnior_
2026-09-25,GREEN SOLFÁCIL II FIDC - SUBORDINADAS MEZANINO,FIDCs,https://www.austin.com.br/Historico-Rating/3873/Green_Solfácil_II_FIDC_-_Subordinadas_Mezanino_
2026-09-25,GREEN SOLFÁCIL II FIDC - SENIORES ÚNICA,FIDCs,https://www.austin.com.br/Historico-Rating/3872/Green_Solfácil_II_FIDC_-_Seniores_Única
2026-09-25,GUARDIAN MULTI CONSIGNADO I FIDC - SUBORDINADAS JÚNIOR,FIDCs,https://www.austin.com.br/Historico-Rating/4789/Guardian_Multi_Consignado_I_FIDC_-_Subordinadas_Júnior_
2026-09-25,GUARDIAN MULTI CONSIGNADO I FIDC - SUBORDINADAS MEZANINO,FIDCs,https://www.austin.com.br/Historico-Rating/4788/Guardian_Multi_Consignado_I_FIDC_-_Subordinadas_Mezanino_
2026-09-25,GUARDIAN MULTI CONSIGNADO I FIDC - SENIORES ÚNICA,FIDCs,https://www.austin.com.br/Historico-Rating/4787/Guardian_Multi_Consignado_I_FIDC_-_Seniores_Única
2026-09-25,GUARDIAN MULTI CONSIGNADO II FIDC - SUBORDINADAS MEZANINO,FIDCs,https://www.austin.com.br/Historico-Rating/4465/Guardian_Multi_Consignado_II_FIDC_-_Subordinadas_Mezanino_
2026-09-25,GUARDIAN MULTI CONSIGNADO II FIDC - SENIORES ÚNICA,FIDCs,https://www.austin.com.br/Historico-Rating/4464/Guardian_Multi_Consignado_II_FIDC_-_Seniores_Única
2026-09-25,GUEPARDO INVESTIMENTOS LTDA.,Gestão,https://www.austin.com.br/Historico-Rating/4474/Guepardo_Investimentos_Ltda
2026-09-25,GWM FIDC MULTISSETORIAL - MEZANINO CLASSE A,FIDCs,https://www.austin.com.br/Historico-Rating/1787/GWM_FIDC_Multissetorial_-_Mezanino_Classe_A_
2026-09-25,HABITASEC - RISCO BRC EMPREENDIMENTOS (75ª SÉRIE - 1ª EMISSÃO),CRIs,https://www.austin.com.br/Historico-Rating/2572/Habitasec_-_Risco_BRC_Empreendimentos_(75ª_Série_-_1ª_Emissão)
2026-09-25,HABITASEC - RISCO JEREISSATI CENTROS COMERCIAIS S/A (101ª SÉRIE - 1ª EMISSÃO),CRIs,https://www.austin.com.br/Historico-Rating/2905/Habitasec_-_Risco_Jereissati_Centros_Comerciais_S_A_(101ª_Série_-_1ª_Emissão)
2026-09-25,HABITASEC SECURITIZADORA S/A - RISCO SPE INFINITA LIFE.CO  (SÉRIE A DEFINIR),CRIs,https://www.austin.com.br/Historico-Rating/3726/Habitasec_Securitizadora_S_A_-_Risco_SPE_Infinita_LifeCo__(Série_a_definir)
2026-09-25,HAWK FIDC NP - SUBORDINADAS JÚNIOR,FIDCs,https://www.austin.com.br/Historico-Rating/4060/Hawk_FIDC_NP_-_Subordinadas_Júnior_
2026-09-25,HAWK FIDC NP - 3ª / 5ª SÉRIES - SENIORES ÚNICA,FIDCs,https://www.austin.com.br/Historico-Rating/4059/Hawk_FIDC_NP_-_3ª___5ª_Séries_-_Seniores_Única
2026-09-25,HAZ FIC FIDC - ÚNICA,FIDCs,https://www.austin.com.br/Historico-Rating/3861/Haz_FIC_FIDC_-_Única_
2026-09-25,HDLG FIDC - SENIORES 1ª SÉRIE,FIDCs,https://www.austin.com.br/Historico-Rating/2636/HDLG_FIDC_-_Seniores_1ª_série
2026-09-25,HEDGE CRÉDITO AGRO FIAGRO DC - SENIORES 4ª SÉRIE,FIDCs,https://www.austin.com.br/Historico-Rating/4776/Hedge_Crédito_Agro_FIAGRO_DC_-_Seniores_4ª_série
2026-09-25,HEDGE CRÉDITO AGRO FIAGRO DC - SENIORES 3ª SÉRIE,FIDCs,https://www.austin.com.br/Historico-Rating/4775/Hedge_Crédito_Agro_FIAGRO_DC_-_Seniores_3ª_série
2026-09-25,HEDGE CRÉDITO AGRO FIAGRO DC - SENIORES 1ª SÉRIE,FIDCs,https://www.austin.com.br/Historico-Rating/4774/Hedge_Crédito_Agro_FIAGRO_DC_-_Seniores_1ª_série
2026-09-25,HÉRCULES FIDC - SUBORDINADAS JÚNIOR,FIDCs,https://www.austin.com.br/Historico-Rating/3174/Hércules_FIDC_-_Subordinadas_Júnior_
2026-09-25,HIGH YIELD DO YALEEH FIDC - SUBORDINADAS MEZANINO,FIDCs,https://www.austin.com.br/Historico-Rating/4434/High_Yield_do_Yaleeh_FIDC_-_Subordinadas_Mezanino_
2026-09-25,HIGH YIELD DO YALEEH FIDC - SUBORDINADAS PREFERENCIAIS,FIDCs,https://www.austin.com.br/Historico-Rating/4433/High_Yield_do_Yaleeh_FIDC_-_Subordinadas_Preferenciais_
2026-09-25,HIGH YIELD DO YALEEH FIDC - SUBORDINADAS PREFERENCIAIS,FIDCs,https://www.austin.com.br/Historico-Rating/4432/High_Yield_do_Yaleeh_FIDC_-_Subordinadas_Preferenciais_
2026-09-25,HIGH YIELD DO YALEEH FIDC - SENIORES 4ª SÉRIE,FIDCs,https://www.austin.com.br/Historico-Rating/4431/High_Yield_do_Yaleeh_FIDC_-_Seniores_4ª_série
2026-09-25,HIGH YIELD II DO FIDC CAP - SUBORDINADAS MEZANINO,FIDCs,https://www.austin.com.br/Historico-Rating/4430/High_Yield_II_do_FIDC_Cap_-_Subordinadas_Mezanino_
2026-09-25,HIGH YIELD II DO FIDC CAP - SUBORDINADAS PREFERENCIAIS B,FIDCs,https://www.austin.com.br/Historico-Rating/4429/High_Yield_II_do_FIDC_Cap_-_Subordinadas_Preferenciais_B_
2026-09-25,HIGH YIELD II DO FIDC CAP - SENIORES 2ª SÉRIE,FIDCs,https://www.austin.com.br/Historico-Rating/4428/High_Yield_II_do_FIDC_Cap_-_Seniores_2ª_série
2026-09-25,HIX INVESTIMENTOS,Gestão,https://www.austin.com.br/Historico-Rating/2856/HIX_Investimentos
2026-09-25,HOD FIC FIDC - SUBORDINADAS MEZANINO I,FIDCs,https://www.austin.com.br/Historico-Rating/3272/HOD_FIC_FIDC_-_Subordinadas_Mezanino_I_
2026-09-25,HOD FIC FIDC - SENIORES 1ª SÉRIE,FIDCs,https://www.austin.com.br/Historico-Rating/3271/HOD_FIC_FIDC_-_Seniores_1ª_série
2026-09-25,IB SIGMA FIDC - SUBORDINADAS JÚNIOR,FIDCs,https://www.austin.com.br/Historico-Rating/1950/IB_Sigma_FIDC_-_Subordinadas_Júnior_
2026-09-25,IC PRECATÓRIOS ESTADUAIS FIDC NP - ÚNICA,FIDCs,https://www.austin.com.br/Historico-Rating/3948/IC_Precatórios_Estaduais_FIDC_NP_-_Única_
2026-09-25,ILLUMINATI FIDC - ÚNICA,FIDCs,https://www.austin.com.br/Historico-Rating/2666/Illuminati_FIDC_-_Única_
2026-09-25,INFINITY SUL FIDC - SUBORDINADAS JÚNIOR,FIDCs,https://www.austin.com.br/Historico-Rating/2002/Infinity_Sul_FIDC_-_Subordinadas_Júnior_
2026-09-25,INFINITY SUL FIDC - SENIORES 1ª SÉRIE,FIDCs,https://www.austin.com.br/Historico-Rating/2001/Infinity_Sul_FIDC_-_Seniores_1ª_série
2026-09-25,INFINITYCRED FIDC - SUBORDINADAS,FIDCs,https://www.austin.com.br/Historico-Rating/2297/Infinitycred_FIDC_-_Subordinadas_
2026-09-25,INFRACOMMERCE FIDC - SUBORDINADAS JÚNIOR,FIDCs,https://www.austin.com.br/Historico-Rating/3897/Infracommerce_FIDC_-_Subordinadas_Júnior_
2026-09-25,INFRACOMMERCE FIDC - SUBORDINADAS MEZANINO,FIDCs,https://www.austin.com.br/Historico-Rating/3896/Infracommerce_FIDC_-_Subordinadas_Mezanino_
2026-09-25,INFRACOMMERCE FIDC - SENIORES ÚNICA,FIDCs,https://www.austin.com.br/Historico-Rating/3895/Infracommerce_FIDC_-_Seniores_Única
2026-09-25,INTERCASH FIDC - SUBORDINADAS MEZANINO,FIDCs,https://www.austin.com.br/Historico-Rating/2959/Intercash_FIDC_-_Subordinadas_Mezanino_
2026-09-25,INTERCASH FIDC - SENIORES ÚNICA,FIDCs,https://www.austin.com.br/Historico-Rating/2940/Intercash_FIDC_-_Seniores_Única
2026-09-25,INTERSECTOR CRÉDITO ESTUDANTIL FIDC - SENIORES ÚNICA,FIDCs,https://www.austin.com.br/Historico-Rating/3642/Intersector_Crédito_Estudantil_FIDC_-_Seniores_Única
2026-09-25,INTERSECTOR FIDC - SENIORES 1ª SÉRIE,FIDCs,https://www.austin.com.br/Historico-Rating/3267/Intersector_FIDC_-_Seniores_1ª_série
2026-09-25,INTERSECTOR FIDC - SUBORDINADAS,FIDCs,https://www.austin.com.br/Historico-Rating/2300/Intersector_FIDC_-_Subordinadas_
2026-09-25,INVESTBRA FIDC - SUBORDINADAS JÚNIOR,FIDCs,https://www.austin.com.br/Historico-Rating/3504/Investbra_FIDC_-_Subordinadas_Júnior_
2026-09-25,INVESTBRA FIDC - SENIORES ÚNICA,FIDCs,https://www.austin.com.br/Historico-Rating/3106/Investbra_FIDC_-_Seniores_Única
2026-09-25,INVESTCON FIDC - SUBORDINADAS JÚNIOR,FIDCs,https://www.austin.com.br/Historico-Rating/2277/Investcon_FIDC_-_Subordinadas_Júnior_
2026-09-25,INVESTOR FIDC - SUBORDINADAS MEZANINO,FIDCs,https://www.austin.com.br/Historico-Rating/3312/Investor_FIDC_-_Subordinadas_Mezanino_
2026-09-25,INVESTOR FIDC - SENIORES ÚNICA,FIDCs,https://www.austin.com.br/Historico-Rating/3311/Investor_FIDC_-_Seniores_Única
2026-09-25,INVESTOR FIDC - SUBORDINADAS JÚNIOR,FIDCs,https://www.austin.com.br/Historico-Rating/2734/Investor_FIDC_-_Subordinadas_Júnior_
2026-09-25,INX SSPI BONDS FIDC NP - SENIORES 1ª SÉRIE,FIDCs,https://www.austin.com.br/Historico-Rating/2245/INX_SSPI_Bonds_FIDC_NP_-_Seniores_1ª_série
2026-09-25,IRON CAPITAL CONSIGNADO FEDERAL - SUBORDINADAS,FIDCs,https://www.austin.com.br/Historico-Rating/3588/Iron_Capital_Consignado_Federal_-_Subordinadas_
2026-09-25,IRON CAPITAL CONSIGNADO FEDERAL - SENIORES ÚNICA,FIDCs,https://www.austin.com.br/Historico-Rating/3587/Iron_Capital_Consignado_Federal_-_Seniores_Única
2026-09-25,IRON CAPITAL CONSIGNADO FIDC - SUBORDINADAS,FIDCs,https://www.austin.com.br/Historico-Rating/3818/Iron_Capital_Consignado_FIDC_-_Subordinadas_
2026-09-25,IRON CAPITAL CONSIGNADO FIDC - SENIORES ÚNICA,FIDCs,https://www.austin.com.br/Historico-Rating/3817/Iron_Capital_Consignado_FIDC_-_Seniores_Única
2026-09-25,IRON CAPITAL II FIDC - SUBORDINADAS,FIDCs,https://www.austin.com.br/Historico-Rating/3378/Iron_Capital_II_FIDC_-_Subordinadas_
2026-09-25,IRON CAPITAL II FIDC - SENIORES ÚNICA,FIDCs,https://www.austin.com.br/Historico-Rating/3377/Iron_Capital_II_FIDC_-_Seniores_Única
2026-09-25,ISAAC FIDC - SENIORES 1ª SÉRIE,FIDCs,https://www.austin.com.br/Historico-Rating/4427/Isaac_FIDC_-_Seniores_1ª_série
2026-09-25,ISEC - LIFE PARK (NEX GROUP) (98ª SÉRIE - 4ª EMISSÃO),CRIs,https://www.austin.com.br/Historico-Rating/3526/Isec_-_Life_Park_(Nex_Group)_(98ª_Série_-_4ª_Emissão)
2026-09-25,ITAÚ FIC FIDC INFRAESTRUTURA - ÚNICA,FIDCs,https://www.austin.com.br/Historico-Rating/3418/Itaú_FIC_FIDC_Infraestrutura_-_Única_
2026-09-25,IYAMI FIDC - SUBORDINADAS MEZANINO I,FIDCs,https://www.austin.com.br/Historico-Rating/2320/Iyami_FIDC_-_Subordinadas_Mezanino_I_
2026-09-25,JBCS II - VAREJO FIDC - SENIORES ÚNICA,FIDCs,https://www.austin.com.br/Historico-Rating/5089/JBCS_II_-_Varejo_FIDC_-_Seniores_Única
2026-09-25,JG PRUDENTIA FIDC NP - SUBORDINADAS MEZANINO I,FIDCs,https://www.austin.com.br/Historico-Rating/2410/JG_Prudentia_FIDC_NP_-_Subordinadas_Mezanino_I_
2026-09-25,JGP CANVAS DISTRESSED FIDC NP - ÚNICA,FIDCs,https://www.austin.com.br/Historico-Rating/1514/JGP_Canvas_Distressed_FIDC_NP_-_Única_
2026-09-25,JGP CRÉDITO FEEDER 1 FIC FIDC NP MULTICARTEIRA - ÚNICA,FIDCs,https://www.austin.com.br/Historico-Rating/1106/JGP_Crédito_Feeder_1_FIC_FIDC_NP_Multicarteira_-_Única_
2026-09-25,JGP DISTRESSED FIC FIDC NP MULTICARTEIRA - ÚNICA,FIDCs,https://www.austin.com.br/Historico-Rating/1107/JGP_Distressed_FIC_FIDC_NP_Multicarteira_-_Única_
2026-09-25,JGP STRESSED FIC FIDC NP MULTICARTEIRA - ÚNICA,FIDCs,https://www.austin.com.br/Historico-Rating/1237/JGP_Stressed_FIC_FIDC_NP_Multicarteira_-_Única_
2026-09-25,JIVEMAUÁ BOSSANOVA 90 FIDC - ÚNICA,FIDCs,https://www.austin.com.br/Historico-Rating/4953/Jivemauá_Bossanova_90_FIDC_-_Única_
2026-09-25,JOB FIDC - SUBORDINADAS,FIDCs,https://www.austin.com.br/Historico-Rating/2544/Job_FIDC_-_Subordinadas_
2026-09-25,JP CAPITAL FIDC - SUBORDINADAS MEZANINO,FIDCs,https://www.austin.com.br/Historico-Rating/4822/JP_Capital_FIDC_-_Subordinadas_Mezanino_
2026-09-25,JP CAPITAL FIDC - SENIORES ÚNICA,FIDCs,https://www.austin.com.br/Historico-Rating/4821/JP_Capital_FIDC_-_Seniores_Única
2026-09-25,KARDBANK CONSIGNADO FIDC - SUBORDINADAS JÚNIOR,FIDCs,https://www.austin.com.br/Historico-Rating/4012/Kardbank_Consignado_FIDC_-_Subordinadas_Júnior_
2026-09-25,KARDBANK CONSIGNADO FIDC - SUBORDINADAS MEZANINO,FIDCs,https://www.austin.com.br/Historico-Rating/4011/Kardbank_Consignado_FIDC_-_Subordinadas_Mezanino_
2026-09-25,KARDBANK CONSIGNADO FIDC - SENIORES ÚNICA,FIDCs,https://www.austin.com.br/Historico-Rating/4010/Kardbank_Consignado_FIDC_-_Seniores_Única
2026-09-25,KARDINAL CRÉDITO IMOBILIÁRIO FIDC  - ÚNICA,FIDCs,https://www.austin.com.br/Historico-Rating/3769/Kardinal_Crédito_Imobiliário_FIDC__-_Única_
2026-09-25,KINEA INVESTIMENTOS LTDA.,Gestão,https://www.austin.com.br/Historico-Rating/3034/Kinea_Investimentos_Ltda
2026-09-25,KINEA VÉRTICE FIDC ABERTO - ÚNICA,FIDCs,https://www.austin.com.br/Historico-Rating/3113/Kinea_Vértice_FIDC_Aberto_-_Única_
2026-09-25,KP DRACMA FIDC NP - SUBORDINADAS JÚNIOR,FIDCs,https://www.austin.com.br/Historico-Rating/4616/KP_Dracma_FIDC_NP_-_Subordinadas_Júnior_
2026-09-25,KREDITARE FIDC - MEZANINO CLASSE A,FIDCs,https://www.austin.com.br/Historico-Rating/2560/Kreditare_FIDC_-_Mezanino_Classe_A_
2026-09-25,KREDITARE FIDC - SENIORES ÚNICA,FIDCs,https://www.austin.com.br/Historico-Rating/2559/Kreditare_FIDC_-_Seniores_Única
2026-09-25,KUARÁ SPECIAL SITUATIONS I FIDC NP - ÚNICA,FIDCs,https://www.austin.com.br/Historico-Rating/4543/Kuará_Special_Situations_I_FIDC_NP_-_Única_
2026-09-25,LANA FIDC - SUBORDINADAS JÚNIOR,FIDCs,https://www.austin.com.br/Historico-Rating/3793/Lana_FIDC_-_Subordinadas_Júnior_
2026-09-25,LANA FIDC - SENIORES 1ª SÉRIE,FIDCs,https://www.austin.com.br/Historico-Rating/3791/Lana_FIDC_-_Seniores_1ª_série
2026-09-25,LEADS CIA SECURITIZADORA - RISCO TERRAS EMPREENDIMENTOS  (1ª SÉRIE - 1ª EMISSÃO),CRIs,https://www.austin.com.br/Historico-Rating/3690/Leads_Cia_Securitizadora_-_Risco_Terras_Empreendimentos__(1ª_Série_-_1ª_Emissão)
2026-09-25,LEADS SECURITIZADORA - RISCO TERRAS EMPREENDIMENTOS - (1ª EMISSÃO - 1ª SÉRIE),CRIs,https://www.austin.com.br/Historico-Rating/4040/Leads_Securitizadora_-_Risco_Terras_Empreendimentos_-_(1ª_Emissão_-_1ª_Série)
2026-09-25,LECCA FIDC - SENIORES 1ª SÉRIE,FIDCs,https://www.austin.com.br/Historico-Rating/317/Lecca_FIDC_-_Seniores_1ª_série
2026-09-25,LESTE  CREDIT PRECATÓRIOS I - FIDC NP - SENIORES 1ª SÉRIE,FIDCs,https://www.austin.com.br/Historico-Rating/4617/Leste__Credit_Precatórios_I_-_FIDC_NP_-_Seniores_1ª_série
2026-09-25,LESTE ARBITRAGEM I FIDC NP - ÚNICA,FIDCs,https://www.austin.com.br/Historico-Rating/3494/Leste_Arbitragem_I_FIDC_NP_-_Única_
2026-09-25,LESTE CREDIT PRECATÓRIOS II - SUBORDINADAS,FIDCs,https://www.austin.com.br/Historico-Rating/4619/Leste_Credit_Precatórios_II_-_Subordinadas_
2026-09-25,LESTE CREDIT PRECATÓRIOS II - SENIORES ÚNICA,FIDCs,https://www.austin.com.br/Historico-Rating/4618/Leste_Credit_Precatórios_II_-_Seniores_Única
2026-09-25,LESTE CREDIT PRECATÓRIOS III - FIDC NP - SENIORES ÚNICA,FIDCs,https://www.austin.com.br/Historico-Rating/4620/Leste_Credit_Precatórios_III_-_FIDC_NP_-_Seniores_Única
2026-09-25,LESTE LLF CID FIDC NP I  - SENIORES ÚNICA,FIDCs,https://www.austin.com.br/Historico-Rating/3574/Leste_LLF_CID_FIDC_NP_I__-_Seniores_Única
2026-09-25,LESTE LLF CID FIDC NP I  - SUBORDINADAS,FIDCs,https://www.austin.com.br/Historico-Rating/3573/Leste_LLF_CID_FIDC_NP_I__-_Subordinadas_
2026-09-25,LEVE FIDC - SUBORDINADAS MEZANINO III,FIDCs,https://www.austin.com.br/Historico-Rating/3790/Leve_FIDC_-_Subordinadas_Mezanino_III_
2026-09-25,LEVE FIDC - SUBORDINADAS MEZANINO II,FIDCs,https://www.austin.com.br/Historico-Rating/3789/Leve_FIDC_-_Subordinadas_Mezanino_II_
2026-09-25,LEVE FIDC - SENIORES 2ª SÉRIE,FIDCs,https://www.austin.com.br/Historico-Rating/3788/Leve_FIDC_-_Seniores_2ª_série
2026-09-25,LIMAJ FIDC - SENIORES ÚNICA,FIDCs,https://www.austin.com.br/Historico-Rating/4621/LIMAJ_FIDC_-_Seniores_Única
2026-09-25,LIMAJ FIDC - SUBORDINADAS JÚNIOR,FIDCs,https://www.austin.com.br/Historico-Rating/4597/Limaj_FIDC_-_Subordinadas_Júnior_
2026-09-25,LIMAJ FIDC - SUBORDINADAS MEZANINO,FIDCs,https://www.austin.com.br/Historico-Rating/4596/Limaj_FIDC_-_Subordinadas_Mezanino_
2026-09-25,LIVRE FIDC - SENIORES 3ª SÉRIE,FIDCs,https://www.austin.com.br/Historico-Rating/3387/Livre_FIDC_-_Seniores_3ª_série
2026-09-25,LIVRE FIDC  - SUBORDINADAS JÚNIOR,FIDCs,https://www.austin.com.br/Historico-Rating/1709/Livre_FIDC__-_Subordinadas_Júnior_
2026-09-25,LIVRE FIDC  - SENIORES 2ª SÉRIE,FIDCs,https://www.austin.com.br/Historico-Rating/1708/Livre_FIDC__-_Seniores_2ª_série
2026-09-25,LS INTERBANK FIDC - MEZANINO CLASSE A,FIDCs,https://www.austin.com.br/Historico-Rating/4450/LS_Interbank_FIDC_-_Mezanino_Classe_A_
2026-09-25,LS INTERBANK FIDC - SENIORES ÚNICA,FIDCs,https://www.austin.com.br/Historico-Rating/3102/LS_Interbank_FIDC_-_Seniores_Única
2026-09-25,LS INTERBANK FIDC - SUBORDINADAS MEZANINO,FIDCs,https://www.austin.com.br/Historico-Rating/3101/LS_Interbank_FIDC_-_Subordinadas_Mezanino_
2026-09-25,LS INTERBANK FIDC - SUBORDINADAS JÚNIOR,FIDCs,https://www.austin.com.br/Historico-Rating/3100/LS_Interbank_FIDC_-_Subordinadas_Júnior_
2026-09-25,LUMINAE FIDC  - SUBORDINADAS MEZANINO,FIDCs,https://www.austin.com.br/Historico-Rating/3675/Luminae_FIDC__-_Subordinadas_Mezanino_
2026-09-25,LUMINAE FIDC  - SENIORES ÚNICA,FIDCs,https://www.austin.com.br/Historico-Rating/3674/Luminae_FIDC__-_Seniores_Única
2026-09-25,LUSITANO FIDC - SUBORDINADAS JÚNIOR,FIDCs,https://www.austin.com.br/Historico-Rating/4673/LUSITANO_FIDC_-_Subordinadas_Júnior_
2026-09-25,LUSITANO FIDC - SUBORDINADAS MEZANINO,FIDCs,https://www.austin.com.br/Historico-Rating/4672/LUSITANO_FIDC_-_Subordinadas_Mezanino_
2026-09-25,LUSITANO FIDC - SENIORES ÚNICA,FIDCs,https://www.austin.com.br/Historico-Rating/4671/LUSITANO_FIDC_-_Seniores_Única
2026-09-25,MANI FIDC - SUBORDINADAS JÚNIOR,FIDCs,https://www.austin.com.br/Historico-Rating/4341/Mani_FIDC_-_Subordinadas_Júnior_
2026-09-25,MANI FIDC - SUBORDINADAS MEZANINO,FIDCs,https://www.austin.com.br/Historico-Rating/4340/Mani_FIDC_-_Subordinadas_Mezanino_
2026-09-25,MANI FIDC - SENIORES ÚNICA,FIDCs,https://www.austin.com.br/Historico-Rating/4339/Mani_FIDC_-_Seniores_Única
2026-09-25,MARABÁ FIDC NP - SUBORDINADAS MEZANINO,FIDCs,https://www.austin.com.br/Historico-Rating/3835/Marabá_FIDC_NP_-_Subordinadas_Mezanino_
2026-09-25,MARTE FIDC  - SENIORES 1ª SÉRIE,FIDCs,https://www.austin.com.br/Historico-Rating/3733/Marte_FIDC__-_Seniores_1ª_série
2026-09-25,MATRIZ FIC FIDC - SUBORDINADAS JÚNIOR,FIDCs,https://www.austin.com.br/Historico-Rating/3257/Matriz_FIC_FIDC_-_Subordinadas_Júnior_
2026-09-25,MATRIZ FIC FIDC - SUBORDINADAS MEZANINO,FIDCs,https://www.austin.com.br/Historico-Rating/3256/Matriz_FIC_FIDC_-_Subordinadas_Mezanino_
2026-09-25,MB GÊNESIS FIDC - SUBORDINADAS JÚNIOR,FIDCs,https://www.austin.com.br/Historico-Rating/5088/MB_Gênesis_FIDC_-_Subordinadas_Júnior_
2026-09-25,MB GÊNESIS FIDC - SENIORES ÚNICA,FIDCs,https://www.austin.com.br/Historico-Rating/5087/MB_Gênesis_FIDC_-_Seniores_Única
2026-09-25,MBM FIDC NP - SUBORDINADAS JÚNIOR,FIDCs,https://www.austin.com.br/Historico-Rating/2506/MBM_FIDC_NP_-_Subordinadas_Júnior_
2026-09-25,MBM FIDC NP - SUBORDINADAS MEZANINO I,FIDCs,https://www.austin.com.br/Historico-Rating/1817/MBM_FIDC_NP_-_Subordinadas_Mezanino_I_
2026-09-25,MEINBERG FIDC - SENIORES 7ª SÉRIE,FIDCs,https://www.austin.com.br/Historico-Rating/3239/Meinberg_FIDC_-_Seniores_7ª_série
2026-09-25,MEINBERG FIDC - SENIORES 5ª SÉRIE,FIDCs,https://www.austin.com.br/Historico-Rating/3237/Meinberg_FIDC_-_Seniores_5ª_série
2026-09-25,MEINBERG FIDC - SENIORES 4ª SÉRIE,FIDCs,https://www.austin.com.br/Historico-Rating/3236/Meinberg_FIDC_-_Seniores_4ª_série
2026-09-25,MEINBERG FIDC - SENIORES 9ª SÉRIE,FIDCs,https://www.austin.com.br/Historico-Rating/3139/Meinberg_FIDC_-_Seniores_9ª_série
2026-09-25,MEINBERG FIDC - SENIORES 8ª SÉRIE,FIDCs,https://www.austin.com.br/Historico-Rating/3138/Meinberg_FIDC_-_Seniores_8ª_série
2026-09-25,MEINBERG FIDC - SUBORDINADAS JÚNIOR,FIDCs,https://www.austin.com.br/Historico-Rating/2582/Meinberg_FIDC_-_Subordinadas_Júnior_
2026-09-25,MEINBERG FIDC - SUBORDINADAS MEZANINO I,FIDCs,https://www.austin.com.br/Historico-Rating/2545/Meinberg_FIDC_-_Subordinadas_Mezanino_I_
2026-09-25,MEINBERG FIDC - SUBORDINADAS,FIDCs,https://www.austin.com.br/Historico-Rating/2293/Meinberg_FIDC_-_Subordinadas_
2026-09-25,MEINBERG FIDC - SENIORES 2ª SÉRIE,FIDCs,https://www.austin.com.br/Historico-Rating/1772/Meinberg_FIDC_-_Seniores_2ª_série
2026-09-25,MERCANTIL DE CRÉDITO FIDC MULTI OPEN I - SENIORES ÚNICA,FIDCs,https://www.austin.com.br/Historico-Rating/2553/Mercantil_de_Crédito_FIDC_Multi_Open_I_-_Seniores_Única
2026-09-25,MERCANTIL DE CRÉDITO FIDC MULTI OPEN I - SUBORDINADAS JÚNIOR,FIDCs,https://www.austin.com.br/Historico-Rating/2552/Mercantil_de_Crédito_FIDC_Multi_Open_I_-_Subordinadas_Júnior_
2026-09-25,MERCANTIL PRODUTOS DE AÇO FIDC  - SENIORES ÚNICA,FIDCs,https://www.austin.com.br/Historico-Rating/3731/Mercantil_Produtos_de_Aço_FIDC__-_Seniores_Única
2026-09-25,MERCANTIL PRODUTOS DE AÇO FIDC  - SENIORES ÚNICA,FIDCs,https://www.austin.com.br/Historico-Rating/3627/Mercantil_Produtos_de_Aço_FIDC__-_Seniores_Única
2026-09-25,METROPOLITANA CONSIGNADO PRIVADO FIDC - SENIORES 1ª SÉRIE,FIDCs,https://www.austin.com.br/Historico-Rating/5236/Metropolitana_Consignado_Privado_FIDC_-_Seniores_1ª_série
2026-09-25,MOKA FUND I FIDC MULTISSETORIAL - SENIORES ÚNICA,FIDCs,https://www.austin.com.br/Historico-Rating/2651/Moka_Fund_I_FIDC_Multissetorial_-_Seniores_Única
2026-09-25,MOKA FUND I FIDC MULTISSETORIAL - SENIORES 6ª SÉRIE,FIDCs,https://www.austin.com.br/Historico-Rating/2321/Moka_Fund_I_FIDC_Multissetorial_-_Seniores_6ª_série
2026-09-25,MOKA FUND I FIDC MULTISSETORIAL - SENIORES 5ª SÉRIE,FIDCs,https://www.austin.com.br/Historico-Rating/1763/Moka_Fund_I_FIDC_Multissetorial_-_Seniores_5ª_série
2026-09-25,MOKA FUND I FIDC MULTISSETORIAL - SUBORDINADAS JÚNIOR,FIDCs,https://www.austin.com.br/Historico-Rating/1741/Moka_Fund_I_FIDC_Multissetorial_-_Subordinadas_Júnior_
2026-09-25,MOKA FUND I FIDC MULTISSETORIAL - SUBORDINADAS MEZANINO,FIDCs,https://www.austin.com.br/Historico-Rating/1698/Moka_Fund_I_FIDC_Multissetorial_-_Subordinadas_Mezanino_
2026-09-25,MOKA FUND I FIDC MULTISSETORIAL - SENIORES 1ª SÉRIE,FIDCs,https://www.austin.com.br/Historico-Rating/849/Moka_Fund_I_FIDC_Multissetorial_-_Seniores_1ª_série
2026-09-25,MP FIDC - SUBORDINADAS JÚNIOR,FIDCs,https://www.austin.com.br/Historico-Rating/4634/MP_FIDC_-_Subordinadas_Júnior_
2026-09-25,MP FIDC - MEZANINO CLASSE E,FIDCs,https://www.austin.com.br/Historico-Rating/4633/MP_FIDC_-_Mezanino_Classe_E_
2026-09-25,MP FIDC - SENIORES 4ª SÉRIE,FIDCs,https://www.austin.com.br/Historico-Rating/4632/MP_FIDC_-_Seniores_4ª_série
2026-09-25,MR FIDC - SUBORDINADAS JÚNIOR,FIDCs,https://www.austin.com.br/Historico-Rating/3323/MR_FIDC_-_Subordinadas_Júnior_
2026-09-25,MSV3 FIDC  - SENIORES 1ª SÉRIE,FIDCs,https://www.austin.com.br/Historico-Rating/5100/MSV3_FIDC__-_Seniores_1ª_série
2026-09-25,MT CONSIGNADO PRIVADO II FIDC - SENIORES 2ª SÉRIE,FIDCs,https://www.austin.com.br/Historico-Rating/5021/MT_Consignado_Privado_II_FIDC_-_Seniores_2ª_série
2026-09-25,MULTI ASSET FIDC - SUBORDINADAS,FIDCs,https://www.austin.com.br/Historico-Rating/3022/Multi_Asset_FIDC_-_Subordinadas_
2026-09-25,MULTI RECEBÍVEIS II FIDC - SENIORES 7ª SÉRIE,FIDCs,https://www.austin.com.br/Historico-Rating/1543/Multi_Recebíveis_II_FIDC_-_Seniores_7ª_série
2026-09-25,MULTI RECEBÍVEIS II FIDC - SENIORES 6ª SÉRIE,FIDCs,https://www.austin.com.br/Historico-Rating/1179/Multi_Recebíveis_II_FIDC_-_Seniores_6ª_série
2026-09-25,MULTI7 FIDC NP - SUBORDINADAS MEZANINO,FIDCs,https://www.austin.com.br/Historico-Rating/3063/Multi7_FIDC_NP_-_Subordinadas_Mezanino_
2026-09-25,MULTI7 FIDC NP - SUBORDINADAS JÚNIOR,FIDCs,https://www.austin.com.br/Historico-Rating/3062/Multi7_FIDC_NP_-_Subordinadas_Júnior_
2026-09-25,MULTI7 FIDC NP - SENIORES ÚNICA,FIDCs,https://www.austin.com.br/Historico-Rating/3061/Multi7_FIDC_NP_-_Seniores_Única
2026-09-25,MULTINVEST CAPITAL ADMINISTRADORA DE RECURSOS LTDA.,Gestão,https://www.austin.com.br/Historico-Rating/1624/Multinvest_Capital_Administradora_de_Recursos_Ltda_
2026-09-25,MULTIPLICA FIDC  - SUBORDINADAS JÚNIOR,FIDCs,https://www.austin.com.br/Historico-Rating/3327/Multiplica_FIDC__-_Subordinadas_Júnior_
2026-09-25,MULTIPLICA FIDC - SUBORDINADAS MEZANINO,FIDCs,https://www.austin.com.br/Historico-Rating/2284/Multiplica_FIDC_-_Subordinadas_Mezanino_
2026-09-25,MULTIPLICA FIDC - SENIORES ÚNICA,FIDCs,https://www.austin.com.br/Historico-Rating/2283/Multiplica_FIDC_-_Seniores_Única
2026-09-25,MULTIPLIK FIDC NP - SUBORDINADAS JÚNIOR,FIDCs,https://www.austin.com.br/Historico-Rating/2487/Multiplik_FIDC_NP_-_Subordinadas_Júnior_
2026-09-25,MULTIPLIKE FIDC - SUBORDINADAS MEZANINO,FIDCs,https://www.austin.com.br/Historico-Rating/4585/Multiplike_FIDC_-_Subordinadas_Mezanino_
2026-09-25,MULTIPLIKE FIDC - SENIORES ÚNICA,FIDCs,https://www.austin.com.br/Historico-Rating/4584/Multiplike_FIDC_-_Seniores_Única
2026-09-25,MUNDIAL FIDC SERVIÇOS - SUBORDINADAS JÚNIOR,FIDCs,https://www.austin.com.br/Historico-Rating/2668/Mundial_FIDC_Serviços_-_Subordinadas_Júnior_
2026-09-25,MUNICÍPIO DE CONTAGEM,Estados e Municípios,https://www.austin.com.br/Historico-Rating/3133/Município_de_Contagem
2026-09-25,MUNICÍPIO DE GUARULHOS,Estados e Municípios,https://www.austin.com.br/Historico-Rating/292/Município_de_Guarulhos
2026-09-25,MUNICÍPIO DE JUNDIAÍ,Estados e Municípios,https://www.austin.com.br/Historico-Rating/394/Município_de_Jundiaí
2026-09-25,MUNICÍPIO DE OSASCO,Estados e Municípios,https://www.austin.com.br/Historico-Rating/4068/Município_de_Osasco
2026-09-25,MUNICÍPIO DE SANTOS,Estados e Municípios,https://www.austin.com.br/Historico-Rating/683/Município_de_Santos
2026-09-25,NAGRO GHIA FIAGRO - SUBORDINADAS JÚNIOR,FIDCs,https://www.austin.com.br/Historico-Rating/4747/NAGRO_GHIA_FIAGRO_-_Subordinadas_Júnior_
2026-09-25,NAGRO GHIA FIAGRO - SUBORDINADAS JÚNIOR,FIDCs,https://www.austin.com.br/Historico-Rating/4746/NAGRO_GHIA_FIAGRO_-_Subordinadas_Júnior_
2026-09-25,NAGRO GHIA FIAGRO - MEZANINO CLASSE B,FIDCs,https://www.austin.com.br/Historico-Rating/4745/NAGRO_GHIA_FIAGRO_-_Mezanino_Classe_B_
2026-09-25,NAGRO GHIA FIAGRO - MEZANINO CLASSE A,FIDCs,https://www.austin.com.br/Historico-Rating/4744/NAGRO_GHIA_FIAGRO_-_Mezanino_Classe_A_
2026-09-25,NAGRO GHIA FIAGRO - SENIORES 3ª SÉRIE,FIDCs,https://www.austin.com.br/Historico-Rating/4743/NAGRO_GHIA_FIAGRO_-_Seniores_3ª_série
2026-09-25,NAGRO GHIA FIAGRO - SENIORES 2ª SÉRIE,FIDCs,https://www.austin.com.br/Historico-Rating/4742/NAGRO_GHIA_FIAGRO_-_Seniores_2ª_série
2026-09-25,NAIA ZETTA VENTURE DEBT FIDC - ÚNICA,FIDCs,https://www.austin.com.br/Historico-Rating/4058/Naia_Zetta_Venture_Debt_FIDC_-_Única_
2026-09-25,NDMP I FIDC - SUBORDINADAS MEZANINO III,FIDCs,https://www.austin.com.br/Historico-Rating/4542/NDMP_I_FIDC_-_Subordinadas_Mezanino_III_
2026-09-25,NDMP I FIDC - SUBORDINADAS MEZANINO II,FIDCs,https://www.austin.com.br/Historico-Rating/4541/NDMP_I_FIDC_-_Subordinadas_Mezanino_II_
2026-09-25,NDMP I FIDC - SENIORES ÚNICA,FIDCs,https://www.austin.com.br/Historico-Rating/4540/NDMP_I_FIDC_-_Seniores_Única
2026-09-25,NEOCRED FIDC  - SUBORDINADAS JÚNIOR,FIDCs,https://www.austin.com.br/Historico-Rating/3328/Neocred_FIDC__-_Subordinadas_Júnior_
2026-09-25,NEOCRED FIDC - SENIORES 3ª SÉRIE,FIDCs,https://www.austin.com.br/Historico-Rating/3286/Neocred_FIDC_-_Seniores_3ª_série
2026-09-25,NEOCRED FIDC - SENIORES 2ª SÉRIE,FIDCs,https://www.austin.com.br/Historico-Rating/3262/Neocred_FIDC_-_Seniores_2ª_série
2026-09-25,NEOCRED FIDC - SUBORDINADAS MEZANINO II,FIDCs,https://www.austin.com.br/Historico-Rating/3261/Neocred_FIDC_-_Subordinadas_Mezanino_II_
2026-09-25,NEOCRED FIDC  - SUBORDINADAS MEZANINO I,FIDCs,https://www.austin.com.br/Historico-Rating/3019/Neocred_FIDC__-_Subordinadas_Mezanino_I_
2026-09-25,NEOCRED FIDC - SENIORES 1ª SÉRIE,FIDCs,https://www.austin.com.br/Historico-Rating/2998/Neocred_FIDC_-_Seniores_1ª_série
2026-09-25,NEW TRADE FIDC - SUBORDINADAS,FIDCs,https://www.austin.com.br/Historico-Rating/1892/New_Trade_FIDC_-_Subordinadas_
2026-09-25,NOVO MUNDO FIDC - SUBORDINADAS JÚNIOR,FIDCs,https://www.austin.com.br/Historico-Rating/3772/Novo_Mundo_FIDC_-_Subordinadas_Júnior_
2026-09-25,NOVO MUNDO FIDC - SUBORDINADAS JÚNIOR,FIDCs,https://www.austin.com.br/Historico-Rating/3520/Novo_Mundo_FIDC_-_Subordinadas_Júnior_
2026-09-25,NXC CAPITAL FIDC - SUBORDINADAS MEZANINO I,FIDCs,https://www.austin.com.br/Historico-Rating/4594/NXC_Capital_FIDC_-_Subordinadas_Mezanino_I_
2026-09-25,NXC CAPITAL FIDC - SENIORES 2ª SÉRIE,FIDCs,https://www.austin.com.br/Historico-Rating/4593/NXC_Capital_FIDC_-_Seniores_2ª_série
2026-09-25,NXC CAPITAL FIDC - SENIORES 1ª SÉRIE,FIDCs,https://www.austin.com.br/Historico-Rating/4592/NXC_Capital_FIDC_-_Seniores_1ª_série
2026-09-25,OBELISK FIC FIDC - ÚNICA,FIDCs,https://www.austin.com.br/Historico-Rating/2662/Obelisk_FIC_FIDC_-_Única_
2026-09-25,OCCAM PORTFÓLIO CRÉDITO FIDC - ÚNICA,FIDCs,https://www.austin.com.br/Historico-Rating/4995/Occam_Portfólio_Crédito_FIDC_-_Única_
2026-09-25,OKNO 1 FIDC  - MEZANINO CLASSE A,FIDCs,https://www.austin.com.br/Historico-Rating/4599/Okno_1_FIDC__-_Mezanino_Classe_A_
2026-09-25,OKNO 1 FIDC  - SENIORES ÚNICA,FIDCs,https://www.austin.com.br/Historico-Rating/4598/Okno_1_FIDC__-_Seniores_Única
2026-09-25,OPEA SECURITIZADORA - RISCO SHOPPING MADUREIRA - (1ª EMISSÃO - 468ª E 470ª SÉRIES),CRIs,https://www.austin.com.br/Historico-Rating/4041/Opea_Securitizadora_-_Risco_Shopping_Madureira_-_(1ª_Emissão_-_468ª_e_470ª_Séries)
2026-09-25,OPEA SECURITIZADORA S/A - 48ª EMISSÃO,Debêntures,https://www.austin.com.br/Historico-Rating/5204/Opea_Securitizadora_S_A_-_48ª_Emissão
2026-09-25,OPI GOOROO FIDC  - SUBORDINADAS JÚNIOR,FIDCs,https://www.austin.com.br/Historico-Rating/4752/OPI_GOOROO_FIDC__-_Subordinadas_Júnior_
2026-09-25,OPI GOOROO FIDC  - SUBORDINADAS MEZANINO II,FIDCs,https://www.austin.com.br/Historico-Rating/4751/OPI_GOOROO_FIDC__-_Subordinadas_Mezanino_II_
2026-09-25,OPI GOOROO FIDC  - SUBORDINADAS MEZANINO I,FIDCs,https://www.austin.com.br/Historico-Rating/4750/OPI_GOOROO_FIDC__-_Subordinadas_Mezanino_I_
2026-09-25,OPI GOOROO FIDC  - SENIORES ÚNICA,FIDCs,https://www.austin.com.br/Historico-Rating/4749/OPI_GOOROO_FIDC__-_Seniores_Única
2026-09-25,OPTA INVEST FIDC - SUBORDINADAS JÚNIOR,FIDCs,https://www.austin.com.br/Historico-Rating/3087/Opta_Invest_FIDC_-_Subordinadas_Júnior_
2026-09-25,OS FIDC  - SENIORES 1ª SÉRIE,FIDCs,https://www.austin.com.br/Historico-Rating/3609/OS_FIDC__-_Seniores_1ª_série
2026-09-25,OS FIDC - SUBORDINADAS JÚNIOR,FIDCs,https://www.austin.com.br/Historico-Rating/3295/OS_FIDC_-_Subordinadas_Júnior_
2026-09-25,OS FIDC - SUBORDINADAS MEZANINO,FIDCs,https://www.austin.com.br/Historico-Rating/3294/OS_FIDC_-_Subordinadas_Mezanino_
2026-09-25,OXSS FIDC - SUBORDINADAS MEZANINO,FIDCs,https://www.austin.com.br/Historico-Rating/4509/OXSS_FIDC_-_Subordinadas_Mezanino_
2026-09-25,OXSS FIDC - SENIORES ÚNICA,FIDCs,https://www.austin.com.br/Historico-Rating/4508/OXSS_FIDC_-_Seniores_Única
2026-09-25,PACIFIC FIDC - SUBORDINADAS MEZANINO,FIDCs,https://www.austin.com.br/Historico-Rating/4827/Pacific_FIDC_-_Subordinadas_Mezanino_
2026-09-25,PACIFIC FIDC - SUBORDINADAS JÚNIOR,FIDCs,https://www.austin.com.br/Historico-Rating/4688/Pacific_FIDC_-_Subordinadas_Júnior_
2026-09-25,"PACIFIC FIDC - 2ª, 3ª, 4ª E 5ª SÉRIES - SENIORES ÚNICA",FIDCs,"https://www.austin.com.br/Historico-Rating/4426/Pacific_FIDC_-_2ª,_3ª,_4ª_e_5ª_Séries_-_Seniores_Única"
2026-09-25,PAULISTA YIELD FIDC - SUBORDINADAS MEZANINO,FIDCs,https://www.austin.com.br/Historico-Rating/2190/Paulista_Yield_FIDC_-_Subordinadas_Mezanino_
2026-09-25,PAULISTA YIELD FIDC - SENIORES ÚNICA,FIDCs,https://www.austin.com.br/Historico-Rating/2189/Paulista_Yield_FIDC_-_Seniores_Única
2026-09-25,PCS II BI FIDC NP - SUBORDINADAS,FIDCs,https://www.austin.com.br/Historico-Rating/3945/PCS_II_BI_FIDC_NP_-_Subordinadas_
2026-09-25,PCS II BI FIDC NP - SENIORES 1ª SÉRIE,FIDCs,https://www.austin.com.br/Historico-Rating/3944/PCS_II_BI_FIDC_NP_-_Seniores_1ª_série
2026-09-25,PEGCARD FIDC - SENIORES ÚNICA,FIDCs,https://www.austin.com.br/Historico-Rating/5180/Pegcard_FIDC_-_Seniores_Única
2026-09-25,PIKI DIGITAL LENDING FIDC  - SUBORDINADAS MEZANINO I,FIDCs,https://www.austin.com.br/Historico-Rating/3776/Piki_Digital_Lending_FIDC__-_Subordinadas_Mezanino_I_
2026-09-25,PIKI DIGITAL LENDING FIDC  - SENIORES 1ª SÉRIE,FIDCs,https://www.austin.com.br/Historico-Rating/3775/Piki_Digital_Lending_FIDC__-_Seniores_1ª_série
2026-09-25,PIXCARD FIDC - SUBORDINADAS JÚNIOR,FIDCs,https://www.austin.com.br/Historico-Rating/4956/PixCard_FIDC_-_Subordinadas_Júnior_
2026-09-25,PIXCARD FIDC - SUBORDINADAS MEZANINO,FIDCs,https://www.austin.com.br/Historico-Rating/4955/PixCard_FIDC_-_Subordinadas_Mezanino_
2026-09-25,PIXCARD FIDC - SENIORES ÚNICA,FIDCs,https://www.austin.com.br/Historico-Rating/4954/PixCard_FIDC_-_Seniores_Única
2026-09-25,PJUS FIDC NP - ÚNICA,FIDCs,https://www.austin.com.br/Historico-Rating/2418/Pjus_FIDC_NP_-_Única_
2026-09-25,PLATA FIDC MULTISSETORIAL LP - MEZANINO CLASSE B,FIDCs,https://www.austin.com.br/Historico-Rating/4532/Plata_FIDC_Multissetorial_LP_-_Mezanino_Classe_B_
2026-09-25,PLATA FIDC MULTISSETORIAL LP - SENIORES 7ª SÉRIE,FIDCs,https://www.austin.com.br/Historico-Rating/4531/Plata_FIDC_Multissetorial_LP_-_Seniores_7ª_série
2026-09-25,PLATA FIDC MULTISSETORIAL LP - SUBORDINADAS MEZANINO,FIDCs,https://www.austin.com.br/Historico-Rating/3357/Plata_FIDC_Multissetorial_LP_-_Subordinadas_Mezanino_
2026-09-25,PLENO INVEST FIDC - SUBORDINADAS JÚNIOR,FIDCs,https://www.austin.com.br/Historico-Rating/2003/Pleno_Invest_FIDC_-_Subordinadas_Júnior_
2026-09-25,PMGCRED FIDC - SUBORDINADAS JÚNIOR,FIDCs,https://www.austin.com.br/Historico-Rating/2591/PMGCRED_FIDC_-_Subordinadas_Júnior_
2026-09-25,PONTAL FIDC NP - ÚNICA,FIDCs,https://www.austin.com.br/Historico-Rating/3258/Pontal_FIDC_NP_-_Única_
2026-09-25,PORTO FINO FIC FIDC - SUBORDINADAS JÚNIOR,FIDCs,https://www.austin.com.br/Historico-Rating/3012/Porto_Fino_FIC_FIDC_-_Subordinadas_Júnior_
2026-09-25,PORTO FINO FIC FIDC - SUBORDINADAS JÚNIOR,FIDCs,https://www.austin.com.br/Historico-Rating/3010/Porto_Fino_FIC_FIDC_-_Subordinadas_Júnior_
2026-09-25,POUSO ALEGRE FIC FIDC - SUBORDINADAS JÚNIOR,FIDCs,https://www.austin.com.br/Historico-Rating/2840/Pouso_Alegre_FIC_FIDC_-_Subordinadas_Júnior_
2026-09-25,POUSO ALEGRE FIC FIDC - SUBORDINADAS MEZANINO II,FIDCs,https://www.austin.com.br/Historico-Rating/2839/Pouso_Alegre_FIC_FIDC_-_Subordinadas_Mezanino_II_
2026-09-25,POUSO ALEGRE FIC FIDC - SUBORDINADAS MEZANINO I,FIDCs,https://www.austin.com.br/Historico-Rating/2838/Pouso_Alegre_FIC_FIDC_-_Subordinadas_Mezanino_I_
2026-09-25,POUSO ALEGRE FIC FIDC - SENIORES ÚNICA,FIDCs,https://www.austin.com.br/Historico-Rating/2837/Pouso_Alegre_FIC_FIDC_-_Seniores_Única
2026-09-25,PRECATO I FIDC NP - SUBORDINADAS JÚNIOR,FIDCs,https://www.austin.com.br/Historico-Rating/3558/Precato_I_FIDC_NP_-_Subordinadas_Júnior_
2026-09-25,PRECATO I FIDC NP - SENIORES ÚNICA,FIDCs,https://www.austin.com.br/Historico-Rating/3557/Precato_I_FIDC_NP_-_Seniores_Única
2026-09-25,PRECAVIDA II FIDC NP - SENIORES ÚNICA,FIDCs,https://www.austin.com.br/Historico-Rating/4622/Precavida_II_FIDC_NP_-_Seniores_Única
2026-09-25,PRK FIDC - SENIORES 2ª SÉRIE,FIDCs,https://www.austin.com.br/Historico-Rating/2426/PRK_FIDC_-_Seniores_2ª_série
2026-09-25,PROA FIDC - SUBORDINADAS JÚNIOR,FIDCs,https://www.austin.com.br/Historico-Rating/3015/Proa_FIDC_-_Subordinadas_Júnior_
2026-09-25,PROA FIDC - SUBORDINADAS MEZANINO I,FIDCs,https://www.austin.com.br/Historico-Rating/3014/Proa_FIDC_-_Subordinadas_Mezanino_I_
2026-09-25,PROA FIDC - SENIORES ÚNICA,FIDCs,https://www.austin.com.br/Historico-Rating/3013/Proa_FIDC_-_Seniores_Única
2026-09-25,PROA FIDC - SUBORDINADAS MEZANINO,FIDCs,https://www.austin.com.br/Historico-Rating/2980/Proa_FIDC_-_Subordinadas_Mezanino_
2026-09-25,PROLOJ FIDC - SUBORDINADAS JÚNIOR,FIDCs,https://www.austin.com.br/Historico-Rating/2303/Proloj_FIDC_-_Subordinadas_Júnior_
2026-09-25,PRÓPRIO CAPITAL GESTÃO DE RECURSOS LTDA.,Gestão,https://www.austin.com.br/Historico-Rating/3955/Próprio_Capital_Gestão_de_Recursos_Ltda
2026-09-25,PUMA FIDC NP - SUBORDINADAS,FIDCs,https://www.austin.com.br/Historico-Rating/1847/Puma_FIDC_NP_-_Subordinadas_
2026-09-25,QUANTHAS FIDC - SUBORDINADAS JÚNIOR,FIDCs,https://www.austin.com.br/Historico-Rating/3399/Quanthas_FIDC_-_Subordinadas_Júnior_
2026-09-25,RADIX SÊNIOR FIDC NP - SENIORES ÚNICA,FIDCs,https://www.austin.com.br/Historico-Rating/3708/Radix_Sênior_FIDC_NP_-_Seniores_Única
2026-09-25,RAÍZES FIDC - SUBORDINADAS MEZANINO I-A,FIDCs,https://www.austin.com.br/Historico-Rating/3514/Raízes_FIDC_-_Subordinadas_Mezanino_I-A_
2026-09-25,RAÍZES FIDC - SUBORDINADAS MEZANINO I,FIDCs,https://www.austin.com.br/Historico-Rating/2652/Raízes_FIDC_-_Subordinadas_Mezanino_I_
2026-09-25,RAÍZES FIDC - SUBORDINADAS MEZANINO,FIDCs,https://www.austin.com.br/Historico-Rating/2613/Raízes_FIDC_-_Subordinadas_Mezanino_
2026-09-25,RAÍZES FIDC - SUBORDINADAS MEZANINO II,FIDCs,https://www.austin.com.br/Historico-Rating/2581/Raízes_FIDC_-_Subordinadas_Mezanino_II_
2026-09-25,RAÍZES FIDC - MEZANINO CLASSE A,FIDCs,https://www.austin.com.br/Historico-Rating/2565/Raízes_FIDC_-_Mezanino_Classe_A_
2026-09-25,RAÍZES FIDC - SUBORDINADAS MEZANINO,FIDCs,https://www.austin.com.br/Historico-Rating/2362/Raízes_FIDC_-_Subordinadas_Mezanino_
2026-09-25,RAÍZES FIDC - SENIORES ÚNICA,FIDCs,https://www.austin.com.br/Historico-Rating/2361/Raízes_FIDC_-_Seniores_Única
2026-09-25,RAÍZES FIDC - SUBORDINADAS JÚNIOR,FIDCs,https://www.austin.com.br/Historico-Rating/2340/Raízes_FIDC_-_Subordinadas_Júnior_
2026-09-25,RB CAPITAL CIA. DE SECURITIZAÇÃO - RISCO BALAROTI (219ª SÉRIE - 1ª EMISSÃO),CRIs,https://www.austin.com.br/Historico-Rating/3381/RB_Capital_Cia_de_Securitização_-_Risco_Balaroti_(219ª_Série_-_1ª_Emissão)
2026-09-25,RECARGAPAY FIDC - SUBORDINADAS MEZANINO,FIDCs,https://www.austin.com.br/Historico-Rating/4200/RecargaPay_FIDC_-_Subordinadas_Mezanino_
2026-09-25,RECARGAPAY FIDC - SENIORES 1ª SÉRIE,FIDCs,https://www.austin.com.br/Historico-Rating/4199/RecargaPay_FIDC_-_Seniores_1ª_série
2026-09-25,RÉGIA DESENVOLVE SP FIDC - SENIORES ÚNICA,FIDCs,https://www.austin.com.br/Historico-Rating/4950/Régia_Desenvolve_SP_FIDC_-_Seniores_Única
2026-09-25,REIT SECURITIZADORA - RISCO PRÓ LOTES (16ª SÉRIE - 2ª EMISSÃO),CRIs,https://www.austin.com.br/Historico-Rating/3471/REIT_Securitizadora_-_Risco_Pró_Lotes_(16ª_Série_-_2ª_Emissão)
2026-09-25,REIT SECURITIZADORA - RISCOS SOCICAM E GR (5ª SÉRIE - 2ª EMISSÃO),CRIs,https://www.austin.com.br/Historico-Rating/3472/REIT_Securitizadora_-_Riscos_Socicam_e_GR_(5ª_Série_-_2ª_Emissão)
2026-09-25,REPÚBLICA FEDERATIVA DO BRASIL (ESCALA GLOBAL),Soberano,https://www.austin.com.br/Historico-Rating/170/República_Federativa_do_Brasil_(Escala_Global)
2026-09-25,RNX FIDC MULTISSETORIAL - SENIORES 30ª SÉRIE,FIDCs,https://www.austin.com.br/Historico-Rating/4587/RNX_FIDC_MULTISSETORIAL_-_Seniores_30ª_série
2026-09-25,RNX FIDC MULTISSETORIAL LP - SUBORDINADAS MEZANINO XVI,FIDCs,https://www.austin.com.br/Historico-Rating/4505/RNX_FIDC_MULTISSETORIAL_LP_-_Subordinadas_Mezanino_XVI_
2026-09-25,RNX FIDC MULTISSETORIAL LP - SUBORDINADAS MEZANINO XV,FIDCs,https://www.austin.com.br/Historico-Rating/4504/RNX_FIDC_MULTISSETORIAL_LP_-_Subordinadas_Mezanino_XV_
2026-09-25,RNX FIDC MULTISSETORIAL LP - SUBORDINADAS MEZANINO XIV,FIDCs,https://www.austin.com.br/Historico-Rating/4503/RNX_FIDC_MULTISSETORIAL_LP_-_Subordinadas_Mezanino_XIV_
2026-09-25,RNX FIDC MULTISSETORIAL LP - SUBORDINADAS MEZANINO XIII,FIDCs,https://www.austin.com.br/Historico-Rating/4502/RNX_FIDC_MULTISSETORIAL_LP_-_Subordinadas_Mezanino_XIII_
2026-09-25,RNX FIDC MULTISSETORIAL LP - SUBORDINADAS MEZANINO XII,FIDCs,https://www.austin.com.br/Historico-Rating/4501/RNX_FIDC_MULTISSETORIAL_LP_-_Subordinadas_Mezanino_XII_
2026-09-25,RNX FIDC MULTISSETORIAL LP - SENIORES 29ª SÉRIE,FIDCs,https://www.austin.com.br/Historico-Rating/4495/RNX_FIDC_MULTISSETORIAL_LP_-_Seniores_29ª_série
2026-09-25,RNX FIDC MULTISSETORIAL LP - SENIORES 28ª SÉRIE,FIDCs,https://www.austin.com.br/Historico-Rating/4494/RNX_FIDC_MULTISSETORIAL_LP_-_Seniores_28ª_série
2026-09-25,RNX FIDC MULTISSETORIAL LP - SENIORES 27ª SÉRIE,FIDCs,https://www.austin.com.br/Historico-Rating/4493/RNX_FIDC_MULTISSETORIAL_LP_-_Seniores_27ª_série
2026-09-25,RNX FIDC MULTISSETORIAL LP - SENIORES 25ª SÉRIE,FIDCs,https://www.austin.com.br/Historico-Rating/4492/RNX_FIDC_MULTISSETORIAL_LP_-_Seniores_25ª_série
2026-09-25,RNX FIDC MULTISSETORIAL LP - SUBORDINADAS JÚNIOR,FIDCs,https://www.austin.com.br/Historico-Rating/3345/RNX_FIDC_Multissetorial_LP_-_Subordinadas_Júnior_
2026-09-25,RNX FIDC MULTISSETORIAL LP - SUBORDINADAS MEZANINO VII,FIDCs,https://www.austin.com.br/Historico-Rating/3344/RNX_FIDC_Multissetorial_LP_-_Subordinadas_Mezanino_VII_
2026-09-25,RODEIO FIDC - SUBORDINADAS MEZANINO,FIDCs,https://www.austin.com.br/Historico-Rating/3493/Rodeio_FIDC_-_Subordinadas_Mezanino_
2026-09-25,RODEIO FIDC - SENIORES 1ª SÉRIE,FIDCs,https://www.austin.com.br/Historico-Rating/3492/Rodeio_FIDC_-_Seniores_1ª_série
2026-09-25,ROYAL THERMALE FIDC - SENIORES ÚNICA,FIDCs,https://www.austin.com.br/Historico-Rating/3565/Royal_Thermale_FIDC_-_Seniores_Única
2026-09-25,SABEMI MONO COTA II FIDC - ÚNICA,FIDCs,https://www.austin.com.br/Historico-Rating/3832/Sabemi_Mono_Cota_II_FIDC_-_Única_
2026-09-25,SANTANDER INFRAESTRUTURA INCENTIVADO FIC FIDC - ÚNICA,FIDCs,https://www.austin.com.br/Historico-Rating/3396/Santander_Infraestrutura_Incentivado_FIC_FIDC_-_Única_
2026-09-25,SBK CAPITAL FIDC - SUBORDINADAS MEZANINO VI,FIDCs,https://www.austin.com.br/Historico-Rating/4669/SBK_CAPITAL_FIDC_-_Subordinadas_Mezanino_VI_
2026-09-25,SBK CAPITAL FIDC - SENIORES 8ª SÉRIE,FIDCs,https://www.austin.com.br/Historico-Rating/4668/SBK_Capital_FIDC_-_Seniores_8ª_série
2026-09-25,SBK CAPITAL FIDC - SUBORDINADAS JÚNIOR,FIDCs,https://www.austin.com.br/Historico-Rating/3064/SBK_Capital_FIDC_-_Subordinadas_Júnior_
2026-09-25,"SBK CAPITAL FIDC - SÊNIOR 1ª, 2ª, 3ª, 4ª, 5ª  - SENIORES ÚNICA",FIDCs,"https://www.austin.com.br/Historico-Rating/4667/SBK_Capital_FIDC_-_SÊNIOR_1ª,_2ª,_3ª,_4ª,_5ª__-_Seniores_Única"
2026-09-25,"SBK CAPITAL FIDC - SUB MEZANINO II, III, IV E V - SUBORDINADAS MEZANINO I",FIDCs,"https://www.austin.com.br/Historico-Rating/3324/SBK_Capital_FIDC_-_SUB_MEZANINO_II,_III,_IV_E_V_-_Subordinadas_Mezanino_I_"
2026-09-25,SCE FIDC - ÚNICA,FIDCs,https://www.austin.com.br/Historico-Rating/3459/SCE_FIDC_-_Única_
2026-09-25,SCF BRAZIL FIDC NP - SUBORDINADAS JÚNIOR,FIDCs,https://www.austin.com.br/Historico-Rating/2740/SCF_Brazil_FIDC_NP_-_Subordinadas_Júnior_
2026-09-25,SELLER 3 FIDC - SENIORES ÚNICA,FIDCs,https://www.austin.com.br/Historico-Rating/5101/Seller_3_FIDC_-_Seniores_Única
2026-09-25,SELLER 3 FIDC MEIOS DE PAGAMENTO - RL - SENIORES 2ª SÉRIE,FIDCs,https://www.austin.com.br/Historico-Rating/5265/Seller_3_FIDC_Meios_de_Pagamento_-_RL_-_Seniores_2ª_série
2026-09-25,SELLER FIDC - SUBORDINADAS JÚNIOR,FIDCs,https://www.austin.com.br/Historico-Rating/4686/Seller_FIDC_-_Subordinadas_Júnior_
2026-09-25,"SELLER FIDC - 1ª, 2ª, 3ª, 4ª SÉRIES - SENIORES ÚNICA",FIDCs,"https://www.austin.com.br/Historico-Rating/4685/Seller_FIDC_-_1ª,_2ª,_3ª,_4ª_Séries_-_Seniores_Única"
2026-09-25,SERRANA FIDC - SUBORDINADAS MEZANINO II,FIDCs,https://www.austin.com.br/Historico-Rating/2804/Serrana_FIDC_-_Subordinadas_Mezanino_II_
2026-09-25,SERRANA FIDC - SENIORES ÚNICA,FIDCs,https://www.austin.com.br/Historico-Rating/2803/Serrana_FIDC_-_Seniores_Única
2026-09-25,SETTE FIDC - SUBORDINADAS JÚNIOR,FIDCs,https://www.austin.com.br/Historico-Rating/3104/Sette_FIDC_-_Subordinadas_Júnior_
2026-09-25,SEVEN FIDC - SUBORDINADAS,FIDCs,https://www.austin.com.br/Historico-Rating/2124/Seven_FIDC_-_Subordinadas_
2026-09-25,SEVEN FIDC - SENIORES 1ª SÉRIE,FIDCs,https://www.austin.com.br/Historico-Rating/2123/Seven_FIDC_-_Seniores_1ª_série
2026-09-25,SFT FIDC  - SUBORDINADAS JÚNIOR,FIDCs,https://www.austin.com.br/Historico-Rating/4740/SFT_FIDC__-_Subordinadas_Júnior_
2026-09-25,SFT FIDC  - SUBORDINADAS MEZANINO II,FIDCs,https://www.austin.com.br/Historico-Rating/4739/SFT_FIDC__-_Subordinadas_Mezanino_II_
2026-09-25,SFT FIDC  - SENIORES 6ª SÉRIE,FIDCs,https://www.austin.com.br/Historico-Rating/4738/SFT_FIDC__-_Seniores_6ª_série
2026-09-25,"SFT FIDC 1ª, 4ª E 5ª - SENIORES 1ª SÉRIE",FIDCs,"https://www.austin.com.br/Historico-Rating/4737/SFT_FIDC_1ª,_4ª_e_5ª_-_Seniores_1ª_série"
2026-09-25,SICOOB COOPECREDI,Corporativo,https://www.austin.com.br/Historico-Rating/3488/Sicoob_Coopecredi
2026-09-25,SICOOB CREDICOM,Corporativo,https://www.austin.com.br/Historico-Rating/3096/Sicoob_Credicom
2026-09-25,SKADE CAPITAL,Gestão,https://www.austin.com.br/Historico-Rating/5250/Skade_Capital
2026-09-25,SOLAR FIDC NP - SENIORES 1ª SÉRIE,FIDCs,https://www.austin.com.br/Historico-Rating/3306/Solar_FIDC_NP_-_Seniores_1ª_série
2026-09-25,SOLAR FIDC NP - SUBORDINADAS JÚNIOR,FIDCs,https://www.austin.com.br/Historico-Rating/3195/Solar_FIDC_NP_-_Subordinadas_Júnior_
2026-09-25,SOLIS CAPITAL ANTARES PIONEIRO FIDC - ÚNICA,FIDCs,https://www.austin.com.br/Historico-Rating/5137/Solis_Capital_Antares_Pioneiro_FIDC_-_Única_
2026-09-25,SOLIS CONSIGNADO FIDC  - SUBORDINADAS,FIDCs,https://www.austin.com.br/Historico-Rating/3658/Solis_Consignado_FIDC__-_Subordinadas_
2026-09-25,SOLIS CONSIGNADO FIDC  - SENIORES ÚNICA,FIDCs,https://www.austin.com.br/Historico-Rating/3657/Solis_Consignado_FIDC__-_Seniores_Única
2026-09-25,SOLIS PORTFOLIO CRÉDITO FIC FIDC - ÚNICA,FIDCs,https://www.austin.com.br/Historico-Rating/4996/Solis_Portfolio_Crédito_FIC_FIDC_-_Única_
2026-09-25,SOMA FIDC NP - SUBORDINADAS JÚNIOR,FIDCs,https://www.austin.com.br/Historico-Rating/3043/Soma_FIDC_NP_-_Subordinadas_Júnior_
2026-09-25,SOMA II FIDC  - SENIORES 1ª SÉRIE,FIDCs,https://www.austin.com.br/Historico-Rating/3771/Soma_II_FIDC__-_Seniores_1ª_série
2026-09-25,SONATA FIDC - SUBORDINADAS JÚNIOR,FIDCs,https://www.austin.com.br/Historico-Rating/2921/Sonata_FIDC_-_Subordinadas_Júnior_
2026-09-25,SPARK FIDC - SUBORDINADAS MEZANINO,FIDCs,https://www.austin.com.br/Historico-Rating/4988/Spark_FIDC_-_Subordinadas_Mezanino_
2026-09-25,SPARK FIDC - SENIORES 2ª SÉRIE,FIDCs,https://www.austin.com.br/Historico-Rating/4987/Spark_FIDC_-_Seniores_2ª_série
2026-09-25,SPARK FIDC  - ÚNICA,FIDCs,https://www.austin.com.br/Historico-Rating/3770/Spark_FIDC__-_Única_
2026-09-25,SPECIAL SITUATIONS FIDC NP - ÚNICA,FIDCs,https://www.austin.com.br/Historico-Rating/2485/Special_Situations_FIDC_NP_-_Única_
2026-09-25,SPECIAL SITUATIONS I FIC FIDC NP - ÚNICA,FIDCs,https://www.austin.com.br/Historico-Rating/2484/Special_Situations_I_FIC_FIDC_NP_-_Única_
2026-09-25,SPECIAL SITUATIONS II FIC FIDC NP - ÚNICA,FIDCs,https://www.austin.com.br/Historico-Rating/2486/Special_Situations_II_FIC_FIDC_NP_-_Única_
2026-09-25,SPECTRA INVESTIMENTOS,Gestão,https://www.austin.com.br/Historico-Rating/4755/Spectra_Investimentos
2026-09-25,SPS CORP I FIDC NP - ÚNICA,FIDCs,https://www.austin.com.br/Historico-Rating/4684/SPS_Corp_I_FIDC_NP_-_Única_
2026-09-25,STEP UP FIDC NP DE AÇÕES JUDICIAIS - ÚNICA,FIDCs,https://www.austin.com.br/Historico-Rating/1953/STEP_UP_FIDC_NP_de_Ações_Judiciais_-_Única_
2026-09-25,STEP-UP III FIDC NP - ÚNICA,FIDCs,https://www.austin.com.br/Historico-Rating/2677/STEP-UP_III_FIDC_NP_-_Única_
2026-09-25,STEP-UP IV FIDC NP - ÚNICA,FIDCs,https://www.austin.com.br/Historico-Rating/2815/STEP-UP_IV_FIDC_NP_-_Única_
2026-09-25,STEP-UP IX FIDC NP - ÚNICA,FIDCs,https://www.austin.com.br/Historico-Rating/3229/STEP-UP_IX_FIDC_NP_-_Única_
2026-09-25,STEP-UP V FIDC NP - ÚNICA,FIDCs,https://www.austin.com.br/Historico-Rating/3040/STEP-UP_V_FIDC_NP_-_Única_
2026-09-25,STEP-UP VI FIDC NP - ÚNICA,FIDCs,https://www.austin.com.br/Historico-Rating/3020/STEP-UP_VI_FIDC_NP_-_Única_
2026-09-25,STEP-UP VII FIDC NP - ÚNICA,FIDCs,https://www.austin.com.br/Historico-Rating/3041/STEP-UP_VII_FIDC_NP_-_Única_
2026-09-25,STEP-UP VIII FIDC NP - ÚNICA,FIDCs,https://www.austin.com.br/Historico-Rating/3154/STEP-UP_VIII_FIDC_NP_-_Única_
2026-09-25,STEP-UP X FIDC NP - ÚNICA,FIDCs,https://www.austin.com.br/Historico-Rating/3561/STEP-UP_X_FIDC_NP_-_Única_
2026-09-25,STEP-UP XI FIDC NP - ÚNICA,FIDCs,https://www.austin.com.br/Historico-Rating/3282/STEP-UP_XI_FIDC_NP_-_Única_
2026-09-25,STEP-UP XII FIDC NP - SENIORES ÚNICA,FIDCs,https://www.austin.com.br/Historico-Rating/3706/Step-Up_XII_FIDC_NP_-_Seniores_Única
2026-09-25,STONE FIC FIDC - SUBORDINADAS,FIDCs,https://www.austin.com.br/Historico-Rating/2304/Stone_FIC_FIDC_-_Subordinadas_
2026-09-25,STONE FIC FIDC  - SUBORDINADAS JÚNIOR,FIDCs,https://www.austin.com.br/Historico-Rating/1626/Stone_FIC_FIDC__-_Subordinadas_Júnior_
2026-09-25,STONE III FIDC - SUBORDINADAS,FIDCs,https://www.austin.com.br/Historico-Rating/3930/Stone_III_FIDC_-_Subordinadas_
2026-09-25,STONE IV FIDC - SUBORDINADAS,FIDCs,https://www.austin.com.br/Historico-Rating/3934/Stone_IV_FIDC_-_Subordinadas_
2026-09-25,STRUCTURE FIDC - SUBORDINADAS JÚNIOR,FIDCs,https://www.austin.com.br/Historico-Rating/5080/Structure_FIDC_-_Subordinadas_Júnior_
2026-09-25,STRUCTURE FIDC - SUBORDINADAS MEZANINO,FIDCs,https://www.austin.com.br/Historico-Rating/5079/Structure_FIDC_-_Subordinadas_Mezanino_
2026-09-25,STRUCTURE FIDC - SENIORES 2ª SÉRIE,FIDCs,https://www.austin.com.br/Historico-Rating/5078/Structure_FIDC_-_Seniores_2ª_série
2026-09-25,STRUTTURA AGRO FIDC - SUBORDINADAS JÚNIOR,FIDCs,https://www.austin.com.br/Historico-Rating/4835/Struttura_Agro_FIDC_-_Subordinadas_Júnior_
2026-09-25,STRUTTURA AGRO FIDC - SUBORDINADAS MEZANINO,FIDCs,https://www.austin.com.br/Historico-Rating/4834/Struttura_Agro_FIDC_-_Subordinadas_Mezanino_
2026-09-25,STRUTTURA AGRO FIDC - SENIORES 2ª SÉRIE,FIDCs,https://www.austin.com.br/Historico-Rating/4833/Struttura_Agro_FIDC_-_Seniores_2ª_série
2026-09-25,STRUTTURA AGRO FIDC - SUBORDINADAS JÚNIOR,FIDCs,https://www.austin.com.br/Historico-Rating/4233/Struttura_Agro_FIDC_-_Subordinadas_Júnior_
2026-09-25,STRUTTURA AGRO FIDC - MEZANINO CLASSE A,FIDCs,https://www.austin.com.br/Historico-Rating/4232/Struttura_Agro_FIDC_-_Mezanino_Classe_A_
2026-09-25,STRUTTURA AGRO FIDC - SENIORES 1ª SÉRIE,FIDCs,https://www.austin.com.br/Historico-Rating/4231/Struttura_Agro_FIDC_-_Seniores_1ª_série
2026-09-25,STZ FORNECEDORES FIDC CORPORATIVOS - SENIORES 2ª SÉRIE,FIDCs,https://www.austin.com.br/Historico-Rating/4832/STZ_Fornecedores_FIDC_Corporativos_-_Seniores_2ª_série
2026-09-25,SUL BRASIL FIDC - SUBORDINADAS MEZANINO,FIDCs,https://www.austin.com.br/Historico-Rating/2962/Sul_Brasil_FIDC_-_Subordinadas_Mezanino_
2026-09-25,SUL BRASIL FIDC NP - SENIORES ÚNICA,FIDCs,https://www.austin.com.br/Historico-Rating/3092/Sul_Brasil_FIDC_NP_-_Seniores_Única
2026-09-25,SUNNYHUB FIDC - SENIORES ÚNICA,FIDCs,https://www.austin.com.br/Historico-Rating/4994/Sunnyhub_FIDC_-_Seniores_Única
2026-09-25,SUNRISE FIDC - ÚNICA,FIDCs,https://www.austin.com.br/Historico-Rating/4006/Sunrise_FIDC_-_Única_
2026-09-25,TAIPATSB FIDC NP MULTISSETORIAL - SUBORDINADAS JÚNIOR,FIDCs,https://www.austin.com.br/Historico-Rating/2200/TAIPATSB_FIDC_NP_Multissetorial_-_Subordinadas_Júnior_
2026-09-25,TAPSO FIDC - SUBORDINADAS JÚNIOR,FIDCs,https://www.austin.com.br/Historico-Rating/3468/Tapso_FIDC_-_Subordinadas_Júnior_
2026-09-25,TAURUS FIC FIDC NP - ÚNICA,FIDCs,https://www.austin.com.br/Historico-Rating/4345/Taurus_FIC_FIDC_NP_-_Única_
2026-09-25,TCJUS I FIDC NP - SUBORDINADAS JÚNIOR,FIDCs,https://www.austin.com.br/Historico-Rating/3338/TCJUS_I_FIDC_NP_-_Subordinadas_Júnior_
2026-09-25,TCJUS I FIDC NP - SENIORES 1ª SÉRIE,FIDCs,https://www.austin.com.br/Historico-Rating/3337/TCJUS_I_FIDC_NP_-_Seniores_1ª_série
2026-09-25,TERRA NOVA FIDC - SUBORDINADAS JÚNIOR,FIDCs,https://www.austin.com.br/Historico-Rating/2422/Terra_Nova_FIDC_-_Subordinadas_Júnior_
2026-09-25,TG SPECIALE FIC FIDC - ÚNICA,FIDCs,https://www.austin.com.br/Historico-Rating/3489/TG_Speciale_FIC_FIDC_-_Única_
2026-09-25,TMB CONSIGNADOS FIDC - SUBORDINADAS JÚNIOR,FIDCs,https://www.austin.com.br/Historico-Rating/3747/TMB_Consignados_FIDC_-_Subordinadas_Júnior_
2026-09-25,TMB CONSIGNADOS FIDC - SUBORDINADAS MEZANINO,FIDCs,https://www.austin.com.br/Historico-Rating/3746/TMB_Consignados_FIDC_-_Subordinadas_Mezanino_
2026-09-25,TMB CONSIGNADOS FIDC - SENIORES ÚNICA,FIDCs,https://www.austin.com.br/Historico-Rating/3745/TMB_Consignados_FIDC_-_Seniores_Única
2026-09-25,TMJ FIDC - ÚNICA,FIDCs,https://www.austin.com.br/Historico-Rating/2641/TMJ_FIDC_-_Única_
2026-09-25,TRAÇADO FIDC - SUBORDINADAS MEZANINO,FIDCs,https://www.austin.com.br/Historico-Rating/4624/Traçado_FIDC_-_Subordinadas_Mezanino_
2026-09-25,TRAÇADO FIDC - SENIORES ÚNICA,FIDCs,https://www.austin.com.br/Historico-Rating/4623/Traçado_FIDC_-_Seniores_Única
2026-09-25,TRAVESSIA SECURITIZADORA LTDA. - 1ª SÉRIE,Debêntures,https://www.austin.com.br/Historico-Rating/4476/Travessia_Securitizadora_Ltda_-_1ª_Série
2026-09-25,TRAVESSIA SECURITIZADORA LTDA. - 2ª SÉRIE,Debêntures,https://www.austin.com.br/Historico-Rating/4477/Travessia_Securitizadora_Ltda_-_2ª_Série
2026-09-25,TREVISO FIDC - SUBORDINADAS JÚNIOR,FIDCs,https://www.austin.com.br/Historico-Rating/2578/Treviso_FIDC_-_Subordinadas_Júnior_
2026-09-25,TRIPOLI FIDC NP - SUBORDINADAS MEZANINO,FIDCs,https://www.austin.com.br/Historico-Rating/4436/Tripoli_FIDC_NP_-_Subordinadas_Mezanino_
2026-09-25,TRIPOLI FIDC NP - SENIORES 1ª SÉRIE,FIDCs,https://www.austin.com.br/Historico-Rating/4435/Tripoli_FIDC_NP_-_Seniores_1ª_série
2026-09-25,TRUE SECURITIZADORA - RISCO PULVERIZADO (143ª SÉRIE - 1ª EMISSÃO),CRIs,https://www.austin.com.br/Historico-Rating/2975/True_Securitizadora_-_Risco_Pulverizado_(143ª_Série_-_1ª_Emissão)
2026-09-25,TRUE SECURITIZADORA S/A - RISCO VITACON PARTICIPAÇÕES S/A (211ª SÉRIE - 1ª EMISSÃO),CRIs,https://www.austin.com.br/Historico-Rating/3228/True_Securitizadora_S_A_-_Risco_Vitacon_Participações_S_A_(211ª_Série_-_1ª_Emissão)
2026-09-25,TRUE SECURITIZADORA S/A – RISCO VITACON (226ª SÉRIE – 1ª EMISSÃO),CRIs,https://www.austin.com.br/Historico-Rating/3448/True_Securitizadora_S_A_–_Risco_Vitacon_(226ª_Série_–_1ª_Emissão)
2026-09-25,TRUST FIDC - SUBORDINADAS JÚNIOR,FIDCs,https://www.austin.com.br/Historico-Rating/3305/Trust_FIDC_-_Subordinadas_Júnior_
2026-09-25,TRX FIDC CORPORATIVO I - SENIORES ÚNICA,FIDCs,https://www.austin.com.br/Historico-Rating/2292/TRX_FIDC_Corporativo_I_-_Seniores_Única
2026-09-25,TSB FIDC NP - SENIORES 1ª SÉRIE,FIDCs,https://www.austin.com.br/Historico-Rating/2198/TSB_FIDC_NP_-_Seniores_1ª_série
2026-09-25,UBYFOL AGRO FIDC - SENIORES 1ª SÉRIE,FIDCs,https://www.austin.com.br/Historico-Rating/2609/Ubyfol_Agro_FIDC_-_Seniores_1ª_série
2026-09-25,UBYFOL AGRO III FIDC - SUBORDINADAS JÚNIOR,FIDCs,https://www.austin.com.br/Historico-Rating/4704/UBYFOL_AGRO_III_FIDC_-_Subordinadas_Júnior_
2026-09-25,UBYFOL AGRO III FIDC - MEZANINO CLASSE B,FIDCs,https://www.austin.com.br/Historico-Rating/4703/UBYFOL_AGRO_III_FIDC_-_Mezanino_Classe_B_
2026-09-25,UBYFOL AGRO III FIDC - MEZANINO CLASSE A,FIDCs,https://www.austin.com.br/Historico-Rating/4702/UBYFOL_AGRO_III_FIDC_-_Mezanino_Classe_A_
2026-09-25,UBYFOL AGRO III FIDC - SENIORES 2ª SÉRIE,FIDCs,https://www.austin.com.br/Historico-Rating/4701/UBYFOL_AGRO_III_FIDC_-_Seniores_2ª_série
2026-09-25,UBYFOL AGRO III FIDC - SENIORES 1ª SÉRIE,FIDCs,https://www.austin.com.br/Historico-Rating/4700/UBYFOL_AGRO_III_FIDC_-_Seniores_1ª_série
2026-09-25,UP.P II FIDC - MEZANINO CLASSE A,FIDCs,https://www.austin.com.br/Historico-Rating/4459/Upp_II_FIDC_-_Mezanino_Classe_A_
2026-09-25,UP.P II FIDC - SENIORES ÚNICA,FIDCs,https://www.austin.com.br/Historico-Rating/4458/Upp_II_FIDC_-_Seniores_Única
2026-09-25,URUS FIDC - SUBORDINADAS JÚNIOR,FIDCs,https://www.austin.com.br/Historico-Rating/3199/Urus_FIDC_-_Subordinadas_Júnior_
2026-09-25,USECORP CATÁLISE FIDC - SUBORDINADAS JÚNIOR,FIDCs,https://www.austin.com.br/Historico-Rating/4873/Usecorp_Catálise_FIDC_-_Subordinadas_Júnior_
2026-09-25,USECORP CATÁLISE FIDC - SUBORDINADAS MEZANINO,FIDCs,https://www.austin.com.br/Historico-Rating/4872/Usecorp_Catálise_FIDC_-_Subordinadas_Mezanino_
2026-09-25,USECORP CATÁLISE FIDC - SENIORES ÚNICA,FIDCs,https://www.austin.com.br/Historico-Rating/4871/Usecorp_Catálise_FIDC_-_Seniores_Única
2026-09-25,V. C. M. GESTÃO DE CAPITAL LTDA.,Gestão,https://www.austin.com.br/Historico-Rating/3634/V_C_M_Gestão_de_Capital_Ltda
2026-09-25,VALORA VANGUARD FIC FIDC - ÚNICA,FIDCs,https://www.austin.com.br/Historico-Rating/5085/Valora_Vanguard_FIC_FIDC_-_Única_
2026-09-25,VALOREM FIDC - SUBORDINADAS MEZANINO XVI,FIDCs,https://www.austin.com.br/Historico-Rating/4647/VALOREM_FIDC_-_Subordinadas_Mezanino_XVI_
2026-09-25,VALOREM FIDC - SUBORDINADAS MEZANINO XV,FIDCs,https://www.austin.com.br/Historico-Rating/4646/VALOREM_FIDC_-_Subordinadas_Mezanino_XV_
2026-09-25,VALOREM FIDC - SUBORDINADAS MEZANINO XIV,FIDCs,https://www.austin.com.br/Historico-Rating/4645/VALOREM_FIDC_-_Subordinadas_Mezanino_XIV_
2026-09-25,VALOREM FIDC - SUBORDINADAS MEZANINO XIII,FIDCs,https://www.austin.com.br/Historico-Rating/4644/VALOREM_FIDC_-_Subordinadas_Mezanino_XIII_
2026-09-25,VALOREM FIDC - SUBORDINADAS MEZANINO XII,FIDCs,https://www.austin.com.br/Historico-Rating/4643/VALOREM_FIDC_-_Subordinadas_Mezanino_XII_
2026-09-25,VALOREM FIDC - SUBORDINADAS MEZANINO XI,FIDCs,https://www.austin.com.br/Historico-Rating/4642/VALOREM_FIDC_-_Subordinadas_Mezanino_XI_
2026-09-25,VALOREM FIDC - SUBORDINADAS MEZANINO X,FIDCs,https://www.austin.com.br/Historico-Rating/4641/VALOREM_FIDC_-_Subordinadas_Mezanino_X_
2026-09-25,VALOREM FIDC - SUBORDINADAS MEZANINO IX,FIDCs,https://www.austin.com.br/Historico-Rating/4640/VALOREM_FIDC_-_Subordinadas_Mezanino_IX_
2026-09-25,VALOREM FIDC - SUBORDINADAS MEZANINO VI,FIDCs,https://www.austin.com.br/Historico-Rating/4639/VALOREM_FIDC_-_Subordinadas_Mezanino_VI_
2026-09-25,VALOREM FIDC - SENIORES 15ª SÉRIE,FIDCs,https://www.austin.com.br/Historico-Rating/4638/VALOREM_FIDC_-_Seniores_15ª_série
2026-09-25,VALOREM FIDC - SENIORES 13ª SÉRIE,FIDCs,https://www.austin.com.br/Historico-Rating/4637/VALOREM_FIDC_-_Seniores_13ª_série
2026-09-25,VALOREM FIDC - SENIORES 16ª SÉRIE,FIDCs,https://www.austin.com.br/Historico-Rating/4636/VALOREM_FIDC_-_Seniores_16ª_série
2026-09-25,VALOREM FIDC - SUBORDINADAS MEZANINO V,FIDCs,https://www.austin.com.br/Historico-Rating/3429/Valorem_FIDC_-_Subordinadas_Mezanino_V_
2026-09-25,VALOREM FIDC - SUBORDINADAS MEZANINO II,FIDCs,https://www.austin.com.br/Historico-Rating/2927/Valorem_FIDC_-_Subordinadas_Mezanino_II_
2026-09-25,VALOREM FIDC - SUBORDINADAS JÚNIOR,FIDCs,https://www.austin.com.br/Historico-Rating/2922/Valorem_FIDC_-_Subordinadas_Júnior_
2026-09-25,VALOREM PLUS FIDC NP - SUBORDINADAS JÚNIOR,FIDCs,https://www.austin.com.br/Historico-Rating/3424/Valorem_Plus_FIDC_NP_-_Subordinadas_Júnior_
2026-09-25,VALOREM PLUS FIDC NP - SUBORDINADAS MEZANINO,FIDCs,https://www.austin.com.br/Historico-Rating/3423/Valorem_Plus_FIDC_NP_-_Subordinadas_Mezanino_
2026-09-25,VALOREM PLUS FIDC NP - SENIORES ÚNICA,FIDCs,https://www.austin.com.br/Historico-Rating/3422/Valorem_Plus_FIDC_NP_-_Seniores_Única
2026-09-25,VALORTEC FIDC - SUBORDINADAS JÚNIOR,FIDCs,https://www.austin.com.br/Historico-Rating/2116/Valortec_FIDC_-_Subordinadas_Júnior_
2026-09-25,VANGUARD I FIDC NP - SUBORDINADAS JÚNIOR,FIDCs,https://www.austin.com.br/Historico-Rating/4377/Vanguard_I_FIDC_NP_-_Subordinadas_Júnior_
2026-09-25,VANGUARD I FIDC NP - SUBORDINADAS MEZANINO,FIDCs,https://www.austin.com.br/Historico-Rating/4376/Vanguard_I_FIDC_NP_-_Subordinadas_Mezanino_
2026-09-25,VECTOR FIDC NP - SUBORDINADAS JÚNIOR,FIDCs,https://www.austin.com.br/Historico-Rating/1949/Vector_FIDC_NP_-_Subordinadas_Júnior_
2026-09-25,VEGA FIDC - SUBORDINADAS JÚNIOR,FIDCs,https://www.austin.com.br/Historico-Rating/2797/Vega_FIDC_-_Subordinadas_Júnior_
2026-09-25,VEGA FIDC - SUBORDINADAS MEZANINO,FIDCs,https://www.austin.com.br/Historico-Rating/2796/Vega_FIDC_-_Subordinadas_Mezanino_
2026-09-25,VEGA FIDC - SENIORES ÚNICA,FIDCs,https://www.austin.com.br/Historico-Rating/2795/Vega_FIDC_-_Seniores_Única
2026-09-25,VERAX I FEDERAL FIDC NP  - SUBORDINADAS MEZANINO I,FIDCs,https://www.austin.com.br/Historico-Rating/1987/Verax_I_Federal_FIDC_NP__-_Subordinadas_Mezanino_I_
2026-09-25,VERT-11 COMPANHIA SECURITIZADORA DE CRÉDITOS FINANCEIROS - 1ª EMISSÃO - 2ª SÉRIE,Debêntures,https://www.austin.com.br/Historico-Rating/4046/Vert-11_Companhia_Securitizadora_de_Créditos_Financeiros_-_1ª_Emissão_-_2ª_Série
2026-09-25,VIRGÍNIA FIC FIDC - SUBORDINADAS MEZANINO I,FIDCs,https://www.austin.com.br/Historico-Rating/2748/Virgínia_FIC_FIDC_-_Subordinadas_Mezanino_I_
2026-09-25,VIRGÍNIA FIC FIDC - SENIORES ÚNICA,FIDCs,https://www.austin.com.br/Historico-Rating/2644/Virgínia_FIC_FIDC_-_Seniores_Única
2026-09-25,VIRGÍNIA FIC FIDC - SUBORDINADAS MEZANINO II,FIDCs,https://www.austin.com.br/Historico-Rating/2643/Virgínia_FIC_FIDC_-_Subordinadas_Mezanino_II_
2026-09-25,VIRGÍNIA FIC FIDC - SUBORDINADAS JÚNIOR,FIDCs,https://www.austin.com.br/Historico-Rating/2642/Virgínia_FIC_FIDC_-_Subordinadas_Júnior_
2026-09-25,VIRGO SECURITIZADORA - RISCO VIA VAREJO E BEMOL - 55A EMISSÃO - SÉRIE ÚNICA,CRIs,https://www.austin.com.br/Historico-Rating/4332/Virgo_Securitizadora_-_Risco_Via_Varejo_e_Bemol_-_55a_Emissão_-_Série_Única
2026-09-25,VIXTRA FIDC - SENIORES ÚNICA,FIDCs,https://www.austin.com.br/Historico-Rating/4338/VIXTRA_FIDC_-_Seniores_Única
2026-09-25,VLA FIDC - SENIORES 1ª SÉRIE,FIDCs,https://www.austin.com.br/Historico-Rating/3631/VLA_FIDC_-_Seniores_1ª_série
2026-09-25,VLA FIDC - SUBORDINADAS,FIDCs,https://www.austin.com.br/Historico-Rating/3182/VLA_FIDC_-_Subordinadas_
2026-09-25,VOLPATO FIDC - ÚNICA,FIDCs,https://www.austin.com.br/Historico-Rating/4626/Volpato_FIDC_-_Única_
2026-09-25,VSI SAC FIDC - SUBORDINADAS JÚNIOR,FIDCs,https://www.austin.com.br/Historico-Rating/4470/VSI_SAC_FIDC_-_Subordinadas_Júnior_
2026-09-25,VSI SAC FIDC - SUBORDINADAS MEZANINO,FIDCs,https://www.austin.com.br/Historico-Rating/4469/VSI_SAC_FIDC_-_Subordinadas_Mezanino_
2026-09-25,VSI SAC FIDC - SENIORES ÚNICA,FIDCs,https://www.austin.com.br/Historico-Rating/4468/VSI_SAC_FIDC_-_Seniores_Única
2026-09-25,WOW FIDC - SUBORDINADAS,FIDCs,https://www.austin.com.br/Historico-Rating/3059/WOW_FIDC_-_Subordinadas_
2026-09-25,XP C1 FIDC NP – CLASSE A - SUBORDINADAS,FIDCs,https://www.austin.com.br/Historico-Rating/4683/XP_C1_FIDC_NP_–_Classe_A_-_Subordinadas_
2026-09-25,ZKR FIDC NP  - SUBORDINADAS JÚNIOR,FIDCs,https://www.austin.com.br/Historico-Rating/1834/ZKR_FIDC_NP__-_Subordinadas_Júnior_
