no_emissor_padronizado,no_emissor_fitch,no_emissor_moodys,no_emissor_standard_and_poors,no_emissor_austin,no_emissor_liberum,cnpj_emissor
3R LUX R.L.,3R Lux S.a.r.l.,,,,,
3S FUNDO INVESTIMENTO COTAS FUNDO INVESTIMENTO DIREITOS CREDITORIOS,,,,,3S FUNDO DE INVESTIMENTO EM COTAS DE FUNDO DE INVESTIMENTO EM DIREITOS CREDITORIOS,
4UM GESTAO RECURSOS,,4UM Gestão de Recursos Ltda.,,,,03983856000112
911 BANK MULTI ESTRATEGIA FUNDO INVESTIMENTO DIREITOS CREDITORIOS,,,,,911 BANK MULTI ESTRATEGIA FUNDO DE INVESTIMENTO EM DIREITOS  CREDITORIOS,
911 MULTIESTRATEGIA FUNDO INVESTIMENTO DIREITOS CREDITORIOS,,,,,911 MULTIESTRATÉGIA FUNDO DE INVESTIMENTO EM DIREITOS CREDITÓRIOS,50790524000100
ABC FUNDO INVESTIMENTO DIREITOS CREDITORIOS,,,,,ABC FUNDO DE INVESTIMENTO EM DIREITOS CREDITORIOS,42582289000144
ACCESS FIDC,,,,ACCESS FIDC - SENIORES ÚNICA,,09217017000170
ACELERA VAREJO FUNDO INVESTIMENTO DIREITOS CREDITORIOS,,,,,ACELERA VAREJO FUNDO DE INVESTIMENTO EM DIREITOS CREDITORIOS,44680388000194
ACHE LABORATORIOS FARMACEUTICOS,Ache Laboratorios Farmaceuticos S.A.,,,,,60659463002992
ACL NP FUNDO INVESTIMENTO DIREITOS CREDITORIOS NAO PADRONIZADOS,,,,,ACL NP FUNDO DE INVESTIMENTO EM DIREITOS CREDITORIOS NAO PADRONIZADOS,24506241000175
ACO CEARENSE FIDC,,,,AÇO CEARENSE FIDC - SUBORDINADAS JÚNIOR,,
ACO VERDE,,,Aco Verde do Brasil S.A.,,,07636657000199
ACP BIOENERGIA DESENVOLVE SP FIDC,,,,ACP BIOENERGIA DESENVOLVE SP FIDC - SENIORES ÚNICA,,26288346000120
ACR IV FIDC,,,,ACR IV FIDC - SUBORDINADAS,,
ACRE BG FIDC,,,,ACRE BG FIDC - SUBORDINADAS JÚNIOR,,
ACREDITAR FUNDO INVESTIMENTO DIREITOS CREDITORIOS,,,,,ACREDITAR FUNDO DE INVESTIMENTO EM DIREITOS CREDITORIOS,29152636000130
ACTIVA FIDC,,,,ACTIVA FIDC - SUBORDINADAS JÚNIOR,,
ACUCAREIRA QUATA,Acucareira Quata S.A.,,Acucareira Quata S.A.,,,60855574000173
ADAMI,,Adami S.A. - Madeiras,,,,83054478000121
ADAMI MADEIRAS,,,Adami S.A. Madeiras,,,87790606000156
ADGM FIDC,,,,ADGM FIDC - SENIORES 3ª SÉRIE,,
ADICIONAL,,,,,ADICIONAL - FUNDO DE INVESTIMENTO EM DIREITOS CREDITÓRIOS MULTISEGMENTOS,21247203000157
ADICIONAL FUNDO INVESTIMENTO DIREITOS CREDITORIOS MULTISSETORIAL NP,,,,,Adicional FUNDO DE INVESTIMENTO EM DIREITOS CREDITORIOS Multissetorial  NP,
ADJUD I FIDC NP,,,,ADJUD I FIDC NP  - SUBORDINADAS,,
ADYEN INSTITUICAO PAGAMENTO,,,Adyen do Brasil Instituicao de Pagamento Ltda,,,14796606000190
AEG 4 FUNDO INVESTIMENTO DIREITOS CREDITORIOS NAO,,,,,AEG 4 FUNDO DE INVESTIMENTO EM DIREITOS CREDITORIOS NAO-PADRONIZADOS,
AEG 4 FUNDOS INVESTIMENTO DIREITOS CREDITORIOS RESPONSABILIDADE LIMITADA,,,,,AEG 4 FUNDOS DE INVESTIMENTO EM DIREITOS CREDITÓRIOS DE RESPONSABILIDADE LIMITADA,
AEGEA SANEAMENTO PARTICIPACOES,Aegea Saneamento e Participacoes S.A.,Aegea Saneamento e Participações S.A.,AEGEA Saneamento e Participacoes S.A.,,,08827501000158
AERIS INDUSTRIA COMERCIO EQUIPAMENTOS PARA GERACAO ENERGIA,Aeris Industria e Comercio de Equipamentos para Geracao de Energia S.A.,,,,,12528708000107
AEROPORTOS VIRACOPOS,Aeroportos Brasil Viracopos S.A.,,,,,14522178000107
AES TUCANO HOLDING II,AES Tucano Holding II S.A.,,,,,
AETE,AETE - Amazonia Empresa Transmissora de Energia S.A.,,,,,06001492000116
AFA CREDIT OPPORTUNITY FUNDO INVESTIMENTO DIREITOS CREDITORIOS,,,,,AFA CREDIT OPPORTUNITY FUNDO DE INVESTIMENTO EM DIREITOS CREDITORIOS,42518335000146
AFA HIGH YIELD CREDIT OPPORTUNITY FUNDO INVESTIMENTO DIREITOS CREDITORIOS,,,,,AFA HIGH YIELD CREDIT OPPORTUNITY FUNDO DE INVESTIMENTO EM DIREITOS CREDITORIOS,
AFINITTY FIC FIDC,,,,AFINITTY FIC FIDC - SUBORDINADAS JÚNIOR,,49520420000198
AFINITTY FUNDO INVESTIMENTO COTAS FUNDO INVESTIMENTO DIREITOS CEDITORIOS,,Afinitty Fundo de Investimento em Cotas de Fundo de Investimento em Direitos Ceditórios,,,,22.358.482/0001-99
AFINITTY MF FIDC,,,,AFINITTY MF FIDC (ELETRO FIDC) - ÚNICA,,
AFYA PARTICIPACOES,,Afya Participações S.A.,,,,23399329000172
AGENCIA FOMENTO ESTADO SANTA CATARINA,Agencia de Fomento do Estado de Santa Catarina S.A. - Badesc,,,,,82937293000100
AGHI FUNDO INVESTIMENTO DIREITOS CREDITORIOS NAO,,,,,AGHI FUNDO DE INVESTIMENTO EM DIREITOS CREDITÓRIOS NÃO-PADRONIZADOS,28549975000192
AGP FIDC,,,,AGP FIDC - SUBORDINADAS JÚNIOR,,
AGRO INDUSTRIAS VALE SAO FRANCISCO,,,Agro Industrias do Vale do Sao Francisco S.A.,,,13642699000135
AGROCRED IB I FIDC,,,,AGROCRED IB I FIDC - SUBORDINADAS JÚNIOR,,
AGROFORTE,,,,,AGROFORTE - FUNDO DE INVESTIMENTO NAS CADEIAS PRODUTIVAS AGROINDUSTRIAIS - RESPONSABILIDADE LIMITADA,41520452000181
AGROLEND I FUNDO INVESTIMENTO DIREITOS CREDITORIOS,,,,,AGROLEND I FUNDO DE INVESTIMENTO EM DIREITOS CREDITÓRIOS,
AGROLEND II FIAGRO,,,,,AGROLEND II FIAGRO - FUNDO DE INVESTIMENTO EM DIREITOS CREDITÓRIOS,47227342000102
AGROLEND SOCIEDADE CREDITO,,"Agrolend Sociedade de Credito, Financiamento e Investimento S.A.",,,,43774196000184
AGROTERENAS ADMINISTRACAO PARTICIPACOES,,,Agroterenas S.A. Administracao e Participacoes,,,13553385000166
AGUA VERMELHA TRANSMISSORA ENERGIA,Agua Vermelha Transmissora de Energia S.A,,,,,26855869000101
AGUAS GUARIROBA,Aguas Guariroba S.A.,,Aguas Guariroba S.A.,,,04089570000150
AGUAS IMPERATRIZ,Aguas da Imperatriz S.A.,,,,,17940191000174
AGUAS PARA B SPE,,,Aguas do Para B SPE S.A.,,,61067902000130
AGUAS PARA D SPE,,,Aguas do Para D SPE S.A.,,,61067904000129
AGUAS PARA SPE,,,Aguas do Para A SPE S.A.,,,61067901000195
AGUAS PARAIBA,Aguas do Paraiba S.A.,,,,,01280003000199
AGUAS RIO 1 SPE,,,Aguas do Rio 1 SPE S.A.,,,42310775000103
AGUAS RIO 4 SPE,,,Aguas do Rio 4 SPE S.A.,,,42644220000106
AGUAS SERTAO,,Águas do Sertão S.A.,,,,45456117000112
AGUAS TERESINA SANEAMENTO SPE,Aguas de Teresina Saneamento SPE S.A.,,,,,27157474000106
AKAD SEGUROS,,,Akad Seguros S.A.,,,14868712000131
AL CREDIT FIDC NP,,,,AL CREDIT FIDC NP  - SUBORDINADAS,,
ALAGOAS,,,Alagoas (State of),,,12.200.176/0001-76
ALARES INTERNET PARTICIPACOES,Alares Internet Participacoes S.A.,,,,,23438929000100
ALASKA INVESTIMENTOS,,Alaska Investimentos Ltda,,,,11752203000150
ALBIOMA SOLAR PARTICIPACOES,Albioma Solar Participacoes S.A.,,,,,
ALFA FUNDO INVESTIMENTO DIREITOS CREDITORIOS MULTISSETORIAL,,,,,ALFA FUNDO DE INVESTIMENTO EM DIREITOS CREDITÓRIOS MULTISSETORIAL,
ALGAR TELECOM,,,Algar Telecom S/A,,,71208516000174
ALGARVE MEDITERRANEO FUNDO INVESTIMENTO DIREITOS CREDITORIOS NAO PADRONIZADOS,,,,,ALGARVE MEDITERRÂNEO FUNDO DE INVESTIMENTO EM DIREITOS CREDITÓRIOS NÃO PADRONIZADOS,44698045000157
ALIANCA GERACAO ENERGIA,Alianca Geracao de Energia S.A.,,,,,11851057000110
ALIANCA TRANSMISSORA ENERGIA,Alianca Transmissora de Energia S.A.,,,,,
ALIBEM ALIMENTOS,,Alibem Alimentos S.A.,,,,03941052000150
ALION MZ FIC FIDC,,,,ALION MZ FIC FIDC - SUBORDINADAS JÚNIOR,,
ALLIANCA SAUDE PARTICIPACOES,Allianca Saude e Participacoes S.A.,,,,,42771949000135
ALLOS,ALLOS S.A.,Allos S.A.,,,,05878397000132
ALLSEC FIDC,,,,ALLSEC FIDC  - SUBORDINADAS JÚNIOR,,
ALLUGG FIDC,,,,ALLUGG FIDC - SUBORDINADAS MEZANINO,,
ALMEIDA JUNIOR SHOPPING CENTERS,Almeida Junior Shopping Centers S.A.,,,,,82120676000183
ALSOL ENERGIAS RENOVAVEIS,Alsol Energias Renovaveis S.A.,,,,,15483161000150
ALTHAIA INDUSTRIA FARMACEUTICA,Althaia S.A. Industria Farmaceutica,,,,,48344725000719
ALUBAR METAIS CABOS,Alubar Metais e Cabos S.A.,,,,,08262121000113
ALUME FIDC,,,,ALUME FIDC - SUBORDINADAS,,
ALUME FUNDO INVESTIMENTO DIREITOS CREDITORIOS,,,,,ALUME FUNDO DE INVESTIMENTO EM DIREITOS CREDITORIOS - RESPONSABILIDADE LIMITADA,44674270000153
ALUPAR INVESTIMENTO,Alupar Investimento S.A.,,,,,08364948000138
ALVORADA I FIDC,,,,ALVORADA I FIDC - SUBORDINADAS JÚNIOR,,
AMAZONAS ENERGIA FIDC,,,,AMAZONAS ENERGIA FIDC - SUBORDINADAS JÚNIOR,,
AMAZONAS FIDC,,,,AMAZONAS FIDC - SUBORDINADAS MEZANINO V,,
AMAZONIA LEGAL IOX FUNDO INVESTIMENTO DIREITOS CREDITORIOS,,,Amazonia Legal IOX Fundo de Investimento em Direitos Creditorios,,,64202238000182
AMBEV,,AMBEV S.A.,Ambev S.A.,,,07526557000100
AMBIENTAL CEARA 1 SPE,,,Ambiental Ceara 1 SPE S.A.,,,48569940000122
AMBIENTAL CEARA 2 SPE,,,Ambiental Ceara 2 SPE S.A.,,,48569926000129
AMBIPAR LUX R.L.,Ambipar Lux S.a.r.l.,,,,,
AMBIPAR PARTICIPACOES EMPREENDIMENTOS,Ambipar Participacoes e Empreendimentos S.A.,,,,,12648266000124
AMPLA ENERGIA SERVICOS,Ampla Energia e Servicos S.A.,,,,,33050071000158
ANACLETO FIDC,,,,ANACLETO FIDC  - ÚNICA,,
ANDALUZ FUNDO INVESTIMENTO DIREITOS CREDITORIOS,,,,,ANDALUZ FUNDO DE INVESTIMENTO EM DIREITOS CREDITÓRIOS,42299269000160
ANDRE MAGGI PARTICIPACOES,Andre Maggi Participacoes S.A.,,,,,04786144000176
ANGA SABEMI VIII.I FIC FIDC,,,,ANGÁ SABEMI VIII.I FIC FIDC - SENIORES 1ª SÉRIE,,
ANGELINA COLOMBO PARTICIPACOES,,,Angelina Colombo Participacoes S.A.,,,35881121000174
ANIMA HOLDING,Anima Holding S.A.,Ânima Holding S.A.,,,,09288252000132
ANTECIPA FIDC NP MULTISSETORIAL,,,,ANTECIPA FIDC NP MULTISSETORIAL - SUBORDINADAS JÚNIOR,,
ANTECIPE FIDC MULTISSETORIAL,,,,ANTECIPE FIDC MULTISSETORIAL - SUBORDINADAS JÚNIOR,,
APIUNA PARTICIPACOES,Apiuna Participacoes S/A,,,,,49272860000173
APOLLO 17 PARTICIPACOES,Apollo 17 Participacoes S.A,,,,,37606330000135
APPALOOSA FIDC,,,,APPALOOSA FIDC - SUBORDINADAS JÚNIOR,,
APROVOU FUNDO INVESTIMENTO DIREITOS CREDITORIOS RESPONSABILIDADE LIMITADA,,,,,APROVOU FUNDO DE INVESTIMENTO EM DIREITOS CREDITORIOS RESPONSABILIDADE  LIMITADA,62135021000171
APUAMA CAPITAL GESTORA RECURSOS,,,,APUAMA CAPITAL GESTORA DE RECURSOS LTDA.,,13557425000148
AQUAPOLO AMBIENTAL,Aquapolo Ambiental S.A.,,,,,11399666000180
AQUIRAZ FIC FIDC,,,,AQUIRAZ FIC FIDC - SUBORDINADAS MEZANINO III,,
ARAUCARIA SANEAMENTO,,Araucária Saneamento S.A.,,,,12049167000126
ARCOVERDE TRANSMISSAO ENERGIA,Arcoverde Transmissao de Energia S.A.,,,,,
AREA GESTAO RECURSOS TERCEIROS BANESTES DTVM,,,,ÁREA DE GESTÃO DE RECURSOS DE TERCEIROS DA BANESTES DTVM,,
ARES FIDC NP,,,,ARES FIDC NP - SUBORDINADAS,,
ARGENTA FUNDO INVESTIMENTO DIREITOS CREDITORIOS,,,,,ARGENTA FUNDO DE INVESTIMENTO EM DIREITOS CREDITÓRIOS,45931917000148
ARGENTA FUNDO INVESTIMENTO DIREITOS CREDITORIOS MERCANTIS RESPONSABILIDADE LIMITADA,,,,,ARGENTA FUNDO DE INVESTIMENTO EM DIREITOS CREDITORIOS MERCANTIS DE RESPONSABILIDADE LIMITADA,45931917000148
ARGO ENERGIA EMPREENDIMENTOS PARTICIPACOES,,Argo Energia Empreendimentos e Participações S.A.,,,,24624551000194
ARGO TRANSMISSAO ENERGIA,Argo Transmissao de Energia S.A.,,,,,
ARGO V TRANSMISSAO ENERGIA,Argo V Transmissao de Energia S.A.,,,,,20514590000188
ARGO VI TRANSMISSAO ENERGIA,Argo VI Transmissao de Energia S.A.,,,,,
ARMAC LOCACAO,"Armac Locacao, Logistica e Servicos S.A.","Armac Locação, Logistica e Serviços S.A.",,,,00242184000104
ARPEL CAPITAL FUNDO INVESTIMENTO DIREITOS CREDITORIOS,,,,,ARPEL CAPITAL FUNDO DE INVESTIMENTO EM DIREITOS CREDITORIOS,50309743000116
ARPEL CAPITAL FUNDO INVESTIMENTO DIREITOS CREDITORIOS NAO PADRONIZADOS,,,,,ARPEL CAPITAL FUNDO DE INVESTIMENTO EM DIREITOS CREDITORIOS NAO PADRONIZADOS,50309743000116
ARTCON FIDC MULTISETORIAL NP,,,,ARTCON FIDC MULTISETORIAL NP  - SUBORDINADAS JÚNIOR,,
ARTEMUS FIDC,,,,ARTEMUS FIDC - SENIORES 5ª SÉRIE,,
ARTERIS,,,Arteris S.A.,,,02919555000167
ARTESANAL FGTS FIDC,,,,ARTESANAL FGTS FIDC - SENIORES 2ª SÉRIE,,
ARTESANAL INVESTIMENTOS,,,,ARTESANAL INVESTIMENTOS LTDA.,,03084098000109
ARTESANAL RECEBIVEIS IMOBILIARIOS FIDC,,,,ARTESANAL RECEBÍVEIS IMOBILIÁRIOS FIDC  - SUBORDINADAS JÚNIOR,,
ARTESANAL SECURITIZADORA CREDITOS,,,,ARTESANAL SECURITIZADORA DE CRÉDITOS S.A.,,52890908000111
ARTICO FUNDO INVESTIMENTO DIREITOS CREDITORIOS,,,,,ÁRTICO FUNDO DE INVESTIMENTO EM DIREITOS CREDITÓRIOS,58215693000110
ARTICO MIDDLE CORPORATE FUNDO INVESTIMENTO DIREITOS CREDITORIOS,,,Artico Middle Corporate Fundo de Investimento em Direitos Creditorios,,ÁRTICO MIDDLE CORPORATE FUNDO DE INVESTIMENTO EM DIREITOS CREDITÓRIOS,26208328000191
ARVIN CAPITAL FUNDO INVESTIMENTO DIREITOS CREDITORIOS RECEBIVEIS COMERCIAIS RESP LIMITADA,,Arvin Capital Fundo de Investimento em Direitos Creditórios Recebíveis Comerciais Resp Limitada,,,,64756643000142
ARX INVESTIMENTOS,,ARX Investimentos Ltda,,,,04408128000140
ASA BRANCA HOLDING,ASA Branca Holding S.A.,,,,,
ASA CREDITO DISTRESSED FIDC NP,,,,ASA CRÉDITO DISTRESSED FIDC NP - ÚNICA,,
ASA FIC FIDC 90,,,,ASA FIC FIDC 90 - SENIORES 2ª SÉRIE,,
ASA LONGO PRAZO FUNDO INVESTIMENTO COTAS FUNDO INVESTIMENTO DIREITOS CREDITORIOS RESPONSABILIDADE LIMITADA,,,Asa Longo Prazo Fundo de Investimento em Cotas de Fundo De investimento em Direitos Creditórios Responsabilidade Limitada,,,49916151000183
ASA LONGO PRAZO II FUNDO INVESTIMENTO COTAS FUNDO INVESTIMENTO DIREITOS CREDITORIOS RESPONSABILIDADE LIMITADA,,,Asa Longo Prazo II Fundo De Investimento Em Cotas De Fundo De Investimento Em Direitos Creditorios Responsabilidade Limitada,,,56924942000110
ASA LP FIC FIDC,,,,ASA LP FIC FIDC - SENIORES 6ª SÉRIE,,
ASH HOLDINGS,,,,,ASH HOLDINGS LIMITED,46702552000142
ASPEN FUNDO INVESTIMENTO DIREITOS CREDITORIOS,,,,,ASPEN FUNDO DE INVESTIMENTO EM DIREITOS CREDITÓRIOS,24445329000124
ASSOCIACAO HOSPITALAR MOINHOS VENTO,,Associação Hospitalar Moinhos de Vento,,,,92685833000151
ASSOCIACAO POUPANCA EMPRESTIMO,,Associação de Poupança e Empréstimo - Poupex,,,,00655522005352
ASSURUA 4 5 HOLDING ENERGIA,Assurua 4 e 5 Holding Energia S.A.,,,,,38286323000166
ATACADAO,,,Atacadao S.A.,,,75315333000109
ATHENA SAUDE,Athena Saude Brasil S.A.,,,,,31701408000114
ATHON GERACAO DISTRIBUIDA,Athon Geracao Distribuida S/A,,,,,30997588000160
ATHON GERACAO DISTRIBUIDA II,Athon Geracao Distribuida II S.A.,,,,,38213667000145
ATHON GERACAO DISTRIBUIDA III,Athon Geracao Distribuida III S.A.,,,,,52948225000178
ATHON GERACAO DISTRIBUIDA VI,Athon Geracao Distribuida VI S.A.,,,,,58315021000186
ATICCA FIC FIDC,,,,ATICCA FIC FIDC - SUBORDINADAS JÚNIOR,,
ATICCA FIDC,,,,ATICCA FIDC - SUBORDINADAS MEZANINO I,,
ATLANTA FIDC MULTISSETORIAL,,,,ATLANTA FIDC MULTISSETORIAL - SENIORES 8ª SÉRIE,,
ATLANTIC FUNDO INVESTIMENTO DIREITOS CREDITORIOS MULTISSETORIAL,,,,,ATLANTIC FUNDO DE INVESTIMENTO EM DIREITOS CREDITORIOS MULTISSETORIAL,09636040000107
ATLANTICO FIDC NP,,,,ATLÂNTICO FIDC NP - ÚNICA,,
ATLANTICO FUNDO INVESTIMENTO DIREITOS CREDITORIOS NAO PADRONIZADOS,,,,,ATLANTICO FUNDO DE INVESTIMENTO EM DIREITOS CREDITORIOS NAO PADRONIZADOS,32156003000105
ATLANTICO FUNDO INVESTIMENTO DIREITOS CREDITORIOS RESPONSABILIDADE LIMITADA,,,,,ATLÂNTICO FUNDO DE INVESTIMENTO EM DIREITOS CREDITÓRIOS RESPONSABILIDADE LIMITADA,09194841000151
ATLAS FIDC NP,,,,ATLAS FIDC NP - SENIORES 2ª SÉRIE,,
ATLAS HUB II FIDC,,,,ATLAS HUB II FIDC - SENIORES ÚNICA,,68693823000183
ATLAS HUB III FIDC,,,,ATLAS HUB III FIDC - SUBORDINADAS PREFERENCIAIS,,68693823000183
ATLAS LUIZ CARLOS COMERCIALIZADORA ENERGIA,Atlas Luiz Carlos Comercializadora de Energia S.A,,,,,49037416000173
ATMOS CAPITAL GESTAO RECURSOS,,Atmos Capital Gestão de Recursos Ltda.,,,,10957035000177
ATTALANTA FUNDO INVESTIMENTO DIREITOS CREDITORIOS,,,,,ATTALANTA FUNDO DE INVESTIMENTO EM DIREITOS CREDITORIOS,49971985000191
ATTALANTA FUNDO INVESTIMENTO DIREITOS CREDITORIOS CREDITO CORPORATIVO,,,,,ATTALANTA FUNDO DE INVESTIMENTO EM DIREITOS CREDITÓRIOS CRÉDITO CORPORATIVO,49971985000191
AUDAX CAPITAL FUNDO INVESTIMENTO DIREITOS CREDITORIOS,,,,,AUDAX CAPITAL FUNDO DE INVESTIMENTO EM DIREITOS CREDITORIOS,40895649000132
AURA ALMAS MINERACAO,,,Aura Almas Mineracao S.A.,,,08213823000107
AURA MINERALS,,,Aura Minerals Inc.,,,07857093000114
AUREN ENERGIA,Auren Energia S.A.,Auren Energia S.A.,,,,28594234000123
AUREN OPERACOES,Auren Operacoes S.A.,Auren Operações S.A. (sucessora de AES Brasil Operações S.A.),,,,00194724000113
AUREN PARTICIPACOES,Auren Participacoes S.A.,Auren Participações S.A.,,,,37663076000107
AURI FUNDO INVESTIMENTO DIREITOS CREDITORIOS,,,,,AURI FUNDO DE INVESTIMENTO EM DIREITOS CREDITORIOS,26452257000178
AURI FUNDO INVESTIMENTO DIREITOS CREDITORIOS RESPONSABILIDADE LIMITADA,,,,,AURI FUNDO DE INVESTIMENTO EM DIREITOS CREDITORIOS RESPONSABILIDADE LIMITADA,26452257000178
AURUM,,,,,AURUM - FUNDO DE INVESTIMENTO EM DIREITOS CREDITORIOS MULTISSETORIAL LP,15653649000189
AUSTRAL RESSEGURADORA,,,Austral Resseguradora S.A.,,,11536561000126
AUSTRAL SEGURADORA,,,Austral Seguradora S.A.,,,11521976000126
AUTO LOANS FIDC,,,,AUTO LOANS FIDC - SUBORDINADAS JÚNIOR,,63662224000189
AUTOBAN,,,Autoban - Concessionaria do Sistema Anhanguera Bandeirantes S.A.,,,11089723000125
AUTOMOB PARTICIPACOES,,AUTOMOB Participações S.A.,,,,35654688000108
AUTOMOTIVO FIDC,Automotivo FIDC (GM),,,AUTOMOTIVO FIDC - ÚNICA,,30590978000111
AUTOPISTA FERNAO DIAS,,,Autopista Fernao Dias S.A.,,,09326342000170
AUTOPISTA FLUMINENSE,,,Autopista Fluminense S.A.,,,09324949000111
AUTOPISTA LITORAL SUL,,,Autopista Litoral Sul S.A.,,,09313969000197
AUTOPISTA PLANALTO SUL,,,Autopista Planalto Sul S.A.,,,09325109000173
AUTOPISTA REGIS BITTENCOURT,,,Autopista Regis Bittencourt S.A.,,,09336431000106
AVLA SEGUROS,,Avla Seguros Brasil S.A.,,,,41182665000140
AXIA ENERGIA,AXIA Energia S.A.,,AXIA Energia S.A.,,,00001180000126
AXIA ENERGIA NORDESTE,AXIA Energia Nordeste S.A.,,,,,33541368000116
AXIA ENERGIA SUL,,,AXIA Energia Sul S.A.,,,02016507000169
AXIS RENOVAVEIS FIDC,,,,AXIS RENOVÁVEIS FIDC  - SUBORDINADAS,,22873125000169
AXS ENERGIA UFV GOIAS SPE,,AXS Energia UFV Goias SPE S.A.,,,,46409396000126
AXS ENERGIA UNIDADE 08,,AXS Energia Unidade 08 S.A.,,,,50117806000132
AZ QUEST INVESTIMENTOS,,AZ Quest Investimentos Ltda.,,,,04506394000105
AZUL,Azul S.A.,,Azul S.A.,,,09305994000129
AZUL INVESTMENTS LLP,AZUL Investments LLP,,,,,
AZURE CONSIGNADO FIDC,,,,AZURE CONSIGNADO FIDC - SENIORES ÚNICA,,
AZZAS 2154,,,AZZAS 2154 S.A.,,,16590234000176
B3,"B3 S.A. Brasil, Bolsa, Balcao","B3 S.A. – Brasil, Bolsa, Balcão",,,,09346601000125
B4 TRUST FIDC,,,,B4 TRUST FIDC - SUBORDINADAS MEZANINO,,
B4 TRUST FUNDO INVESTIMENTO DIREITOS CREDITORIOS,,,,,B4 TRUST FUNDO DE INVESTIMENTO EM DIREITOS CREDITORIOS,32287737000123
B7 FIDC NP,,,,B7 FIDC NP - SUBORDINADAS MEZANINO,,
BABILONIA HOLDING,,Babilônia Holding S.A.,,,,26680187000105
BACKSTAGE FIDC NP,,,,BACKSTAGE FIDC NP - SUBORDINADAS JÚNIOR,,
BAHIA AM RENDA FIXA,,Bahia AM Renda Fixa Ltda.,,,,13151244000117
BAHIA AM RENDA VARIAVEL,,Bahia AM Renda Variável Ltda.,,,,13143849000166
BANCO,Banco do Brasil S.A.,Banco do Brasil S.A.,,,,00000000000191
BANCO ABC,Banco ABC Brasil S.A.,Banco ABC Brasil S.A.,Banco ABC Brasil S.A.,,,05715127000100
BANCO AGIBANK,Banco Agibank S.A.,Banco Agibank S.A.,Banco Agibank S.A.,,,10664513000150
BANCO AMAZONIA,Banco da Amazonia S.A.,Banco da Amazônia S.A.,,,,04902979000144
BANCO ANDBANK,Banco Andbank (Brasil) S.A.,,,,,48795256000169
BANCO BARI INVESTIMENTOS FINANCIAMENTOS,,Banco Bari de Investimentos e Financiamentos S.A.,,BANCO BARI DE INVESTIMENTOS E FINANCIAMENTOS S.A.,,00556603000174
BANCO BMG,Banco BMG S.A.,Banco BMG S.A.,Banco BMG S.A.,,,61186680000174
BANCO BNP PARIBAS,Banco BNP Paribas Brasil S.A.,,,,,01522368000182
BANCO BOCOM BBM,Banco BOCOM BBM S.A.,Banco BOCOM BBM S.A.,,,,15114366000169
BANCO BRADESCO,Banco Bradesco S.A.,Banco Bradesco S.A.,Banco Bradesco S.A.,BANCO BRADESCO,,60746948000112
BANCO BRASILEIRO CREDITO,Banco Brasileiro de Credito S.A,Banco Brasileiro de Credito S.A.,,,,01852137000137
BANCO BS2,,Banco BS2 S.A.,,,,71027866000134
BANCO BTG PACTUAL,Banco BTG Pactual S.A.,Banco BTG Pactual S.A.,Banco BTG Pactual S.A.,,,30306294000145
BANCO C6,Banco C6 S.A.,,Banco C6 S.A.,,,31872495000172
BANCO C6 CONSIGNADO,Banco C6 Consignado S.A.,,Banco C6 Consignado S.A.,,,61348538000186
BANCO C6 TRAVESSIA,,Banco C6 e Travessia - 16ª Debenture Estruturada (INSS),,,,40.226.186/0001-16
BANCO CAIXA GERAL,,Banco Caixa Geral - Brasil S.A.,,,,33466988000138
BANCO CHINA,,Banco da China Brasil S.A.,,,,10690848000143
BANCO CITIBANK,Banco Citibank S.A.,,,,,33479023000180
BANCO CNH INDUSTRIAL CAPITAL,Banco CNH Industrial Capital S.A.,,,,,02992446000175
BANCO COOPERATIVO SICOOB,Banco Cooperativo Sicoob S.A. - Banco Sicoob,Banco Cooperativo Sicoob S.A.,,,,02038232000164
BANCO COOPERATIVO SICREDI,Banco Cooperativo Sicredi S.A.,Banco Cooperativo Sicredi S.A.,Banco Cooperativo Sicredi S.A.,,,01181521000155
BANCO CREDIT AGRICOLE,Banco Credit Agricole Brasil S.A.,,,,,75647891000171
BANCO CSF,,,Banco CSF S.A.,,,08357240000150
BANCO DAYCOVAL,Banco Daycoval S.A.,Banco Daycoval S.A.,Banco Daycoval S.A.,,,62232889000190
BANCO DESENVOLVIMENTO ESPIRITO SANTO,Banco de Desenvolvimento do Espirito Santo S.A.,,,,,28145829000100
BANCO DESENVOLVIMENTO MINAS GERAIS,,Banco de Desenvolvimento de Minas Gerais S.A.,Banco de Desenvolvimento de Minas Gerais S.A. - BDMG,,,17232422000195
BANCO DIGIMAIS,Banco Digimais S.A.,,,,,92874270000140
BANCO ESTADO ESPIRITO SANTO,,Banco do Estado do Espirito Santo S.A. - Banestes,,,,28127603000178
BANCO ESTADO PARA,,Banco do Estado do Pará S.A.,Banco do Estado do Para S.A.,,,04913711000108
BANCO ESTADO RIO GRANDE SUL,Banco do Estado do Rio Grande do Sul S.A.,Banco do Estado do Rio Grande do Sul S.A.,Banco do Estado do Rio Grande do Sul S.A.,,,05707792000152
BANCO ESTADO SERGIPE,Banco do Estado de Sergipe S.A.,Banco do Estado de Sergipe S.A.,,,,13009717000146
BANCO FATOR,,Banco Fator S.A.,,,,33644196000106
BANCO FIBRA,Banco Fibra S.A.,,Banco Fibra S.A.,,,05722758000157
BANCO GM,Banco GM S.A.,,,,,59274605000113
BANCO GUANABARA,,Banco Guanabara S.A.,,,,31880826000116
BANCO HONDA,,Banco Honda S.A.,,,,03634220000165
BANCO HSBC,,,Banco HSBC S.A.,,,33852567000145
BANCO INBURSA,Banco Inbursa S.A.,,,,,04866275000163
BANCO INDUSTRIAL,Banco Industrial do Brasil S.A.,Banco Industrial do Brasil S.A.,,,,31895683000116
BANCO INTER,,Banco Inter S.A.,Banco Inter S.A.,,,00416968000101
BANCO INVESTIMENTOS UBS,Banco De Investimentos UBS (Brasil) S.A.,,,,,33987793000133
BANCO J SAFRA,,Banco J Safra S.A. (Divisão Gestão de Recursos),,,,03017677000120
BANCO J.P. MORGAN,,,Banco J.P. Morgan S.A.,,,33172537000198
BANCO JOHN DEERE,Banco John Deere S.A.,,,,,91884981000132
BANCO LAGE LANDEN,Banco de Lage Landen Brasil S.A.,,,,,05040481000182
BANCO LUSO BRASILEIRO,,Banco Luso Brasileiro S.A.,,,,59118133000100
BANCO MASTER,Banco Master S.A.,,,,,33923798000100
BANCO MERCANTIL,Banco Mercantil do Brasil S.A.,,Banco Mercantil,,,17184037000110
BANCO MERCEDES,Banco Mercedes-Benz do Brasil S.A.,Banco Mercedes-Benz do Brasil S.A.,,,,60814191000157
BANCO MIZUHO,,Banco Mizuho do Brasil S.A.,,,,61088183000133
BANCO MORGAN STANLEY,,,Banco Morgan Stanley S.A.,,,02801938000136
BANCO MUFG,,,Banco MUFG Brasil S.A.,,,60498557000126
BANCO NACIONAL DESENVOLVIMENTO ECONOMICO SOCIAL,Banco Nacional de Desenvolvimento Economico e Social (BNDES),Banco Nacional de Desenvolvimento Econômico e Social - BNDES,Banco Nacional de Desenvolvimento Economico e Social,,,33657248000189
BANCO NORDESTE,Banco do Nordeste do Brasil S.A.,Banco do Nordeste do Brasil S.A.,Banco do Nordeste do Brasil S.A.,,,07237373000120
BANCO ORIGINAL,,,Banco Original S.A.,,,92894922002828
BANCO PACCAR,,,Banco PACCAR S. A.,,,28517628000188
BANCO PAN,,Banco PAN S.A.,,,,59285411000113
BANCO PAULISTA,,,Banco Paulista S.A.,,,61820817000109
BANCO PINE,,Banco Pine S.A.,Banco Pine S.A.,,,09160859000132
BANCO RABOBANK INTERNATIONAL,,,Banco Rabobank International Brasil S.A.,,,01023570000160
BANCO RANDON,,,Banco Randon S.A.,,,11476673000139
BANCO RCI,,Banco RCI Brasil S.A.,,,,60006075000101
BANCO REGIONAL DESENVOLVIMENTO EXTREMO SUL,Banco Regional de Desenvolvimento do Extremo Sul (BRDE),Banco Regional de Desenvolvimento do Extremo Sul - BRDE,,,,92816560000137
BANCO RENDIMENTO,Banco Rendimento S.A.,,,,,
BANCO RIBEIRAO PRETO,,Banco Ribeirão Preto S.A.,,,,00517645000104
BANCO RODOBENS,Banco Rodobens S.A.,,,,,33603457000140
BANCO SAFRA,,Banco Safra S.A.,Banco Safra S.A.,,,58160789000128
BANCO SANTANDER,,Banco Santander (Brasil) S.A.,Banco Santander (Brasil) S.A.,,,90400888000142
BANCO SEGURO,,Banco Seguro S.A.,,,,10264663000177
BANCO SEMEAR,,,,BANCO SEMEAR S/A,,00795423000145
BANCO SENFF,,Banco Senff S.A.,,,,11970623000103
BANCO SOCIETE GENERALE,Banco Societe Generale Brasil S.A.,,,,,61533584000155
BANCO SOFISA,Banco Sofisa S.A.,,Banco Sofisa S.A.,,,60889128000180
BANCO STELLANTIS,,Banco Stellantis S.A.,,,,62237425000176
BANCO SUMITOMO MITSUI BRASILEIRO,Banco Sumitomo Mitsui Brasileiro S.A.,,Banco Sumitomo Mitsui Brasileiro S.A.,,,60518222000122
BANCO TOPAZIO,,Banco Topázio S.A.,,,,07679404000100
BANCO TOYOTA,,,Banco Toyota do Brasil S.A.,,,02977348000169
BANCO TRATON,,Banco Traton Brasil S.A.,,,,52067630000187
BANCO TRIANGULO,Banco Triangulo S.A.,,,,,
BANCO VOLKSWAGEN,,Banco Volkswagen S.A.,Banco Volkswagen S.A.,,,59109165000149
BANCO VOTORANTIM,,Banco Votorantim S.A. (Banco BV),Banco Votorantim S.A.,,,06986650000134
BANCO XP,Banco XP S.A,,Banco XP S.A.,,,33264668000103
BANCO YAMAHA MOTOR,,Banco Yamaha Motor Do Brasil S.A.,,,,10371492000185
BANCOSEGURO,BancoSeguro S.A.,,BancoSeguro S.A.,,,10264663000177
BANESTES,Banestes S.A. - Banco do Estado do Espirito Santo,,,,,
BANESTES DISTRIBUIDORA TITULOS VALORES MOBILIARIOS,,Banestes Distribuidora de Títulos e Valores Mobiliários S.A.,,,,28156057000101
BANFITA FUNDO INVESTIMENTO DIREITOS CREDITORIOS MULTISSETORIAL,,,,,BANFITA FUNDO DE INVESTIMENTO EM DIREITOS CREDITORIOS MULTISSETORIAL,35580989000134
BANK OF AMERICA MERRILL LYNCH BANCO MULTIPLO,Bank of America Merrill Lynch Banco Multiplo S.A.,,,,,62073200000121
BANK OF CHINA BANCO MULTIPLO,,,Bank of China (Brasil) Banco Multiplo S.A.,,,07450604000189
BANRISUL CORRETORA VALORES CAMBIO,,,,BANRISUL S/A CORRETORA DE VALORES E CÂMBIO,,
BARCELONA FUNDO INVESTIMENTO DIREITOS CREDITORIOS,,,,,BARCELONA FUNDO DE INVESTIMENTO EM DIREITOS CREDITORIOS,37651102000187
BARI COMPANHIA HIPOTECARIA,,,,BARI COMPANHIA HIPOTECÁRIA,,14511781000193
BARI SECURITIZADORA,,,Bari Securitizadora S.A.,,,10608405000160
BARI SECURITIZADORA 2024,Bari Securitizadora 2024-35-1 (RNI),,,,,
BARREIRAS HOLDING,Barreiras Holding S.A.,,,,,50258089000169
BARU FIDC,,,,BARU FIDC - SENIORES 9ª SÉRIE,,
BARU GRIFFIN FUNDO INVESTIMENTO DIREITOS CREDITORIOS,,,,,BARU GRIFFIN FUNDO DE INVESTIMENTO EM DIREITOS CREDITORIOS,
BARUERI ENERGIA RENOVAVEL,,,Barueri Energia Renovavel S.A.,,,14641895000158
BASE SECURITIZADORA,,,,BASE SECURITIZADORA - RISCO VALE (10ª SÉRIE - 1ª EMISSÃO),,25987102000173
BASSO FIDC,,,,BASSO FIDC - SUBORDINADAS JÚNIOR,,
BASSO FUNDO INVESTIMENTO DIREITOS CREDITORIOS,,,,,Basso Fundo de Investimento em Direitos Creditórios,26756137000164
BAVIERA FIDC,,,,BAVIERA FIDC - SENIORES 1ª SÉRIE,,
BB GESTAO RECURSOS,BB Gestao de Recursos - Distribuidora de Titulos e Valores Mobiliarios S.A.,,,,,
BB GESTAO RECURSOS DTVM,,BB Gestão de Recursos DTVM S.A.,,,,30822936000169
BBIF MASTER FIDC,,,,BBIF MASTER FIDC - ÚNICA,,
BCR FIDC,,,,BCR FIDC - SENIORES 6ª SÉRIE,,
BE8,,Be8 S.A.,,,,07322382000119
BEFLY FIDC,Befly FIDC,,,,,59356952000195
BELEM TRANSMISSORA ENERGIA,,,Belem Transmissora de Energia S.A.,,,26845702000160
BELO MONTE TRANSMISSORA ENERGIA SPE,Belo Monte Transmissora de Energia SPE S.A.,,,,,
BEM ALIMENTOS,,,Bem Brasil Alimentos S.A.,,,06004860000180
BEMOL,,Bemol S.A.,,,,00903247000118
BEMOL CREDITO PESSOAL FUNDO INVESTIMENTO DIREITOS CREDITORIOS FINANCEIROS RESPONSABILIDADE,,,Bemol Credito Pessoal Fundo de Investimento em Direitos Creditorios Financeiros de Responsabilidade Ltda.,,,45445355000122
BENFICA FIDC,,,,BENFICA FIDC  - SUBORDINADAS,,
BENFICA FUNDO INVESTIMENTO DIREITOS CREDITORIOS,,,,,BENFICA FUNDO DE INVESTIMENTO EM DIREITOS CREDITÓRIOS,11026623000150
BENFICA FUNDO INVESTIMENTO DIREITOS CREDITORIOS MULTISSETORIAL,,,,,BENFICA FUNDO DE INVESTIMENTO EM DIREITOS CREDITÓRIOS MULTISSETORIAL,11026623000150
BENVAL FIDC,,,,BENVAL FIDC - SUBORDINADAS,,
BETA PRODUTORA ENERGIA SPE,,Beta Produtora de Energia SPE S.A.,,,,11371025000118
BEX FIDC,,,,BEX FIDC - SUBORDINADAS JÚNIOR,,
BFC FIDC,,,,BFC FIDC - SUBORDINADAS,,
BH FUNDO INVESTIMENTO DIREITOS CREDITORIOS,,,,,BH FUNDO DE INVESTIMENTO EM DIREITOS CREDITÓRIOS,10369218000171
BH FUNDO INVESTIMENTO DIREITOS CREDITORIOS NAO,,,,,BH FUNDO DE INVESTIMENTO EM DIREITOS CREDITÓRIOS NÃO-PADRONIZADOS,10369218000171
BIOENERGETICA VALE PARACATU,,,Bioenergetica Vale do Paracatu S.A.,,,08793343000162
BIVI HOLDING,,,Bivi Holding S.A.,,,08964236000150
BK I FUNDO INVESTIMENTO DIREITOS CREDITORIOS,,,,,BK I FUNDO DE INVESTIMENTO EM DIREITOS CREDITORIOS - NAO PADRONIZADO,37122800000195
BLAU FARMACEUTICA,Blau Farmaceutica S.A.,,,,,58430828000160
BLOCO ONZE AEROPORTOS,,Bloco de Onze Aeroportos do Brasil S.A.,,,,48725405000113
BLUEFIN FUNDO INVESTIMENTO DIREITOS CREDITORIOS,,,,,BLUEFIN FUNDO DE INVESTIMENTO EM DIREITOS CREDITÓRIOS,51401568000155
BLUEFIN FUNDO INVESTIMENTO DIREITOS CREDITORIOS NAO PADRONIZADOS,,,,,BLUEFIN FUNDO DE INVESTIMENTO EM DIREITOS CREDITORIOS NAO PADRONIZADOS,51401568000155
BMA FIDC,,,,BMA FIDC - SUBORDINADAS MEZANINO II,,
BMA FUNDO INVESTIMENTO DIREITOS CREDITORIOS MULTISSETORIAL,,,,,BMA FUNDO DE INVESTIMENTO EM DIREITOS CREDITORIOS MULTISSETORIAL,10434089000158
BMA INTER FIDC,,,,BMA INTER FIDC - SUBORDINADAS JÚNIOR,,
BNDES PARTICIPACOES,,BNDES Participações S.A. - BNDESPAR,,,,00383281000109
BNDESPAR,,,BNDESPar-BNDES Participacoes S.A.,,,00383281000109
BNDESPAR XP ONE7 FIDC,,,,BNDESPAR XP ONE7 FIDC  - SENIORES ÚNICA,,
BNP PARIBAS ASSET MANAGEMENT,BNP Paribas Asset Management Brasil Ltda.,,,,,02562663000125
BOA SAFRA SEMENTES,,Boa Safra Sementes S.A.,,,,10807374000177
BOASAFRA FIDC,,,,BOASAFRA FIDC - SUBORDINADAS JÚNIOR,,
BORBOREMA TRANSMISSAO ENERGIA,Borborema Transmissao de Energia S.A.,,,,,
BOREAL I FUNDO INVESTIMENTO DIREITOS CREDITORIOS,,,,,BOREAL I FUNDO DE INVESTIMENTO EM DIREITOS CREDITORIOS  - RESPONSABILIDADE LIMITADA,50963249000170
BORRACHAS VIPAL,,Borrachas Vipal S.A.,,,,87870952000144
BR MALLS PARTICIPACOES,BR Malls Participacoes S.A.,,,,,06977745000191
BR PARTNERS BANCO INVESTIMENTO,BR Partners Banco de Investimento S.A.,BR Partners Banco de Investimento S.A.,BR Partners Banco de Investimento S.A.,,,13220493000117
BRA FIDC,,,,BRA FIDC - SUBORDINADAS JÚNIOR,,
BRADESCO ASSET MANAGEMENT,Bradesco Asset Management,,,,,
BRADESCO LEASING,,,,BRADESCO LEASING (1ª EMISSÃO),,47509120000182
BRADESPAR,Bradespar S.A.,,,,,03847461000192
BRADSEG PARTICIPACOES,Bradseg Participacoes S.A.,,,,,
BRAM,,,BRAM - Bradesco Asset Management S.A. Distribuidora de Titulos e Valores Mobiliarios,,,62375134000144
BRASILPREV SEGUROS PREVIDENCIA,,Brasilprev Seguros e Previdência S.A.,,,,27665207000131
BRASKEM,Braskem S.A.,,Braskem S.A.,,,42150391000170
BRASPOR FIDC,,,,BRASPOR FIDC - SENIORES 1ª SÉRIE,,
BRAVA ENERGIA,Brava Energia S.A.,,Brava Energia S.A.,,,12091809000155
BRAVA I FIDC,,,,BRAVA I FIDC - SUBORDINADAS JÚNIOR,,
BRAZIL,Brazil,,,,,00003442000191
BRAZILIAN SECURITIES,,,,BRAZILIAN SECURITIES (SÉRIE 2010-186),,03767538000114
BRAZILIAN SECURITIES 2011,Brazilian Securities 2011-269,,,,,
BRAZILIAN SECURITIES 2013,"Brazilian Securities 2013-1-302,303,304 (Petrobras)",,,,,
BRAZILIAN SECURITIES CIA. SECURITIZACAO,,,,,Brazilian Securities Cia. de Securitização,
BRB,BRB - Banco de Brasilia S.A.,BRB – Banco de Brasília S.A.,BRB - Banco de Brasilia S.A.,,,00000208014918
BRENNAND ENERGIA,,Brennand Energia S.A.,,,,10532985000150
BRENNAND INVESTIMENTOS,,Brennand Investimentos S.A.,,,,04184774000170
BRF,BRF S.A.,,BRF S.A.,,,00451283000198
BRISANET SERVICOS TELECOMUNICACOES,,,Brisanet Servicos de Telecomunicacoes S.A.,,,04601397000128
BRISTOL FIDC,,,,BRISTOL FIDC - SUBORDINADAS MEZANINO II,,
BRK AMBIENTAL,,BRK Ambiental - Mauá S.A.,,,,05380441000180
BRK AMBIENTAL MANSO,BRK Ambiental Manso S.A.,,,,,
BRK AMBIENTAL PARTICIPACOES,BRK Ambiental Participacoes S.A.,BRK Ambiental Participações S.A.,BRK Ambiental Participacoes S.A.,,,24396489000120
BRK AMBIENTAL REGIAO METROPOLITANA MACEIO,,BRK Ambiental Região Metropolitana de Maceió S.A.,,,,39580673000101
BRVIAS HOLDING VRD,,BRVias Holding VRD S.A.,,,,12321274000161
BRZ AKRK CONSIGNADOS I FUNDOS INVESTIMENTO DIREITOS CREDITORIOS CONSIGNADOS,,,,,BRZ AKRK CONSIGNADOS I FUNDOS DE INVESTIMENTO EM DIREITOS CREDITORIOS CONSIGNADOS,
BRZ AKRK CONSIGNADOS V FIDC,,,,BRZ AKRK CONSIGNADOS V FIDC  - SUBORDINADAS MEZANINO,,
BRZ CAPITAL CONSIG I FUNDO INVESTIMENTO DIREITOS CREDITORIOS RESPONSABILIDADE LIMITADA,,,,,BRZ CAPITAL CONSIG I FUNDO DE INVESTIMENTO EM DIREITOS CREDITORIOS RESPONSABILIDADE LIMITADA,15171793000189
BRZ CONSIGNADOS V FUNDO INVESTIMENTO DIREITOS CREDITORIOS,,BRZ Consignados V Fundo de Investimento em Direitos Creditórios - Responsabilidade Limitada,,,,47240173000140
BRZ CONSIGNADOS V FUNDOS INVESTIMENTO DIREITOS CREDITORIOS,,,,,BRZ CONSIGNADOS V FUNDOS DE INVESTIMENTO EM DIREITOS CREDITORIOS,
BRZ CONSIGNADOS V FUNDOS INVESTIMENTO DIREITOS CREDITORIOS RESPONSABILIDADE LIMITADA,,,,,BRZ CONSIGNADOS V FUNDOS DE INVESTIMENTO EM DIREITOS CREDITORIOS RESPONSABILIDADE LIMITADA,
BRZ CONSIGNADOS VI FIDC,,,,BRZ CONSIGNADOS VI FIDC - SUBORDINADAS JÚNIOR,,
BRZ EMPREENDIMENTOS CONSTRUCOES,,,BRZ Empreendimentos e Construcoes S.A.,,,04065053000141
BRZ INVESTIMENTOS,,BRZ Investimentos Ltda.,,,,02888152000106
BRZ TECFIT FIDC,,,,BRZ TECFIT FIDC - SENIORES ÚNICA,,
BSB ENERGETICA,BSB Energetica S/A,,,,,
BTAG MASTER I FIAGRO,,,,BTAG MASTER I FIAGRO - DC - ÚNICA,,44173416000187
BTG PACTUAL ASSET MANAGEMENT DTVM,BTG Pactual Asset Management DTVM S.A.,,,,,29650082000100
BTG PACTUAL CREDITO AGRICOLA FIAGRO,,,,BTG PACTUAL CRÉDITO AGRÍCOLA FIAGRO  - ÚNICA,,40771109000147
BTG PACTUAL HOLDING,BTG Pactual Holding S.A.,,,,,
BTG PACTUAL SEGUROS,,,BTG Pactual Seguros S.A.,,,32724962000180
BUDAPESTE FIDC,,,,BUDAPESTE FIDC - ÚNICA,,
BV AUTO III SEGMENTO FINANCEIRO FUNDO INVESTIMENTO DIREITOS CREDITORIOS RESPONSABILIDADE LIMITADA,,BV AUTO III Segmento Financeiro Fundo de Investimento em Direitos Creditórios Responsabilidade Limitada,,,,
BYX MOZART FUNDO INVESTIMENTO DIREITOS CREDITORIOS RESPONSABILIDADE LIMITADA,,BYX Mozart Fundo de Investimento em Direitos Creditórios Responsabilidade Limitada,,,,61188091000125
C J FUNDO INVESTIMENTO DIREITOS CREDITORIOS,,,,,C&J FUNDO DE INVESTIMENTO EM DIREITOS CREDITORIOS,26208267000162
C MODAS,C&A Modas S.A.,,,,,45242914000105
C+ VALORA FUNDO INVESTIMENTO DIREITOS CREDITORIOS,,,,,C+ VALORA FUNDO DE INVESTIMENTO EM DIREITOS CREDITÓRIOS,32990730000173
C.VALE COOPERATIVA AGROINDUSTRIAL,,,C.Vale Cooperativa Agroindustrial,,,11498012000104
C3E CJ FIC,,,,,C3E CJ FIC – FIDC,
C3E CREDITOS JUDICIAIS FUNDO INVESTIMENTO COTAS FUNDOS INVESTIMENTO DIREITOS CREDITORIOS RESPONSABILIDADE LIMITADA,,,,,C3E CRÉDITOS JUDICIAIS FUNDO DE INVESTIMENTO EM COTAS DE FUNDOS DE INVESTIMENTO EM DIREITOS CREDITÓRIOS DE RESPONSABILIDADE LIMITADA,
C3E CREDITOS JUDICIAIS FUNDO INVESTIMENTO DIREITOS CREDITORIOS NAO PADRONIZADOS,,,,,C3E CRÉDITOS JUDICIAIS FUNDO DE INVESTIMENTO EM DIREITOS CREDITÓRIOS NÃO PADRONIZADOS,
C3E CREDITOS JUDICIAIS FUNDO INVESTIMENTO DIREITOS CREDITORIOS RESPONSABILIDADE LIMITADA,,,,,C3E CRÉDITOS JUDICIAIS FUNDO DE INVESTIMENTO EM DIREITOS CREDITÓRIOS DE RESPONSABILIDADE LIMITADA,
CACHOEIRA PAULISTA TRANSMISSORA ENERGIA,,,Cachoeira Paulista Transmissora de Energia S.A.,,,05336882000184
CAIXA DISTRIBUIDORA TITULOS VALORES MOBILIARIOS,Caixa Distribuidora de Titulos e Valores Mobiliarios S.A.,CAIXA Distribuidora de Títulos e Valores Mobiliários,,,,42040639000140
CAIXA ECONOMICA FEDERAL,Caixa Economica Federal,Caixa Economica Federal (CAIXA),Caixa Economica Federal,,,00360305000104
CAJUINA AB1 HOLDINGS,,Cajuina AB1 Holdings S.A.,,,,45024644000158
CALANGO 6 ENERGIA RENOVAVEL,,,Calango 6 Energia Renovavel S.A.,,,19560837000113
CALDEIRAO GRANDE ENERGIAS RENOVAVEIS,,,Caldeirao Grande Energias Renovaveis S.A.,,,12960213000144
CALLOWAY FIDC,,,,CALLOWAY FIDC  - SUBORDINADAS JÚNIOR,,
CAMBUI FINANCAS FUNDO INVESTIMENTO DIREITOS CREDITORIOS MULTISSETORIAL LP,,,,,Cambuí Finanças FUNDO DE INVESTIMENTO EM DIREITOS CREDITORIOS Multissetorial LP,12956543000166
CAMIL ALIMENTOS,,Camil Alimentos S.A.,,,,64904295000103
CAMPO ARADO FIAGRO,,,,CAMPO ARADO FIAGRO-DC - SENIORES ÚNICA,,35592046000121
CANADA INVEST FIDC,,,,CANADÁ INVEST FIDC - SENIORES 1ª SÉRIE,,
CANAL 86 FUNDO INVESTIMENTO DIREITOS CREDITORIOS NAO,,,,,CANAL 86 FUNDO DE INVESTIMENTO EM DIREITOS CREDITORIOS NAO-PADRONIZADO,
CANAL 87 FUNDO INVESTIMENTO DIREITOS CREDITORIOS NAO PADRONIZADO,,,,,CANAL 87 FUNDO DE INVESTIMENTO EM DIREITOS CREDITORIOS NÃO PADRONIZADO,
CANTAREIRA TRANSMISSORA ENERGIA,Cantareira Transmissora de Energia S.A.,,,,,
CAPITAL ANNEX FIDC,,,,CAPITAL ANNEX FIDC - SUBORDINADAS,,
CAPITAL FINANCAS FUNDO INVESTIMENTO DIREITOS CREDITORIOS,,,,,CAPITAL FINANÇAS FUNDO DE INVESTIMENTO EM DIREITOS CREDITORIOS,29109383000112
CAPITANIA,,Capitânia S.A.,,,,04274010000176
CAPTALYS MPME FIDC,,,,CAPTALYS MPME FIDC - SENIORES ÚNICA,,
CARAGUA LUZ SPE,,Caragua Luz S.A. SPE,,,,
CARTAO COMPRA SUPPLIER FUNDO INVESTIMENTO DIREITOS CREDITORIOS III,,Cartão de Compra Supplier Fundo de Investimento em Direitos Creditórios III - Responsabilidade Limitada,,,,60942242000126
CARUANA,,,"Caruana S.A. - Sociedade de Credito, Financiamento e Investimento",,,09313766000109
CASA PEDRA SECURITIZADORA CREDITO,,Casa de Pedra Securitizadora de Crédito S.A. - Série Única da 19ª Emissão de CRIs (Risco Thopen Energy),,,,31468139000198
CASE FUNDO INVESTIMENTO DIREITOS CREDITORIOS,,,,,CASE FUNDO DE INVESTIMENTO EM DIREITOS CREDITORIOS,32316919000185
CASTROLANDA,,Castrolanda - Cooperativa Agroindustrial Ltda.,,,,76108349000103
CCR,,CCR S.A.,,,,00092795000105
CDHU,,CDHU - Companhia de Desenvolvimento Habitacional e Urbano do Estado de São Paulo,,,,47865597000109
CEA II,,CEA II - Centrais Eólicas Assuruá II SPE S.A.,,,,24.274.124/0001-23
CEDAR OCTANTE FIDC,,,,CEDAR OCTANTE FIDC - SUBORDINADAS MEZANINO II,,
CEDRO FIDC NP,,,,CEDRO FIDC NP - SUBORDINADAS JÚNIOR,,
CELEO REDES TRANSMISSAO ENERGIA,,,Celeo Redes Transmissao de Energia S.A.,,,31001230000107
CELESC DISTRIBUICAO,Celesc Distribuicao S.A,,,,,
CELESC GERACAO,Celesc Geracao S.A.,,,,,
CELETI PROVEDORES BANDA LARGA,,,,CELETI PROVEDORES BANDA LARGA - SUBORDINADAS MEZANINO,,38612994000170
CELSE / CENTRAIS ELETRICAS SERGIPE,,,CELSE / Centrais Elétricas de Sergipe S.A.,,,23758522000152
CEMIG DISTRIBUICAO,Cemig Distribuicao S.A.,CEMIG Distribuição S.A.,Cemig Distribuicao S.A.,,,06981180000116
CEMIG GERACAO TRANSMISSAO,Cemig Geracao e Transmissao S.A.,CEMIG Geração e Transmissão S.A.,Cemig Geracao e Transmissao S.A.,,,06981176000158
CENTRAIS ELETRICAS SANTA CATARINA,Centrais Eletricas de Santa Catarina S.A.,,,,,83878892000155
CENTRAL FOTOVOLTAICA SAO PEDRO II,Central Fotovoltaica Sao Pedro II S.A.,,,,,
CENTRAL FOTOVOLTAICA SAO PEDRO IV,Central Fotovoltaica Sao Pedro IV S.A.,,,,,
CENTRUM FUNDO INVESTIMENTO DIREITOS CREDITORIOS,,,,,CENTRUM FUNDO DE INVESTIMENTO EM DIREITOS CREDITORIOS,17213074000109
CENTRUM FUNDO INVESTIMENTO DIREITOS CREDITORIOS NP,,,,,Centrum Fundo de Investimento em Direitos Creditórios NP,17213074000109
CEREAL COMERCIO EXPORTACAO REPRESENTACAO AGROPECUARIA,,,Cereal Comercio Exportacao e Representacao Agropecuaria S.A.,,,00012377000160
CERRADINHO BIOENERGIA,,,Cerradinho Bioenergia S.A.,,,08322396000103
CERUS FUNDO INVESTIMENTO DIREITOS CREDITORIOS,,,,,CERUS FUNDO DE INVESTIMENTO EM DIREITOS CREDITORIOS,
CESP,CESP - Companhia Energetica de Sao Paulo,,CESP-Companhia Energetica de Sao Paulo,,,60933603000178
CHAPADA PIAUI I HOLDING,,,Chapada do Piaui I Holding S.A.,,,20512213000100
CHEMICAL XIV FUNDO INVESTIMENTO DIREITOS CREDITORIOS,,Chemical XIV Fundo de Investimento em Direitos Creditórios,,,,59534745000183
CHIMERA NPL SPECIAL OPPORTUNITIES II FUNDO INVESTIMENTO DIREITOS CREDITORIOS NAO PADRONIZADO,,,,,CHIMERA NPL & SPECIAL OPPORTUNITIES II FUNDO DE INVESTIMENTO EM DIREITOS CREDITORIOS NAO PADRONIZADO,
CHIMERA NPL SPECIAL OPPORTUNITIES II FUNDO INVESTIMENTO DIREITOS CREDITORIOS RESPONSABILIDADE LIMITADA,,,,,CHIMERA NPL & SPECIAL OPPORTUNITIES II FUNDO DE INVESTIMENTO EM DIREITOS CREDITÓRIOS DE RESPONSABILIDADE LIMITADA,52155823000190
CHINA THREE GORGES ENERGIA,,China Three Gorges Brasil Energia S.A. - CTG,,,,19014221000147
CHUBB SEGUROS,,Chubb Seguros Brasil S.A.,,,,03502099000118
CIA. LATINO AMERICANA MEDICAMENTOS,,Cia. Latino Americana de Medicamentos,,,,84.683.481/0685-61
CIELO,Cielo S.A. - Instituicao de Pagamento,Cielo S.A.,,,,01027058000191
CIELO RECEBA MAIS FIDC,,,,CIELO RECEBA MAIS FIDC  - SENIORES 1ª SÉRIE,,39862949000136
CIMED CO.,Cimed & Co. S.A.,,,,,
CIRANDA I HOLDING,,Ciranda I Holding S.A.,,,,40689707000171
CISS FUNDO INVESTIMENTO DIREITOS CREDITORIOS PRESTACAO SERVICOS,,,,,CISS FUNDO DE INVESTIMENTO EM DIREITOS CREDITORIOS PRESTACAO DE SERVICOS,52892178000198
CITRINO FUNDO INVESTIMENTO DIREITOS CREDITORIOS NAO PADRONIZADOS,,,,,CITRINO FUNDO DE INVESTIMENTO EM DIREITOS CREDITÓRIOS NÃO PADRONIZADOS,45525150000157
CITY,,,,,CITY - 02 FUNDO DE INVESTIMENTO EM DIREITOS CREDITÓRIOS NÃO-PADRONIZADOS RESPONSABILIDADE ILIMITADA,02103843000149
CITY 02 FUNDO INVESTIMENTO DIREITOS CREDITORIOS NAO PADRONIZADOS RESPONSABILIDADE ILIMITADA,,,,,CITY 02 FUNDO DE INVESTIMENTO EM DIREITOS CREDITÓRIOS NÃO PADRONIZADOS RESPONSABILIDADE ILIMITADA,
CITY FUNDO INVESTIMENTO DIREITOS CREDITORIOS NAO PADRONIZADO,,,,,CITY FUNDO DE INVESTIMENTO EM DIREITOS CREDITÓRIOS NÃO PADRONIZADO,30144066000116
CJP FIDC NP,,,,CJP FIDC NP - SUBORDINADAS,,
CLARO,,Claro S.A.,,,,40432544079738
CLI SUL,CLI Sul S.A,,,,,
CLM FUNDO INVESTIMENTO DIREITOS CREDITORIOS MULTISSETORIAL,,,,,CLM FUNDO DE INVESTIMENTO EM DIREITOS CREDITÓRIOS MULTISSETORIAL,18676987000124
CLM FUNDO INVESTIMENTO DIREITOS CREDITORIOS NAO,,,,,CLM FUNDO DE INVESTIMENTO EM DIREITOS CREDITORIOS NÃO-PADRONIZADOS MULTISSETORIAL,
CLOUDWALK .I. FUNDO INVESTIMENTO DIREITOS CREDITORIOS SEGMENTO MEIOS PAGAMENTO,,Cloudwalk A.I. Fundo de Investimento em Direitos Creditórios Segmento Meios de Pagamento,,,,57609282000146
CLOUDWALK BELA FUNDO INVESTIMENTO DIREITOS CREDITORIOS SEGMENTO MEIOS PAGAMENTO,,Cloudwalk Bela Fundo de Investimento em Direitos Creditórios Segmento Meios de Pagamento,,,,62393679000183
CLOUDWALK BIG PICTURE I FUNDO INVESTIMENTO DIREITOS CREDITORIOS SEGMENTO MEIOS PAGAMENTO,,Cloudwalk Big Picture I Fundo de Investimento em Direitos Creditórios Segmento Meios de Pagamento,,,,54218673000141
CLOUDWALK BIG PICTURE II FUNDO INVESTIMENTO DIREITOS CREDITORIOS SEGMENTO MEIOS PAGAMENTO,,Cloudwalk Big Picture II Fundo de Investimento em Direitos Creditórios Segmento Meios de Pagamento,,,,54218941000125
CLOUDWALK BIG PICTURE III FUNDO INVESTIMENTO DIREITOS CREDITORIOS SEGMENTO MEIOS PAGAMENTO,,Cloudwalk Big Picture III Fundo de Investimento em Direitos Creditórios Segmento Meios de Pagamento,,,,54219179000100
CLOUDWALK BIG PICTURE IV FUNDO INVESTIMENTO DIREITOS CREDITORIOS SEGMENTO MEIOS PAGAMENTO,,Cloudwalk Big Picture IV Fundo de Investimento em Direitos Creditórios Segmento Meios de Pagamento,,,,54248022000102
CLOUDWALK FIDC 09 2026,,Cloudwalk FIDC 09 2026,,,,
CLOUDWALK FINANCEIRA CREDITO,"CloudWalk Financeira S.A. Credito, Financiamento e Investimento",,,,,05503849000100
CLOUDWALK INSTITUICAO PAGAMENTO SERVICOS,CloudWalk Instituicao de Pagamento e Servicos Ltda.,,,,,18189547000142
CM HOSPITALAR,,CM Hospitalar S.A. (Viveo),,,,12420164000157
CMPC CELULOSE RIOGRANDENSE,CMPC Celulose Riograndense Ltda,,,,,
COBANSA COMPANHIA HIPOTECARIA,,,,,COBANSA COMPANHIA HIPOTECARIA,53263331000180
COBUCCIO I FUNDO INVESTIMENTO DIREITOS CREDITORIOS,,Cobuccio I Fundo de Investimento Em Direitos Creditórios - Segmento Meios de Pagamento Responsabilidade Limitada,,,,60871114000139
COCAL COMERCIO INDUSTRIA CANAA ACUCAR ALCOOL,,,Cocal Comercio Industria Canaa Acucar e Alcool S.A.,,,44373108000103
COGNA EDUCACAO,Cogna Educacao S.A.,,Cogna Educacao S.A,,,02800026000140
COLOMBO AGROINDUSTRIA,,,Colombo Agroindustria S.A.,,,44330975000153
COMBIO ENERGIA,,,Combio Energia S.A.,,,10376555000196
COMERC ENERGIA,,Comerc Energia S.A.,,,,07252146000173
COMPANHIA AGUA ESGOTO CEARA,Companhia de Agua e Esgoto do Ceara - CAGECE,,,,,07040108000157
COMPANHIA AGUAS ESGOTOS RIO GRANDE NORTE,Companhia de Aguas e Esgotos do Rio Grande do Norte,,,,,
COMPANHIA AGUAS ITAPEMA,,Companhia Águas de Itapema,,,,06220197000150
COMPANHIA BRASILEIRA DISTRIBUICAO,Companhia Brasileira de Distribuicao S.A. (CBD),,,,,47508411000156
COMPANHIA CATARINENSE AGUAS SANEAMENTO,Companhia Catarinense de Aguas e Saneamento - CASAN,Companhia Catarinense de Águas e Saneamento - CASAN,,,,82508433000117
COMPANHIA ELETRICIDADE AMAPA,,,Companhia de Eletricidade do Amapa S.A. - CEA,,,05965546000109
COMPANHIA ELETRICIDADE ESTADO BAHIA,,,Companhia de Eletricidade do Estado da Bahia,,,54082919000109
COMPANHIA ENERGETICA CEARA,Companhia Energetica do Ceara,,,,,
COMPANHIA ENERGETICA MINAS GERAIS,Companhia Energetica de Minas Gerais (CEMIG),Companhia Energética de Minas Gerais - CEMIG,Companhia Energetica de Minas Gerais - CEMIG,,,17155730000164
COMPANHIA ENERGETICA PERNAMBUCO,,,Companhia Energetica de Pernambuco (CELPE),,,10835932000108
COMPANHIA ENERGETICA RIO GRANDE NORTE,,,Companhia Energetica do Rio Grande do Norte,,,08324196000181
COMPANHIA ENERGETICA SINOP,Companhia Energetica Sinop S.A.,,,,,19527586000175
COMPANHIA ESTADUAL DISTRIBUICAO ENERGIA ELETRICA,,,Companhia Estadual de Distribuicao de Energia Eletrica - CEEE-D,,,08467115000100
COMPANHIA ESTADUAL GERACAO ENERGIA ELETRICA,Companhia Estadual de Geracao De Energia Eletrica - Ceee-G,,,,,39881421000104
COMPANHIA GAS BAHIA,Companhia de Gas da Bahia - Bahiagas,,,,,
COMPANHIA GAS ESTADO RIO GRANDE SUL,Companhia de Gas do Estado do Rio Grande do Sul,,,,,72300122000104
COMPANHIA GAS MINAS GERAIS,Companhia de Gas de Minas Gerais - Gasmig,,,,,22261473000185
COMPANHIA GAS SAO PAULO,Companhia de Gas de Sao Paulo - COMGAS,Companhia de Gás de São Paulo - Comgás,,,,61856571000117
COMPANHIA IMOBILIARIA BRASILIA,Companhia Imobiliaria de Brasilia (Terracap),,,,,00359877000173
COMPANHIA JAGUARI ENERGIA,Companhia Jaguari de Energia,,,,,
COMPANHIA METROPOLITANO SAO PAULO,,Companhia do Metropolitano de São Paulo – Metrô,,,,62070362000106
COMPANHIA PARAIBANA GAS PBGAS,Companhia Paraibana de Gas PBGAS,,,,,00371600000166
COMPANHIA PARANAENSE ENERGIA,Companhia Paranaense de Energia (COPEL),,,,,76483817000120
COMPANHIA PARANAENSE GAS,,Companhia Paranaense de Gás – COMPAGAS,,,,00535681000192
COMPANHIA PAULISTA FORCA LUZ,Companhia Paulista de Forca e Luz (CPFL),Companhia Paulista de Força e Luz,,,,33050196000188
COMPANHIA PERNAMBUCANA GAS,Companhia Pernambucana de Gas - Copergas,,,,,41025313000181
COMPANHIA PIRATININGA FORCA LUZ,Companhia Piratininga de Forca e Luz,Companhia Piratininga de Força e Luz,,,,04172213000151
COMPANHIA PROVINCIA SECURITIZACAO,,Companhia Província de Securitização - 101ª Emissão de CRIs (Risco CashMe),,COMPANHIA PROVÍNCIA DE SECURITIZAÇÃO - 1ª SÉRIE (SÉRIE SÊNIOR) DA 63ª EMISSÃO,,04200649000107
COMPANHIA PROVINCIA SECURITIZACAO.,,"Companhia Província de Securitização. - 1ª, 2ª e 3ª Séries da 57ª Emissão de CRIs (Risco Cyrela)",,,,04200649000107
COMPANHIA RIOGRANDENSE SANEAMENTO,,,Companhia Riograndense de Saneamento S.A.,,,92802784000190
COMPANHIA RIOGRANDENSE SANEAMENTO CORSAN,Companhia Riograndense de Saneamento Corsan,,,,,54748175000100
COMPANHIA SANEAMENTO AMBIENTAL DISTRITO FEDERAL,,Companhia de Saneamento Ambiental do Distrito Federal - CAESB,,,,00082024000137
COMPANHIA SANEAMENTO BASICO ESTADO SAO PAULO,Companhia de Saneamento Basico do Estado de Sao Paulo (SABESP),,Companhia de Saneamento Basico do Estado de Sao Paulo,,,43776517000180
COMPANHIA SANEAMENTO MINAS GERAIS,,Companhia de Saneamento de Minas Gerais S.A. - COPASA,,,,17281106000103
COMPANHIA SANEAMENTO MINAS GERAIS COPASA MG,Companhia de Saneamento de Minas Gerais COPASA MG,,,,,
COMPANHIA SANEAMENTO PARANA,Companhia de Saneamento do Parana - SANEPAR,Companhia de Saneamento do Paraná - SANEPAR,,,,76484013000145
COMPANHIA SANEAMENTO TOCANTINS,,Companhia de Saneamento do Tocantins - Saneatins,,,,25089509000183
COMPANHIA SIDERURGICA NACIONAL,Companhia Siderurgica Nacional (CSN),Companhia Siderúrgica Nacional (CSN),Companhia Siderurgica Nacional,,,33042730000104
COMPANHIA ULTRAGAZ,,Companhia Ultragaz S.A.,,,,61602199000112
COMPASS GAS ENERGIA,Compass Gas e Energia S.A.,Compass Gás & Energia S.A.,,,,21389501000181
COMPLEXO MORRINHOS ENERGIAS RENOVAVEIS,Complexo Morrinhos Energias Renovaveis S.A.,,,,,
COMPORTE PARTICIPACOES,,Comporte Participações S.A.,,,,05169726000176
CONCESSAO METROVIARIA RIO JANEIRO,Concessao Metroviaria do Rio de Janeiro S.A. - MetroRio,,Concessao Metroviaria do Rio de Janeiro S.A.,,,10324624000118
CONCESSIONARIA AEROPORTO INTERNACIONAL GUARULHOS,Concessionaria do Aeroporto Internacional de Guarulhos SA,,,,,
CONCESSIONARIA AEROPORTO INTERNACIONAL NATAL,,Concessionária Aeroporto Internacional de Natal S.A. (Zurich Airports),,,,
CONCESSIONARIA AEROPORTOS AMAZONIA,Concessionaria dos Aeroportos da Amazonia S.A,,,,,
CONCESSIONARIA AGUAS JUTURNAIBA,Concessionaria Aguas de Juturnaiba S.A.,,,,,
CONCESSIONARIA AUTO RAPOSO TAVARES,,,Concessionaria Auto Raposo Tavares S.A.,,,10531501000158
CONCESSIONARIA BLOCO CENTRAL,Concessionaria do Bloco Central S.A.,,,,,
CONCESSIONARIA BLOCO SUL,Concessionaria do Bloco Sul S.A.,,,,,
CONCESSIONARIA ECOVIAS CERRADO,,,Concessionaria Ecovias do Cerrado S.A.,,,35593905000105
CONCESSIONARIA ECOVIAS GERAIS,,,Concessionária Ecovias das Gerais S.A.,,,
CONCESSIONARIA ECOVIAS IMIGRANTES,,,Concessionaria Ecovias dos Imigrantes S.A.,,,02509491000126
CONCESSIONARIA ECOVIAS RAPOSO,,,Concessionaria Ecovias Raposo-Castelo S.A.,,,58607200000197
CONCESSIONARIA LINHA 4 METRO SAO PAULO,,,Concessionaria da Linha 4 do Metro de Sao Paulo S.A.,,,07682638000107
CONCESSIONARIA LINHAS 5 17 METRO SAO PAULO,,Concessionária das Linhas 5 e 17 do Metrô de São Paulo S.A. (ViaMobilidade),,,,29938085000135
CONCESSIONARIA LINHAS 8 9 SISTEMA TRENS METROPOLITANOS SAO PAULO,,Concessionária das Linhas 8 e 9 do Sistema de Trens Metropolitanos de São Paulo S.A.,,,,42288184000187
CONCESSIONARIA PONTE RIO,Concessionaria Ponte Rio-Niteroi S.A. - ECOPONTE,,,,,
CONCESSIONARIA RODOANEL NORTE SPE,,,Concessionaria Rodoanel Norte SPE S.A.,,,50399553000137
CONCESSIONARIA RODOANEL OESTE,,Concessionaria do Rodoanel Oeste S.A.,,,,09387725000159
CONCESSIONARIA RODOVIA LAGOS,,Concessionária da Rodovia dos Lagos S.A. (CCR ViaLagos),,,,01612234000152
CONCESSIONARIA RODOVIA MG,,,Concessionaria da Rodovia MG-050 S.A.,,,08822767000108
CONCESSIONARIA RODOVIA MS 306,Concessionaria da Rodovia MS 306 S.A.,,,,,
CONCESSIONARIA RODOVIA SUL,,,Concessionaria de Rodovia Sul-Matogrossense S.A.,,,19642306000170
CONCESSIONARIA RODOVIA TAMOIOS,Concessionaria Rodovia dos Tamoios S.A.,,,,,
CONCESSIONARIA RODOVIAS AYRTON SENNA CARVALHO PINTO,,,Concessionária das Rodovias Ayrton Senna e Carvalho Pinto S.A.,,,10841050000155
CONCESSIONARIA RODOVIAS CAFE SPE,Concessionaria Rodovias do Cafe SPE S.A.,,,,,51742485000120
CONCESSIONARIA RODOVIAS INTEGRADAS SUL,,Concessionaria Das Rodovias Integradas do Sul S.A.,,,,32161500000100
CONCESSIONARIA RODOVIAS INTERIOR PAULISTA,,,Concessionaria de Rodovias do Interior Paulista S.A.,,,03207703000183
CONCESSIONARIA RODOVIAS LESTE MS,Concessionaria das Rodovias do Leste MS S.A.,,,,,48851242000115
CONCESSIONARIA RODOVIAS NOROESTE PAULISTA,,,Concessionaria de Rodovias Noroeste Paulista S.A.,,,49314049000108
CONCESSIONARIA RODOVIAS PRVIAS,,,Concessionaria de Rodovias PRVias S.A.,,,59196897000113
CONCESSIONARIA RODOVIAS ROTA GRAOS,,Concessionária de Rodovias Rota dos Grãos S.A.,,,,41315638000107
CONCESSIONARIA RODOVIAS SUL MINAS SPE,,,Concessionaria Rodovias do Sul de Minas SPE S.A.,,,48127008000140
CONCESSIONARIA RODOVIAS TRIANGULO SPE,Concessionaria Rodovias do Triangulo SPE S.A.,,,,,48127012000108
CONCESSIONARIA ROTA ATLANTICO,Concessionaria Rota do Atlantico S.A.,,,,,
CONCESSIONARIA ROTA BANDEIRAS,Concessionaria Rota das Bandeiras S.A.,Concessionária Rota das Bandeiras S.A.,,,,10647979000148
CONCESSIONARIA ROTA COQUEIROS,Concessionaria Rota dos Coqueiros S.A.,,,,,
CONCESSIONARIA ROTA OESTE,,Concessionária Rota do Oeste S.A.,,,,19521322000104
CONCESSIONARIA ROTA SOROCABANA,,,Concessionaria Rota Sorocabana S.A.,,,58484141000107
CONCESSIONARIA SANEAMENTO AMAPA SPE,,,Concessionaria de Saneamento do Amapa SPE S.A.,,,44109598000127
CONCESSIONARIA SISTEMA ANHANGUERA,,Concessionária do Sistema Anhanguera-Bandeirantes S.A. (CCR AutoBAn),,,,02451848000162
CONCESSIONARIA SISTEMA RODOVIARIO RIO,,Concessionária do Sistema Rodoviário Rio - São Paulo S.A. (CCR Riosp),,,,44319688000142
CONCESSIONARIA VLT CARIOCA,,,Concessionaria do VLT Carioca S.A.,,,
CONDOCONTA FUNDO INVESTIMENTO DIREITOS CREDITORIOS NAO,,,,,CONDOCONTA FUNDO DE INVESTIMENTO EM DIREITOS CREDITORIOS NAO-PADRONIZADO,44395545000110
CONFIANCA FUNDO INVESTIMENTO DIREITOS CREDITORIOS,,,,,CONFIANÇA FUNDO DE INVESTIMENTO EM DIREITOS CREDITORIOS,22175369000178
CONFLUENCIA ENERGIA,Confluencia Energia S/A,,,,,
CONQUEST BRAZIL FIDC,,,,CONQUEST BRAZIL FIDC - SENIORES 1ª SÉRIE,,
CONQUEST BRAZIL FUNDO INVESTIMENTO DIREITOS CREDITORIOS MULTISSETORIAL,,,,,CONQUEST BRAZIL FUNDO DE INVESTIMENTO EM DIREITOS CREDITORIOS MULTISSETORIAL,27771613000189
CONSIGA MAIS FUNDO INVESTIMENTO DIREITOS CREDITORIOS,,,,,CONSIGA MAIS FUNDO DE INVESTIMENTO EM DIREITOS CREDITÓRIOS,23521077000102
CONSIGNADO PLGN I FUNDO INVESTIMENTO DIREITOS CREDITORIOS RESPONSABILIDADE LIMITADA,,Consignado PLGN I Fundo de Investimento em Direitos Creditórios Responsabilidade Limitada,,,,52596071000100
CONSIGNADOS V FUNDO INVESTIMENTO DIREITOS CREDITORIOS,,Consignados V Fundo de Investimento em Direitos Creditórios - Responsabilidade Limitada,,,,47240173000140
CONSIGNADOS V FUNDOS INVESTIMENTO DIREITOS CREDITORIOS RESPONSABILIDADE LIMITADA,,,,,CONSIGNADOS V FUNDOS DE INVESTIMENTO EM DIREITOS CREDITORIOS RESPONSABILIDADE LIMITADA,
CONSIGNADOS VI FUNDO INVESTIMENTO DIREITOS CREDITORIOS,,Consignados VI Fundo de Investimento em Direitos Creditórios - Responsabilidade Limitada,,,,55843467000195
CONSIGNADOS VIII FUNDO INVESTIMENTO DIREITOS CREDITORIOS,,Consignados VIII Fundo de Investimento em Direitos Creditórios  – Responsabilidade Limitada,,,,53286391000119
CONSTANCIA INVESTIMENTOS,,,,CONSTÂNCIA INVESTIMENTOS,,10626543000172
CONSTRUTORA TENDA,,,Construtora Tenda S/A,,,71476527000135
CONTAI FIDC,,,,CONTAÍ FIDC - SENIORES 1ª SÉRIE,,
CONTATO FUNDO INVESTIMENTO DIREITOS CREDITORIOS MULTISSETORIAL,,,,,CONTATO FUNDO DE INVESTIMENTO EM DIREITOS CREDITORIOS MULTISSETORIAL,
CONVICON,,,Convicon – Contêineres de Vila do Conde S.A.,,,06013760000110
COOPERA FUNDO INVESTIMENTO DIREITOS CREDITORIOS,,,,,COOPERA FUNDO DE INVESTIMENTO EM DIREITOS CREDITORIOS,42627599000138
COOPERA FUNDO INVESTIMENTO DIREITOS CREDITORIOS RESPONSABILIDADE LIMITADA,,,,,COOPERA FUNDO DE INVESTIMENTO EM DIREITOS CREDITORIOS RESPONSABILIDADE LIMITADA,42627599000138
COOPERATIVA CENTRAL CREDITO AILOS,Cooperativa Central de Credito Ailos,,,,,05463212000129
COOPERATIVA CENTRAL CREDITO ECONOMIA INTERACAO SOLIDARIA,,Cooperativa Central de Crédito e Economia com Interação Solidária – Cresol Central Brasil,,,,07202627000174
COOPERATIVA CENTRAL CREDITO ESPIRITO SANTO,Cooperativa Central de Credito do Espirito Santo - Sicoob Central ES,,,,,32428294000143
COOPERATIVA CENTRAL CREDITO ESTADO SAO PAULO,Cooperativa Central de Credito do Estado de Sao Paulo - Sicoob Sao Paulo,,,,,63917579000171
COOPERATIVA CENTRAL CREDITO INTERACAO SOLIDARIA,Cooperativa Central de Credito com Interacao Solidaria - Central Cresol Baser,,,,,01401771000153
COOPERATIVA CENTRAL CREDITO RURAL INTERACAO SOLIDARIA,Cooperativa Central de Credito Rural com Interacao Solidaria - Central Cresol Sicoper,,,,,08197413000110
COOPERATIVA CENTRAL CREDITO UNICRED,,Cooperativa Central de Credito Unicred do Brasil - Unicred do Brasil,,,,00315557000111
COOPERATIVA CREDITO CONEXAO,Cooperativa de Credito Conexao - Sicoob Conexao,,,,,32430233000110
COOPERATIVA CREDITO COOPERMAIS,Cooperativa de Credito Coopermais - Sicoob Coopermais,,,,,31804966000105
COOPERATIVA CREDITO CREDICERIPA,Cooperativa de Credito Crediceripa - Sicoob Crediceripa,,,,,00966246000112
COOPERATIVA CREDITO CREDICITRUS,Cooperativa de Credito Credicitrus - Sicoob Credicitrus,,,,,
COOPERATIVA CREDITO CREDICOCAPEC,Cooperativa de Credito Credicocapec - Sicoob Credicocapec,,,,,
COOPERATIVA CREDITO CREDIROCHAS,Cooperativa de Credito Credirochas - Sicoob Credirochas,,,,,03358914000117
COOPERATIVA CREDITO LIVRE ADMISSAO ASSOCIADOS,Cooperativa de Credito de Livre Admissao de Associados - Sicoob Maxicredito,,,,,
COOPERATIVA CREDITO MEDICOS,"Cooperativa de Credito dos Medicos, Profissionais da Saude e Empresarios - Unicred Raizes","Cooperativa de Crédito dos Médicos, Profissionais da Saúde e Empresários de Mato Grosso",,,,36900256000100
COOPERATIVA CREDITO PRO,Cooperativa de Credito PRO - Sicoob PRO,,,,,44469161000102
COOPERATIVA CREDITO SICOOB ENGECRED,Cooperativa de Credito Sicoob Engecred Ltda,,,,,
COOPERATIVA CREDITO SUL,Cooperativa de Credito Sul-Serrana do Espirito Santo - Sicoob Sul-Serrano,,,,,32474884000102
COOPERATIVA CREDITO SUL ESPIRITO SANTO,Cooperativa de Credito Sul do Espirito Santo - Sicoob Sul,,,,,32467086000153
COOPERATIVA CREDITO UNICRED CENTRO,Cooperativa de Credito Unicred Centro-Sul Ltda. - Unicred Centro-Sul,,,,,
COOPERATIVA CREDITO UNICRED ESTADO SAO PAULO,Cooperativa de Credito Unicred do Estado de Sao Paulo Ltda,,,,,
COOPERATIVA CREDITO UNICRED UNIAO,Cooperativa de Credito Unicred Uniao Ltda - Unicred Uniao,,Cooperativa de Credito Unicred Uniao Ltda.,,,74114042000190
COOPERATIVA CREDITO UNICRED VALOR CAPITAL,Cooperativa De Credito Unicred Valor Capital Ltda - Unicred Valor Capital,,,,,
COOPERATIVA CREDITO VALE ITAJAI,Cooperativa de Credito Vale do Itajai - Viacredi,,,,,
COOPERATIVA ECONOMIA CREDITO MUTUO MEDICOS PORTO ALEGRE,Cooperativa de Economia e Credito Mutuo dos Medicos de Porto Alegre Ltda. - Unicred Porto Alegre,,,,,
COOPERFORTE COOPERATIVA CREDITO INVESTIMENTOS,,COOPERFORTE Cooperativa de Crédito e Investimentos Ltda.,,COOPERFORTE COOPERATIVA DE CRÉDITO E INVESTIMENTOS LTDA.,,
COPACABANA GERACAO ENERGIA PARTICIPACOES,Copacabana Geracao de Energia e Participacoes S.A.,,,,,
COPACOL,,,Copacol - Cooperativa Agroindustrial Consolata,,,76093731000190
COPEL DISTRIBUICAO,Copel Distribuicao S.A.,,,,,04368898000106
COPEL GERACAO TRANSMISSAO,Copel Geracao e Transmissao S.A.,,,,,04370282000170
COPEL SERVICOS,Copel Servicos S.A.,,,,,
COPOBRAS INDUSTRIA COMERCIO EMBALAGENS,Copobras S.A. Industria e Comercio de Embalagens,,,,,
CORPAL FIDC,,,,CORPAL FIDC - SUBORDINADAS,,
CORPORE NP FIDC NAO PADRONIZADO MULTISSETORIAL,,,,CORPORE NP FIDC NÃO PADRONIZADO MULTISSETORIAL - SUBORDINADAS,,
CORPOREOS SERVICOS TERAPEUTICOS,Corporeos Servicos Terapeuticos S.A.,Corpóreos Serviços Terapêuticos S.A.,,,,08845676049367
CORREDOR LOGISTICA INFRAESTRUTURA,Corredor Logistica e Infraestrutura S.A.,,,,,
CORUJA I FUNDO INVESTIMENTO DIREITOS CREDITORIOS,,,,,CORUJA I FUNDO DE INVESTIMENTO EM DIREITOS CREDITORIOS - RESPONSABILIDADE LIMITADA,57140603000106
COSAN,Cosan S.A.,Cosan S.A.,,,,50746577000115
CP COMERCIAL,CP Comercial S.A.,,,,,
CPFL COMERCIALIZACAO,CPFL Comercializacao Brasil S.A.,,,,,
CPFL ENERGIA,CPFL Energia S.A.,CPFL Energia S.A.,CPFL Energia S.A.,,,02429144000193
CPFL ENERGIAS RENOVAVEIS,CPFL Energias Renovaveis S.A.,,,,,08439659000150
CPFL GERACAO ENERGIA,CPFL Geracao de Energia S.A.,,,,,03953509000147
CPFL TRANSMISSAO,CPFL Transmissao S.A.,CPFL Transmissão S.A.,,,,92715812000131
CPX DISTRIBUIDORA,CPX Distribuidora S.A.,,,,,10158356000101
CRA ECOAGRO,,,,CRA ECOAGRO - RISCO EXPOCACER - 410ª EMISSÃO - SÉRIE ÚNICA,,
CREDCESTA FIDC,,,,CREDCESTA FIDC - SENIORES ÚNICA,,
CREDERE FIDC,,,,CREDERE FIDC - SENIORES 1ª SÉRIE,,
CREDIHOME FUNDO INVESTIMENTO DIREITOS CREDITORIOS,,,,,CREDIHOME FUNDO DE INVESTIMENTO EM DIREITOS CREDITORIOS,31962973000135
CREDISIS,,CrediSIS - Central de Cooperativas de Crédito Ltda.,,,,04632856000130
CREDIT FUNDO INVESTIMENTO COTAS FUNDOS INVESTIMENTO DIREITOS CREDITORIOS,,,,,CREDIT BRASIL FUNDO DE INVESTIMENTO EM COTAS DE FUNDOS DE INVESTIMENTO EM DIREITOS CREDITÓRIOS - NP,08904592000188
CREDIT FUNDO INVESTIMENTO DIREITOS CREDITORIOS MULTISSETORIAL MASTER,,,,,Credit Brasil Fundo de Investimento em Direitos Creditórios Multissetorial Master,12144737000167
CREDIT FUNDO INVESTIMENTOS DIREITOS CREDITORIOS MULTISSETORIAL NAO,,,,,Credit Brasil Fundo de Investimentos em Direitos Creditórios Multissetorial Não-Padronizados Multissetorial High,08904592000188
CREDIT PARTNERS,,,,CREDIT PARTNERS LTDA - SUBORDINADAS JÚNIOR,,09098616000111
CREDIT PARTNERS FUNDO INVESTIMENTO DIREITO CREDITORIOS,,,,,CREDIT PARTNERS FUNDO DE INVESTIMENTO EM DIREITO CREDITORIOS,32274874000123
CREDITCORP SECURITIZADORA,,Creditcorp Securitizadora S.A. - 1ª e 2ª Séries da 7ª Emissão de Debêntures (Prata Digital),,,,49947676000186
CREDITISE FUNDO INVESTIMENTOS DIREITOS CREDITORIOS NAO PADRONIZADO,,,,,Creditise Fundo de Investimentos em Direitos Creditórios Não Padronizado,
CREDITO UNIVERSITARIO FUNDO INVESTIMENTO DIREITOS CREDITORIOS,Credito Universitario Fundo de Investimento em Direitos Creditorios,,,,,08417544000165
CREDITO UNIVERSITARIO III FIDC,Credito Universitario III FIDC,,,,,34408539000104
CREDSHOW FIDC,,,,CREDSHOW FIDC - SUBORDINADAS MEZANINO I,,
CREDVALE FIDC,,,,CREDVALE FIDC - SENIORES 11ª SÉRIE,,
CREMER,,Cremer S.A.,,,,82641325000118
CRESCERA GESTAO RECURSOS,,Crescera Gestão de Recursos Ltda.,,,,09259317000111
CRESTONE I FUNDO INVESTIMENTO DIREITOS CREDITORIOS,,,,,CRESTONE I FUNDO DE INVESTIMENTO EM DIREITOS CREDITÓRIOS,30791451000155
CRESTONE I FUNDO INVESTIMENTO DIREITOS CREDITORIOS NAO PADRONIZADOS,,,,,CRESTONE I FUNDO DE INVESTIMENTO EM DIREITOS CREDITORIOS NAO PADRONIZADOS,30791451000155
CRI BARI SECURITIZADORA 2022,CRI Bari Securitizadora 2022 - 11 (PGE Cascata),,,,,
CRI CIBRASEC,,,,CRI CIBRASEC - RISCO PPP HABITACIONAL - 303ª SÉRIE DA 2ª EMISSÃO,,
CRI OPEA,,,,CRI OPEA - 468ª E 470ª SÉRIES - 1ª EMISSÃO – RISCO SHOPPING MADUREIRA,,
CRI OPEA SECURITIZADORA,CRI Opea Securitizadora S.A. (Pacaembu),,,,,
CRI OPEA SECURITIZADORA 2023,CRI Opea Securitizadora 2023-202 (Faro Energy),,,,,
CRI TRUE SECURITIZADORA,,,,CRI TRUE SECURITIZADORA - RISCO PULVERIZADO (MRV) - 1ª SÉRIE - 161ª EMISSÃO,,
CRIS INFRASEC,,,,CRIS DA INFRASEC – RISCO PSA BRASIL - 1ª EMISSÃO,,
CRONOS FIDC NP,,,,CRONOS FIDC NP - SUBORDINADAS,,
CROWN OCEAN I FIDC NP,,,,CROWN OCEAN I FIDC NP - SUBORDINADAS MEZANINO,,
CROWN OCEAN III FIDC NP,,,,CROWN OCEAN III FIDC NP - ÚNICA,,
CRUZEIRO SUL EDUCACIONAL,Cruzeiro do Sul Educacional SA,,,,,62984091000102
CSCF CARTOES CONSIGNADOS BMG 2022,"CSCF Cartoes Consignados BMG 2022-2-1,2 (BMG 4)",,,,,
CSCF CARTOES CONSIGNADOS II 2022,"CSCF Cartoes Consignados II 2022-2-1,2 (BMG 3)",,,,,
CSCF CARTOES CONSIGNADOS II 2023,"CSCF Cartoes Consignados II 2023-3-1,2 (BMG 5)",,,,,
CSCF CARTOES CONSIGNADOS II 2025,"CSCF Cartoes Consignados II 2025-4-1,2,3 (BMG 8)",,,,,
CSCF VERT,CSCF Vert-5,,,,,25.005.683/0001-09
CSN MINERACAO,CSN Mineracao S.A.,,CSN Mineracao S.A.,,,08902291000115
CULTURA AGROMAIS FIDC,,,,CULTURA AGROMAIS FIDC - SUBORDINADAS JÚNIOR,,33549042000135
CUPERTINO FIDC NP,,,,CUPERTINO FIDC NP - SUBORDINADAS JÚNIOR,,
CURY CONSTRUTORA INCORPORADORA,,Cury Construtora e Incorporadora S.A.,Cury Construtora e Incorporadora S.A.,,,08797760000183
CUTIA EMPREENDIMENTOS EOLICOS,Cutia Empreendimentos Eolicos SA,,,,,
CVC OPERADORA AGENCIA VIAGENS,CVC Brasil Operadora e Agencia de Viagens S.A.,,,,,10760260000119
CYRELA BRAZIL REALTY EMPREENDIMENTOS PARTICIPACOES,,Cyrela Brazil Realty S.A. Empreendimentos e Participações (Cyrela),Cyrela Brazil Realty S.A. Empreendimentos e Participacoes,,,73178600000118
D'ORO CAPITAL FUNDO INVESTIMENTO DIREITOS CREDITORIOS CREDITO CORPORATIVO,,,,,D'ORO CAPITAL FUNDO DE INVESTIMENTO EM DIREITOS CREDITORIOS CRÉDITO CORPORATIVO,51731270000103
D'ORO CAPITAL FUNDO INVESTIMENTO DIREITOS CREDITORIOS CREDITO CORPORATIVO RESPONSABILIDADE LIMITADA,,,,,D'ORO CAPITAL FUNDO DE INVESTIMENTO EM DIREITOS CREDITORIOS CRÉDITO CORPORATIVO RESPONSABILIDADE LIMITADA,51731270000103
D'ORO CAPITAL FUNDO INVESTIMENTO DIREITOS CREDITORIOS MULTISSETORIAL,,,,,D'ORO CAPITAL FUNDO DE INVESTIMENTO EM DIREITOS CREDITORIOS MULTISSETORIAL,
DAE,,,,DAE S.A. – ÁGUA E ESGOTO,,00007995000112
DAHLIA CAPITAL GESTAO RECURSOS,,Dahlia Capital Gestão de Recursos Ltda,,,,09551766000139
DAYCOVAL ASSET MANAGEMENT ADMINISTRACAO RECURSOS,,Daycoval Asset Management Administração de Recursos Ltda.,,,,72027832000102
DAYCOVAL CONCREDITO CLT FUNDO INVESTIMENTO DIREITOS CREDITORIOS RESPONSABILIDADE LIMITADA,,,,,DAYCOVAL CONCRÉDITO CLT FUNDO DE INVESTIMENTO EM DIREITOS CREDITÓRIOS RESPONSABILIDADE LIMITADA,
DAYCOVAL SEGUROS,Daycoval Seguros S.A.,,,,,
DB3 SERVICOS TELECOMUNICACOES,,,DB3 Servicos De Telecomunicacoes S.A.,,,41644220000135
DBS FIDC,,,,DBS FIDC - SENIORES 4ª SÉRIE,,
DCASH FUNDO INVESTIMENTO COTAS FUNDOS INVESTIMENTO DIREITOS CREDITORIOS,,,,,DCASH FUNDO DE INVESTIMENTO EM COTAS DE FUNDOS DE INVESTIMENTO EM DIREITOS CREDITÓRIOS,32999032000139
DCASH FUNDO INVESTIMENTO DIREITOS CREDITORIOS,,,,,DCASH FUNDO DE INVESTIMENTO EM DIREITOS CREDITORIOS,32202903000141
DEBENTURES BGO,,,,DEBÊNTURES DA BGO - 1ª EMISSÃO - 1ª E 2ª SÉRIES,,
DEL CRED FIDC,,,,DEL CRED FIDC - SUBORDINADAS JÚNIOR,,04868137000113
DEL MONTE FUNDO INVESTIMENTO DIREITOS CREDITORIOS MULTISEGMENTOS,,,,,DEL MONTE FUNDO DE INVESTIMENTO EM DIREITOS CREDITÓRIOS MULTISEGMENTOS,14605855000150
DELFINANCE SOCIEDADE CREDITO DIRETO,Delfinance Sociedade de Crédito Direto S.A.,,,,,38224857000168
DELGA INDUSTRIA COMERCIO,Delga Industria e Comercio S.A.,,,,,61532198000149
DELTA 2 ENERGIA,Delta 2 Energia S.A.,,,,,
DELTA 3 ENERGIA,Delta 3 Energia S.A.,,,,,
DELTA ENERGIA PRE,,,,DELTA ENERGIA PRÉ-PAGAMENTO I FIDC - SENIORES ÚNICA,,34644098000131
DELTA FUNDO INVESTIMENTO DIREITOS CREDITORIOS MULTISEGMENTOS,,,,,DELTA FUNDO DE INVESTIMENTO EM DIREITOS CREDITÓRIOS MULTISEGMENTOS,09220444000107
DEMAND FIDC,,,,DEMAND FIDC - SENIORES 1ª SÉRIE,,
DESENVOLVE SP,Desenvolve SP - Agencia de Fomento do Estado de Sao Paulo S.A.,,,,,10663610000129
DESKTOP,,,Desktop S.A.,,,08170849000115
DEUTSCHE BANK,Deutsche Bank S.A. - Banco Alemao,,,,,62331228000111
DEXCO,Dexco S.A.,DexCo S.A.,,,,97837181000147
DFC FIDC NP,,,,DFC FIDC NP - SUBORDINADAS JÚNIOR,,
DFG FIDC,,,,DFG FIDC - SUBORDINADAS MEZANINO,,
DIAGNOSTICOS AMERICA,Diagnosticos da America S.A.,,,,,61486650000183
DIALOGO ENGENHARIA CONSTRUCAO,,Diálogo Engenharia e Construção S.A.,,,,57132417000125
DIMED DISTRIBUIDORA MEDICAMENTOS,,,Dimed S.A. Distribuidora de Medicamentos,,,92665611000177
DIP FINANCING 11 FUNDO INVESTIMENTO DIREITOS CREDITORIOS NAO,,,,,DIP FINANCING 11 FUNDO DE INVESTIMENTO EM DIREITOS CREDITORIOS NAO-PADRONIZADOS,24220859000174
DIRECIONAL ENGENHARIA,,,Direcional Engenharia S.A.,,,16614075000100
DIRETA CAPITAL FUNDO INVESTIMENTO DIREITOS CREDITORIOS MULTISETORIAL,,,,,DIRETA CAPITAL FUNDO DE INVESTIMENTO EM DIREITOS CREDITORIOS MULTISETORIAL,51030944000142
DIRETA CAPITAL FUNDO INVESTIMENTO DIREITOS CREDITORIOS MULTISETORIAL CLASSE UNICA FECHADA,,,,,DIRETA CAPITAL FUNDO DE INVESTIMENTO EM DIREITOS CREDITÓRIOS MULTISETORIAL DE CLASSE ÚNICA FECHADA,12586135000160
DIRETA CAPITAL FUNDO INVESTIMENTO DIREITOS CREDITORIOS MULTISETORIAL CLASSE UNICA FECHADA RESPONSABILIDADE LIMITADA,,,,,DIRETA CAPITAL FUNDO DE INVESTIMENTO EM DIREITOS CREDITÓRIOS MULTISETORIAL DE CLASSE ÚNICA FECHADA DE RESPONSABILIDADE LIMITADA,12586135000160
DISAM BANK FIDC,,,,DISAM BANK FIDC - SUBORDINADAS MEZANINO,,
DIX EMPREENDIMENTOS,,DIX Empreendimentos S.A.,,,,04409762000440
DM INSTITUICAO PAGAMENTO,DM Instituicao de Pagamento S.A.,,,,,16581207000137
DM SOCIEDADE CREDITO,,,"DM Sociedade de Credito, Financiamento e Investimento S.A.",,,91669747000192
DMCARD SECURITIZADORA,DMCard Securitizadora S.A.,,,,,
DOLLAR DIVERSIFIED PAYMENT RIGHTS FINANCE COMPANY,Dollar Diversified Payment Rights Finance Company,,,,,
DRIVER SIX BANCO VOLKSWAGEN FIDC,,Driver Brasil Six Banco Volkswagen FIDC - Financiamento de Veículos,,,,50114948000146
DUAS RODAS FIDC,,,,DUAS RODAS FIDC - SENIORES 1ª SÉRIE,,
DURATEX FLORESTAL,Duratex Florestal Ltda.,,,,,
EBT,,,EBT-Empresa Brasileira de Terminais e Armazens Gerais Ltda.,,,03110981000118
ECHOENERGIA PARTICIPACOES,Echoenergia Participacoes S.A.,,,,,24743678000122
ECO SECURITIZADORA 2019,"Eco Securitizadora 2019-12-1,2 (JSL)",,,,,
ECO SECURITIZADORA 2021,Eco Securitizadora 2021-90-1 (Vix),,,,,
ECO SECURITIZADORA 2022,"Eco Securitizadora 2022-140-1,2 (FS)",,,,,10.753.164/0001-43
ECO SECURITIZADORA 2023,"Eco Securitizadora 2023-243-1,2 (FS)",,,,,10.753.164/0001-43
ECO SECURITIZADORA 2024,"Eco Securitizadora 2024-331-1,2 (FS)",,,,,10.753.164/0001-43
ECO SECURITIZADORA 2025,"Eco Securitizadora 2025-384-1,2,3 (FS)",,,,,10.753.164/0001-43
ECO SECURITIZADORA 2026,"Eco Securitizadora 2026-466-1,2,3,4 (BRF)",,,,,10.753.164/0001-43
ECO SECURITIZADORA DIREITOS CREDITORIOS AGRONEGOCIO,,Eco Securitizadora de Direitos Creditórios do Agronegócio S.A. - 1ª e 2ª Series da 295ª Emissão de CRAs (Risco Be8),Eco Securitizadora de Direitos Creditorios do Agronegocio S.A.,,Eco Securitizadora de Direitos Creditórios do Agronegócio S.A.,10753164000143
ECO050,ECO050 - Concessionaria de Rodovias S.A.,,,,,19208022000170
ECO050 CONCESSIONARIA RODOVIAS,,,Eco050 Concessionaria de Rodovias S.A.,,,19208022000170
ECO101 CONCESSIONARIA RODOVIAS,,,ECO101 Concessionaria de Rodovias S.A.,,,15484093000144
ECOAGRO II FIAGRO RESPONSABILIDADE,,,ECOAGRO II FIAGRO Responsabilidade Ltda.,,,62604084000120
ECOAGRO INSUMOS FIDC NP,,,,ECOAGRO INSUMOS FIDC NP - SUBORDINADAS MEZANINO,,
ECORIOMINAS CONCESSIONARIA RODOVIAS,,,EcoRioMinas Concessionaria de Rodovias S.A.,,,29884545000190
ECORODOVIAS CONCESSOES SERVICOS,Ecorodovias Concessoes e Servicos S.A.,,Ecorodovias Concessoes e Servicos S.A.,,,08873873000110
EDGE COMERCIALIZACAO,,Edge Comercialização S.A.,,,,19046324000199
EDISON FIDC,,,,EDISON FIDC - SENIORES 4ª SÉRIE,,
EDP ENERGIAS,EDP Energias do Brasil S.A.,EDP Energias do Brasil S.A.,,,,03983431000103
EDP ESPIRITO SANTO DISTRIBUICAO ENERGIA,,EDP Espírito Santo Distribuição de Energia S.A.,,,,28152650000171
EDP SAO PAULO DISTRIBUICAO ENERGIA,,EDP São Paulo Distribuição de Energia S.A.,,,,02302100000106
EDP TRANSMISSAO NORTE NORDESTE II,EDP Transmissao Norte Nordeste II S.A.,,,,,
EDTE,EDTE -Empresa Diamantina de Transmissao de Energia S.A.,,,,,
EFFICIENTIA FIDC,,,,EFFICIENTIA FIDC - SENIORES ÚNICA,,
EFI,Efi S.A. - Instituicao de Pagamento,,,,,
EKTT09 SERVICOS TRANSMISSAO ENERGIA ELETRICA SPE,,,EKTT09 Servicos de Transmissao de Energia Eletrica SPE S.A.,,,28438777000402
ELDORADO CELULOSE,Eldorado Brasil Celulose S.A.,,,,,07401436000131
ELDORADO FUNDO INVESTIMENTO DIREITOS CREDITORIOS NAO,,,,,ELDORADO FUNDO DE INVESTIMENTO EM DIREITOS CREDITÓRIOS NÃO-PADRONIZADOS,30127068000105
ELEA DIGITAL INFRAESTRUTURA REDES TELECOMUNICACOES,Elea Digital Infraestrutura e Redes de Telecomunicacoes S.A.,,,,,35980592000130
ELECTRA PCH BURITI SPE,,Electra PCH Buriti SPE S.A.,,,,04547015000125
ELEKEIROZ,Elekeiroz S/A,Elekeiroz S.A.,,,,10362796000186
ELEKTRO REDES,,,Elektro Redes S.A.,,,02328280000197
ELETROBRAS CHESF,,,Eletrobras CHESF,,,33541368000116
ELETRONET FIDC,,,,ELETRONET FIDC - SENIORES 1ª SÉRIE,,
ELETRONORTE,,,ELETRONORTE,,,00988906000166
ELETROPAULO METROPOLITANA ELETRICIDADE SAO PAULO,Eletropaulo Metropolitana Eletricidade de Sao Paulo S.A.,Eletropaulo Metropolitana de Eletricidade de São Paulo S.A. (Enel Distribuição São Paulo),,,,61695227000193
ELETRORIVER,Eletroriver S/A,,,,,
ELFA MEDICAMENTOS,Elfa Medicamentos S.A.,,,,,09053134000145
ELLEVE NPL FUNDO INVESTIMENTO DIREITOS CREDITORIOS,,,,,ELLEVE NPL FUNDO DE INVESTIMENTO EM DIREITOS CREDITÓRIOS - NÃO PADRONIZADOS,47117740000176
EMAE,EMAE - Empresa Metropolitana de Aguas e Energia S.A.,,,,,02302101000142
EMBRAER,Embraer S.A.,,,,,07689002000189
EMCCAMP RESIDENCIAL,,,Emccamp Residencial S.A.,,,19403252000190
EMERGENCIA PARTICIPACOES,Emergencia Participacoes S.A.,,,,,
EMPIRICA DEBENTURES FIDC,,,,EMPÍRICA DEBÊNTURES FIDC  - ÚNICA,,
EMPIRICA SOBERANO,,,Empirica Soberano - Fundo de Investimento Renda Fixa Referenciado DI,,,17249303000145
EMPREENDIMENTOS PAGUE MENOS,Empreendimentos Pague Menos S.A.,,,,,06626253000151
EMPRESA AMAZONENSE TRANSMISSAO ENERGIA,,Empresa Amazonense de Transmissão de Energia S.A.,,,,04416935000104
EMPRESA BAIANA AGUAS SANEAMENTO,,Empresa Baiana de Águas e Saneamento S.A. - EMBASA,,,,13504675000110
EMPRESA CATARINENSE TRANSMISSAO ENERGIA,,Empresa Catarinense de Transmissão de Energia S.A.,,,,03.984.987/0001-14
EMPRESA ENERGIA CACHOEIRA CALDEIRAO,Empresa de Energia Cachoeira Caldeirao S.A.,,,,,
EMPRESA ENERGIA SAO MANOEL,Empresa de Energia Sao Manoel S.A.,,,,,
EMPRESA NORTE TRANSMISSAO ENERGIA,,Empresa Norte de Transmissão de Energia S.A.,,,,05321987000160
EMPRESA PARAENSE TRANSMISSAO ENERGIA,,Empresa Paraense de Transmissão de Energia S.A.,,,,04416923000180
EMPRESA SUDESTE TRANSMISSAO ENERGIA,Empresa Sudeste de Transmissao de Energia S.A.,,,,,
EMPRESARIAL FUNDO INVESTIMENTO DIREITOS CREDITORIOS MULTISEGMENTOS,,,,,EMPRESARIAL FUNDO DE INVESTIMENTO EM DIREITOS CREDITÓRIOS MULTISEGMENTOS,07727757000120
EMS,,,EMS S.A.,,,57507378001256
ENEL,Enel Brasil S.A.,,,,,
ENEL GREEN POWER DAMASCENA EOLICA,Enel Green Power Damascena Eolica S.A.,,,,,
ENEL GREEN POWER MANICOBA EOLICA,Enel Green Power Manicoba Eolica S.A.,,,,,
ENEL GREEN POWER VOLTA GRANDE,Enel Green Power Volta Grande S.A.,,,,,25176391000120
ENERGETICA FIDC,,,,ENERGÉTICA FIDC - SUBORDINADAS JÚNIOR,,
ENERGISA,Energisa S.A.,,Energisa S.A.,,,00864214000106
ENERGISA ACRE,Energisa Acre - Distribuidora de Energia S.A.,,,,,
ENERGISA MATO GROSSO,Energisa Mato Grosso - Distribuidora de Energia S.A.,,Energisa Mato Grosso - Distribuidora de Energia S.A.,,,03467321000199
ENERGISA MATO GROSSO SUL,Energisa Mato Grosso do Sul - Distribuidora de Energia S.A.,,Energisa Mato Grosso do Sul - Distribuidora de Energia S.A.,,,15413826000150
ENERGISA MINAS RIO,Energisa Minas Rio - Distribuidora de Energia S.A.,,,,,19527639000158
ENERGISA PARAIBA,Energisa Paraiba - Distribuidora de Energia S/A,,Energisa Paraiba-Distribuidora de Energia S.A.,,,09095183000140
ENERGISA RONDONIA DISTRIBUIDORA ENERGIA,Energisa Rondonia Distribuidora de Energia S.A.,,,,,
ENERGISA SERGIPE,Energisa Sergipe - Distribuidora de Energia S/A,,Energisa Sergipe-Distribuidora de Energia S.A.,,,13017462000163
ENERGISA SUL SUDESTE,Energisa Sul Sudeste - Distribuidora de Energia S/A,,,,,
ENERGISA TOCANTINS,Energisa Tocantins - Distribuidora de Energia S/A,,,,,
ENERGISA TRANSMISSAO ENERGIA,Energisa Transmissao de Energia S.A.,,,,,28201130000101
ENEVA,Eneva S.A.,,ENEVA S.A.,,,04423567000121
ENGIE ENERGIA,Engie Brasil Energia S.A.,,,,,02474103000119
ENGIE SOLUCOES CIDADES INTELIGENTES INFRAESTRUTURA UBERLANDIA,Engie Solucoes Cidades Inteligentes e Infraestrutura de Uberlandia S.A.,,,,,
ENKI FUNDO INVESTIMENTO DIREITOS CREDITORIOS NAO,,,,,ENKI FUNDO DE INVESTIMENTO EM DIREITOS CREDITÓRIOS NÃO-PADRONIZADOS RESPONSABILIDADE LIMITADA,49939512000107
ENKI FUNDO INVESTIMENTO DIREITOS CREDITORIOS NAO PADRONIZADOS,,,,,ENKI FUNDO DE INVESTIMENTO EM DIREITOS CREDITORIOS NAO PADRONIZADOS,49939512000107
ENTREVIAS CONCESSIONARIA RODOVIAS,Entrevias Concessionaria de Rodovias S.A.,,,,,
ENVIRONMENTAL ESG PARTICIPACOES,Environmental ESG Participacoes S.A.,,,,,09527023000123
EOLICA SERRA VACAS HOLDING,Eolica Serra das Vacas Holding S.A.,,,,,
EOLICA SERRA VACAS HOLDING II,Eolica Serra das Vacas Holding II S.A.,,,,,
EOS FUNDO INVESTIMENTO DIREITOS CREDITORIOS WH,,,,,EOS FUNDO DE INVESTIMENTO EM DIREITOS CREDITORIOS WH,48169685000120
EPR IGUACU,EPR Iguacu S.A.,,,,,58056046000102
EPR LITORAL PIONEIRO,EPR Litoral Pioneiro S.A.,EPR Litoral Pioneiro S.A.,,,,51137031000120
EPR SUL MINAS,EPR Sul de Minas S.A.,,,,,
EQUATORIAL,,,Equatorial S.A.,,,03220438000173
EQUATORIAL ALAGOAS DISTRIBUIDORA ENERGIA,,,Equatorial Alagoas Distribuidora de Energia S.A.,,,12272084000100
EQUATORIAL GOIAS DISTRIBUIDORA ENERGIA,Equatorial Goias Distribuidora de Energia S.A,,Equatorial Goias Distribuidora de Energia S.A.,,,01543032000104
EQUATORIAL MARANHAO DISTRIBUIDORA ENERGIA,,,Equatorial Maranhao Distribuidora de Energia S.A.,,,06272793000184
EQUATORIAL PARA DISTRIBUIDORA ENERGIA,Equatorial Para Distribuidora de Energia S.A.,,Equatorial Para Distribuidora de Energia S.A.,,,04895728000180
EQUATORIAL PIAUI DISTRIBUIDORA ENERGIA,,,Equatorial Piaui Distribuidora de Energia S.A.,,,06840748000189
EQUATORIAL TRANSMISSORA 1 SPE,,,Equatorial Transmissora 1 SPE S.A.,,,26845650000121
EQUATORIAL TRANSMISSORA 2 SPE,,,Equatorial Transmissora 2 SPE S.A.,,,26845497000132
EQUATORIAL TRANSMISSORA 3 SPE,,,Equatorial Transmissora 3 SPE S.A.,,,26845460000295
EQUATORIAL TRANSMISSORA 5 SPE,,,Equatorial Transmissora 5 SPE S.A.,,,26845283000590
EQUATORIAL TRANSMISSORA 8 SPE,,,Equatorial Transmissora 8 SPE S.A.,,,27967244000366
EQUIPAV SANEAMENTO,,,Equipav Saneamento S.A.,,,15385166000140
EQUIPMED FIDC,,,,EQUIPMED FIDC  - SUBORDINADAS MEZANINO,,
ER 2030 FIDC,ER 2030 FIDC,,,,,
ESMERALDA FIDC,,,,,ESMERALDA FIDC,
ESMERALDA FUNDO INVESTIMENTO DIREITOS CREDITORIOS,,,,,ESMERALDA  FUNDO DE INVESTIMENTO EM DIREITOS CREDITÓRIOS,
ESPRESSO CREDITOS JUDICIAIS FUNDO INVESTIMENTO DIREITOS CREDITORIOS NAO,,,,,ESPRESSO CRÉDITOS JUDICIAIS FUNDO DE INVESTIMENTO EM DIREITOS CREDITÓRIOS NÃO-PADRONIZADOS,37022236000139
ESSENTIA PCHS,ESSENTIA PCHs S.A.,,,,,07802794000156
ESTADO ALAGOAS,Estado de Alagoas,,,,,
ESTADO ISRAEL,,,,,ESTADO DE ISRAEL,01832048000129
ESTADO MARANHAO,,Estado do Maranhão,,,,05506465000132
ESTADO MATO GROSSO SUL,Estado de Mato Grosso do Sul,,,,,15412257000128
ESTADO PARANA,,Estado do Paraná,,,,76416940000128
ESTADO PIAUI,,,,ESTADO DO PIAUÍ,,00099686000110
ESTADO SAO PAULO,,,,ESTADO DE SÃO PAULO,,00000714000108
ESTANHO CREDITO CONSIGNADO FIDC,,,,ESTANHO CRÉDITO CONSIGNADO FIDC - SENIORES 1ª SÉRIE,,
ESTIMULO FUNDO INVESTIMENTO DIREITOS CREDITORIOS,,,,,ESTÍMULO FUNDO DE INVESTIMENTO EM DIREITOS CREDITÓRIOS,
ESTIMULO FUNDO INVESTIMENTO DIREITOS CREDITORIOS IS RESPONSABILIDADE LIMITADA,,,,,ESTÍMULO BRASIL FUNDO DE INVESTIMENTO EM DIREITOS CREDITÓRIOS IS DE RESPONSABILIDADE LIMITADA,42336359000184
ESTRATEGIA EDUCACIONAL FIDC,,,,ESTRATÉGIA EDUCACIONAL FIDC - MEZANINO CLASSE A,,
ETB,ETB - Empresa de Transmissao Baiana SA,,,,,
ETR FIDC,,,,ETR FIDC - SUBORDINADAS MEZANINO,,
EUD FICTOR CONSIGNADO FIDC,,,,EUD FICTOR CONSIGNADO FIDC - SUBORDINADAS JÚNIOR,,
EURO FIDC,,,,EURO FIDC - SENIORES 1ª SÉRIE,,
EUROFARMA LABORATORIOS,Eurofarma Laboratorios S.A.,,,,,61190096000192
EVEN CONSTRUTORA INCORPORADORA,,,Even Construtora e Incorporadora S.A.,,,43470988000165
EVOLUT FIDC MULTISSETORIAL,,,,EVOLUT FIDC MULTISSETORIAL - SENIORES 4ª SÉRIE,,
EVOLVE FIDC NP,,,,EVOLVE FIDC NP - SUBORDINADAS JÚNIOR,,
EXES AGRO XINGU,,,,EXES AGRO XINGU - SUBORDINADAS,,
EXES MAQUINAS FIDC,,,,EXES MÁQUINAS FIDC - MEZANINO CLASSE A,,
EXES SPECIAL FIDC,,,,EXES SPECIAL FIDC - ÚNICA,,
EXTRA BALANCE TOP SIERRA FIDC,,,,EXTRA BALANCE TOP SIERRA FIDC - SENIORES ÚNICA,,
FACTA FINANCEIRA,,,,,FACTA FINANCEIRA S.A.,15581638000130
FACTA INSS CB FIDC,Facta INSS CB FIDC,,,,,35946113000169
FAMA FUNDO INVESTIMENTO DIREITOS CREDITORIOS,,,,,FAMA FUNDO DE INVESTIMENTO EM DIREITOS CREDITÓRIOS,19503125000162
FARM M I FIC FIDC,,,,FARM M I FIC FIDC - ÚNICA,,
FARMACIA DROGARIA NISSEI,Farmacia e Drogaria Nissei S.A.,,,,,79430682000122
FARO ENERGY PROJETOS SOLARES HOLDING IV,Faro Energy Projetos Solares Holding IV S.A.,,,,,
FATOR SEGURADORA,,Fator Seguradora S.A.,,,,33061862000183
FATOR UCB FIDC,,,,FATOR UCB FIDC - SENIORES 1ª SÉRIE,,
FATORI FIDC,,,,FATORI FIDC - SUBORDINADAS JÚNIOR,,
FATORI FUNDO INVESTIMENTO DIREITOS CREDITORIOS MULTISSETORIAL,,,,,FATORI FUNDO DE INVESTIMENTO EM DIREITOS CREDITORIOS MULTISSETORIAL,26690344000163
FEDERAL IAA FIDC NP,,,,FEDERAL IAA FIDC NP - ÚNICA,,
FEDERAL INVEST CO FIDC,,,,FEDERAL INVEST CO FIDC - SUBORDINADAS JÚNIOR,,02647408000185
FEDERAL INVEST FIDC,,,,FEDERAL INVEST FIDC - SUBORDINADAS MEZANINO IV,,02647408000185
FEDERAL INVEST I FIC FIDC,,,,FEDERAL INVEST I FIC FIDC - MEZANINO CLASSE B,,02647408000185
FERRARI AGROINDUSTRIA,,,Ferrari Agroindustria S.A.,,,54846951000105
FERREIRA GOMES ENERGIA,Ferreira Gomes Energia S.A.,,,,,12489315000123
FERROVIA NORTE SUL,Ferrovia Norte Sul S.A.,,,,,09257877000137
FG NOW FIDC,,,,FG NOW FIDC - SUBORDINADAS JÚNIOR,,
FGR FIDC,,,,FGR FIDC - SENIORES ÚNICA,,
FIC FIDC BIZCAPITAL I,,,,FIC FIDC BIZCAPITAL I - SUBORDINADAS JÚNIOR,,
FIC FIDC BRAZIL PLUS,,,,FIC FIDC BRAZIL PLUS  - SUBORDINADAS MEZANINO,,
FIC FIDC EMPIRICA NOVERDE,,,,FIC FIDC EMPÍRICA NOVERDE - SUBORDINADAS,,
FIC FIDC EXODUS INSTITUCIONAL,,,,FIC FIDC EXODUS INSTITUCIONAL - MEZANINO CLASSE B,,
FIC FIDC MULTIPLIX,,,,FIC FIDC MULTIPLIX - SUBORDINADAS JÚNIOR,,
FIC FIDC NP JIVE PRECATORIOS,,,,FIC FIDC NP JIVE PRECATÓRIOS - SENIORES ÚNICA,,
FIC FIDC PACIFICO,,,,FIC FIDC PACÍFICO - SENIORES ÚNICA,,
FIC FIDC RNX FEEDER,,,,FIC FIDC RNX FEEDER - SUBORDINADAS,,
FIC FIDC SRM,,,,FIC FIDC SRM   - SENIORES 3ª SÉRIE,,
FIC FIDC SUL MEZANINO,,,,FIC FIDC SUL BRASIL MEZANINO - SENIORES 4ª SÉRIE,,
FIC FIDC TERCON MULTICREDITO,,,,FIC FIDC TERCON MULTICRÉDITO - SENIORES ÚNICA,,
FIC FIDC VIA MULTICREDITO,,,,FIC FIDC VIA MULTICRÉDITO - SUBORDINADAS JÚNIOR,,
FICTOR CONSIGNADO II FIDC,,,,FICTOR CONSIGNADO II FIDC - SUBORDINADAS JÚNIOR,,
FICTOR FIC FIDC,,,,FICTOR FIC FIDC - SUBORDINADAS MEZANINO,,
FICTOR INVEST FIDC,,,,FICTOR INVEST FIDC - SUBORDINADAS MEZANINO,,12536691000121
FIDC,,,,OS FIDC  - SENIORES 1ª SÉRIE,,00822299000160
FIDC 3R AGRO PRODUTORES AGRICOLAS I,,,,FIDC 3R AGRO PRODUTORES AGRÍCOLAS I - SENIORES 1ª SÉRIE,,
FIDC ABERTO CAIXA RPPS CC CONSIGNADO BMG INSS,,,,FIDC ABERTO CAIXA RPPS CC CONSIGNADO BMG INSS - SENIORES ÚNICA,,
FIDC ABERTO MIT,,,,FIDC ABERTO MIT - SUBORDINADAS,,
FIDC ACR FAST,,,,FIDC ACR FAST - SENIORES ÚNICA,,
FIDC ACR I,,,,FIDC ACR I - SENIORES ÚNICA,,
FIDC ACR II,,,,FIDC ACR II - SUBORDINADAS,,
FIDC ACTUS 1,,,,FIDC ACTUS 1 - ÚNICA,,
FIDC ALBAUGH,,,,FIDC ALBAUGH - SENIORES 4ª SÉRIE,,
FIDC ALION CONSIGNADOS,,,,FIDC ALION CONSIGNADOS - SUBORDINADAS JÚNIOR,,
FIDC ALION II CONSIGNADOS,,,,FIDC ALION II CONSIGNADOS - SUBORDINADAS JÚNIOR,,
FIDC ALION III CONSIGNADOS,,,,FIDC ALION III CONSIGNADOS - MEZANINO CLASSE A,,
FIDC ANGA CREDITAS CONSIGNADO PRIVADO,,,,FIDC ANGÁ CREDITAS CONSIGNADO PRIVADO - SUBORDINADAS PREFERENCIAIS,,
FIDC ANGA FACTA CONSIGNADOS INSS I,,,,FIDC ANGÁ FACTA CONSIGNADOS INSS I - SUBORDINADAS ORDINÁRIAS,,
FIDC ANGA FGTS,,,,FIDC ANGÁ FGTS - SUBORDINADAS JÚNIOR,,
FIDC ANGA LEASING 2921,,,,FIDC ANGÁ LEASING 2921 - SENIORES 1ª SÉRIE,,
FIDC ANGA MULTI CONSIGNADOS I,,,,FIDC ANGÁ MULTI CONSIGNADOS I - SUBORDINADAS,,
FIDC ANGA MULTIESTRATEGIA I,,,,FIDC ANGÁ MULTIESTRATÉGIA I - SUBORDINADAS,,
FIDC ANGA MULTIESTRATEGIA II,,,,FIDC ANGÁ MULTIESTRATÉGIA II - SUBORDINADAS,,
FIDC ANGA SABEMI CONSIGNADOS IX,,,,FIDC ANGÁ SABEMI CONSIGNADOS IX - SUBORDINADAS ORDINÁRIAS,,
FIDC ANGA SABEMI CONSIGNADOS XI,,,,FIDC ANGÁ SABEMI CONSIGNADOS XI  - SUBORDINADAS ORDINÁRIAS,,
FIDC ANGA SABEMI X,,,,FIDC ANGÁ SABEMI X - SUBORDINADAS ORDINÁRIAS,,
FIDC ARTESANAL MP MICROFINANCAS,,,,FIDC ARTESANAL MP MICROFINANÇAS - SUBORDINADAS JÚNIOR,,
FIDC AUTO,,,,FIDC AUTO-HONDA - SENIORES ÚNICA,,
FIDC BANCO EMISSORES CARTAO CREDITO V,,,,FIDC BANCO EMISSORES DE CARTÃO DE CRÉDITO V - SUBORDINADAS,,
FIDC BANCOS EMISSORES CARTAO CREDITO V,,,,FIDC BANCOS EMISSORES DE CARTÃO DE CRÉDITO V - SUBORDINADAS,,
FIDC BANDEIRANTES,,,,FIDC BANDEIRANTES - SENIORES ÚNICA,,
FIDC BB VOTORANTIM HIGHLAND INFRAESTRUTURA RL,FIDC BB Votorantim Highland Infraestrutura RL,,,,,
FIDC BEEF TECH,,,,FIDC BEEF TECH - SUBORDINADAS JÚNIOR,,
FIDC BNP PARIBAS CAFAM INFRAESTRUTURA I,,,,FIDC BNP PARIBAS CAFAM INFRAESTRUTURA I - SENIORES ÚNICA,,
FIDC BPD CONSIGNADO,,,,,FIDC BPD CONSIGNADO,
FIDC BRASILFACTORS CREDITO CORPORATIVO,,,,,FIDC Brasilfactors Crédito Corporativo,
FIDC BRZ CAPITAL CONSIG I,,,,FIDC BRZ CAPITAL CONSIG I  - SUBORDINADAS JÚNIOR,,
FIDC BRZ CIASPREV II,,,,FIDC BRZ CIASPREV II - SUBORDINADAS JÚNIOR,,
FIDC BUNGE,,,,FIDC BUNGE BRASIL  - SENIORES 1ª SÉRIE,,
FIDC CADEIAS AGROINDUSTRIAIS,,,,FIDC CADEIAS AGROINDUSTRIAIS– FIAGRO ÂNIMA COCARI - SENIORES 1ª SÉRIE,,
FIDC CAP,,,,FIDC CAP - SUBORDINADAS PREFERENCIAIS,,
FIDC CAPITAL BR,,,,FIDC CAPITAL BR  - SENIORES 1ª SÉRIE,,
FIDC CAR10,,,,FIDC CAR10  - SENIORES ÚNICA,,
FIDC CEEE VII,,,,FIDC CEEE VII-D - SENIORES 2ª SÉRIE,,
FIDC CENTERCOB,,,,FIDC CENTERCOB - SENIORES ÚNICA,,
FIDC CERES CONFINA,,,,FIDC CERES CONFINA - MEZANINO CLASSE B,,
FIDC CIELO,FIDC Cielo,,,,,26286939000158
FIDC CLOUDWALK PI,,FIDC Cloudwalk Pi,,,,44124617000194
FIDC COLUMBIA,,,,FIDC COLUMBIA - SUBORDINADAS MEZANINO,,
FIDC CONSIG PREMIUM I,FIDC Consig Premium I - Responsabilidade Limitada,,,,,
FIDC CONSIG PREMIUM II,FIDC Consig Premium II - Responsabilidade Limitada,,,,,
FIDC CONSIGNADOS FEDERAIS,,,,FIDC CONSIGNADOS FEDERAIS - SUBORDINADAS ORDINÁRIAS,,
FIDC CONSORCIEI I,,,,FIDC CONSORCIEI I  - SUBORDINADAS,,
FIDC CORBAN,,,,FIDC CORBAN - ÚNICA,,
FIDC CREDIBLUE,,,,FIDC CREDIBLUE-GENIAL - SENIORES 1ª SÉRIE,,
FIDC CREDITAS AUTO VEICULOS,,,FIDC Creditas Auto Veiculos,,,59.673.010/0001-30
FIDC CREDITAS TEMPUS,,,,FIDC CREDITAS TEMPUS - ÚNICA,,
FIDC DANIELE,,,,FIDC DANIELE - SENIORES 4ª SÉRIE,,
FIDC DOM PEDRO I,,,,FIDC DOM PEDRO I - SENIORES 2ª SÉRIE,,
FIDC EMPIRICA FUTURO PREVIDENCIA CONSIGNADO PUBLICO,,,,FIDC EMPÍRICA FUTURO PREVIDÊNCIA CONSIGNADO PÚBLICO - SUBORDINADAS JÚNIOR,,
FIDC EMPIRICA GOAL ONE,,,,FIDC EMPÍRICA GOAL ONE - SUBORDINADAS JÚNIOR,,
FIDC EMPIRICA HOME EQUITY,,,,,FIDC Empírica Home Equity,
FIDC EMPIRICA NOVERDE,,,,FIDC EMPÍRICA NOVERDE - ÚNICA,,
FIDC ESPIRITO SANTO,,,,FIDC ESPÍRITO SANTO - SUBORDINADAS JÚNIOR,,
FIDC EVEREST CONSIGNADO FEDERAL,,,,FIDC EVEREST CONSIGNADO FEDERAL - SUBORDINADAS MEZANINO,,
FIDC EXODUS INSTITUCIONAL,,,,FIDC EXODUS INSTITUCIONAL - MEZANINO CLASSE C,,
FIDC FACTA CONSIGNADO INSS,,,,,FIDC FACTA CONSIGNADO INSS,
FIDC FCT CONSIGNADO II,,,,FIDC FCT CONSIGNADO II - SUBORDINADAS JÚNIOR,,
FIDC FENIX,,,,FIDC FÊNIX - SUBORDINADAS MEZANINO,,
FIDC FICTOR,,,,FIDC FICTOR - SENIORES 1ª SÉRIE,,
FIDC FORNECEDORES MADEIRAMADEIRA I,,,,FIDC FORNECEDORES MADEIRAMADEIRA I - SENIORES 1ª SÉRIE,,
FIDC FREI 19,,,,FIDC FREI 19  - SUBORDINADAS,,
FIDC GALLERIA,,,,FIDC GALLERIA - MEZANINO CLASSE B,,
FIDC GO KENERSON,,,,FIDC GO KENERSON - SUBORDINADAS JÚNIOR,,
FIDC GUARDIAN INSS FUNDO INVESTIMENTO DIREITOS CREDITORIOS RESPONSABILIDADE LIMITADA,,FIDC Guardian INSS Fundo de Investimento em Direitos Creditórios Responsabilidade Limitada,,,,53211671000168
FIDC IC SOMAPAY,,,,FIDC IC SOMAPAY - SUBORDINADAS MEZANINO,,
FIDC INCLUSAO FINANCEIRA,,,,FIDC INCLUSÃO FINANCEIRA - MEZANINO CLASSE E,,
FIDC INCLUSAO FINANCEIRA PLUS,,,,FIDC INCLUSÃO FINANCEIRA PLUS - SENIORES ÚNICA,,
FIDC INDUSTRIA EXODUS INSTITUCIONAL,,,,FIDC DA INDÚSTRIA EXODUS INSTITUCIONAL - SENIORES ÚNICA,,
FIDC INFRA,,,,FIDC INFRA BRASIL  - SUBORDINADAS JÚNIOR,,
FIDC INVEST,,,,FIDC INVEST - SUBORDINADAS JÚNIOR,,
FIDC INVEST DUNAS,,,,FIDC INVEST DUNAS - SUBORDINADAS JÚNIOR,,
FIDC IOSAN,,,,"FIDC IOSAN - 6ª, 7ª E 8ª  - SENIORES 6ª SÉRIE",,
FIDC IV ENERGISA CENTRO OESTE,FIDC IV Energisa Centro Oeste,,,,,
FIDC JUVO,,,,FIDC JUVO - SUBORDINADAS MEZANINO,,
FIDC KIJANI,,,,FIDC KIJANI - SENIORES ÚNICA,,
FIDC KIWIFY,,FIDC Kiwify,,,,52.271.464/0001-36
FIDC LECCA CCP I,,,,FIDC LECCA CCP I - SUBORDINADAS MEZANINO I,,
FIDC LESTE FICTOR CONSIGNADO,,,,FIDC LESTE FICTOR CONSIGNADO - SUBORDINADAS JÚNIOR,,
FIDC MEDICI I,FIDC Medici I,,,,,62393829000159
FIDC MONEY PLUS,,,,FIDC MONEY PLUS  - SUBORDINADAS JÚNIOR,,
FIDC MOTO,,,,FIDC MOTO-HONDA - SENIORES ÚNICA,,
FIDC MULTIAGRO,,,,FIDC MULTIAGRO - SENIORES ÚNICA,,
FIDC MULTIPLIX,,,,FIDC MULTIPLIX - SUBORDINADAS JÚNIOR,,
FIDC MULTIPLO NP,,,,FIDC MÚLTIPLO NP - ÚNICA,,
FIDC MULTISETORIAL ITALIA,,,,FIDC MULTISETORIAL ITÁLIA  - SENIORES ÚNICA,,
FIDC MULTISETORIAL SM LP,,,,FIDC MULTISETORIAL SM LP - SENIORES 3ª SÉRIE,,
FIDC NP ALTERNATIVO I,,,,FIDC NP ALTERNATIVO I - SUBORDINADAS,,
FIDC NP ANGA ALTERNATIVO I,,,,FIDC NP ANGÁ ALTERNATIVO I - SUBORDINADAS,,
FIDC NP ATIVOS JUDICIAIS I,,,,FIDC NP ATIVOS JUDICIAIS I - SUBORDINADAS JÚNIOR,,
FIDC NP CONSORCIOS,,,,FIDC NP CONSÓRCIOS  - SUBORDINADAS,,
FIDC NP EXODUS INSTITUCIONAL,,,,FIDC NP EXODUS INSTITUCIONAL - MEZANINO CLASSE B,,
FIDC NP MULTISSETORIAL R G LP,,,,FIDC NP MULTISSETORIAL R&G LP - SENIORES 2ª SÉRIE,,
FIDC NP NPL I,,,,FIDC NP NPL BRASIL I  - ÚNICA,,
FIDC NP PEARL,,,,FIDC NP PEARL - SENIORES 2ª SÉRIE,,
FIDC NP PJUS II,,,,FIDC NP PJUS II  - SENIORES ÚNICA,,
FIDC NP PRECATORIOS SELECIONADOS I,,,,FIDC NP PRECATÓRIOS SELECIONADOS I - SENIORES ÚNICA,,
FIDC NP TRATEX II,,,,FIDC NP TRATEX II - ÚNICA,,
FIDC NP TRATEX III,,,,FIDC NP TRATEX III - ÚNICA,,
FIDC NP TRYBE,,,,FIDC NP TRYBE  - SENIORES 2ª SÉRIE,,
FIDC NP UNP,,,,FIDC NP UNP - SUBORDINADAS,,
FIDC OPEA AGRO SUMITOMO CHEMICAL,FIDC Opea Agro Sumitomo Chemical,,,,,43866348000179
FIDC PAGSEGURO I,,,,FIDC PAGSEGURO I  - SENIORES 2ª SÉRIE,,
FIDC PAGUEVELOZ,,,,FIDC PAGUEVELOZ - SENIORES ÚNICA,,
FIDC PAULISTA INVEST,,,,FIDC PAULISTA INVEST - SENIORES 2ª SÉRIE,,
FIDC PEAK INVEST,,,,FIDC PEAK INVEST - SENIORES 1ª SÉRIE,,
FIDC PICPAY FGTS,,FIDC PicPay FGTS,,,,58148845000109
FIDC PLUGIFY TECH I,,,,FIDC PLUGIFY TECH I - SUBORDINADAS JÚNIOR,,
FIDC POLIGONO BLUE,,,,FIDC POLÍGONO BLUE - SUBORDINADAS JÚNIOR,,
FIDC PRATA DIGITAL,,,,FIDC PRATA DIGITAL - SUBORDINADAS JÚNIOR,,
FIDC PREMIUM,,,,FIDC PREMIUM  - SENIORES ÚNICA,,
FIDC PROSPECTA,,,,FIDC PROSPECTA - SUBORDINADAS JÚNIOR,,
FIDC PROVI ISA,,,,FIDC PROVI ISA - ÚNICA,,
FIDC QUASAR CB,,,,FIDC QUASAR CB - SUBORDINADAS JÚNIOR,,
FIDC QUASAR DUCOCO,,,,FIDC QUASAR DUCOCO - SUBORDINADAS JÚNIOR,,
FIDC RESPONSABILIDADE LIMITADA FGTS MT II,,,,FIDC DE  RESPONSABILIDADE LIMITADA FGTS MT II - SENIORES 1ª SÉRIE,,
FIDC ROTAM,,,,FIDC ROTAM - MEZANINO CLASSE B,,
FIDC SAGRES,,,,FIDC SAGRES - ÚNICA,,
FIDC SANTANDER AUTO LOANS II SEGMENTO FINANCEIRO,FIDC Santander Auto Loans II Segmento Financeiro - Responsabilidade Limitada,,,,,
FIDC SIGA ENERGIA,,,,FIDC SIGA ENERGIA - SENIORES 8ª SÉRIE,,
FIDC SIGA ENERGIA 3a,,,,"FIDC SIGA ENERGIA 3ª, 4ª, 5ª, 6ª - SENIORES 3ª SÉRIE",,
FIDC SINAI CONSIG,,,,FIDC SINAI CONSIG - SUBORDINADAS MEZANINO,,
FIDC SP RECEBIVEIS PREMIUM I,,,,FIDC SP RECEBÍVEIS PREMIUM I  - SENIORES ÚNICA,,
FIDC STELLANTIS FINANCIAMENTOS MOBILITY I,,FIDC Stellantis Financiamentos Mobility I – Responsabilidade Limitada,,,,61351481000174
FIDC SUPERSIM,,,,FIDC SUPERSIM - MEZANINO CLASSE C,,
FIDC TAMANDARE,,,,FIDC TAMANDARÉ - SUBORDINADAS MEZANINO II,,
FIDC TERA PERFORMANCE,,,,FIDC TERA PERFORMANCE  - SUBORDINADAS JÚNIOR,,
FIDC TG REAL,,,,FIDC TG REAL - SUBORDINADAS JÚNIOR,,
FIDC TILES,,,,FIDC TILES - SENIORES ÚNICA,,
FIDC TMX FINANCE,,,,FIDC TMX FINANCE - SUBORDINADAS JÚNIOR,,
FIDC TORONTO,,,,FIDC TORONTO  - SUBORDINADAS MEZANINO,,
FIDC TRACAO FINANCEIRA,,,,FIDC TRAÇÃO FINANCEIRA - SUBORDINADAS JÚNIOR,,
FIDC TRAMONTINA I,FIDC Tramontina I,,,,,
FIDC UME I,,,,FIDC UME I - MEZANINO CLASSE B,,
FIDC UTILITY CREDIT,,,,FIDC UTILITY CREDIT - SUBORDINADAS JÚNIOR,,
FIDC VALECRED,,,,FIDC VALECRED - SENIORES 5ª SÉRIE,,
FIDC VALER,,,,FIDC VALER - SUBORDINADAS MEZANINO,,
FIDC VCK CONSIGNADOS,,,,FIDC VCK CONSIGNADOS - SUBORDINADAS MEZANINO,,
FIDC VCK II CONSIGNADOS,,,,FIDC VCK II CONSIGNADOS - SUBORDINADAS JÚNIOR,,
FIDC VELAR,,,,FIDC VELAR - SUBORDINADAS JÚNIOR,,
FIDC VIAINVEST,,,,FIDC VIAINVEST - SUBORDINADAS JÚNIOR,,
FIDC VITA AUTO,,,,FIDC VITA AUTO - SENIORES ÚNICA,,
FIDC XP CREDITO MIDDLE,,,,FIDC XP CRÉDITO MIDDLE - SUBORDINADAS JÚNIOR,,
FIDES SECURITIZADORA,,,,FIDES SECURITIZADORA,,
FIGTREE EDUCACIONAL FIDC,,,,FIGTREE EDUCACIONAL FIDC - SUBORDINADAS,,
FINANCA FIDC NP,,,,FINANÇA FIDC NP - SUBORDINADAS JÚNIOR,,
FINANCIA FIDC,,,,FINANCIA FIDC - SUBORDINADAS JÚNIOR,,
FINARTE FIDC,,,,FINARTE FIDC - ÚNICA,,
FINTRUST FUNDO INVESTIMENTO DIREITOS CREDITORIOS,,,,,FINTRUST FUNDO DE INVESTIMENTO EM DIREITOS CREDITORIOS,
FINTRUST FUNDO INVESTIMENTO DIREITOS CREDITORIOS RESPONSABILIDADE LIMITADA,,,,,FINTRUST FUNDO DE INVESTIMENTO EM DIREITOS CREDITÓRIOS RESPONSABILIDADE LIMITADA,
FIRMA FIDC,,,,FIRMA FIDC - SUBORDINADAS JÚNIOR,,
FISIA COMERCIO PRODUTOS ESPORTIVOS,Fisia Comercio de Produtos Esportivos S.A.,,,,,59546515000134
FLEURY,,Fleury S.A.,,,,60840055000131
FLOWINVEST FIC FIDC,,,,FLOWINVEST FIC FIDC  - ÚNICA,,
FLOWINVEST FUNDO INVESTIMENTO DIREITOS CREDITORIOS,,Flowinvest Fundo de Investimento em Direitos Creditórios – Responsabilidade Limitada,,,,20460014000103
FLUXASSET FUNDO INVESTIMENTO DIREITOS CREDITORIOS MULTISSETORIAL,,,,,FLUXASSET FUNDO DE INVESTIMENTO EM DIREITOS CREDITÓRIOS MULTISSETORIAL,
FOR,,,,FOR-TE FIDC - SENIORES ÚNICA,,
FOR CDI FUNDO INVESTIMENTO DIREITOS CREDITORIOS NAO,,,,,FOR CDI FUNDO DE INVESTIMENTO EM DIREITOS CREDITORIOS NAO-PADRONIZADOS,
FORCE CAPITAL FIDC,,,,FORCE CAPITAL FIDC - SUBORDINADAS JÚNIOR,,
FORTBRASIL SECURITIZADORA,Fortbrasil Securitizadora S.A.,,,,,18678502000131
FORTESEC,,,,FORTESEC - ENCONTRO DAS ÁGUAS (RMEX) (SÉRIES SENIORES I E II (301ª E 303ª SÉRIES) - 1ª EMISSÃO),,
FORTITUDINE FIC FIDC NP,,,,FORTITUDINE FIC FIDC NP - SENIORES 1ª SÉRIE,,
FORZA FIDC NP,,,,FORZA FIDC NP  - SENIORES ÚNICA,,
FOUR CREDIT FUNDO INVESTIMENTO DIREITOS CREDITORIOS,,,,,FOUR CREDIT FUNDO DE INVESTIMENTO EM DIREITOS CREDITORIOS,
FOUR EVEN FUNDO INVESTIMENTO DIREITOS CREDITORIOS NAO PADRONIZADOS,,,,,FOUR EVEN FUNDO DE INVESTIMENTO EM DIREITOS CREDITÓRIOS NÃO PADRONIZADOS,
FOZ RIO CLARO ENERGIA,Foz do Rio Claro Energia S.A.,,,,,07823262000103
FRADINHO N FUNDO INVESTIMENTO DIREITOS CREDITORIOS RESPONSABILIDADE LIMITADA,,,,,FRADINHO N FUNDO DE INVESTIMENTO EM DIREITOS CREDITÓRIOS RESPONSABILIDADE LIMITADA,
FRANKLIN TEMPLETON,,Franklin Templeton Brasil Ltda,,,,07437241000141
FRIGOL,,Frigol S.A.,,,,68067446000681
FRISIA COOPERATIVA AGROINDUSTRIAL,,Frisia Cooperativa Agroindustrial,,,,76107770000108
FRUIT CREEK CREDITOS JUDICIAIS FUNDO INVESTIMENTO DIREITOS CREDITORIOS,,,,,FRUIT CREEK CRÉDITOS JUDICIAIS FUNDO DE INVESTIMENTO EM DIREITOS CREDITÓRIOS,
FRUIT CREEK CREDITOS JUDICIAIS FUNDO INVESTIMENTO DIREITOS CREDITORIOS NAO,,,,,FRUIT CREEK CRÉDITOS JUDICIAIS FUNDO DE INVESTIMENTO EM DIREITOS CREDITÓRIOS NÃO-PADRONIZADOS,
FS FIDC NP,,,,FS FIDC NP - SUBORDINADAS JÚNIOR,,
FS I INDUSTRIA ETANOL,FS I Industria de Etanol S.A,,,,,46710597000169
FS INDUSTRIA BIOCOMBUSTIVEIS,FS Industria de Biocombustiveis Ltda.,FS Indústria de Biocombústiveis Ltda.,FS Industria De Biocombustiveis Ltda,,,20003699001122
FUNDACAO PETROBRAS SEGURIDADE SOCIAL,Fundacao Petrobras de Seguridade Social - Petros,,,,,34053942000150
FUNDO INVESTIMENTO DIREITOS CREDITORIOS,,,Fundo de Investimento em Direitos Creditorios - ACR IV Bancos Emissores de Cartao de Credito - Responsabilidade Limitada,,,51.983.832/0001-06
FUNDO INVESTIMENTO DIREITOS CREDITORIOS ACR BEM BANCOS EMISSORES CARTAO CREDITO,,,Fundo de Investimento em Direitos Creditórios ACR BEM Bancos Emissores de Cartão de Crédito - Responsabilidade Limitada,,,54979779000168
FUNDO INVESTIMENTO DIREITOS CREDITORIOS AGIBANK I RESPONSABILIDADE LIMITADA,,Fundo de Investimento em Direitos Creditórios Agibank I Responsabilidade Limitada,,,,60528786000146
FUNDO INVESTIMENTO DIREITOS CREDITORIOS AGIBANK II RESPONSABILIDADE LIMITADA,,Fundo de Investimento em Direitos Creditórios Agibank II Responsabilidade Limitada,,,,65976848000104
FUNDO INVESTIMENTO DIREITOS CREDITORIOS AGORA TELECOM,,,,,FUNDO DE INVESTIMENTO EM DIREITOS CREDITÓRIOS AGORA TELECOM,
FUNDO INVESTIMENTO DIREITOS CREDITORIOS AGRO SGT,,,,,FUNDO DE INVESTIMENTO EM DIREITOS CREDITÓRIOS AGRO SGT,
FUNDO INVESTIMENTO DIREITOS CREDITORIOS ALI CREDITO,,,,,FUNDO DE INVESTIMENTO EM DIREITOS CREDITÓRIOS ALI CRÉDITO,
FUNDO INVESTIMENTO DIREITOS CREDITORIOS ALION CONSIGNADOS,,Fundo De Investimento Em Direitos Creditórios Alion Consignados,,,,34218960000144
FUNDO INVESTIMENTO DIREITOS CREDITORIOS ANGA CREDITAS CONSIGNADO PRIVADO,,,,,FUNDO DE INVESTIMENTO EM DIREITOS CREDITORIOS ANGA CREDITAS CONSIGNADO PRIVADO,
FUNDO INVESTIMENTO DIREITOS CREDITORIOS ANGA SABEMI CONSIGNADOS VI,,,,,FUNDO DE INVESTIMENTO EM DIREITOS CREDITÓRIOS ANGÁ SABEMI CONSIGNADOS VI - RESPONSABILIDADE LIMITADA,
FUNDO INVESTIMENTO DIREITOS CREDITORIOS ANGA SABEMI CONSIGNADOS VII,,,,,FUNDO DE INVESTIMENTO EM DIREITOS CREDITÓRIOS ANGÁ SABEMI CONSIGNADOS VII - RESPONSABILIDADE LIMITADA,
FUNDO INVESTIMENTO DIREITOS CREDITORIOS ANGA SABEMI CONSIGNADOS VIII,,,,,Fundo de Investimento em Direitos Creditórios Angá Sabemi Consignados VIII,
FUNDO INVESTIMENTO DIREITOS CREDITORIOS ANGA SABEMI VIII,,,,,Fundo de Investimento em Direitos Creditórios Angá Sabemi VIII,
FUNDO INVESTIMENTO DIREITOS CREDITORIOS ASAAS,,,,,FUNDO DE INVESTIMENTO EM DIREITOS CREDITÓRIOS ASAAS,
FUNDO INVESTIMENTO DIREITOS CREDITORIOS ASAAS III,,,Fundo de Investimento em Direitos Creditorios ASAAS III - Responsabilidade Ltda.,,,61292200000150
FUNDO INVESTIMENTO DIREITOS CREDITORIOS BIZCAPITAL EMPIRICA PME,,,,,FUNDO DE INVESTIMENTO EM DIREITOS CREDITÓRIOS BIZCAPITAL EMPÍRICA PME,
FUNDO INVESTIMENTO DIREITOS CREDITORIOS BIZCAPITAL EMPIRICA PME RESPONSABILIDADE LIMITADA,,,,,FUNDO DE INVESTIMENTO EM DIREITOS CREDITORIOS BIZCAPITAL EMPIRICA PME RESPONSABILIDADE LIMITADA,
FUNDO INVESTIMENTO DIREITOS CREDITORIOS BRAVE FACTA,,,,,Fundo de Investimento em Direitos Creditórios Brave Facta,
FUNDO INVESTIMENTO DIREITOS CREDITORIOS BRZ CAPITAL CONSIG I,,Fundo de Investimento em Direitos Creditórios BRZ Capital Consig I,,,FUNDO DE INVESTIMENTO EM DIREITOS CREDITORIOS BRZ CAPITAL CONSIG I,33512746000133
FUNDO INVESTIMENTO DIREITOS CREDITORIOS BULLLA CARTOES RESPONSABILIDADE LIMITADA,,,Fundo de Investimento em Direitos Creditorios Bullla Cartoes Responsabilidade Limitada,,,46655552000139
FUNDO INVESTIMENTO DIREITOS CREDITORIOS BV AUTO I SEGMENTO FINANCEIRO,,Fundo de Investimento em Direitos Creditórios BV Auto I Segmento Financeiro – Responsabilidade Limitada,,,,57532556000146
FUNDO INVESTIMENTO DIREITOS CREDITORIOS BV AUTO II SEGMENTO FINANCEIRO,,Fundo de Investimento em Direitos Creditórios BV Auto II Segmento Financeiro – Responsabilidade Limitada,,,,60598366000136
FUNDO INVESTIMENTO DIREITOS CREDITORIOS CAP,,Fundo de Investimento em Direitos Creditórios Cap - Responsabilidade Limitada,,,,49113994000141
FUNDO INVESTIMENTO DIREITOS CREDITORIOS CAPITAL 5,,,,,Fundo de Investimento em Direitos Creditórios Capital 5,
FUNDO INVESTIMENTO DIREITOS CREDITORIOS CLIENTES BRF II,,Fundo de Investimento em Direitos Creditórios Clientes BRF II,,,,52720932000102
FUNDO INVESTIMENTO DIREITOS CREDITORIOS CONCREDITO II RESPONSABILIDADE LIMITADA,,,,,FUNDO DE INVESTIMENTO EM DIREITOS CREDITÓRIOS CONCRÉDITO II RESPONSABILIDADE LIMITADA,
FUNDO INVESTIMENTO DIREITOS CREDITORIOS CONCREDITO RESPONSABILIDADE ILIMITADA,,,,,FUNDO DE INVESTIMENTO EM DIREITOS CREDITÓRIOS CONCRÉDITO DE RESPONSABILIDADE ILIMITADA,
FUNDO INVESTIMENTO DIREITOS CREDITORIOS CONSIGNADO Q1,,,,,FUNDO DE INVESTIMENTO EM DIREITOS CREDITÓRIOS CONSIGNADO Q1,
FUNDO INVESTIMENTO DIREITOS CREDITORIOS CONSIGNADOS IX,,Fundo de Investimento em Direitos Creditórios Consignados IX (BRZ),,,,59086325000181
FUNDO INVESTIMENTO DIREITOS CREDITORIOS CONSORCIEI I,,,,,FUNDO DE INVESTIMENTO EM DIREITOS CREDITÓRIOS CONSORCIEI I – RESPONSABILIDADE LIMITADA,
FUNDO INVESTIMENTO DIREITOS CREDITORIOS CONTBANK,,,,,FUNDO DE INVESTIMENTO EM DIREITOS CREDITORIOS CONTBANK,
FUNDO INVESTIMENTO DIREITOS CREDITORIOS CREDITAS AUTO IX,,,Fundo De Investimento Em Direitos Creditorios Creditas Auto IX,,,45853976000145
FUNDO INVESTIMENTO DIREITOS CREDITORIOS CREDITAS AUTO X,,,Fundo de Investimento em Direitos Creditorios Creditas Auto X - Responsabilidade Limitada,,,53095241000128
FUNDO INVESTIMENTO DIREITOS CREDITORIOS CREDITAS AUTO XI,,,Fundo De Investimento Em Direitos Creditorios Creditas Auto XI,,,58035124000192
FUNDO INVESTIMENTO DIREITOS CREDITORIOS CREDITAS AUTO XII,FUNDO DE INVESTIMENTO EM DIREITOS CREDITÓRIOS CREDITAS AUTO XII,,,,,
FUNDO INVESTIMENTO DIREITOS CREDITORIOS DEL MONTE NAO PADRONIZADO,,,,,FUNDO DE INVESTIMENTO EM DIREITOS CREDITÓRIOS DEL MONTE NÃO PADRONIZADO,
FUNDO INVESTIMENTO DIREITOS CREDITORIOS EMPIRICA A55 SAAS,,,,,Fundo de Investimento em Direitos Creditórios Empírica A55 SAAS,
FUNDO INVESTIMENTO DIREITOS CREDITORIOS EMPIRICA CREDITAS AUTO,,,,,FUNDO DE INVESTIMENTO EM DIREITOS CREDITORIOS EMPIRICA CREDITAS AUTO,
FUNDO INVESTIMENTO DIREITOS CREDITORIOS EMPIRICA HOME EQUITY,,,,,FUNDO DE INVESTIMENTO EM DIREITOS CREDITÓRIOS EMPÍRICA HOME EQUITY,
FUNDO INVESTIMENTO DIREITOS CREDITORIOS EMPIRICA IOSAN,,,,,FUNDO DE INVESTIMENTO EM DIREITOS CREDITÓRIOS EMPÍRICA IOSAN,
FUNDO INVESTIMENTO DIREITOS CREDITORIOS EMPIRICA MEZZO SAUDE,,,,,Fundo de Investimento em Direitos Creditórios Empírica Mezzo Saúde,
FUNDO INVESTIMENTO DIREITOS CREDITORIOS EMPIRICA OPORTUNA PRECATORIOS FEDERAIS,,,,,Fundo de Investimento Em Direitos Creditórios Empírica Oportuna Precatórios Federais,
FUNDO INVESTIMENTO DIREITOS CREDITORIOS EMPIRICA PREMIER CAPITAL,,,,,Fundo de Investimento em Direitos Creditórios Empírica Premier Capital,
FUNDO INVESTIMENTO DIREITOS CREDITORIOS EMPIRICA RECARGA VIRTUAL,,,,,Fundo de Investimento em Direitos Creditórios Empírica Recarga Virtual,
FUNDO INVESTIMENTO DIREITOS CREDITORIOS ENERGIA SOLAR,,,,,Fundo de Investimento em Direitos Creditórios Energia Solar,
FUNDO INVESTIMENTO DIREITOS CREDITORIOS ERFOLG PARANAPANEMA CREDITOS PUBLICOS RESPONSABILIDADE LIMITADA,,,Fundo de Investimento em Direitos Creditorios ERFOLG Paranapanema Creditos Publicos Responsabilidade Limitada,,,
FUNDO INVESTIMENTO DIREITOS CREDITORIOS F500 PLUS,,,,,FUNDO DE INVESTIMENTO EM DIREITOS CREDITÓRIOS F500 PLUS,
FUNDO INVESTIMENTO DIREITOS CREDITORIOS FACTA CONSIGNADO INSS,,,,,FUNDO DE INVESTIMENTO EM DIREITOS CREDITORIOS FACTA CONSIGNADO INSS,
FUNDO INVESTIMENTO DIREITOS CREDITORIOS FINANCEIROS FACTA CONSIGNADO INSS RESPONSABILIDADE LIMITADA,,,,,FUNDO DE INVESTIMENTO EM DIREITOS CREDITÓRIOS FINANCEIROS FACTA CONSIGNADO INSS DE RESPONSABILIDADE LIMITADA,
FUNDO INVESTIMENTO DIREITOS CREDITORIOS FINANCEIROS RESPONSABILIDADE LIMITADA DMCARD,,,Fundo de Investimento em Direitos Creditorios Financeiros de Responsabilidade Limitada DMCard,,,32101535000145
FUNDO INVESTIMENTO DIREITOS CREDITORIOS FORTBRASIL,Fundo de Investimento em Direitos Creditorios Fortbrasil,,,,,
FUNDO INVESTIMENTO DIREITOS CREDITORIOS FRADINHO,,,,,FUNDO DE INVESTIMENTO EM DIREITOS CREDITORIOS FRADINHO,
FUNDO INVESTIMENTO DIREITOS CREDITORIOS GENIAL MULTI CONSIGNADOS II RESPONSABILIDADE LIMITADA,,,,,FUNDO DE INVESTIMENTO EM DIREITOS CREDITÓRIOS GENIAL MULTI CONSIGNADOS II RESPONSABILIDADE LIMITADA,
FUNDO INVESTIMENTO DIREITOS CREDITORIOS GO KENERSON,,,,,FUNDO DE INVESTIMENTO EM DIREITOS CREDITORIOS GO KENERSON,
FUNDO INVESTIMENTO DIREITOS CREDITORIOS GOAL ONE,,,Fundo de Investimento em Direitos Creditórios Goal One,,,12610459000196
FUNDO INVESTIMENTO DIREITOS CREDITORIOS GOAL RJ,,,,,FUNDO DE INVESTIMENTO EM DIREITOS CREDITÓRIOS GOAL RJ,
FUNDO INVESTIMENTO DIREITOS CREDITORIOS INDIGO BARTER,,,,,Fundo de Investimento Em Direitos Creditorios Indigo Barter,
FUNDO INVESTIMENTO DIREITOS CREDITORIOS IRON CAPITAL,,,,,FUNDO DE INVESTIMENTO EM DIREITOS CREDITORIOS IRON CAPITAL - MEUCASHCARD,
FUNDO INVESTIMENTO DIREITOS CREDITORIOS IRON CAPITAL MEUCASHCARD,,,,,FUNDO DE INVESTIMENTO EM DIREITOS CREDITORIOS IRON CAPITAL MEUCASHCARD,
FUNDO INVESTIMENTO DIREITOS CREDITORIOS JGM LP,,,,,FUNDO DE INVESTIMENTO EM DIREITOS CREDITORIOS JGM LP,
FUNDO INVESTIMENTO DIREITOS CREDITORIOS KOVI I,,,,,Fundo de Investimento em Direitos Creditórios Kovi I,
FUNDO INVESTIMENTO DIREITOS CREDITORIOS LESTE FICTOR CONSIGNADO RESPONSABILIDADE LIMITADA,,,,,FUNDO DE INVESTIMENTO EM DIREITOS CREDITORIOS LESTE FICTOR CONSIGNADO RESPONSABILIDADE LIMITADA,
FUNDO INVESTIMENTO DIREITOS CREDITORIOS LF I,,,Fundo de Investimento em Direitos Creditorios LF I - Segmento Financeiro - Responsabilidade Limitada,,FUNDO DE INVESTIMENTO EM DIREITOS CREDITÓRIOS LF I – SEGMENTO FINANCEIRO – RESPONSABILIDADE LIMITADA,17474548000176
FUNDO INVESTIMENTO DIREITOS CREDITORIOS LF III,,Fundo de Investimento em Direitos Creditórios LF III,,,,31739396000117
FUNDO INVESTIMENTO DIREITOS CREDITORIOS MEUCASHCARD,,,,,FUNDO DE INVESTIMENTO EM DIREITOS CREDITORIOS MEUCASHCARD,
FUNDO INVESTIMENTO DIREITOS CREDITORIOS MT FGTS RECEIVABLES II,,Fundo de Investimento em Direitos Creditórios MT FGTS Receivables II,,,,54464892000100
FUNDO INVESTIMENTO DIREITOS CREDITORIOS MULTISETORIAL DELTA,,,,,Fundo de Investimento em Direitos Creditórios Multisetorial Delta - NP,
FUNDO INVESTIMENTO DIREITOS CREDITORIOS MULTISETORIAL EMPRESARIAL LP,,,,,FUNDO DE INVESTIMENTO EM DIREITOS CREDITORIOS MULTISETORIAL EMPRESARIAL LP,
FUNDO INVESTIMENTO DIREITOS CREDITORIOS MULTISETORIAL MASTER,,,Fundo de Investimento em Direitos Creditorios Multisetorial Master,,,11675457000112
FUNDO INVESTIMENTO DIREITOS CREDITORIOS MULTISETORIAL MASTER II,,,Fundo de Investimento em Direitos Creditorios Multisetorial Master II,,,11989256000190
FUNDO INVESTIMENTO DIREITOS CREDITORIOS MULTISETORIAL MASTER III,,,Fundo de Investimento em Direitos Creditorios Multisetorial Master III,,,12138813000121
FUNDO INVESTIMENTO DIREITOS CREDITORIOS MULTISSETORIAL DB 18,,,,,Fundo de Investimento em Direitos Creditórios Multissetorial DB 18,
FUNDO INVESTIMENTO DIREITOS CREDITORIOS MULTISSETORIAL MAREAH,,,,,FUNDO DE INVESTIMENTO EM DIREITOS CREDITORIOS MULTISSETORIAL MAREAH,
FUNDO INVESTIMENTO DIREITOS CREDITORIOS MULTISSETORIAL MILENIO RECEBIVEIS LP,,,,,Fundo de Investimento em Direitos Creditórios Multissetorial Milênio Recebíveis LP,
FUNDO INVESTIMENTO DIREITOS CREDITORIOS MULTISSETORIAL ONE7 LP,,,Fundo De Investimento Em Direitos Creditorios Multissetorial One7 LP,,,08654210000105
FUNDO INVESTIMENTO DIREITOS CREDITORIOS MULTISSETORIAL PREVIA,,,,,Fundo de Investimento em Direitos Creditórios  Multissetorial Prévia,
FUNDO INVESTIMENTO DIREITOS CREDITORIOS MULTISSETORIAL PROSPECTA LP,,,,,Fundo de Investimento em Direitos Creditórios Multissetorial Prospecta LP,
FUNDO INVESTIMENTO DIREITOS CREDITORIOS NAO,,,,,FUNDO DE INVESTIMENTO EM DIREITOS CREDITÓRIOS NÃO-PADRONIZADOS INVISTA ATIVOS ALTERNATIVOS I,
FUNDO INVESTIMENTO DIREITOS CREDITORIOS NAO PADRONIZADO EMPIRICA GOAL RJ,,,,,FUNDO DE INVESTIMENTO EM DIREITOS CREDITÓRIOS NÃO PADRONIZADO EMPIRICA GOAL RJ,
FUNDO INVESTIMENTO DIREITOS CREDITORIOS NAO PADRONIZADO PREMIER CAPITAL,,,,,FUNDO DE INVESTIMENTO EM DIREITOS CREDITÓRIOS NÃO PADRONIZADO PREMIER CAPITAL,
FUNDO INVESTIMENTO DIREITOS CREDITORIOS NAO PADRONIZADOS EMPIRICA OPORTUNA PRECATORIOS FEDERAIS,,,,,Fundo de Investimento Em Direitos Creditorios Não Padronizados Empírica Oportuna Precatórios Federais,
FUNDO INVESTIMENTO DIREITOS CREDITORIOS NAO PADRONIZADOS MULTISSETORIAL R G LP,,,,,Fundo de Investimento em Direitos Creditórios Não Padronizados Multissetorial R&G LP,
FUNDO INVESTIMENTO DIREITOS CREDITORIOS NAO PADRONIZADOS SIFRA PERFORMANCE,,,,,Fundo de Investimento em Direitos Creditórios Não Padronizados Sifra Performance,
FUNDO INVESTIMENTO DIREITOS CREDITORIOS NOTO CONSIGNADOS,,Fundo de Investimento em Direitos Creditórios Noto Consignados,,,,52989090000199
FUNDO INVESTIMENTO DIREITOS CREDITORIOS ONIX PRIME,,,,,FUNDO DE INVESTIMENTO EM DIREITOS CREDITORIOS ONIX PRIME,
FUNDO INVESTIMENTO DIREITOS CREDITORIOS PAGBEM,,,,,FUNDO DE INVESTIMENTO EM DIREITOS CREDITÓRIOS PAGBEM,
FUNDO INVESTIMENTO DIREITOS CREDITORIOS PH TECH,,,,,FUNDO DE INVESTIMENTO EM DIREITOS CREDITÓRIOS PH TECH,
FUNDO INVESTIMENTO DIREITOS CREDITORIOS PH TECH RESPONSABILIDADE ILIMITADA,,,,,FUNDO DE INVESTIMENTO EM DIREITOS CREDITORIOS PH TECH RESPONSABILIDADE ILIMITADA,
FUNDO INVESTIMENTO DIREITOS CREDITORIOS PICPAY FGTS II,,Fundo de Investimento em Direitos Creditórios Picpay FGTS II,,,,65839682000176
FUNDO INVESTIMENTO DIREITOS CREDITORIOS POUPACRED RESPONSABILIDADE ILIMITADA,,,,,FUNDO DE INVESTIMENTO EM DIREITOS CREDITÓRIOS POUPACRED RESPONSABILIDADE  ILIMITADA,
FUNDO INVESTIMENTO DIREITOS CREDITORIOS PRATA DIGITAL III FGTS RESPONSABILIDADE LIMITADA,,Fundo de Investimento em Direitos Creditórios Prata Digital III FGTS Responsabilidade Limitada,,,,55175561000113
FUNDO INVESTIMENTO DIREITOS CREDITORIOS PREMIER,,,,,FUNDO DE INVESTIMENTO EM DIREITOS CREDITÓRIOS PREMIER,
FUNDO INVESTIMENTO DIREITOS CREDITORIOS QRED PME,,,,,FUNDO DE INVESTIMENTO EM DIREITOS CREDITÓRIOS QRED PME - RESPONSABILIDADE LIMITADA,
FUNDO INVESTIMENTO DIREITOS CREDITORIOS RESPONSABILIDADE LIMITADA FLAGSHIP BTO RECEIVABLES,,Fundo de Investimento em Direitos Creditórios Responsabilidade Limitada Flagship BTO Receivables (FIDC Atento),,,,60405221000171
FUNDO INVESTIMENTO DIREITOS CREDITORIOS RESPONSABILIDADE LIMITADA INCLUSAO FINANCEIRA,,Fundo de Investimento em Direitos Creditórios de Responsabilidade Limitada Inclusão Financeira,,,,41778453000120
FUNDO INVESTIMENTO DIREITOS CREDITORIOS SABIA CREDIT,,,,,FUNDO DE INVESTIMENTO EM DIREITOS CREDITORIOS SABIA CREDIT,
FUNDO INVESTIMENTO DIREITOS CREDITORIOS SANTA CRUZ CAPITAL,,,,,FUNDO DE INVESTIMENTO EM DIREITOS CREDITORIOS SANTA CRUZ CAPITAL,
FUNDO INVESTIMENTO DIREITOS CREDITORIOS SANTANDER AUTO LOANS I SEGMENTO FINANCEIRO,,Fundo de Investimento em Direitos Creditórios Santander Auto Loans I Segmento Financeiro - Responsabilidade Limitada,,,,63662224000189
FUNDO INVESTIMENTO DIREITOS CREDITORIOS SIFRA STAR,,,Fundo de Investimento em Direitos Creditorios Sifra Star,,,14166140000149
FUNDO INVESTIMENTO DIREITOS CREDITORIOS SOL AGORA IV,,Fundo de Investimento em Direitos Creditórios Sol Agora IV,,,,64330030000149
FUNDO INVESTIMENTO DIREITOS CREDITORIOS SOLAR KOMPASS ENERGIA,,,,,FUNDO DE INVESTIMENTO EM DIREITOS CREDITÓRIOS SOLAR KOMPASS ENERGIA,
FUNDO INVESTIMENTO DIREITOS CREDITORIOS SOMACRED BACH,,Fundo de Investimento em Direitos Creditórios Somacred Bach - Responsabilidade Limitada,,,,39669950000149
FUNDO INVESTIMENTO DIREITOS CREDITORIOS SOMACRED CONSIGNADO PUBLICO II,,,Fundo de Investimento em Direitos Creditorios Somacred Consignado Publico II - Responsabilidade Limitada,,,51.956.448/0001-14
FUNDO INVESTIMENTO DIREITOS CREDITORIOS SOMACRED SABEMI III,,Fundo de Investimento em Direitos Creditórios Somacred Sabemi III,,,,54697682000162
FUNDO INVESTIMENTO DIREITOS CREDITORIOS SOMACRED VEGA SICILIA ASSISTENCIA FINANCEIRA RESP,,Fundo de Investimento em Direitos Creditórios Somacred Vega Sicília Assistência Financeira Resp Ltda,,,,63845478000132
FUNDO INVESTIMENTO DIREITOS CREDITORIOS STELLANTIS MOBILITY II,,Fundo de Investimento em Direitos Creditórios Stellantis Mobility II - Responsabilidade Limitada,,,,63322011000108
FUNDO INVESTIMENTO DIREITOS CREDITORIOS STELLANTIS MOBILITY III,,Fundo de Investimento em Direitos Creditórios Stellantis Mobility III - Responsabilidade Limitada,,,,
FUNDO INVESTIMENTO DIREITOS CREDITORIOS TAMANDARE,Fundo de Investimento em Direitos Creditorios Tamandare,,,,,
FUNDO INVESTIMENTO DIREITOS CREDITORIOS TRADEMAX RESPONSABILIDADE LIMITADA,,Fundo de Investimento em Direitos Creditórios Trademax Responsabilidade Limitada,,,,08756222000140
FUNDO INVESTIMENTO DIREITOS CREDITORIOS TRADEPAY VAREJO I,,,Fundo de Investimento em Direitos Creditorios Tradepay Varejo I - Responsabilidade Limitada,,FUNDO DE INVESTIMENTO EM DIREITOS CREDITÓRIOS TRADEPAY VAREJO I,31570767000180
FUNDO INVESTIMENTO DIREITOS CREDITORIOS TRADING I,,,,,FUNDO DE INVESTIMENTO EM DIREITOS CREDITÓRIOS TRADING I,
FUNDO INVESTIMENTO DIREITOS CREDITORIOS UTILITY CREDIT,,,,,FUNDO DE INVESTIMENTO EM DIREITOS CREDITORIOS UTILITY CREDIT,
FUNDO INVESTIMENTO DIREITOS CREDITORIOS VCK II CONSIGNADOS,,Fundo de Investimento em Direitos Creditórios VCK II Consignados,,,,43236160000147
FUNDO INVESTIMENTO DIREITOS CREDITORIOS ZIPDIN I,,,,,FUNDO DE INVESTIMENTO EM DIREITOS CREDITÓRIOS ZIPDIN I,
FUNDO INVESTIMENTO NAS CADEIAS PRODUTIVAS AGROINDUSTRIAIS,,Fundo de Investimento nas Cadeias Produtivas Agroindustriais  - Fiagro Direitos Creditórios Figtree Produtores Agrícolas I,,,,61929180000185
FUNDO INVESTIMENTOS DIREITOS CREDITORIOS COMERCIAIS RESPONSABILIDADE LIMITADA FORTBRASIL,,,Fundo de Investimentos em Direitos Creditorios Comerciais de Responsabilidade Limitada Fortbrasil,,,29665263000100
FUNDO INVESTIMENTOS DIREITOS CREDITORIOS DSX,,,,,Fundo de Investimentos em Direitos Creditórios DSX,
FUNDO INVESTIMENTOS DIREITOS CREDITORIOS GRIFO,,,,,FUNDO DE INVESTIMENTOS EM DIREITOS CREDITÓRIOS GRIFO,
FUNDO INVESTIMENTOS DIREITOS CREDITORIOS MT FGTS RECEIVABLES IV,,Fundo de Investimentos em Direitos Creditórios MT FGTS Receivables IV,,,,62.010.175/0001-37
FUNDO INVESTIMENTOS DIREITOS CREDITORIOS MULTISETORIAL HOPE LP,,,,,FUNDO DE INVESTIMENTOS EM DIREITOS CREDITORIOS MULTISETORIAL HOPE LP,
FUNDO INVESTIMENTOS DIREITOS CREDITORIOS MULTISSETORIAL ONE7 LP,,,,,Fundo de Investimentos em Direitos Creditórios Multissetorial ONE7 LP,
FUNDO INVESTIMENTOS DIREITOS CREDITORIOS PREMIUM SOLIS,,,,,Fundo de Investimentos em Direitos Creditórios Premium Solis,
FURNAS,,,Furnas - Centrais Eletricas S.A.,,,23274194000119
G5 ALLOCATION FIC FIDC,,,,G5 ALLOCATION FIC FIDC - ÚNICA,,
G5 BR INFRA FIDC NP,,,,G5 BR INFRA FIDC NP - SUBORDINADAS JÚNIOR,,
G5 CREDIJUS FIDC NP,,,,G5 CREDIJUS FIDC NP - SUBORDINADAS,,
G5 MIX FIDC NP,,,,G5 MIX FIDC NP - ÚNICA,,
GAIA FUNDO INVESTIMENTO DIREITOS CREDITORIOS NAO PADRONIZADOS,,,,,GAIA Fundo de Investimento em Direitos Creditorios Não Padronizados,
GAIA SECURITIZADORA,,Gaia Securitizadora S.A. - 3ª Série da 1ª Emissão de CRIs (Risco Banco do Brasil),,GAIA SECURITIZADORA - RISCO ROJEMAC (121ª SÉRIE - 4ª EMISSÃO),,07.587.384/0001-30
GALAPAGOS ARQUIPELAGO FUNDO INVESTIMENTO DIREITOS CREDITORIOS NP,,,,,GALAPAGOS ARQUIPÉLAGO FUNDO DE INVESTIMENTO EM DIREITOS CREDITÓRIOS NP,
GALAPAGOS ATLAS FIDC,,,,GALÁPAGOS ATLAS FIDC - SENIORES ÚNICA,,
GALAPAGOS WM FUNDO INVESTIMENTO DIREITOS CREDITORIOS,,,,,GALAPAGOS WM FUNDO DE INVESTIMENTO EM DIREITOS CREDITÓRIOS,
GARANTIA BANCO FIDC,,,,GARANTIA BANCO FIDC - SUBORDINADAS JÚNIOR,,
GARANTIA BANCO FIDC MULTISSETORIAL,,,,,GARANTIA BANCO FIDC MULTISSETORIAL,
GARSON BR FUNDO INVESTIMENTO DIREITOS CREDITORIOS RESPONSABILIDADE LIMITADA,,,,,GARSON BR FUNDO DE INVESTIMENTO EM DIREITOS CREDITORIOS RESPONSABILIDADE LIMITADA,
GARSON CARD FUNDO INVESTIMENTO DIREITOS CREDITORIOS RESPONSABILIDADE LIMITADA,,,,,GARSON CARD FUNDO DE INVESTIMENTO EM DIREITOS CREDITORIOS RESPONSABILIDADE LIMITADA,
GARSON FUNDO INVESTIMENTO DIREITOS CREDITORIOS,,,,,Garson Fundo de Investimento em Direitos Creditórios,
GAS ALAGOAS,,Gás de Alagoas S.A. - ALGÁS,,,,69983484000132
GAVEA SUL FIDC,,,,GÁVEA SUL FIDC - SUBORDINADAS MEZANINO II,,
GBS PARTICIPACOES,GBS Participacoes S.A.,,,,,
GBX PRIME I FIDC,,,,GBX PRIME I FIDC - SUBORDINADAS MEZANINO I,,
GDPAR SN PARTICIPACOES PROJETOS SOLARES,Gdpar Sn Participacoes Em Projetos Solares S.A.,,,,,
GDPAR SR PARTICIPACOES PROJETOS SOLARES,GDPAR SR Participacoes em Projetos Solares S.A.,,,,,
GDS SUBHOLDING,GDS Subholding S.A.,,,,,
GENERAL SHOPPING FINANCE,General Shopping Finance Limited (GSF),,,,,
GENERAL SHOPPING INVESTMENT,General Shopping Investment Limited,,,,,
GENERAL SHOPPING OUTLETS,General Shopping e Outlets do Brasil S.A.,,,,,08764621000153
GENESIS FUNDO INVESTIMENTO DIREITOS CREDITORIOS,,,,,Genesis Fundo de Investimento em Direitos Creditórios,
GENESIS FUNDO INVESTIMENTO DIREITOS CREDITORIOS NAO PADRONIZADOS,,,,,Genesis Fundo de Investimento em Direitos Creditórios Não  Padronizados,
GENIAL GESTAO,,,,GENIAL GESTÃO LTDA.,,22119959000183
GENTE BULLA I FIDC,,,,GENTE DO BULLA I FIDC - ÚNICA,,
GEOMETRICA PAR INVESTIMENTOS,Geometrica Par Investimentos S.A.,,,,,
GERADORA EOLICA BONS VENTOS SERRA 2,,Geradora Eólica Bons Ventos da Serra 2 S.A.,,,,19953139000188
GERADORA EOLICA BONS VENTOS SERRA I,,,Geradora Eolica Bons Ventos da Serra I S.A.,,,14080223000110
GERDAU,Gerdau S.A.,,Gerdau S.A.,,,33611500000119
GESTOR TRUST FIDC,,,,GESTOR TRUST FIDC - SUBORDINADAS MEZANINO I,,
GFM FUNDO INVESTIMENTO DIREITOS CREDITORIOS MULTICREDITO,,,,,GFM FUNDO DE INVESTIMENTO EM DIREITOS CREDITORIOS MULTICREDITO,
GGR PRIME I FIDC,,,,GGR PRIME I FIDC - ÚNICA,,
GIGA MAIS FIBRA TELECOMUNICACOES,Giga Mais Fibra Telecomunicacoes S.A.,,Giga Mais Fibra Telecomunicacoes S.A.,,,07714104000107
GII GESTAO INTELIGENTE FUNDO INVESTIMENTO DIREITOS CREDITORIOS,,,,,GII Gestão Inteligente Fundo de Investimento em Direitos Creditórios,
GIROFIDC FIDC,,,,GIROFIDC FIDC - SUBORDINADAS JÚNIOR,,
GJA INDUSTRIAS,,GJA Industrias S.A.,GJA Industrias S.A.,,,24682682000128
GLOBAL RETAIL FIDC MULTISSETORIAL,,,,GLOBAL RETAIL FIDC MULTISSETORIAL - SUBORDINADAS JÚNIOR,,
GLOBAL SUPPLIERS FIDC MULTISSETORIAL,,,,GLOBAL SUPPLIERS FIDC MULTISSETORIAL - SENIORES 1ª SÉRIE,,
GLOBALCASH FIDC,,,,GLOBALCASH FIDC - SENIORES 3ª SÉRIE,,
GLOBO COMUNICACAO PARTICIPACOES,Globo Comunicacao e Participacoes S.A.,,Globo Comunicacao e Participacoes S.A.,,,27865757000102
GOAL CONSIGNADO FIDC,,,,GOAL CONSIGNADO FIDC  - ÚNICA,,
GOIAS TRANSMISSAO,,Goiás Transmissão S.A.,,,,11708279000189
GOL LINHAS AEREAS INTELIGENTES,GOL Linhas Aereas Inteligentes S.A.,,,,,06164253000187
GOLDEN GATE BRIDGE FIDC,,,,GOLDEN GATE BRIDGE FIDC - SENIORES ÚNICA,,
GOLDMAN SACHS BANCO MULTIPLO,Goldman Sachs do Brasil Banco Multiplo S.A.,,,,,04332281000130
GONCALVES TORTOLA,,,Goncalves & Tortola S.A.,,,85070068000108
GOPLAN FIDC,,,,GOPLAN FIDC - SUBORDINADAS MEZANINO,,
GOVERNMENT SENIOR DEBT FIDC,,,,,Brasil Government Senior Debt FIDC-NP,
GPR FUNDO INVESTIMENTO DIREITOS CREDITORIOS,,,,,GPR FUNDO DE INVESTIMENTO EM DIREITOS CREDITORIOS,
GRANCRED FIDC,,,,GRANCRED FIDC - SUBORDINADAS,,
GRANCRED SP FUNDO INVESTIMENTO DIREITOS CREDITORIOS MULTISSETORIAL,,,,,GRANCRED SP FUNDO DE INVESTIMENTO EM DIREITOS CREDITÓRIOS MULTISSETORIAL,
GRANDE SERTAO I TRANSMISSORA ENERGIA,,Grande Sertão I Transmissora De Energia S.A.,,,,
GRANDE SERTAO III TRANSMISSORA ENERGIA,,Grande Sertão III Transmissora De Energia S.A.,,,,48400777000170
GREEN FIDC SOLAR GD II,,,,GREEN FIDC SOLAR GD II - 1ª / 2ª / 3ª / 4ª - SENIORES ÚNICA,,
GREEN SOLFACIL II FIDC,,,,GREEN SOLFÁCIL II FIDC - MEZANINO CLASSE B,,
GRIF CREDITO PULVERIZADO FUNDO INVESTIMENTO DIREITOS CREDITORIOS,,,,,GRIF CRÉDITO PULVERIZADO FUNDO DE INVESTIMENTO EM DIREITOS CREDITÓRIOS,
GRIF CREDITO PULVERIZADO FUNDO INVESTIMENTO DIREITOS CREDITORIOS RESPONSABILIDADE LIMITADA,,,,,GRIF CRÉDITO PULVERIZADO FUNDO DE INVESTIMENTO EM DIREITOS CREDITÓRIOS RESPONSABILIDADE LIMITADA,
GRIF GALIBIER CREDITO CONSIGNADO FUNDO INVESTIMENTO DIREITOS CREDITORIOS,,,,,GRIF GALIBIER CRÉDITO CONSIGNADO FUNDO DE INVESTIMENTO EM DIREITOS CREDITÓRIOS,
GRIFO FUNDO INVESTIMENTO DIREITOS CREDITORIOS PADRONIZADOS MULTISSETORIAL,,,,,GRIFO FUNDO DE INVESTIMENTO EM DIREITOS CREDITÓRIOS PADRONIZADOS MULTISSETORIAL,
GRU FUNDO INVESTIMENTO DIREITOS CREDITORIOS,,,,,GRU FUNDO DE INVESTIMENTO EM DIREITOS CREDITORIOS,
GRUPO FARTURA HORTIFRUT,Grupo Fartura de Hortifrut S.A.,,,,,04972092000122
GRUPO SALTA EDUCACAO,Grupo Salta Educacao S/A,,,,,17765891000170
GRUPO SBF,Grupo SBF S.A.,,,,,13217485000111
GSH PARTICIPACOES,GSH Corp Participacoes S.A.,,,,,08397078000101
GUARA NORTE R.L.,Guara Norte S.a r.l.,,,,,35856223000130
GUARACIABA TRANSMISSORA ENERGIA,Guaraciaba Transmissora de Energia (TP Sul) S.A.,,,,,
GUARARAPES CONFECCOES,Guararapes Confeccoes S.A.,,,,,08402943000152
GUARDIAN FUNDO INVESTIMENTO DIREITOS CREDITORIOS,,,,,GUARDIAN FUNDO DE INVESTIMENTO EM DIREITOS CREDITORIOS,
GUARDIAN MULTI CONSIGNADO I FIDC,,,,GUARDIAN MULTI CONSIGNADO I FIDC - SUBORDINADAS JÚNIOR,,
GUARDIAN MULTI CONSIGNADO II FIDC,,,,GUARDIAN MULTI CONSIGNADO II FIDC - SUBORDINADAS MEZANINO,,
GUARDIAN MULTI CONSIGNADO VII FUNDO INVESTIMENTO DIREITOS CREDITORIOS RESPONSABILIDADE LIMITADA,,Guardian Multi Consignado VII Fundo de Investimento em Direitos Creditórios Responsabilidade Limitada,,,,54.065.359/0001-76
GUEPARDO INVESTIMENTOS,,,,GUEPARDO INVESTIMENTOS LTDA.,,07078144000100
GUSAP III LP,GUSAP III LP,,,,,
GVN FUNDO INVESTIMENTO DIREITOS CREDITORIOS,,,,,GVN FUNDO DE INVESTIMENTO EM DIREITOS CREDITÓRIOS,
GWM FIDC MULTISSETORIAL,,,,GWM FIDC MULTISSETORIAL - MEZANINO CLASSE A,,
GY ENERGY HOLDING III,Gy Energy Holding III S.A.,,,,,
GYM BANK FUNDO INVESTIMENTO DIREITOS CREDITORIOS,,,,,GYM BANK FUNDO DE INVESTIMENTO EM DIREITOS CREDITORIOS,
HABITASEC,,,,HABITASEC - RISCO BRC EMPREENDIMENTOS (75ª SÉRIE - 1ª EMISSÃO),,
HABITASEC 2022,"Habitasec 2022-17-1,2 (Lar)",,,,,
HABITASEC SECURITIZADORA,,,Habitasec Securitizadora S.A.,HABITASEC SECURITIZADORA S/A - RISCO SPE INFINITA LIFE.CO  (SÉRIE A DEFINIR),Habitasec Securitizadora S.A,09304427000158
HAITONG BANCO INVESTIMENTO,,,Haitong Banco de Investimento do Brasil S.A.,,,34111187000112
HAMPTON FUNDO INVESTIMENTO DIREITOS CREDITORIOS,,,,,HAMPTON FUNDO DE INVESTIMENTO EM DIREITOS CREDITÓRIOS,
HAPVIDA PARTICIPACOES INVESTIMENTOS,Hapvida Participacoes e Investimentos S.A.,,,,,05197443000138
HARPIA FUNDO INVESTIMENTO DIREITOS CREDITORIOS,,,,,HARPIA FUNDO DE INVESTIMENTO EM DIREITOS CREDITÓRIOS – RESPONSABILIDADE LIMITADA,
HARPIA FUNDO INVESTIMENTOS DIREITOS CREDITORIOS,,,,,Harpia Fundo de Investimentos em Direitos Creditórios,
HAVAN,Havan S.A.,,,,,
HAWK FIDC NP,,,,HAWK FIDC NP - SUBORDINADAS JÚNIOR,,
HAZ FIC FIDC,,,,HAZ FIC FIDC - ÚNICA,,
HDI GLOBAL SEGUROS,,HDI Global Seguros S.A.,,,,18096627000153
HDLG FIDC,,,,HDLG FIDC - SENIORES 1ª SÉRIE,,
HEDGE CREDITO AGRO FIAGRO DC,,,,HEDGE CRÉDITO AGRO FIAGRO DC - SENIORES 4ª SÉRIE,,
HEDGE SHOPPING FUNDO INVESTIMENTO IMOBILIARIO RESPONSABILIDADE LIMITADA,,,Hedge Brasil Shopping Fundo De Investimento Imobiliario De Responsabilidade Limitada,,,08431747000106
HELIO VALGAS SOLAR PARTICIPACOES,,Helio Valgas Solar Participações S.A.,,,,32431519000110
HERCULES FIDC,,,,HÉRCULES FIDC - SUBORDINADAS JÚNIOR,,
HIDRO FORTE ADMINISTRACAO OPERACAO,,Hidro Forte Administração e Operação S.A.,,,,04911091000178
HIDROVIAS,Hidrovias do Brasil S.A.,Hidrovias do Brasil S.A.,,,,12648327000153
HIGH YIELD II FIDC CAP,,,,HIGH YIELD II DO FIDC CAP - SUBORDINADAS MEZANINO,,
HIGH YIELD YALEEH FIDC,,,,HIGH YIELD DO YALEEH FIDC - SUBORDINADAS MEZANINO,,
HIGHLINE II INFRAESTRUTURA TELECOMUNICACOES,Highline do Brasil II Infraestrutura de Telecomunicacoes S.A.,,,,,27902165000296
HIX INVESTIMENTOS,,HIX Investimentos Ltda,,HIX INVESTIMENTOS,,14205023000147
HOD FIC FIDC,,,,HOD FIC FIDC - SUBORDINADAS MEZANINO I,,
HOLDING ARAGUAIA,,,Holding do Araguaia S.A.,,,18903785000178
HOPE CONSIGNADO I RESPONSABILIDADE LIMITADA FUNDO INVESTIMENTO DIREITOS CREDITORIOS,,,,,HOPE CONSIGNADO I DE RESPONSABILIDADE LIMITADA FUNDO DE INVESTIMENTO EM DIREITOS CREDITÓRIOS,
HOPE I FUNDO INVESTIMENTO DIREITOS CREDITORIOS MULTISSEGMENTOS,,,,,HOPE I FUNDO DE INVESTIMENTO EM DIREITOS CREDITÓRIOS MULTISSEGMENTOS,
HOSPITAL ANCHIETA,,Hospital Anchieta S.A.,,,,02560878000107
HOSPITAL CARE CALEDONIA,,Hospital Care Caledonia S.A.,,,,25249439000183
HOSPITAL ESPERANCA,Hospital Esperanca S.A.,,,,,
HOSPITAL MATER DEI,Hospital Mater Dei SA,Hospital Mater Dei S.A.,,,,16676520000159
HOSPITAL VERA CRUZ,,Hospital Vera Cruz S.A.,,,,07309998000150
HRZ TRANSMISSAO PARTICIPACOES,HRZ Transmissao e Participacoes S.A,,,,,
HSI GESTORA ATIVOS FINANCEIROS,,HSI Gestora de Ativos Financeiros Ltda.,,,,42238039000191
HSI GESTORA CREDITO PRIVADO,,HSI Gestora de Credito Privado Ltda.,,,,42237691000191
HSI GESTORA FUNDOS IMOBILIARIOS,,HSI Gestora de Fundos Imobiliários Ltda.,,,,03539353000152
HSI GESTORA REAL ESTATE PRIVATE EQUITY,,HSI Gestora de Real Estate Private Equity Ltda.,,,,42312440000124
HT3 FUNDO INVESTIMENTO DIREITOS CREDITORIOS,,,,,HT3 FUNDO DE INVESTIMENTO EM DIREITOS CREDITORIOS,
HT3 FUNDO INVESTIMENTO DIREITOS CREDITORIOS RESPONSABILIDADE LIMITADA,,,,,HT3 FUNDO DE INVESTIMENTO EM DIREITOS CREDITÓRIOS RESPONSABILIDADE LIMITADA,
HUBCRED FUNDO INVESTIMENTO DIREITOS CREDITORIOS,,,,,HUBCRED FUNDO DE INVESTIMENTO EM DIREITOS CREDITORIOS,
HYPERA,,Hypera S.A.,Hypera S.A.,,,02932074000191
IB SIGMA FIDC,,,,IB SIGMA FIDC - SUBORDINADAS JÚNIOR,,
IBIUNA ACOES GESTAO RECURSOS,,Ibiuna Açoes Gestão de Recursos Ltda.,,,,18506057000122
IBIUNA CREDITO GESTAO RECURSOS,,Ibiuna Credito Gestão de Recursos Ltda.,,,,19493000000107
IBIUNA MACRO GESTAO RECURSOS,,Ibiuna Macro Gestão de Recursos Ltda.,,,,11918575000104
IC PRECATORIOS ESTADUAIS FIDC NP,,,,IC PRECATÓRIOS ESTADUAIS FIDC NP - ÚNICA,,
ICATU VANGUARDA GESTAO RECURSOS,,Icatu Vanguarda Gestão de Recursos Ltda.,,,,68622174000120
ICBC BANCO MULTIPLO,,ICBC do Brasil Banco Múltiplo S.A.,,,,17453575000162
ICRED CHOPIN INSS FIDC,iCred Chopin INSS FIDC,,,,,
ICRED FGTS FUNDO INVESTIMENTO DIREITOS CREDITORIOS,iCred FGTS Fundo de Investimento em Direitos Creditorios,,,,,54518191000107
ICRED INSS FIDC RL,iCred INSS FIDC RL,,,,,
ICRED INSS III FIDC,iCred INSS III FIDC,,,,,
ICRED SOLUCOES FINANCEIRAS,Icred Solucoes Financeiras S.A,,,,,
IF FUNDO INVESTIMENTO DIREITOS CREDITORIOS,,,,,IF FUNDO DE INVESTIMENTO EM DIREITOS CREDITORIOS,36643420000133
IFOOD PAGO CREDITO I FUNDO INVESTIMENTO DIREITOS CREDITORIOS FINANCEIRO RESPONSABILIDADE LIMITADA,,Ifood Pago Crédito I Fundo De Investimento Em Direitos Creditórios Financeiro De Responsabilidade Limitada,,,,
IGARAPAVA SANEAMENTO,,Igarapava Saneamento S.A.,,,,
IGNIS CAPITAL FUNDO INVESTIMENTO DIREITOS CREDITORIOS,,,,,IGNIS CAPITAL FUNDO DE INVESTIMENTO EM DIREITOS CREDITÓRIOS,47847076000110
IGUA RIO JANEIRO,,,Igua Rio de Janeiro S.A.,,,42353180000135
IGUA SANEAMENTO,Igua Saneamento S.A.,,Igua Saneamento S.A.,,,08159965000133
IGUA SERGIPE,,Iguá Sergipe S.A.,Igua Sergipe S.A.,,,58070452000120
IGUATEMI,Iguatemi S.A.,,,,,60543816000193
IGUATEMI EMPRESA SHOPPING CENTERS,Iguatemi Empresa de Shopping Centers S.A.,,,,,51218147000193
ILLUMINATI FIDC,,,,ILLUMINATI FIDC - ÚNICA,,
IMPAR SERVICOS HOSPITALARES,Impar Servicos Hospitalares S.A.,,,,,
IN,,In - Haus Industrial e Serviços de Logística S.A.,,,,05208211001703
INDIE CAPITAL INVESTIMENTOS,,Indie Capital Investimentos Ltda.,,,,14359791000155
INDUSTRIA Q1 FUNDO INVESTIMENTO DIREITOS CREDITORIOS,,,,,INDÚSTRIA Q1 FUNDO DE INVESTIMENTO EM DIREITOS CREDITÓRIOS,
INFINITY SUL FIDC,,,,INFINITY SUL FIDC - SUBORDINADAS JÚNIOR,,
INFINITYCRED FIDC,,,,INFINITYCRED FIDC - SUBORDINADAS,,
INFRACOMMERCE FIDC,,,,INFRACOMMERCE FIDC - SUBORDINADAS JÚNIOR,,
INOVA CREDTECH III FIDC SEGMENTO MULTICARTEIRA RESPONSABILIDADE LIMITADA,,,,,INOVA CREDTECH III FIDC SEGMENTO MULTICARTEIRA DE RESPONSABILIDADE LIMITADA,52340225000190
INPASA AGROINDUSTRIAL,,Inpasa Agroindustrial S.A.,,,,29316596000115
INSPIRALI EDUCACAO,,Inspirali Educação S.A.,,,,35822503000127
INTEGRACAO TRANSMISSORA ENERGIA,,,Integracao Transmissora de Energia S.A.,,,07799081000180
INTEGRAL INVESTIMENTOS,,Integral Investimentos LTDA,,,,06576569000186
INTELBRAS INDUSTRIA TELECOMUNICACAO ELETRONICA BRASILEIRA,Intelbras S.A. Industria de Telecomunicacao Eletronica Brasileira,,,,,82901000000127
INTER ASSET GESTAO RECURSOS,,Inter Asset Gestao De Recursos Ltda,,,,05585083000141
INTER SIMPLES FUNDO INVESTIMENTO DIREITOS CREDITORIOS MULTISSETORIAL,,,,,INTER SIMPLES FUNDO DE INVESTIMENTO EM DIREITOS CREDITÓRIOS MULTISSETORIAL – RESPONSABILIDADE LIMITADA,
INTERCASH FIDC,,,,INTERCASH FIDC - SUBORDINADAS MEZANINO,,
INTERCEMENT PARTICIPACOES,InterCement Participacoes S.A. - Em Recuperacao Judicial,,,,,10456140000122
INTERNATIONAL MEAL COMPANY ALIMENTACAO,,International Meal Company Alimentação S.A. (Grupo IMC),,,,17314329000120
INTERSECTOR CREDITO ESTUDANTIL FIDC,,,,INTERSECTOR CRÉDITO ESTUDANTIL FIDC - SENIORES ÚNICA,,
INTERSECTOR FIDC,,,,INTERSECTOR FIDC - SENIORES 1ª SÉRIE,,
INTESA SANPAOLO,Intesa Sanpaolo Brasil S.A. - Banco Multiplo,,,,,55230916000120
INTRA SOLIDEZ FUNDO INVESTIMENTO DIREITOS CREDITORIOS,,,Intra Solidez Fundo de Investimento em Direitos Creditorios,,,
INTRABANK FUNDO INVESTIMENTO DIREITOS CREDITORIOS NAO,,,,,INTRABANK FUNDO DE INVESTIMENTO EM DIREITOS CREDITÓRIOS NÃO-PADRONIZADOS,
INTRABANK FUNDO INVESTIMENTO DIREITOS CREDITORIOS NAO PADRONIZADOS,,,,,INTRABANK FUNDO DE INVESTIMENTO EM DIREITOS CREDITÓRIOS NÃO PADRONIZADOS,35162655000140
INTRABANK FUNDO INVESTIMENTO DIREITOS CREDITORIOS RESPONSABILIDADE ILIMITADA,,,,,INTRABANK FUNDO DE INVESTIMENTO EM DIREITOS CREDITÓRIOS RESPONSABILIDADE ILIMITADA,35162655000140
INVESTBRA FIDC,,,,INVESTBRA FIDC - SUBORDINADAS JÚNIOR,,
INVESTCAMP FUNDO INVESTIMENTO DIREITOS CREDITORIOS,,,,,INVESTCAMP Fundo de Investimento em Direitos Creditorios,25695170000169
INVESTCON FIDC,,,,INVESTCON FIDC - SUBORDINADAS JÚNIOR,,
INVESTCON FUNDO INVESTIMENTO DIREITOS CREDITORIOS,,,,,INVESTCON FUNDO DE INVESTIMENTO EM DIREITOS CREDITORIOS,22406927000169
INVESTCRED FUNDO INVESTIMENTO DIREITOS CREDITORIOS,Investcred Fundo de Investimento em Direitos Creditorios,,,,,
INVESTIMENTOS PARTICIPACOES INFRAESTRUTURA,,,Investimentos e Participacoes em Infraestrutura S.A. - Invepar,,,03758318000124
INVESTOR FIDC,,,,INVESTOR FIDC - SUBORDINADAS MEZANINO,,
INVISTA ATIVOS ALTERNATIVOS I FUNDO INVESTIMENTO DIREITOS CREDITORIOS,,,,,INVISTA ATIVOS ALTERNATIVOS I FUNDO DE INVESTIMENTO EM DIREITOS CREDITÓRIOS,31933790000191
INVISTA I FIC FIDC MULTISSETORIAL NAO PADRONIZADO,,,,,INVISTA I FIC FIDC MULTISSETORIAL NAO PADRONIZADO,
INVISTA III FUNDO INVESTIMENTO DIREITOS CREDITORIOS,,,,,INVISTA III FUNDO DE INVESTIMENTO EM DIREITOS CREDITÓRIOS – RESPONSABILIDADE LIMITADA,26489103000150
INVISTA III FUNDO INVESTIMENTOS DIREITOS CREDITORIOS NAO PADRONIZADO,,,,,INVISTA III Fundo de Investimentos em Direitos Creditorios Não Padronizado,
INX SSPI BONDS FIDC NP,,,,INX SSPI BONDS FIDC NP - SENIORES 1ª SÉRIE,,
IOCHPE,,,Iochpe-Maxion S.A.,,,61156113003190
IORQ FREDERIC FUNDO INVESTIMENTO DIREITOS CREDITORIOS,,IORQ Frederic Fundo de Investimento em Direitos Creditórios – Responsabilidade Limitada,,,,63032712000102
IOX PME FUNDO INVESTIMENTO DIREITOS CREDITORIOS,,,,,IOX PME FUNDO DE INVESTIMENTO EM DIREITOS CREDITÓRIOS,
IP SUL CONCESSIONARIA ILUMINACAO PUBLICA,IP Sul Concessionaria De Iluminacao Publica S.A.,,,,,
IPIRANGA PRODUTOS PETROLEO,,Ipiranga Produtos de Petróleo S.A.,,,,33337122000127
IRANI PAPEL EMBALAGEM,,Irani Papel e Embalagem S.A.,Irani Papel e Embalagem S.A.,,,92791243000103
IRB,,,IRB-Brasil Resseguros S.A.,,,33376989000191
IRLA FUNDO INVESTIMENTO DIREITOS CREDITORIOS MULTISSETORIAL,,,,,IRLA FUNDO DE INVESTIMENTO EM DIREITOS CREDITORIOS MULTISSETORIAL,31772126000108
IRON CAPITAL CONSIGNADO FEDERAL,,,,IRON CAPITAL CONSIGNADO FEDERAL - SUBORDINADAS,,37123017000146
IRON CAPITAL CONSIGNADO FIDC,,,,IRON CAPITAL CONSIGNADO FIDC - SUBORDINADAS,,
IRON CAPITAL II FIDC,,,,IRON CAPITAL II FIDC - SUBORDINADAS,,
IS GREEN SOLFACIL III FIDC,IS Green Solfacil III FIDC,,,,,
IS SOL AGORA GREEN II ESG FIDC SEGMENTO FINANCEIRO RESPONSABILIDADE LIMITADA,,IS Sol Agora Green II ESG FIDC Segmento Financeiro de Responsabilidade Limitada,,,,53164652000128
ISA ENERGIA,Isa Energia Brasil S.A.,,,,,02998611000104
ISAAC FIDC,,,,ISAAC FIDC - SENIORES 1ª SÉRIE,,
ISAAC FUNDO INVESTIMENTO DIREITOS CREDITORIOS,,Isaac Fundo de Investimento em Direitos Creditórios,,,,44516049000177
ISEC,,,,ISEC - LIFE PARK (NEX GROUP) (98ª SÉRIE - 4ª EMISSÃO),,04243304000130
ITAPEBI GERACAO ENERGIA,,,Itapebi Geracao de Energia S.A.,,,02397080000196
ITAPOA TERMINAIS PORTUARIOS,,,Itapoa Terminais Portuarios S.A.,,,01317277000105
ITAREMA GERACAO ENERGIA,Itarema Geracao de Energia S.A.,,,,,
ITAU ASSET MANAGEMENT,,,Itau Asset Management,,,00639219000135
ITAU FIC FIDC INFRAESTRUTURA,,,,ITAÚ FIC FIDC INFRAESTRUTURA - ÚNICA,,67979120000153
ITAU SEGUROS,,Itau Seguros S.A.,,,,61557039000107
ITAU UNIBANCO,Itau Unibanco S.A.,Itaú Unibanco S.A.,,,,60701190000104
ITAU UNIBANCO HOLDING,Itau Unibanco Holding S.A.,Itaú Unibanco Holding S.A.,,,,60872504000123
ITAUSA,Itausa S.A.,Itaúsa S.A.,Itausa S.A.,,,61532644000115
ITR COMERCIO PNEUS PECAS,ITR Comercio de Pneus e Pecas S.A.,,,,,
ITU FIC FIDC,Itu FIC FIDC,,,,,
IYAMI FIDC,,,,IYAMI FIDC - SUBORDINADAS MEZANINO I,,
J F,J&F S.A.,,,,,
J. MACEDO,J. Macedo S.A.,,,,,14998371000119
J17 FGTS FUNDO INVESTIMENTO DIREITOS CREDITORIOS FINANCEIRO,,J17 FGTS Fundo de Investimento em Direitos Creditórios Financeiro – Responsabilidade Limitada,,,,54252144000164
JALLES MACHADO,,,Jalles Machado S.A.,,,02635522000195
JANAUBA TRANSMISSORA ENERGIA ELETRICA,,Janaúba Transmissora de Energia Elétrica S.A.,,,,26617923000180
JANUARIO NAPOLI GERACAO ENERGIA,,Januario de Napoli Geracao de Energia S.A.,,,,27816584000124
JBCS II,,,,JBCS II - VAREJO FIDC - SENIORES ÚNICA,,
JBS,JBS S.A.,JBS S.A.,JBS S.A.,,,02916265000160
JBS N.V.,JBS N.V.,,,,,
JC 4870 FUNDO INVESTIMENTO DIREITOS CREDITORIO,,,,,JC 4870 Fundo de Investimento em Direitos Creditório - Não Padronizado,
JC 4870 FUNDO INVESTIMENTO DIREITOS CREDITORIOS,,,,,JC 4870 FUNDO DE INVESTIMENTO EM DIREITOS CREDITÓRIOS - NÃO PADRONIZADO,
JC 4870 II FUNDO INVESTIMENTO DIREITOS CREDITORIOS NAO,,,,,JC 4870 II FUNDO DE INVESTIMENTO EM DIREITOS CREDITÓRIOS NÃO-PADRONIZADOS,
JC 4870 V FIDC NP,,,,,JC 4870 V FIDC NP,
JC 4870 V FUNDO INVESTIMENTO DIREITOS CREDITORIOS NAO PADRONIZADOS,,,,,JC 4870 V FUNDO DE INVESTIMENTO EM DIREITOS CREDITÓRIOS NÃO PADRONIZADOS - FIDC-NP,
JC 4870 VI FUNDO INVESTIMENTO DIREITOS CREDITORIOS NAO PADRONIZADOS FIDC,,,,,JC 4870 VI FUNDO DE INVESTIMENTO EM DIREITOS CREDITORIOS NAO PADRONIZADOS FIDC-NP,
JC BG FICFIDC NP,,,,,JC BG FICFIDC NP,
JC BG FUNDO INVESTIMENTO DIREITOS CREDITORIOS NAO,,,,,JC BG Fundo de Investimento em Direitos Creditórios Não-Padronizados – FIDC NP,17911226000147
JC CREDITO PREMIO I FIDC NP,,,,,JC Crédito Premio I FIDC NP,
JC CREDITOS JUDICIAIS FUNDO INVESTIMENTO DIREITOS CREDITORIOS NAO,,,,,JC Créditos Judiciais Fundo de Investimento em Direitos Creditórios Não-Padronizados,34964344000132
JC DIVERSIFICADO III FUNDO INVESTIMENTO DIREITOS CREDITORIOS NAO,,,,,JC Diversificado III Fundo de Investimento em Direitos Creditórios Não-Padronizado,29109350000172
JC DIVERSIFICADO III FUNDO INVESTIMENTO DIREITOSS CREDITORIOS NAO,,,,,JC Diversificado III Fundo de Investimento em DireitosS Creditorios Não-Padronizado,
JC DIVERSIFICADO VI FUNDO INVESTIMENTO DIREITOS CREDITORIOS NAO,,,,,JC Diversificado VI Fundo de Investimento em Direitos Creditorios Não-Padronizado,29469886000107
JC SILOS FUNDO INVESTIMENTO DIREITOS CREDITORIOS NAO,,,,,JC SILOS FUNDO DE INVESTIMENTO EM DIREITOS CREDITÓRIOS NÃO-PADRONIZADO,23216640000139
JG PRUDENTIA FIDC NP,,,,JG PRUDENTIA FIDC NP - SUBORDINADAS MEZANINO I,,
JGM LP FUNDO INVESTIMENTO DIREITOS CREDITORIOS MULTISSETORIAL,,,,,JGM LP FUNDO DE INVESTIMENTO EM DIREITOS CREDITÓRIOS MULTISSETORIAL,14718674000130
JGP CANVAS DISTRESSED FIDC NP,,,,JGP CANVAS DISTRESSED FIDC NP - ÚNICA,,
JGP CREDITO FEEDER 1 FIC FIDC NP MULTICARTEIRA,,,,JGP CRÉDITO FEEDER 1 FIC FIDC NP MULTICARTEIRA - ÚNICA,,
JGP DISTRESSED FIC FIDC NP MULTICARTEIRA,,,,JGP DISTRESSED FIC FIDC NP MULTICARTEIRA - ÚNICA,,
JGP ESTRUTURADOS FUNDO INVESTIMENTO DIREITOS CREDITORIOS,,,,,JGP ESTRUTURADOS FUNDO DE INVESTIMENTO EM DIREITOS CREDITÓRIOS – RESPONSABILIDADE LIMITADA,41075407000165
JGP ESTRUTURADOS FUNDO INVESTIMENTO DIREITOS CREDITORIOS NAO PADRONIZADOS,,,,,JGP ESTRUTURADOS FUNDO DE INVESTIMENTO EM DIREITOS CREDITORIOS NAO PADRONIZADOS,41075407000165
JGP ESTRUTURADOS III FUNDO INVESTIMENTO DIREITOS CREDITORIOS,,,,,JGP ESTRUTURADOS III FUNDO DE INVESTIMENTO EM DIREITOS CREDITORIOS,50198834000121
JGP STRESSED FIC FIDC NP MULTICARTEIRA,,,,JGP STRESSED FIC FIDC NP MULTICARTEIRA - ÚNICA,,
JIVEMAUA BOSSANOVA 90 FIDC,,,,JIVEMAUÁ BOSSANOVA 90 FIDC - ÚNICA,,
JOB FIDC,,,,JOB FIDC - SUBORDINADAS,,
JP CAPITAL FIDC,,,,JP CAPITAL FIDC - SUBORDINADAS MEZANINO,,
JP CAPITAL FUNDO INVESTIMENTO DIREITOS CREDITORIOS,,,,,JP CAPITAL FUNDO DE INVESTIMENTO EM DIREITOS CREDITORIOS,40753151000135
JPI FUNDO INVESTIMENTO DIREITOS CREDITORIOS,,,,,JPI FUNDO DE INVESTIMENTO EM DIREITOS CREDITORIOS,27217664000163
JSL,JSL S.A.,JSL S.A.,JSL S.A.,,,52548435000179
JUNTO RESSEGUROS,,,Junto Resseguros S.A.,,,09594758000170
JUNTO SEGUROS,,,Junto Seguros S.A.,,,84948157000133
JUNTOS CAPITAL FUNDO INVESTIMENTO DIREITOS CREDITORIOS,,,,,JUNTOS CAPITAL FUNDO DE INVESTIMENTO EM DIREITOS CREDITORIOS,29242916000130
JUSINVEST I FUNDO INVESTIMENTO DIREITOS CREDITORIOS NAO PADRONIZADOS,,,,,JUSINVEST I FUNDO DE INVESTIMENTO EM DIREITOS CREDITORIOS NAO PADRONIZADOS,38328747000146
K,,K-Fundo de Investimento em Direitos Creditórios,,,,09414761000164
K2 FUNDO INVESTIMENTO DIREITOS CREDITORIOS,,,,,K2 FUNDO DE INVESTIMENTO EM DIREITOS CREDITORIOS,
KALLAS INCORPORACOES CONSTRUCOES,,,Kallas Incorporacoes e Construcoes S.A.,,,09146451000106
KANASTRA SECURITIZADORA,,Kanastra Securitizadora - 3ª Emissão de CRIs,,,,48238484000138
KANASTRA SECURITIZADORA 2024,"Kanastra Securitizadora 2024-1-1,2,3,4,5 (Solfacil)",,,,,
KARDBANK CONSIGNADO FIDC,,,,KARDBANK CONSIGNADO FIDC - SUBORDINADAS JÚNIOR,,
KARDINAL CREDITO IMOBILIARIO FIDC,,,,KARDINAL CRÉDITO IMOBILIÁRIO FIDC  - ÚNICA,,
KEYCASH HOME EQUITY FUNDO INVESTIMENTO DIREITOS CREDITORIOS,,,,,KEYCASH HOME EQUITY FUNDO DE INVESTIMENTO EM DIREITOS CREDITÓRIOS,40995902000120
KINEA INVESTIMENTOS,,,,KINEA INVESTIMENTOS LTDA.,,08604187000144
KINEA VERTICE FIDC ABERTO,,,,KINEA VÉRTICE FIDC ABERTO - ÚNICA,,
KLABIN,Klabin S.A.,Klabin S.A.,Klabin S.A.,,,89637490000145
KOBOLD H FUNDO INVESTIMENTO DIREITOS CREDITORIOS RESPONSABILIDADE LIMITADA,,,,,KOBOLD H FUNDO DE INVESTIMENTO EM DIREITOS CREDITÓRIOS RESPONSABILIDADE LIMITADA,10756703000106
KOBOLD MFS FUNDO INVESTIMENTO DIREITOS CREDITORIOS NAO,,,,,KOBOLD MFS FUNDO DE INVESTIMENTO EM DIREITOS CREDITÓRIOS NÃO-PADRONIZADOS,
KOBOLD MFS FUNDO INVESTIMENTO DIREITOS CREDITORIOS NAO PADRONIZADOS,,,,,KOBOLD MFS FUNDO DE INVESTIMENTO EM DIREITOS CREDITÓRIOS NÃO PADRONIZADOS,
KORA SAUDE PARTICIPACOES,Kora Saude Participacoes S.A.,Kora Saude Participacoes S.A.,,,,13270520000166
KP DRACMA FIDC NP,,,,KP DRACMA FIDC NP - SUBORDINADAS JÚNIOR,,
KP GUARDIAN FUNDO INVESTIMENTO COTAS FUNDOS INVESTIMENTO DIREITOS CREDITORIOS,,,,,KP GUARDIAN FUNDO DE INVESTIMENTO EM COTAS DE FUNDOS DE INVESTIMENTO EM DIREITOS CREDITÓRIOS,
KP GUARDIAN FUNDO INVESTIMENTO COTAS FUNDOS INVESTIMENTO DIREITOS CREDITORIOS RESPONSABILIDADE LIMITADA,,,,,KP GUARDIAN FUNDO DE INVESTIMENTO EM COTAS DE FUNDOS DE INVESTIMENTO EM DIREITOS CREDITÓRIOS RESPONSABILIDADE LIMITADA,
KREDITARE FIDC,,,,KREDITARE FIDC - MEZANINO CLASSE A,,
KUARA SPECIAL SITUATIONS I FIDC NP,,,,KUARÁ SPECIAL SITUATIONS I FIDC NP - ÚNICA,,
KYKLOS FUNDO INVESTIMENTO DIREITOS CREDITORIOS,,Kyklos Fundo de Investimento em Direitos Creditórios,,,,32400342000195
L ARCA CAPITAL FUNDO INVESTIMENTO DIREITOS CREDITORIOS,,,,,L ARCA CAPITAL FUNDO DE INVESTIMENTO EM DIREITOS CREDITORIOS,
L'ARCA CAPITAL FUNDO INVESTIMENTO DIREITOS CREDITORIOS,,,,,L'ARCA CAPITAL FUNDO DE INVESTIMENTO EM DIREITOS CREDITORIOS,
L'ARCA CONSIGNADO FUNDO INVESTIMENTO DIREITOS CREDITORIOS,,,,,L'ARCA CONSIGNADO FUNDO DE INVESTIMENTO EM DIREITOS CREDITORIOS,
LABORATORIO SABIN ANALISES CLINICAS,Laboratorio Sabin de Analises Clinicas S.A.,,,,,00718528000109
LAGOA 1 ENERGIA RENOVAVEL,,,Lagoa 1 Energia Renovável S.A.,,,21540697000163
LAJEADO ENERGIA,,Lajeado Energia S.A.,,,,03460864000184
LANA FIDC,,,,LANA FIDC - SUBORDINADAS JÚNIOR,,
LAR COOPERATIVA AGROINDUSTRIAL,Lar Cooperativa Agroindustrial,,,,,
LARCA AURORA FUNDO INVESTIMENTO DIREITOS CREDITORIOS CONSIGNADO RESPONSABILIDADE LIMITADA,,Larca Aurora Fundo de Investimento em Direitos Creditórios Consignado de Responsabilidade Limitada,,,,63168433000170
LARCA CAPITAL FUNDO INVESTIMENTO DIREITOS CREDITORIOS RESPONSABILIDADE LIMITADA,,,,,LARCA CAPITAL FUNDO DE INVESTIMENTO EM DIREITOS CREDITÓRIOS RESPONSABILIDADE LIMITADA,41114564000132
LARCA CONSIGNADO FUNDO INVESTIMENTO DIREITOS CREDITORIOS RESPONSABILIDADE LIMITADA,,,,,LARCA CONSIGNADO FUNDO DE INVESTIMENTO EM DIREITOS CREDITORIOS RESPONSABILIDADE LIMITADA,51326028000154
LARCA CONSIGNADO II FUNDO INVESTIMENTO DIREITOS CREDITORIOS,,,,,LARCA CONSIGNADO II FUNDO DE INVESTIMENTO EM DIREITOS CREDITÓRIOS - RESPONSABILIDADE LIMITADA,54634742000106
LARCA CONSIGNADO II FUNDO INVESTIMENTO DIREITOS CREDITORIOS RESPONSABILIDADE LIMITADA,,,,,LARCA CONSIGNADO II FUNDO DE INVESTIMENTO EM DIREITOS CREDITÓRIOS RESPONSABILIDADE LIMITADA,54634742000106
LARCA CONSIGNADO III FUNDO INVESTIMENTO DIREITOS CREDITORIOS,,,,,LARCA CONSIGNADO III FUNDO DE INVESTIMENTO EM DIREITOS CREDITORIOS - RESPONSABILIDADE LIMITADA,59602002000101
LARCA MULTIPLICA CAPITAL FUNDO INVESTIMENTO DIREITOS CREDITORIOS,,,,,LARCA MULTIPLICA CAPITAL FUNDO DE INVESTIMENTO EM DIREITOS CREDITÓRIOS,
LATACHE AGRO II FUNDO INVESTIMENTO DIREITOS CREDITORIOS,,,,,LATACHE AGRO II FUNDO DE INVESTIMENTO EM DIREITOS CREDITORIOS,50831355000109
LATICINIOS BELA VISTA,,,Laticinios Bela Vista S.A.,,,02089969000106
LAVVI EMPREENDIMENTOS IMOBILIARIOS,,Lavvi Empreendimentos Imobiliários S.A.,,,,26462693000128
LB FUNDO INVESTIMENTO DIREITOS CREDITORIOS,,,,,LB FUNDO DE INVESTIMENTO EM DIREITOS CREDITORIOS,42627753000171
LCBANK FUNDO INVESTIMENTO DIREITOS CREDITORIOS NAO PADRONIZADOS,,,,,LCBANK FUNDO DE INVESTIMENTO EM DIREITOS CREDITORIOS NAO PADRONIZADOS,52343885000125
LD CELULOSE,LD Celulose S.A.,,,,,
LEADS CIA SECURITIZADORA,,,,LEADS CIA SECURITIZADORA - RISCO TERRAS EMPREENDIMENTOS  (1ª SÉRIE - 1ª EMISSÃO),,
LEADS SECURITIZADORA,,,,LEADS SECURITIZADORA - RISCO TERRAS EMPREENDIMENTOS - (1ª EMISSÃO - 1ª SÉRIE),,
LEBLON EQUITIES GESTAO RECURSOS,,Leblon Equities Gestão de Recursos Ltda.,,,,10240925000163
LECCA FIDC,,,,LECCA FIDC - SENIORES 1ª SÉRIE,,
LECCA FUNDO INVESTIMENTO DIREITOS CREDITORIOS,,,,,LECCA FUNDO DE INVESTIMENTO EM DIREITOS CREDITORIOS,
LESTE ARBITRAGEM I FIDC NP,,,,LESTE ARBITRAGEM I FIDC NP - ÚNICA,,
LESTE CREDIT PRECATORIOS I,,,,LESTE  CREDIT PRECATÓRIOS I - FIDC NP - SENIORES 1ª SÉRIE,,41755724000122
LESTE CREDIT PRECATORIOS II,,,,LESTE CREDIT PRECATÓRIOS II - SUBORDINADAS,,45145657000185
LESTE CREDIT PRECATORIOS III,,,,LESTE CREDIT PRECATÓRIOS III - FIDC NP - SENIORES ÚNICA,,
LESTE LLF CID FIDC NP I,,,,LESTE LLF CID FIDC NP I  - SENIORES ÚNICA,,
LET'S RENT CAR,Let's Rent a Car S.A.,,,,,00873894000124
LETO ASSET MANAGEMENT,,Leto Asset Management Ltda,,,,13189882000127
LEVE FIDC,,,,LEVE FIDC - SUBORDINADAS MEZANINO III,,
LEVER FUNDO INVESTIMENTO DIREITOS CREDITORIOS,,,,,LEVER FUNDO DE INVESTIMENTO EM DIREITOS CREDITÓRIOS,46390212000123
LGX FUNDO INVESTIMENTO DIREITOS CREDITORIOS,,,,,LGX FUNDO DE INVESTIMENTO EM DIREITOS CREDITÓRIOS – RESPONSABILIDADE LIMITADA,34218918000123
LGX FUNDO INVESTIMENTO DIREITOS CREDITORIOS NAO,,,,,LGX FUNDO DE INVESTIMENTO EM DIREITOS CREDITÓRIOS NÃO-PADRONIZADOS RESPONSABILIDADE LIMITADA,34218918000123
LIBRA FUNDO INVESTIMENTO DIREITOS CREDITORIOS MULTISSETORIAL,,,,,LIBRA FUNDO DE INVESTIMENTO EM DIREITOS CREDITÓRIOS MULTISSETORIAL,12400421000199
LIBRA II FUNDO INVESTIMENTO DIREITOS CREDITORIOS MULTISSETORIAL,,,,,LIBRA II FUNDO DE INVESTIMENTO EM DIREITOS CREDITÓRIOS MULTISSETORIAL,18563847000140
LIBRA II NP FUNDO INVESTIMENTO DIREITOS CREDITORIOS NAO PADRONIZADOS MULTISSETORIAL,,,,,LIBRA II NP FUNDO DE INVESTIMENTO EM DIREITOS CREDITÓRIOS NÃO PADRONIZADOS MULTISSETORIAL,18563847000140
LIGGA TELECOMUNICACOES,,Ligga Telecomunicações S.A.,Ligga Telecomunicacoes S.A.,,,04368865000166
LIGHT,Light S.A.,,,,,03378521000175
LIGHT ENERGIA,Light Energia S.A.,,,,,01917818000136
LIGHT SERVICOS ELETRICIDADE,Light Servicos de Eletricidade S.A.,,Light Servicos de Eletricidade S.A.,,,60444437000146
LIMAJ FIDC,,,,LIMAJ FIDC - SENIORES ÚNICA,,
LINHAS TAUBATE TRANSMISSORA ENERGIA,Linhas de Taubate Transmissora de Energia S.A.,,,,,
LINHAS XINGU TRANSMISSORA ENERGIA,Linhas de Xingu Transmissora de Energia S.A.,,,,,
LINK BANK FUNDO INVESTIMENTO DIREITOS CREDITORIOS NAO PADRONIZADOS MULTISSETORIAL,,,,,LINK BANK FUNDO DE INVESTIMENTO EM DIREITOS CREDITORIOS NAO PADRONIZADOS MULTISSETORIAL,29970181000160
LINS AGROINDUSTRIAL,,,Lins Agroindustrial S.A.,,,35637796000172
LITUS FUNDO INVESTIMENTO DIREITOS CREDITORIOS MULTISEGMENTOS,,,,,LITUS FUNDO DE INVESTIMENTO EM DIREITOS CREDITÓRIOS MULTISEGMENTOS,22101473000118
LITUS FUNDO INVESTIMENTO DIREITOS CREDITORIOS MULTISSETORIAL,,,,,LITUS FUNDO DE INVESTIMENTO EM DIREITOS CREDITORIOS MULTISSETORIAL,
LIVETECH BAHIA INDUSTRIA COMERCIO,,Livetech da Bahia Indústria e Comércio S.A.,,,,05917486000140
LIVRE FIDC,,,,LIVRE FIDC - SENIORES 3ª SÉRIE,,
LM TRANSPORTES INTERESTADUAIS SERVICOS COMERCIO,,LM Transportes Interestaduais Serviços e Comércio S.A.,LM Transportes Interestaduais Servicos e Comercio S.A.,,,00389481000179
LOCALIZA FLEET,Localiza Fleet S.A.,Localiza Fleet S.A.,,,,02286479000108
LOCALIZA RENT CAR,Localiza Rent a Car S.A.,Localiza Rent a Car S.A.,Localiza Rent a Car S.A.,,,16670085000155
LOG COMMERCIAL PROPERTIES PARTICIPACOES,,,LOG Commercial Properties e Participacoes S.A.,,,09041168000110
LOGISTICA AMBIENTAL SAO PAULO,,,Logistica Ambiental de Sao Paulo S.A. - LOGA,,,07032886000102
LOJAS RENNER,,,Lojas Renner S.A.,,,92754738000162
LONG SHOT FUNDO INVESTIMENTO COTAS FIDC,,,,,LONG SHOT FUNDO DE INVESTIMENTO EM COTAS DE FIDC,
LOTUS PERFORMANCE FUNDO INVESTIMENTO DIREITOS CREDITORIOS MULTISSETORIAL LP,,,,,Lotus Performance Fundo de Investimento em Direitos Creditórios Multissetorial LP,44409311000184
LS INTERBANK FIDC,,,,LS INTERBANK FIDC - MEZANINO CLASSE A,,
LUMINAE FIDC,,,,LUMINAE FIDC  - SUBORDINADAS MEZANINO,,
LUMY FUNDO INVESTIMENTO DIREITOS CREDITORIOS NAO,,,,,LUMY FUNDO DE INVESTIMENTO EM DIREITOS CREDITORIOS NAO-PADRONIZADO RESPONSABILIDADE LIMITADA,
LUSITANO FIDC,,,,LUSITANO FIDC - SUBORDINADAS JÚNIOR,,
LYSAN FUNDO INVESTIMENTO DIREITOS CREDITORIOS,,,,,LYSAN FUNDO DE INVESTIMENTO EM DIREITOS CREDITORIOS,41579682000116
L\'ARCA CONSIGNADO FUNDO INVESTIMENTO DIREITOS CREDITORIOS,,,,,L\'ARCA CONSIGNADO FUNDO DE INVESTIMENTO EM DIREITOS CREDITORIOS,
M DIAS BRANCO INDUSTRIA COMERCIO ALIMENTOS,M Dias Branco S.A. Industria e Comercio de Alimentos,,,,,07206816000115
M SUL FUNDO INVESTIMENTOS DIREITOS CREDITORIOS,,,,,M Sul Fundo de Investimentos em Direitos Creditórios,
MACCA CONSIGNADO PUBLICO FUNDO INVESTIMENTO DIREITOS CREDITORIOS RESPONSABILIDADE LIMITADA,,,,,MACCA CONSIGNADO PUBLICO FUNDO DE INVESTIMENTO EM DIREITOS CREDITORIOS RESPONSABILIDADE LIMITADA,
MACCA FUNDO INVESTIMENTO DIREITOS CREDITORIOS RESPONSABILIDADE LIMITADA,,,,,MACCA FUNDO DE INVESTIMENTO EM DIREITOS CREDITÓRIOS RESPONSABILIDADE LIMITADA,57090601000150
MACCABI FUNDO INVESTIMENTO DIREITOS CREDITORIOS,,,,,MACCABI FUNDO DE INVESTIMENTO EM DIREITOS CREDITORIOS,35654828000148
MADERO INDUSTRIA COMERCIO,,,Madero Industria E Comercio S.A.,,,13783221000478
MAGALUPAY,"MagaluPay - Sociedade de Credito, Financiamento e Investimento S.A.",,,,,
MAGAZINE LUIZA,,,Magazine Luiza S.A.,,,47960950000121
MAGNUM PARTNERS,,Magnum Partners S.A.,,,,18527845000103
MAIS TODOS FUNDO INVESTIMENTO DIREITOS CREDITORIOS,,Mais Todos Fundo de Investimento em Direitos Creditórios,,,,45121220000101
MAIS TODOS PF FUNDO INVESTIMENTO DIREITOS CREDITORIOS FINANCEIRO RESPONSABILIDADE LIMITADA,,,,,MAIS TODOS PF FUNDO DE INVESTIMENTO EM DIREITOS CREDITORIOS FINANCEIRO RESPONSABILIDADE LIMITADA,58088190000120
MALMO FICFIDC,,,,,MALMO FICFIDC-NP,
MANAUS AMBIENTAL,,,Manaus Ambiental S.A.,,,03264927000127
MANAUS TRANSMISSORA ENERGIA,,,Manaus Transmissora de Energia S.A.,,,09584854000137
MANI FIDC,,,,MANI FIDC - SUBORDINADAS JÚNIOR,,
MANTIQUEIRA ALIMENTOS,Mantiqueira Alimentos S.A.,,,,,04747794000102
MAPFRE INVESTIMENTOS,,Mapfre Investimentos Ltda.,,,,04160039000127
MARABA FIDC NP,,,,MARABÁ FIDC NP - SUBORDINADAS MEZANINO,,
MARANHAO,"Maranhao, State of",,,,,
MARFRIG GLOBAL FOODS,Marfrig Global Foods S.A.,,Marfrig Global Foods S.A.,,,03853896000140
MARIN FUNDO INVESTIMENTO DIREITOS CREDITORIOS MULTISSETORIAL LP,,,,,MARIN FUNDO DE INVESTIMENTO EM DIREITOS CREDITÓRIOS MULTISSETORIAL LP,13554539000134
MARITUBA TRANSMISSAO ENERGIA,,Marituba Transmissao de Energia S.A.,,,,31096307000161
MARLIM AZUL ENERGIA,Marlim Azul Energia SA,,,,,
MARTE FIDC,,,,MARTE FIDC  - SENIORES 1ª SÉRIE,,
MARTINS COMERCIO SERVICO DISTRIBUICAO,,,Martins Comercio e Servico de Distribuicao S.A.,,,43.214.055/0001-07
MATA SANTA GENEBRA TRANSMISSAO,Mata de Santa Genebra Transmissao S.A.,Mata de Santa Genebra Transmissão S.A.,,,,19699063000106
MATEUS SUPERMERCADOS,Mateus Supermercados S.A.,,,,,03995515001309
MATRINCHA TRANSMISSORA ENERGIA,Matrincha Transmissora de Energia (TP Norte) S.A.,,,,,
MATRIZ FIC FIDC,,,,MATRIZ FIC FIDC - SUBORDINADAS JÚNIOR,,
MATRIZ FUNDO INVESTIMENTO COTAS FUNDOS INVESTIMENTO DIREITOS CREDITORIOS,,,,,MATRIZ FUNDO DE INVESTIMENTO EM COTAS DE FUNDOS DE INVESTIMENTO EM DIREITOS CREDITÓRIOS,
MATRIZ FUNDO INVESTIMENTO DIREITOS CREDITORIOS,,,,,MATRIZ FUNDO DE INVESTIMENTO EM DIREITOS CREDITORIOS,
MAV ALTERNATIVE CREDIT FUNDO INVESTIMENTO DIREITOS CREDITORIOS NAO,,,,,Mav Alternative Credit Fundo de Investimento em Direitos Creditórios Não-Padronizados,50123492000180
MB GENESIS FIDC,,,,MB GÊNESIS FIDC - SUBORDINADAS JÚNIOR,,
MBM FIDC NP,,,,MBM FIDC NP - SUBORDINADAS JÚNIOR,,
MC BRAZIL DOWNSTREAM TRADING R.L.,MC Brazil Downstream Trading S.a.r.l.,,,,,
MEDSYSTEMS B24 FUNDO INVESTIMENTO DIREITOS CREDITORIOS SEGMENTO RECEBIVEIS COMERCIAIS RESPONSABILIDADE LIMITADA,,,Medsystems B24 Fundo de Investimento em Direitos Creditorios Segmento Recebiveis Comerciais de Responsabilidade Limitada,,,58.376.702/0001-54
MEINBERG FIDC,,,,MEINBERG FIDC - SENIORES 7ª SÉRIE,,
MELNICK DESENVOLVIMENTO IMOBILIARIO,,Melnick Desenvolvimento Imobiliário S.A.,,,,12181987000177
MENTORE FUNDO INVESTIMENTO DIREITOS CREDITORIOS,,,,,MENTORE FUNDO DE INVESTIMENTO EM DIREITOS CREDITORIOS,46082763000120
MERCADO CREDITO SOCIEDADE CREDITO,"Mercado Credito Sociedade de Credito, Financiamento e Investimento S.A.",,,,,
MERCADO PAGO INSTITUICAO PAGAMENTO,Mercado Pago Instituicao de Pagamento Ltda.,,,,,
MERCADOLIVRE. ATIVIDADES INTERNET,MercadoLivre.com Atividades de Internet Ltda.,,,,,
MERCANTIL CREDITO FIDC MULTI OPEN I,,,,MERCANTIL DE CRÉDITO FIDC MULTI OPEN I - SENIORES ÚNICA,,
MERCANTIL PRODUTOS ACO FIDC,,,,MERCANTIL PRODUTOS DE AÇO FIDC  - SENIORES ÚNICA,,
METRO BH,,Metrô BH S.A.,,,,46574475000192
METROPOLITANA ATIVOS FUNDO INVESTIMENTO DIREITOS CREDITORIOS MULTISSETORIAL,,,,,METROPOLITANA ATIVOS FUNDO DE INVESTIMENTO EM DIREITOS CREDITÓRIOS MULTISSETORIAL,18114024000137
METROPOLITANA ATIVOS FUNDO INVESTIMENTO DIREITOS CREDITORIOS MULTISSETORIAL LP,,,,,METROPOLITANA ATIVOS FUNDO DE INVESTIMENTO EM DIREITOS CREDITÓRIOS MULTISSETORIAL LP,18114024000137
METROPOLITANA CONSIGNADO PRIVADO FIDC,,,,METROPOLITANA CONSIGNADO PRIVADO FIDC - SENIORES 1ª SÉRIE,,
MEZ 3 ENERGIA,MEZ 3 Energia S.A.,,,,,
MEZ 4 ENERGIA,MEZ 4 Energia S.A.,,,,,
MEZ 5 ENERGIA,Mez 5 Energia S.A.,,,,,
MEZ 6 ENERGIA,,Mez 6 Energia S.A.,,,,
MGW ATIVOS FUNDO INVESTIMENTO DIREITOS CREDITORIOS NAO,,,,,MGW ATIVOS FUNDO DE INVESTIMENTO DIREITOS CREDITORIOS NAO-PADRONIZADOS,24252610000140
MGW ATIVOS FUNDO INVESTIMENTO DIREITOS CREDITORIOS RESPONSABILIDADE LIMITADA,,,,,MGW ATIVOS FUNDO DE INVESTIMENTO EM DIREITOS CREDITÓRIOS RESPONSABILIDADE LIMITADA,24252610000140
MICROCREDITO IMPACTO SOCIAL FIDC,,,,BRASIL MICROCRÉDITO DE IMPACTO SOCIAL FIDC - SENIORES ÚNICA,,
MILAS FUNDO INVESTIMENTO DIREITOS CREDITORIOS NAO PADRONIZADOS RESPONSABILIDADE LIMITADA,,,,,MILAS FUNDO DE INVESTIMENTO EM DIREITOS CREDITÓRIOS NÃO PADRONIZADOS RESPONSABILIDADE LIMITADA,26286853000125
MILAS FUNDO INVESTIMENTOS DIREITOS CREDITORIOS,,,,,Milas Fundo de Investimentos em Direitos Creditórios - Não Padronizado,
MILLS LOCACAO SERVICOS LOGISTICA,,,Mills Locacao Servicos e Logistica S.A.,,,27093558000115
MINAS GERAIS,,,Minas Gerais (State of),,,00058113000148
MINERVA,Minerva S.A.,,Minerva S.A.,,,67620377000114
MINERVA FIDC II,Minerva FIDC II - Credito Mercantil Responsabilidade Limitada,,,,,
MINHA CASA MINHA VIDA FUNDO INVESTIMENTO DIREITOS CREDITORIOS NP RESPONSABILIDADE LIMITADA,,,,,MINHA CASA MINHA VIDA FUNDO DE INVESTIMENTO EM DIREITOS CREDITÓRIOS NP RESPONSABILIDADE LIMITADA,61995402000168
MINUM GENCO GERADORA,,Minum Genco Geradora S.A.,,,,53043876000181
MIRANTE ENERGETICA,Mirante Energetica S.A.,,,,,
MITTU FUNDO INVESTIMENTO DIREITOS CREDITORIOS,,,,,MITTU FUNDO DE INVESTIMENTO EM DIREITOS CREDITORIOS,31570850000159
MITTU FUNDO INVESTIMENTO DIREITOS CREDITORIOS NAO PADRONIZADOS,,,,,MITTU FUNDO DE INVESTIMENTO EM DIREITOS CREDITORIOS NAO PADRONIZADOS,31570850000159
MLC 1A,,,,,MLC 1A - FUNDO DE INVESTIMENTO EM DIREITOS CREDITÓRIOS - RESPONSABILIDADE LIMITADA,
MLC 1A FUNDO INVESTIMENTO DIREITOS CREDITORIOS NAO PADRONIZADOS,,,,,MLC 1A FUNDO DE INVESTIMENTO EM DIREITOS CREDITORIOS NÃO PADRONIZADOS,
MLC1 FUNDO INVESTIMENTO DIREITOS CREDITORIOS,,,,,MLC1 FUNDO DE INVESTIMENTO EM DIREITOS CREDITÓRIOS - RESPONSABILIDADE LIMITADA,
MNLT,,,MNLT S.A.,,,12592831000189
MOBIUS LEGAL CLAIMS 1,,,,,MÖBIUS LEGAL CLAIMS 1 - FUNDO DE INVESTIMENTO EM DIREITOS CREDITÓRIOS NÃO-PADRONIZADOS,
MOBIUS TOTAL RETURN 1,,,,,MOBIUS TOTAL RETURN 1 - FUNDO DE INVESTIMENTO EM DIREITOS CREDITORIOS,46729344000137
MOBIUS VD TOTAL RETURN 1,,,,,MOBIUS VD TOTAL RETURN 1 - FUNDO DE INVESTIMENTO EM DIREITOS CREDITORIOS,47410122000110
MOKA FUND I FIDC MULTISSETORIAL,,,,MOKA FUND I FIDC MULTISSETORIAL - SENIORES ÚNICA,,
MOKA FUND I FUNDO INVESTIMENTO DIREITOS CREDITORIOS,,,,,MOKA FUND I FUNDO DE INVESTIMENTO EM DIREITOS CREDITÓRIOS,12400426000111
MOKA FUND I FUNDO INVESTIMENTO DIREITOS CREDITORIOS NAO PADRONIZADOS MULTISSETORIAL,,,,,Moka Fund I Fundo de Investimento em Direitos Creditórios Não Padronizados Multissetorial,12400426000111
MONEE II FUNDO INVESTIMENTO DIREITOS CREDITORIOS SEGMENTO FINANCEIRO,,Monee II Fundo de Investimento em Direitos Creditórios Segmento Financeiro – Responsabilidade limitada,,,,58152340000118
MONEFY FUNDO INVESTIMENTO DIREITOS CREDITORIOS MULTISSETORIAL,,,,,MONEFY FUNDO DE INVESTIMENTO EM DIREITOS CREDITORIOS MULTISSETORIAL,25354121000162
MONGERAL AEGON INVESTIMENTOS,,Mongeral Aegon Investimentos Ltda.,,,,16500294000150
MONGERAL AEGON RENDA VARIAVEL,,Mongeral Aegon Renda Variavel Ltda.,,,,37995213000100
MONTE RODOVIAS NORDESTE I HOLDING PARTICIPACOES,Monte Rodovias Nordeste I Holding Participacoes S.A.,,,,,
MORI ENERGIA HOLDING,,Mori Energia Holding S.A.,,,,29183782000123
MORIAH,,,,,MORIAH - FUNDO DE INVESTIMENTOS EM DIREITOS CREDITORIOS,03210959000140
MOS GESTAO INVESTIMENTOS,,MOS Gestão de Investimentos Ltda,,,,02328724000194
MOTIVA INFRAESTRUTURA MOBILIDADE,Motiva Infraestrutura de Mobilidade S.A.,,Motiva Infraestrutura de Mobilidade S.A.,,,02846056000197
MOURA DUBEUX ENGENHARIA,,,Moura Dubeux Engenharia S.A.,,,12049631000184
MOUSTACHE RAPPI FUNDO INVESTIMENTO DIREITOS CREDITORIOS,,,,,MOUSTACHE RAPPI FUNDO DE INVESTIMENTO EM DIREITOS CREDITÓRIOS - RESPONSABILIDADE LIMITADA,61975703000120
MOVIDA PARTICIPACOES,Movida Participacoes S.A.,Movida Participações S.A.,Movida Participacoes S.A.,,,21314559000166
MP FIDC,,,,MP FIDC - SUBORDINADAS JÚNIOR,,
MPM CORPOREOS,MPM Corporeos S.A.,,,,,26659061000159
MR FIDC,,,,MR FIDC - SUBORDINADAS JÚNIOR,,
MR FUNDO INVESTIMENTO DIREITOS CREDITORIOS,,,,,MR FUNDO DE INVESTIMENTO EM DIREITOS CREDITÓRIOS,22175405000101
MRS LOGISTICA,MRS Logistica S.A.,,MRS Logistica S.A.,,,01417222000177
MRV ENGENHARIA PARTICIPACOES,,,MRV Engenharia e Participacoes S.A.,,,08343492000120
MS MULTI FUNDO INVESTIMENTO DIREITOS CREDITORIOS,,,,,MS MULTI FUNDO DE INVESTIMENTO EM DIREITOS CREDITÓRIOS,39664088000181
MSV3 FIDC,,,,MSV3 FIDC  - SENIORES 1ª SÉRIE,,
MT CONSIGNADO PRIVADO II FIDC,,,,MT CONSIGNADO PRIVADO II FIDC - SENIORES 2ª SÉRIE,,
MT FUNDO INVESTIMENTO DIREITOS CREDITORIOS NAO PADRONIZADOS,,,,,MT FUNDO DE INVESTIMENTO EM DIREITOS CREDITORIOS NAO PADRONIZADOS,
MT INSS RECEIVABLES VI FUNDO INVESTIMENTO DIREITOS CREDITORIOS RESPONSABILIDADE LIMITADA,,MT INSS Receivables Vi Fundo De Investimento Em Direitos Creditorios Responsabilidade Limitada,,,,62310468000130
MULTI ASSET FIDC,,,,MULTI ASSET FIDC - SUBORDINADAS,,
MULTI INFRA FUNDO INVESTIMENTO DIREITOS CREDITORIOS NAO,,,,,MULTI INFRA FUNDO DE INVESTIMENTO EM DIREITOS CREDITÓRIOS NÃO-PADRONIZADOS,07084253000130
MULTI RECEBIVEIS II FIDC,,,,MULTI RECEBÍVEIS II FIDC - SENIORES 7ª SÉRIE,,
MULTI RECEBIVEIS II FUNDO INVESTIMENTO DIREITOS CREDITORIOS,,,,,MULTI RECEBIVEIS II FUNDO DE INVESTIMENTO EM DIREITOS CREDITORIOS,09137729000189
MULTI RECEBIVEIS II FUNDO INVESTIMENTO DIREITOS CREDITORIOS MULTISEGMENTOS,,,,,MULTI RECEBÍVEIS II FUNDO DE INVESTIMENTO EM DIREITOS CREDITÓRIOS MULTISEGMENTOS,09137729000189
MULTI RECEBIVEIS III FUNDO INVESTIMENTO DIREITOS CREDITORIOS,,,,,MULTI RECEBÍVEIS III FUNDO DE INVESTIMENTO EM DIREITOS CREDITÓRIOS,29492868000138
MULTI7 FIDC NP,,,,MULTI7 FIDC NP - SUBORDINADAS MEZANINO,,
MULTIFRIGO FUNDO INVESTIMENTO DIREITOS CREDITORIOS NAO PADRONIZADOS,,,,,MULTIFRIGO FUNDO DE INVESTIMENTO EM DIREITOS CREDITORIOS NAO PADRONIZADOS,29243005000127
MULTILOG,,Multilog Brasil S.A.,,,,60526977000179
MULTINVEST CAPITAL ADMINISTRADORA RECURSOS,,,,MULTINVEST CAPITAL ADMINISTRADORA DE RECURSOS LTDA.,,12564465000154
MULTIPLAN EMPREENDIMENTOS IMOBILIARIOS,Multiplan Empreendimentos Imobiliarios S.A.,,Multiplan Empreendimentos Imobiliarios S.A.,,,07816890000820
MULTIPLICA FIDC,,,,MULTIPLICA FIDC  - SUBORDINADAS JÚNIOR,,
MULTIPLIK FIDC NP,,,,MULTIPLIK FIDC NP - SUBORDINADAS JÚNIOR,,
MULTIPLIK FUNDO INVESTIMENTO DIREITOS CREDITORIOS MULTISSETORIAL LP,,,,,MULTIPLIK FUNDO DE INVESTIMENTO EM DIREITOS CREDITÓRIOS MULTISSETORIAL LP,23426441000155
MULTIPLIKE FIDC,,,,MULTIPLIKE FIDC - SUBORDINADAS MEZANINO,,
MULTIPLIKE FINANCEIRA SOCIEDADE CREDITO,"Multiplike Financeira S.A. Sociedade De Credito, Financiamento E Investimento",,,,,
MULTIPLIKE FUNDO INVESTIMENTO DIREITOS CREDITORIOS,,,,,Multiplike Fundo de Investimento em Direitos Creditórios,29469420000101
MULTIPLIKE SECURITIZADORA 2024,"Multiplike Securitizadora S.A. 2024-15-1,2,3 (Debentures Multiplike)",,,,,14955141000172
MUNDI FUNDO INVESTIMENTO DIREITOS CREDITORIOS MULTISEGMENTOS,,,,,MUNDI FUNDO DE INVESTIMENTO EM DIREITOS CREDITÓRIOS MULTISEGMENTOS,
MUNDI FUNDO INVESTIMENTO DIREITOS CREDITORIOS NAO PADRONIZADOS,,,,,MUNDI FUNDO DE INVESTIMENTO EM DIREITOS CREDITÓRIOS NÃO PADRONIZADOS,
MUNDIAL FIDC SERVICOS,,,,MUNDIAL FIDC SERVIÇOS - SUBORDINADAS JÚNIOR,,
MUNICIPALITY OF NITEROI,Municipality of Niteroi,,,,,
MUNICIPIO CONTAGEM,,,,MUNICÍPIO DE CONTAGEM,,03769735000172
MUNICIPIO GUARULHOS,,,,MUNICÍPIO DE GUARULHOS,,01511780000105
MUNICIPIO JUNDIAI,,,,MUNICÍPIO DE JUNDIAÍ,,02491361000103
MUNICIPIO OSASCO,,,,MUNICÍPIO DE OSASCO,,01969877000158
MUNICIPIO SANTOS,,,,MUNICÍPIO DE SANTOS,,11512198000109
MV24 CAPITAL B.V.,MV24 Capital B.V.,,,,,
MV4 PARTICIPACOES,,MV4 Participações S.A.,,,,21557713000120
NACIONAL FEITO PRA VOCE FUNDO INVESTIMENTO DIREITOS CREDITORIOS NAO,,,,,NACIONAL FEITO PRA VOCÊ FUNDO DE INVESTIMENTO EM DIREITOS CREDITÓRIOS NÃO-PADRONIZADOS,
NACIONAL FEITO PRA VOCE FUNDO INVESTIMENTO DIREITOS CREDITORIOS RESPONSABILIDADE LIMITADA,,,,,NACIONAL FEITO PRA VOCÊ FUNDO DE INVESTIMENTO EM DIREITOS CREDITÓRIOS DE RESPONSABILIDADE LIMITADA,43309133000157
NAGRO GHIA FIAGRO,,,,NAGRO GHIA FIAGRO - SUBORDINADAS JÚNIOR,,
NAIA ZETTA VENTURE DEBT FIDC,,,,NAIA ZETTA VENTURE DEBT FIDC - ÚNICA,,
NANBAN FUNDO INVESTIMENTO DIREITOS CREDITORIOS NAO PADRONIZADOS RESPONSABILIDADE LIMITADA,,,,,NANBAN FUNDO DE INVESTIMENTO EM DIREITOS CREDITÓRIOS NÃO PADRONIZADOS RESPONSABILIDADE LIMITADA,36741161000183
NANBAN II FUNDO INVESTIMENTO DIREITOS CREDITORIOS NAO,,,,,NANBAN II FUNDO DE INVESTIMENTO EM DIREITOS CREDITÓRIOS NÃO-PADRONIZADOS,
NANBAN II FUNDO INVESTIMENTO DIREITOS CREDITORIOS RESPONSABILIDADE LIMITADA,,,,,NANBAN II FUNDO DE INVESTIMENTO EM DIREITOS CREDITÓRIOS RESPONSABILIDADE LIMITADA,46073588000104
NARDINI AGROINDUSTRIAL,,,Nardini Agroindustrial Ltda.,,,48708267000164
NATURA CO LUXEMBOURG HOLDINGS R.L.,Natura &Co Luxembourg Holdings S.a r.l.,,,,,
NATURA COSMETICOS,Natura Cosmeticos S.A.,,Natura Cosmeticos S.A.,,,71673990000177
NAUTILUS,,,,,Nautilus - Fundo de Investimentos em Direitos Creditórios,
NAVI CAPITAL,,Navi Capital - Administradora e Gestora de Recursos Ltda.,,,,27133825000130
NAVI REAL ESTATE SELECTION,,Navi Real Estate Selection - Administradora e Gestora de Recursos Financeiros Ltda.,,,,37658373000164
NAVI YIELD ADMINISTRADORA GESTORA RECURSOS FINANCEIROS,,Navi Yield Administradora e Gestora de Recursos Financeiros Ltda.,,,,34745508000130
NDMP I FIDC,,,,NDMP I FIDC - SUBORDINADAS MEZANINO III,,
NDMP I FUNDO INVESTIMENTO DIREITOS CREDITORIOS,,NDMP I Fundo de Investimento em Direitos Creditórios,,,,24552987000115
NEB FUNDO INVESTIMENTO DIREITOS CREDITORIOS NAO,,,,,NEB FUNDO DE INVESTIMENTO EM DIREITOS CREDITÓRIOS NÃO-PADRONIZADOS,
NEB FUNDO INVESTIMENTO DIREITOS CREDITORIOS RESPONSABILIDADE LIMITADA,,,,,NEB FUNDO DE INVESTIMENTO EM DIREITOS CREDITÓRIOS RESPONSABILIDADE LIMITADA,
NEOCRED FIDC,,,,NEOCRED FIDC  - SUBORDINADAS JÚNIOR,,
NEOENERGIA,,,Neoenergia S.A.,,,01083200000118
NEOENERGIA DISTRIBUICAO BRASILIA,,,Neoenergia Distribuicao Brasilia S.A.,,,07522669000192
NEOENERGIA MORRO CHAPEU TRANSMISSAO ENERGIA,,,Neoenergia Morro do Chapeu Transmissao e Energia S.A.,,,28438834000100
NEON FINANCEIRA,,"Neon Financeira - Crédito, Financiamento e Investimento S.A.",,,,11285104000106
NEON FUNDO INVESTIMENTO DIREITOS CREDITORIOS I,,,,,NEON FUNDO DE INVESTIMENTO EM DIREITOS CREDITORIOS I,
NEON PAGAMENTOS,,Neon Pagamentos S.A. - Instituição de Pagamentos,,,,20855875000182
NEW TRADE FIDC,,,,NEW TRADE FIDC - SUBORDINADAS,,
NEXA RECURSOS MINERAIS,Nexa Recursos Minerais S.A.,,,,,
NEXA RESOURCES,Nexa Resources S.A.,,,,,
NITEROI,,,Niteroi (City of),,,28521748000159
NORSA REFRIGERANTES,Norsa Refrigerantes S.A.,Norsa Refrigerantes S.A.,,,,07196033000106
NORTE ASSET MANAGEMENT GESTAO RECURSOS,,Norte Asset Management Gestão De Recursos S.A.,,,,36633625000138
NORTE ENERGIA,Norte Energia S/A,,,,,12300288000107
NORTE TRANSMISSORA ENERGIA,,,Norte Brasil Transmissora de Energia S.A.,,,09625321000156
NOVA CAPITAL FUNDO INVESTIMENTO DIREITOS CREDITORIOS,,,,,NOVA CAPITAL FUNDO DE INVESTIMENTO EM DIREITOS CREDITORIOS,33289359000180
NOVA MOBI PERNAMBUCO,,Nova Mobi Pernambuco – SPE S.A.,,,,44467456000131
NOVA OCCAM GESTAO RECURSOS,Nova Occam Brasil Gestao de Recursos Ltda,,,,,43228545000162
NOVA SECURITISATION R.L.,Nova Securitisation S.A.R.L.,,,,,
NOVA TRANSPORTADORA SUDESTE,Nova Transportadora do Sudeste S.A. - NTS,,,,,04992714000184
NOVO BANCO CONTINENTAL,Novo Banco Continental S.A. - Banco Multiplo,,,,,05985814000146
NOVO MUNDO FIDC,,,,NOVO MUNDO FIDC - SUBORDINADAS JÚNIOR,,
NOVO NORTE AEROPORTOS,Novo Norte Aeroportos S.A,,,,,
NPL SN FUNDO INVESTIMENTO DIREITOS CREDITORIOS RESPONSABILIDADE LIMITADA,,,,,NPL SN FUNDO DE INVESTIMENTO EM DIREITOS CREDITORIOS RESPONSABILIDADE LIMITADA,54585485000151
NU ASSET MANAGEMENT,,Nu Asset Management Ltda,,,,29349426000137
NU FINANCEIRA,,Nu Financeira S.A.,"Nu Financeira S.A. - Sociedade de Credito, Financiamento e Investimento",,,30680829000143
NXC CAPITAL FIDC,,,,NXC CAPITAL FIDC - SUBORDINADAS MEZANINO I,,
NXC CAPITAL FUNDO INVESTIMENTO DIREITOS CREDITORIOS,,,,,NXC CAPITAL FUNDO DE INVESTIMENTO EM DIREITOS CREDITÓRIOS,
OBELISK FIC FIDC,,,,OBELISK FIC FIDC - ÚNICA,,
OCCAM GESTAO RECURSOS,Occam Brasil Gestao de Recursos Ltda.,,,,,27916161000186
OCCAM PORTFOLIO CREDITO FIDC,,,,OCCAM PORTFÓLIO CRÉDITO FIDC - ÚNICA,,
OCEAN ASSET FUNDO INVESTIMENTO DIREITOS CREDITORIOS,,,,,OCEAN ASSET FUNDO DE INVESTIMENTO EM DIREITOS CREDITORIOS,26984508000165
OCEANA INVESTIMENTOS,,Oceana Investimentos,,,,09326542000123
OCEANICA ENGENHARIA CONSULTORIA,Oceanica Engenharia e Consultoria S.A.,,,,,29980141000108
OCEANPACT SERVICOS MARITIMOS,,OceanPact Serviços Marítimos S.A.,,,,09114805000130
OCTANTE SECURITIZADORA 2021,Octante Securitizadora S.A. 2021-30-1 (FS),,,,,
OI,Oi S.A.,,,,,76535764000143
OI MOVEL,Oi Movel S.A.,,,,,
OKNO 1 FIDC,,,,OKNO 1 FIDC  - MEZANINO CLASSE A,,
OKNO 1 FUNDO INVESTIMENTO DIREITOS CREDITORIOS,,,,,OKNO 1 FUNDO DE INVESTIMENTO EM DIREITOS CREDITÓRIOS,
OLEOPLAN,,OLEOPLAN S.A. - Óleos Vegetais Planalto,,,,88676127000176
OLFAR,,Olfar S.A. - Alimento e energia,,,,91830836000179
OLINDINA PARTICIPACOES,,Olindina Participações S.A.,,,,45688565000141
OLIVEIRA TRUST DISTRIBUIDORA TITULOS VALORES MOBILIARIOS,,,,,OLIVEIRA TRUST DISTRIBUIDORA DE TITULOS E VALORES MOBILIARIOS S.A.,36113876000191
OLIVEIRA TRUST DTVM,,,,,Oliveira Trust  DTVM S.A.,21110778000123
OLIVEIRA TRUST SERVICER,,,,,OLIVEIRA TRUST SERVICER S.A.,02150453000120
OMNI,"Omni S.A. - Credito, Financiamento e Investimento",,Omni S.A. - Credito Financiamento e Investimento,,,92228410000102
OMNI BANCO,Omni Banco S.A.,,Omni Banco S.A.,,,60850229000147
ONCOCLINICAS SERVICOS MEDICOS,Oncoclinicas do Brasil Servicos Medicos S.A.,,,,,12104241000402
ONE7 FUNDO INVESTIMENTO COTAS FUNDOS INVESTIMENTO DIREITOS CREDITORIOS NP,,,,,ONE7 FUNDO DE INVESTIMENTO EM COTAS DE FUNDOS DE INVESTIMENTO EM DIREITOS CREDITORIOS NP,
OPEA SECURITIZADORA,,"Opea Securitizadora - 1ª, 2ª e 3ª Séries da 219ª Emissão de CRAs (Risco Frigol)",Opea Securitizadora S.A.,OPEA SECURITIZADORA - RISCO SHOPPING MADUREIRA - (1ª EMISSÃO - 468ª E 470ª SÉRIES),Opea Securitizadora S.A.,02773542000122
OPEA SECURITIZADORA 2011,"Opea Securitizadora S.A. 2011-1-85,86,87 (Petrobras)",,,,,
OPEA SECURITIZADORA 2012,Opea Securitizadora S.A. 2012-1-69 (Vibra Energia),,,,,02.773.542/0001-22
OPEA SECURITIZADORA 2015,"Opea Securitizadora S.A. 2015-1-61,62 (Havan)",,,,,02.773.542/0001-22
OPEA SECURITIZADORA 2016,Opea Securitizadora S.A. 2016-5-26 (Alianca do Brasil Seguros),,,,,02773542000122
OPEA SECURITIZADORA 2017,Opea Securitizadora S.A. 2017-1-165 (Rede D'Or),,,,,02773542000122
OPEA SECURITIZADORA 2018,"Opea Securitizadora S.A. 2018-1-188,189 (Rede D'Or)",,,,,
OPEA SECURITIZADORA 2019,Opea Securitizadora S.A. 2019-1-214 (Rede D'Or),,,,,02.773.542/0001-22
OPEA SECURITIZADORA 2020,Opea Securitizadora S.A. 2020-1-268 (JSL),,,,,
OPEA SECURITIZADORA 2021,Opea Securitizadora S.A. 2021-14-1 (Eldorado),,,,,02.773.542/0001-22
OPEA SECURITIZADORA 2022,"Opea Securitizadora S.A. 2022-72-1,2,3 (Assai)",,,,,02.773.542/0001-22
OPEA SECURITIZADORA 2023,Opea Securitizadora S.A. 2023-65-1 (Klabin),,,,,02.773.542/0001-22
OPEA SECURITIZADORA 2024,Opea Securitizadora S.A. 2024-301-1 (Almeida Junior),,,,,02.773.542/0001-22
OPEA SECURITIZADORA 2025,"Opea Securitizadora S.A. 2025-539-1,2 (Almeida Junior)",,,,,02773542000122
OPEA SECURITIZADORA 2026,"Opea Securitizadora S.A. 2026-588-1,2,3 (Allos)",,,,,02.773.542/0001-22
OPERA FUNDO INVESTIMENTO DIREITOS CREDITORIOS MULTISETORIAL,,,,,OPERA FUNDO DE INVESTIMENTO EM DIREITOS CREDITORIOS MULTISETORIAL,29226704000169
OPHIR FUNDO INVESTIMENTO DIREITOS CREDITORIOS,,,,,OPHIR FUNDO DE INVESTIMENTO EM DIREITOS CREDITORIOS,42605322000104
OPI GOOROO FIDC,,,,OPI GOOROO FIDC  - SUBORDINADAS JÚNIOR,,
OPTA INVEST FIDC,,,,OPTA INVEST FIDC - SUBORDINADAS JÚNIOR,,
OPY HEALTHCARE GESTAO ATIVOS INVESTIMENTOS,Opy Healthcare Gestao de Ativos e Investimentos S.A.,,,,,30914898000174
ORIGEM ENERGIA,Origem Energia S.A,,,,,32021201000161
ORIZON MEIO AMBIENTE,,,Orizon Meio Ambiente S.A.,,,03279285000130
ORIZON VALORIZACAO RESIDUOS,,,Orizon Valorizacao de Residuos S.A.,,,11421994000136
OURIBANK BANCO MULTIPLO,,Ouribank S.A. Banco Múltiplo,,,,78632767000120
OURINHOS SANEAMENTO,,Ourinhos Saneamento S.A.,,,,55474939000180
OURO PRETO SERVICOS SANEAMENTO,,Ouro Preto Serviços de Saneamento S.A. (Saneouro),,,,35198517000111
OUTFIELD FUNDO INVESTIMENTO DIREITOS CREDITORIOS NAO PADRONIZADO,,,,,OUTFIELD FUNDO DE INVESTIMENTO EM DIREITOS CREDITORIOS NAO PADRONIZADO,
OXSS FIDC,,,,OXSS FIDC - SUBORDINADAS MEZANINO,,
OXSS FUNDO INVESTIMENTO DIREITOS CREDITORIOS,,,,,OXSS FUNDO DE INVESTIMENTO EM DIREITOS CREDITORIOS,
OXY COMPANHIA HIPOTECARIA,,Oxy Companhia Hipotecária S.A.,,,,18282093000150
OZN HEALTH SPE,OZN Health SPE S.A.,,,,,18080368000172
PACAEMBU CONSTRUTORA,,Pacaembu Construtora S.A.,,,,96298013000168
PACIFIC FIDC,,,,PACIFIC FIDC - SUBORDINADAS MEZANINO,,
PACIFIC FUNDO INVESTIMENTO DIREITOS CREDITORIOS NAO,,,,,PACIFIC FUNDO DE INVESTIMENTO EM DIREITOS CREDITORIOS NAO-PADRONIZADOS,
PADOVA PARTICIPACOES,,,Padova Participacoes S.A.,,,11101981000180
PAGBEM FUNDO INVESTIMENTOS DIREITOS CREDITORIOS,,,,,Pagbem Fundo de Investimentos em Direitos Creditórios,
PAGOL FUNDO INVESTIMENTO DIREITOS CREDITORIOS,,,,,PAGOL FUNDO DE INVESTIMENTO EM DIREITOS CREDITORIOS,46285106000180
PAMPA TRANSMISSAO ENERGIA,,,Pampa Transmissao de Energia S.A.,,,32184487000104
PARAIBA,,,Paraiba (State of),,,08761124000100
PARANA,"Parana, State of",,,,,
PARANA BANCO,Parana Banco S.A.,,Parana Banco S.A,,,14388334000199
PARANA BANCO CONSIGNADO INSS IV FUNDO INVESTIMENTO DIREITOS CREDITORIOS RESP LIMITADA,,Paraná Banco Consignado INSS IV Fundo de Investimento em Direitos Creditórios Resp Limitada,,,,
PARANAGUA SANEAMENTO,,,Paranagua Saneamento S.A.,,,01691945000160
PARANAIBA TRANSMISSORA ENERGIA,Paranaiba Transmissora de Energia S.A.,,,,,
PARATY G.D.,Paraty G.D. S.A.,,,,,
PARINTINS AMAZONAS TRANSMISSORA ENERGIA,Parintins Amazonas Transmissora de Energia S.A.,,,,,
PARSAN,,,Parsan S.A.,,,44854238000150
PARTNERSHIP MONEY FUNDO INVESTIMENTO DIREITOS CREDITORIOS,,,,,PARTNERSHIP MONEY FUNDO DE INVESTIMENTO EM DIREITOS CREDITORIOS,42432185000153
PASTIFICIO SELMI,Pastificio Selmi S.A.,,,,,
PATAGONIA FUNDO INVESTIMENTO DIREITOS CREDITORIOS NAO PADRONIZADOS,,,,,PATAGONIA FUNDO DE INVESTIMENTO EM DIREITOS CREDITORIOS NAO PADRONIZADOS,42866957000165
PATRIA CREDITO ESTRUTURADO FIDC,Patria Credito Estruturado FIDC,,,,,
PATRIA INFRA CREDITO I FUNDO INVESTIMENTO DIREITOS CREDITORIOS,Patria INFRA Credito I Fundo de Investimento EM Direitos Creditorios,,,,,
PAULISTA YIELD FIDC,,,,PAULISTA YIELD FIDC - SUBORDINADAS MEZANINO,,
PAX INVESTIMENTOS AEROPORTOS,,PAX Investimentos em Aeroportos S.A,,,,48533969000154
PBG,PBG S/A,,,,,83475913000191
PCH BV II GERACAO ENERGIA,,PCH BV II Geração de Energia S.A.,,,,22091543000102
PCS II BI FIDC NP,,,,PCS II BI FIDC NP - SUBORDINADAS,,
PEGCARD FIDC,,,,PEGCARD FIDC - SENIORES ÚNICA,,
PEREGRINA FUNDO INVESTIMENTO DIREITOS CREDITORIOS,,,,,PEREGRINA FUNDO DE INVESTIMENTO EM DIREITOS CREDITORIOS,32711472000149
PERFIN EQUITIES ADMINISTRACAO RECURSOS,,Perfin Equities Administração de Recursos Ltda.,,,,43020918000105
PERFIN INFRA ADMINISTRACAO RECURSOS,,Perfin Infra Administração de Recursos Ltda.,,,,04232804000177
PERNAMBUCANAS FUNDO INVESTIMENTO DIREITOS CREDITORIOS RESPONSABILIDADE,,,Pernambucanas Fundo de Investimento em Direitos Creditorios de Responsabilidade Ltda.,,,57624406000162
PET CENTER COMERCIO PARTICIPACOES,,Pet Center Comércio e Participações S.A. - Petz,,,,18328118000109
PETROLEO BRASILEIRO,Petroleo Brasileiro S.A. (Petrobras),Petróleo Brasileiro S.A. (PETROBRAS),Petroleo Brasileiro S.A. - Petrobras,,,33000167000101
PETRORECONCAVO,,PetroReconcavo S.A.,,,,03342704000130
PGE,PGE - GUARAU GERADORA DE ENERGIA S.A.,,,,,
PHD FUNDO INVESTIMENTO DIREITOS CREDITORIOS,,,,,PHD FUNDO DE INVESTIMENTO EM DIREITOS CREDITORIOS,39769038000169
PICPAY BANK,,PicPay Bank - Banco Múltiplo S.A.,,,,09516419000175
PIKI DIGITAL LENDING FIDC,,,,PIKI DIGITAL LENDING FIDC  - SUBORDINADAS MEZANINO I,,42881844000139
PINARELLO FUNDO INVESTIMENTO DIREITOS CREDITORIOS,,,,,Pinarello Fundo de Investimento em Direitos Creditórios,29109292000187
PINARELLO FUNDO INVESTIMENTO DIREITOS CREDITORIOS RESPONSABILIDADE LIMITADA,,,,,PINARELLO FUNDO DE INVESTIMENTO EM DIREITOS CREDITÓRIOS RESPONSABILIDADE LIMITADA,29109292000187
PINE INSS FUNDO INVESTIMENTO DIREITOS CREDITORIOS SEGMENTO FINANCEIRO RESP LIMITADA,,Pine Inss Fundo De Investimento Em Direitos Creditórios Segmento Financeiro Resp Limitada,,,,61271872000189
PINE INSS II FUNDO INVESTIMENTO DIREITOS CREDITORIOS RESPONSABILIDADE LIMITADA,,Pine INSS II Fundo de Investimento em Direitos Creditórios Responsabilidade Limitada,,,,63321684000143
PINE INSS III FUNDO INVESTIMENTO DIREITOS CREDITORIOS RESPONSABILIDADE LIMITADA,,Pine INSS III Fundo de Investimento em Direitos Creditorios Responsabilidade Limitada,,,,63546406000194
PINE LIFT I CARTAO INSS FUNDO INVESTIMENTO DIREITOS CREDITORIOS,,,,,PINE LIFT I CARTÃO INSS FUNDO DE INVESTIMENTO EM DIREITOS CREDITÓRIOS – RESPONSABILIDADE LIMITADA,
PIRAPORA II SOLAR HOLDING,Pirapora II Solar Holding S.A.,,,,,
PIRAPORA SOLAR HOLDING,Pirapora Solar Holding S.A.,,,,,
PIXCARD FIDC,,,,PIXCARD FIDC - SUBORDINADAS JÚNIOR,,
PJUS FIDC NP,,,,PJUS FIDC NP - ÚNICA,,
PLANAGRI,,,Planagri S.A.,,,01644277000110
PLANO PLANO DESENVOLVIMENTO IMOBILIARIO,,,Plano & Plano Desenvolvimento Imobiliario S.A.,,,24230275000180
PLATA FIDC,,,,,Plata FIDC - Fundo de Investimento em Direitos Creditórios Multissetorial LP,
PLATA FIDC MULTISSETORIAL LP,,,,PLATA FIDC MULTISSETORIAL LP - MEZANINO CLASSE B,,
PLATA I FUNDO INVESTIMENTO DIREITOS CREDITORIOS MULTISSEGMENTOS,,,,,Plata I Fundo de Investimento em Direitos Creditórios Multissegmentos,17198574000119
PLATAO CAPITAL,,Platão Capital S.A.,,,,49703913000163
PLENO INVEST FIDC,,,,PLENO INVEST FIDC - SUBORDINADAS JÚNIOR,,
PLURAL GESTAO RECURSOS,Plural Gestao de Recursos Ltda.,,,,,11397672000280
PLURAL INVESTIMENTOS GESTAO RECURSOS,Plural Investimentos Gestao de Recursos Ltda.,,,,,09630188000126
PMGCRED FIDC,,,,PMGCRED FIDC - SUBORDINADAS JÚNIOR,,
PNEUCASH FIDC,Pneucash FIDC,,,,,
PODIUM MEZANINO FUNDO INVESTIMENTO COTAS FUNDO INVESTIMENTO DIREITOS CREDITORIOS,,,,,PODIUM MEZANINO FUNDO DE INVESTIMENTO EM COTAS DE FUNDO DE INVESTIMENTO EM DIREITOS CREDITÓRIOS,
PODIUM SENIOR FUNDO INVESTIMENTO COTAS FUNDO INVESTIMENTO DIREITOS CREDITORIOS,,,,,PODIUM SENIOR FUNDO DE INVESTIMENTO EM COTAS DE FUNDO DE INVESTIMENTO EM DIREITOS CREDITÓRIOS,
POLO CAPITAL GESTAO RECURSOS,,Polo Capital Gestão De Recursos Ltda.,,,,05451668000179
POMERWASSER AMBIENTAL S.P..,,Pomerwasser Ambiental S.P.E. S.A.,,,,50675079000129
PONTAL FIDC NP,,,,PONTAL FIDC NP - ÚNICA,,
PORTLAND CREDITOS JUDICIAIS FUNDO INVESTIMENTO DIREITOS CREDITORIOS,,,,,PORTLAND CRÉDITOS JUDICIAIS FUNDO DE INVESTIMENTO EM DIREITOS CREDITÓRIOS,37021468000172
PORTLAND CREDITOS JUDICIAIS FUNDO INVESTIMENTO DIREITOS CREDITORIOS NAO,,,,,PORTLAND CRÉDITOS JUDICIAIS FUNDO DE INVESTIMENTO EM DIREITOS CREDITÓRIOS NÃO-PADRONIZADOS,37021468000172
PORTO FINO FIC FIDC,,,,PORTO FINO FIC FIDC - SUBORDINADAS JÚNIOR,,
PORTO PRIMAVERA TRANSMISSORA ENERGIA,Porto Primavera Transmissora de Energia S.A.,,,,,
PORTO SEGURO INVESTIMENTOS,Porto Seguro Investimentos Ltda.,,,,,16492391000149
PORTOCEM GERACAO ENERGIA,,Portocem Geração de Energia S.A.,,,,27241084000101
PORTOSEG,"Portoseg S.A. - Credito, Financiamento e Investimento",,,,,
POSITIVO TECNOLOGIA,,,Positivo Tecnologia S.A.,,,81243735000148
POTENGI HOLDINGS,Potengi Holdings S.A.,,,,,
POTTENCIAL SEGURADORA,Pottencial Seguradora S.A.,,,,,11699534000174
POUSO ALEGRE FIC FIDC,,,,POUSO ALEGRE FIC FIDC - SUBORDINADAS JÚNIOR,,29152737000101
PRATI,,"Prati, Donaduzzi & Cia Ltda.",,,,73856593000166
PRAVALER CREDITO UNIVERSITARIO FUNDO INVESTIMENTO DIREITOS CREDITORIOS,,,Pravaler Credito Universitario Fundo de Investimento em Direitos Creditorios - Responsabilidade Limitada,,,
PRAVALER CREDITO UNIVERSITARIO II FUNDO INVESTIMENTO DIREITOS CREDITORIOS,,,Pravaler Credito Universitario II Fundo de Investimento em Direitos Creditorios - Responsabilidade Limitada,,,26749095000134
PRAVALER CREDITO UNIVERSITARIO IV FUNDO INVESTIMENTO DIREITOS CREDITORIOS,,,Pravaler Credito Universitario IV Fundo de Investimento em Direitos Creditorios - Responsabilidade Limitada,,,55983705000168
PRECATO I FIDC NP,,,,PRECATO I FIDC NP - SUBORDINADAS JÚNIOR,,
PRECAVIDA II FIDC NP,,,,PRECAVIDA II FIDC NP - SENIORES ÚNICA,,
PREMIER RP FUNDO INVESTIMENTO DIREITOS CREDITORIOS,,,,,PREMIER RP FUNDO DE INVESTIMENTO EM DIREITOS CREDITORIOS,32511268000184
PREMIUM RECEBIVEIS I MULTISSETORIAL,,,,,PREMIUM RECEBIVEIS I MULTISSETORIAL - FUNDO DE INVESTIMENTO EM DIREITOS CREDITORIOS,
PREMIUM RECEBIVEIS I MULTISSETORIAL FUNDO INVESTIMENTO DIREITOS CREDITORIOS,,,,,PREMIUM RECEBÍVEIS I MULTISSETORIAL FUNDO DE INVESTIMENTO EM DIREITOS CREDITÓRIOS,
PRINCIPAL ASSET MANAGEMENT,,Principal Asset Management Ltda.,,,,03987891000100
PRIO,PRIO S.A.,,Prio S.A.,,,10629105000168
PRIO FORTE,Prio Forte S.A.,,PRIO Forte S.A.,,,08926302000105
PRK FIDC,,,,PRK FIDC - SENIORES 2ª SÉRIE,,
PROA FIDC,,,,PROA FIDC - SUBORDINADAS JÚNIOR,,
PROLAGOS,Prolagos S.A. - Concessionaria de Servicos Publicos de Agua e Esgoto,,Prolagos S.A. - Concessionaria de Servicos Publicos de Agua e Esgoto (Prolagos),,,02382073000110
PROLOJ FIDC,,,,PROLOJ FIDC - SUBORDINADAS JÚNIOR,,
PROPRIO CAPITAL GESTAO RECURSOS,,,,PRÓPRIO CAPITAL GESTÃO DE RECURSOS LTDA.,,13993865000148
PRS AEROPORTOS,,PRS Aeroportos S.A.,,,,48534024000157
PUMA FIDC NP,,,,PUMA FIDC NP - SUBORDINADAS,,
QANTIC FUNDO INVESTIMENTO DIREITOS CREDITORIOS,,,,,QANTIC FUNDO DE INVESTIMENTO EM DIREITOS CREDITÓRIOS,
QANTIC IONIQ FUNDO INVESTIMENTO DIREITOS CREDITORIOS,,,,,QANTIC IONIQ FUNDO DE INVESTIMENTO EM DIREITOS CREDITÓRIOS,39703077000163
QI PARTICIPACOES,QI Participacoes Ltda.,,,,,
QI SOCIEDADE CREDITO DIRETO,QI Sociedade de Credito Direto S.A.,,,,,
QISTA,"Qista S.A. - Credito, Financiamento e Investimento","Qista S.A. - Crédito, Financiamento e Investimento",,,,36583700000101
QMC TELECOM CESSAO INFRAESTRUTURA,QMC Telecom do Brasil Cessao de Infraestrutura S.A.,,,,,13733490000187
QUALICORP CONSULTORIA CORRETORA SEGUROS,,,Qualicorp Consultoria e Corretora de Seguros S.A.,,,11992680000193
QUANTHAS FIDC,,,,QUANTHAS FIDC - SUBORDINADAS JÚNIOR,,
QUANTUM MANTIQUEIRA PARTICIPACOES,,Quantum Mantiqueira Participações S.A.,,,,46568486000160
QUANTUM PARTICIPACOES,,Quantum Participações S.A.,,,,28367479000118
QUARTER PRECATORIOS FIDC NP,,,,,QUARTER PRECATÓRIOS FIDC NP,
QUEVEDOS ENERGETICA,Quevedos Energetica S.A.,,,,,
R G FUNDO INVESTIMENTO DIREITOS CREDITORIOS MULTISEGMENTOS,,,,,R&G FUNDO DE INVESTIMENTO EM DIREITOS CREDITÓRIOS MULTISEGMENTOS,11693671000100
RADIX SENIOR FIDC NP,,,,RADIX SÊNIOR FIDC NP - SENIORES ÚNICA,,
RAIA DROGASIL,,Raia Drogasil S.A.,,,,61585865000151
RAIZEN,Raizen S.A.,Raízen S.A.,Raizen S.A.,,,33453598000123
RAIZEN ENERGIA,Raizen Energia S.A.,Raízen Energia S.A.,,,,08070508000178
RAIZES FIDC,,,,RAÍZES FIDC - SUBORDINADAS MEZANINO I-A,,
RANDONCORP,,,Randoncorp S.A.,,,89086144000116
RAPPICARD FUNDO INVESTIMENTO DIREITOS CREDITORIOS,,,,,RAPPICARD FUNDO DE INVESTIMENTO EM DIREITOS CREDITORIOS,37986018000114
RB CAPITAL CIA. SECURITIZACAO,,,,RB CAPITAL CIA. DE SECURITIZAÇÃO - RISCO BALAROTI (219ª SÉRIE - 1ª EMISSÃO),,
RB CAPITAL CREDIT ALPHA STRATEGY I FUNDO INVESTIMENTOS DIREITOS CREDITORIOS,,,RB Capital Credit Alpha Strategy I Fundo de Investimentos de Direitos Creditorios - Responsabilidade Limitada,,,32.724.252/0001-50
RBR GESTAO RECURSOS,,RBR Gestão de Recursos Ltda.,,,,18259351000187
RBR PRIVATE EQUITY GESTAO RECURSOS,,RBR Private Equity Gestão de Recursos Ltda,,,,40147051000165
RC HOLDING,RC Holding S.A.,,,,,
RCL3X FIAGRO,,,,,RCL3X FIAGRO - DIREITOS CREDITÓRIOS,
RDF FUNDO INVESTIMENTO DIREITOS CREDITORIOS,,,,,RDF Fundo de Investimento em Direitos Creditórios,19425700000156
RDVE SUBHOLDING,RDVE Subholding S.A.,,,,,
REAG ASSET MANAGEMENT,Reag Asset Management Ltda.,,,,,18606232000153
REAG SPECIAL SITUATION FUNDO INVESTIMENTO DIREITOS CREDITORIOS PADRONIZADOS ABERTO,,,,,Reag Special Situation Fundo de Investimento em Direitos Creditórios Padronizados Aberto,
REAL INVESTOR ASSET MANAGEMENT,,Real Investor Asset Management Ltda,,,,11570951000112
REALINVEST FUNDO INVESTIMENTO DIREITOS CREDITORIOS,,,,,REALINVEST FUNDO DE INVESTIMENTO EM DIREITOS CREDITORIOS,42449234000160
RECARGAPAY FIDC,,,,RECARGAPAY FIDC - SUBORDINADAS MEZANINO,,
RED,,,RED - Fundo de Investimento em Direitos Creditorios Multisetorial LP - Responsabilidade Limitada,,,08632394000102
RED FUNDO INVESTIMENTO DIREITOS CREDITORIOS REAL LP RESPONSABILIDADE LIMITADA,,,RED Fundo de Investimento em Direitos Creditorios Real LP de Responsabilidade Limitada,,,17250006000110
RED PERFORMANCE FUNDO INVESTIMENTO DIREITOS CREDITORIOS NAO PADRONIZADOS RESPONSABILIDADE LIMITADA,,,,,Red Performance Fundo De Investimento Em Direitos Creditórios Não Padronizados De Responsabilidade Limitada,
RED PERFORMANCE FUNDO INVESTIMENTOS DIREITOS CREDITORIOS NAO,,,,,Red Performance Fundo de Investimentos em Direitos Creditórios Não-Padronizados,
RED PERFORMANCE FUNDO INVESTIMENTOS DIREITOS CREDITORIOS NAO PADRONIZADOS,,,,,Red Performance Fundo de Investimentos em Direitos Creditórios Não Padronizados,
REDE D'OR SAO LUIZ,Rede D'Or Sao Luiz S.A.,,Rede D'Or Sao Luiz S.A.,,,06047087000139
REDWOOD ADMINISTRACAO RECURSOS,,,Redwood Administracao de Recursos Ltda.,,,10405423000145
REFINARIA MATARIPE,Refinaria de Mataripe S.A.,,,,,41777706000141
REFRESCOS BANDEIRANTES INDUSTRIA COMERCIO,,Refrescos Bandeirantes Indústria e Comércio Ltda.,,,,03380763001507
REGENERA RIO,,,Regenera Rio S.A.,,,10319900000150
REGIA DESENVOLVE SP FIDC,,,,RÉGIA DESENVOLVE SP FIDC - SENIORES ÚNICA,,
REIT SECURITIZADORA,,,,REIT SECURITIZADORA - RISCO PRÓ LOTES (16ª SÉRIE - 2ª EMISSÃO),,13349677000181
REPUBLICA FEDERATIVA,,,Republica Federativa do Brasil,REPÚBLICA FEDERATIVA DO BRASIL (ESCALA GLOBAL),,52148956000139
REUSO ITABORAI,,,Reuso Itaborai S.A.,,,51321805000178
REZIM FUNDO INVESTIMENTO DIREITOS CREDITORIOS,,,,,REZIM FUNDO DE INVESTIMENTO EM DIREITOS CREDITÓRIOS,
RGE SUL DISTRIBUIDORA ENERGIA,RGE Sul Distribuidora de Energia S.A.,RGE Sul Distribuidora de Energia S.A.,,,,02016440000162
RIALMA ENERGIA,,,,,RIALMA ENERGIA S.A.,15014934000150
RIALMA ENERGIA SPE,,,,,RIALMA ENERGIA SPE S.A.,64948494000113
RIALMA TRANSMISSORA ENERGIA V,Rialma Transmissora de Energia V S.A,,,,,
RIBEIRO GONCALVES ENERGIA SOLAR,Ribeiro Goncalves Energia Solar S.A.,,,,,31711512000190
RIDOLFINVEST 2 FIDC,,,,,RIDOLFINVEST 2 FIDC-NP,
RIDOLFINVEST 2 FUNDO INVESTIMENTO DIREITOS CREDITORIOS NAO PADRONIZADOS,,,,,RIDOLFINVEST 2  FUNDO DE INVESTIMENTO EM DIREITOS CREDITÓRIOS NÃO PADRONIZADOS,
RIDOLFINVEST 2 FUNDO INVESTIMENTO DIREITOS CREDITORIOS NAO PADRONIZADOS RESPONSABILIDADE LIMITADA,,,,,RIDOLFINVEST 2  FUNDO DE INVESTIMENTO EM DIREITOS CREDITÓRIOS NÃO PADRONIZADOS RESPONSABILIDADE LIMITADA,
RIGEL FUNDO INVESTIMENTO DIREITOS CREDITORIOS,,,,,RIGEL FUNDO DE INVESTIMENTO EM DIREITOS CREDITÓRIOS,50739342000104
RINCAO ALBINOS ENERGETICA,Rincao dos Albinos Energetica S.A.,,,,,
RINCAO SAO MIGUEL ENERGETICA,Rincao Sao Miguel Energetica S.A.,,,,,
RIO BRAVO INVESTIMENTOS HOLDING,,,Rio Bravo Investimentos Holding S.A.,,,26039970000194
RIO BRAVO RENDA VAREJO FUNDO INVESTIMENTO IMOBILIARIO RESPONSABILIDADE LIMITADA,,Rio Bravo Renda Varejo Fundo de Investimento Imobiliário de Responsabilidade Limitada,,,,
RIO CASCA ENERGETICA,,Rio Casca Energética S.A.,,,,09597979000100
RIO JANEIRO,"Rio de Janeiro, City of",,,,,02058338000120
RIO JANEIRO. STATE OF,Rio de Janeiro. State of,,,,,4249860000171
RIO OIL FINANCE TRUST,Rio Oil Finance Trust,,,,,20303800000199
RIO PARANA ENERGIA,,Rio Paraná Energia S.A.,,,,23096269000119
RIO PARANAPANEMA ENERGIA,,Rio Paranapanema Energia S.A.,,,,02998301000181
RIO+ SANEAMENTO BL3,Rio+ Saneamento Bl3 S.A,,,,,
RIVO FUNDO INVESTIMENTO DIREITOS CREDITORIOS,,,,,RIVO FUNDO DE INVESTIMENTO EM DIREITOS CREDITÓRIOS,07383363000100
RIZA ALLOCATION GESTORA RECURSOS,,Riza Allocation Gestora de Recursos Ltda.,,,,47138945000138
RIZA GESTORA RECURSOS,,Riza Gestora de Recursos Ltda.,,,,12209584000199
RIZA LIQUIDOS GESTORA RECURSOS,,Riza Líquidos Gestora de Recursos Ltda.,,,,50715649000167
RIZA SECURITIZACAO CARTEIRAS GESTORA RECURSOS,,Riza Securitização e Carteiras Gestora de Recursos Ltda.,,,,37556621000166
RIZA SECURITIZADORA,,Riza Securitizadora S.A. (Nova denominação de Virgo Companhia de Securitização) - 155ª e 156ª Séries da 4ª Emissão de CRIs (Risco B3 S.A.),Riza Securitizadora S.A.,,,08769451000108
RIZA SECURITIZADORA 2019,Riza Securitizadora 2019-4-64 (Sao Goncalo Shopping),,,,,08.769.451/0001-08
RIZA SECURITIZADORA 2021,Riza Securitizadora 2021-25-1 (M. Dias Branco),,,,,08.769.451/0001-08
RIZA SECURITIZADORA 2022,Riza Securitizadora 2022-4-417 (CSN Cimentos),,,,,08.769.451/0001-08
RIZA SECURITIZADORA 2023,"Riza Securitizadora 2023-166-1,2 (J. Macedo)",,,,,08.769.451/0001-08
RIZA SECURITIZADORA 2024,"Riza Securitizadora 2024-218-1,2,3 (JBS)",,,,,08769451000108
RIZA SECURITIZADORA 2025,"Riza Securitizadora 2025-263-1,2,3 (JBS)",,,,,
RNI NEGOCIOS IMOBILIARIOS,RNI Negocios Imobiliarios S.A.,,,,,67010660000124
RNX FIDC MULTISSETORIAL,,,,RNX FIDC MULTISSETORIAL - SENIORES 30ª SÉRIE,,
RNX FIDC MULTISSETORIAL LP,,,,RNX FIDC MULTISSETORIAL LP - SUBORDINADAS MEZANINO XVI,,
RNX FUNDO INVESTIMENTO DIREITOS CREDITORIOS MULTISSETORIAL RESPONSABILIDADE LIMITADA,,,RNX Fundo de Investimento em Direitos Creditorios Multissetorial de Responsabilidade Limitada,,,12813212000177
RODEIO FIDC,,,,RODEIO FIDC - SUBORDINADAS MEZANINO,,
RODOBENS,Rodobens S.A.,,,,,59981829000165
RODOBENS ADMINISTRADORA CONSORCIOS,Rodobens Administradora de Consorcios Ltda,,,,,51855716000101
RODOVIAS COLINAS,,,Rodovias das Colinas S.A.,,,03025305000146
RODOVIAS HOLDING,Rodovias do Brasil Holding S.A.,Rodovias do Brasil Holding S.A.,,,,41508382000146
RODOVIAS INTEGRADAS OESTE,,Rodovias Integradas do Oeste S.A. (CCR SPVias),Rodovias Integradas do Oeste S.A.,,,03497792000140
ROTA PARA,Rota do Para S.A,,,,,
ROYAL OAK FUNDO INVESTIMENTO COTAS FUNDOS INVESTIMENTO DIREITOS CREDITORIOS NAO PADRONIZADOS,,,,,ROYAL OAK FUNDO DE INVESTIMENTO EM COTAS DE FUNDOS DE INVESTIMENTO EM DIREITOS CREDITORIOS NÃO PADRONIZADOS,
ROYAL OAK FUNDO INVESTIMENTO COTAS FUNDOS INVESTIMENTOS MULTIMERCADO CREDITO PRIVADO INVESTIMENTO EXTERIOR,,,,,ROYAL OAK FUNDO DE INVESTIMENTO EM COTAS DE FUNDOS DE INVESTIMENTOS MULTIMERCADO CREDITO PRIVADO INVESTIMENTO NO EXTERIOR,23029136000120
ROYAL THERMALE FIDC,,,,ROYAL THERMALE FIDC - SENIORES ÚNICA,,
RSS FUNDO INVESTIMENTO DIREITOS CREDITORIOS,,,,,RSS FUNDO DE INVESTIMENTO EM DIREITOS CREDITORIOS,49265047000176
RUBI FUNDO INVESTIMENTO DIREITOS CREDITORIOS MULTISETORIAL,,,,,RUBI FUNDO DE INVESTIMENTO EM DIREITOS CREDITORIOS MULTISETORIAL,19187286000194
RUBI FUNDO INVESTIMENTO DIREITOS CREDITORIOS MULTISETORIAL RESPONSABILIDADE LIMITADA,,,,,RUBI FUNDO DE INVESTIMENTO EM DIREITOS CREDITORIOS MULTISETORIAL RESPONSABILIDADE LIMITADA,
RUMO,Rumo S.A.,,Rumo S.A.,,,02387241000160
RUMO MALHA NORTE,Rumo Malha Norte S.A.,,,,,24962466000136
RUMO MALHA PAULISTA,Rumo Malha Paulista S.A.,,Rumo Malha Paulista S.A.,,,02502844000166
RUMO MALHA SUL,Rumo Malha Sul S.A.,,,,,01258944000126
SABEMI MONO COTA II FIDC,,,,SABEMI MONO COTA II FIDC - ÚNICA,,
SABER SERVICOS EDUCACIONAIS,Saber Servicos Educacionais S.A.,,,,,03818379000130
SAFRA ASSET CORRETORA TITULOS VALORES MOBILIARIOS,,Safra Asset Corretora de Títulos e Valores Mobiliários S.A.,,,,65913436000117
SAFRA DISTRIBUIDORA TITULOS VALORES MOBILIARIOS,,Safra Distribuidora de Títulos e Valores Mobiliários Ltda. S.A.,,,,01638542000157
SAINT JOHN FUNDO INVESTIMENTO DIREITOS CREDITORIOS NAO,,,,,SAINT JOHN FUNDO DE INVESTIMENTO EM DIREITOS CREDITORIOS NAO-PADRONIZADOS,26199830000183
SALTO GUASSUPI ENERGETICA,Salto do Guassupi Energetica S.A.,,,,,
SAMARCO MINERACAO,Samarco Mineracao S.A.,,,,,16628281000161
SAN PRECA FEDERAL I FUNDO INVESTIMENTO DIREITOS CREDITORIOS,,,,,SAN PRECA FEDERAL I FUNDO DE INVESTIMENTO EM DIREITOS CREDITÓRIOS – RESPONSABILIDADE LIMITADA,44395262000178
SAN PRECA FEDERAL I FUNDO INVESTIMENTO DIREITOS CREDITORIOS NAO,,,,,SAN PRECA FEDERAL I FUNDO DE INVESTIMENTO EM DIREITOS CREDITÓRIOS NÃO-PADRONIZADOS,44395262000178
SANEAMENTO AMBIENTAL AGUAS,Saneamento Ambiental Aguas do Brasil S.A.,,,,,
SANEAMENTO GOIAS,Saneamento de Goias S.A. (Saneago),Saneamento De Goiás S.A. - Saneago,,,,01616929000102
SANTA CATARINA,,,Santa Catarina (State of),,,00058108000135
SANTA FE FUNDO INVESTIMENTO DIREITOS CREDITORIOS NAO PADRONIZADOS,,,,,SANTA FÉ FUNDO DE INVESTIMENTO EM DIREITOS CREDITÓRIOS NÃO PADRONIZADOS,
SANTA MARIA ADMINISTRACAO PARTICIPACAO,,Santa Maria Administração e Participação S.A.,,,,03199941000194
SANTA VITORIA PALMAR ENERGIAS RENOVAVEIS,Santa Vitoria do Palmar Energias Renovaveis S.A.,,,,,
SANTANDER GESTAO RECURSOS,,Santander Brasil Gestão de Recursos Ltda.,,,,10231177000152
SANTANDER INFRAESTRUTURA INCENTIVADO FIC FIDC,,,,SANTANDER INFRAESTRUTURA INCENTIVADO FIC FIDC - ÚNICA,,34218619000199
SANTIAGO HOME EQUITY FUNDO INVESTIMENTO DIREITOS CREDITORIOS,,,,,SANTIAGO HOME EQUITY FUNDO DE INVESTIMENTO EM DIREITOS  CREDITÓRIOS,32969565000178
SANTO ANTONIO ENERGIA,Santo Antonio Energia S.A.,,,,,
SANTOS PARTICIPACOES,,,Santos Brasil Participacoes S.A.,,,02762121000104
SAO CARLOS EMPREENDIMENTOS PARTICIPACOES,,São Carlos Empreendimentos e Participações S.A.,,,,29780061000109
SAO CRISTOVAO FUNDO INVESTIMENTO DIREITOS CREDITORIOS NAO,,,,,SÃO CRISTÓVÃO FUNDO DE INVESTIMENTO EM DIREITOS CREDITORIOS NAO-PADRONIZADO,46231939000168
SAO GABRIEL SANEAMENTO,Sao Gabriel Saneamento S.A,,,,,
SAO MARTINHO,,,Sao Martinho S.A.,,,51466860000156
SAO PAULO,"Sao Paulo, Municipality of",,,,,46379400000150
SAO ROQUE ENERGETICA,Sao Roque Energetica S.A.,,,,,
SATURNO FUNDO INVESTIMENTO DIREITOS CREDITORIOS,,,,,SATURNO FUNDO DE INVESTIMENTO EM DIREITOS CREDITORIOS,23104455000152
SAV NEXOOS FUNDO INVESTIMENTO DIREITOS CREDITORIOS,,,,,SAV NEXOOS FUNDO DE INVESTIMENTO EM DIREITOS CREDITÓRIOS,38284301000167
SB CREDITO FUNDO INVESTIMENTO DIREITOS CREDITORIOS MULTISSETORIAL CLASSE UNICA FECHADA,,,SB Credito Fundo de Investimento em Direitos Creditorios Multissetorial de Classe Unica Fechada,,,23956882000169
SBF COMERCIO PRODUTOS ESPORTIVOS,SBF Comercio de Produtos Esportivos S.A.,,,,,06347409000165
SBK CAPITAL FIDC,,,,SBK CAPITAL FIDC - SUBORDINADAS MEZANINO VI,,
SC FUNDO INVESTIMENTO DIREITOS CREDITORIOS,,,,,SC FUNDO DE INVESTIMENTO EM DIREITOS CREDITÓRIOS,45523882000108
SCANIA BANCO,,Scania Banco S.A.,,,,11417016000110
SCE FIDC,,,,SCE FIDC - ÚNICA,,
SCF BRAZIL FIDC NP,,,,SCF BRAZIL FIDC NP - SUBORDINADAS JÚNIOR,,34327179000108
SCOTIABANK BANCO MULTIPLO,,Scotiabank Brasil S.A. Banco Múltiplo,,,,29030467000166
SE VINEYARDS TRANSMISSAO ENERGIA,SE Vineyards Transmissao de Energia S.A.,,,,,
SEARA ALIMENTOS,,Seara Alimentos Ltda.,,,,02914460000150
SECTOR FUNDO INVESTIMENTO DIREITOS CREDITORIOS,,,,,SECTOR FUNDO DE INVESTIMENTO EM DIREITOS CREDITÓRIOS,
SEJA FUNDO INVESTIMENTO DIREITOS CREDITORIOS,,,,,SEJA FUNDO DE INVESTIMENTO EM DIREITOS CREDITÓRIOS,24987402000190
SELLER 3 FIDC,,,,SELLER 3 FIDC - SENIORES ÚNICA,,
SELLER 3 FIDC MEIOS PAGAMENTO,,,,SELLER 3 FIDC MEIOS DE PAGAMENTO - RL - SENIORES 2ª SÉRIE,,
SELLER FIDC,,,,SELLER FIDC - SUBORDINADAS JÚNIOR,,50473039000102
SELLER II FUNDO INVESTIMENTO DIREITOS CREDITORIOS SEGMENTO MEIOS PAGAMENTO RESPONSABILIDADE,,,Seller II Fundo de Investimento em Direitos Creditorios Segmento Meios de Pagamento de Responsabilidade Ltda.,,,55471753000177
SELLOR FUNDO INVESTIMENTO DIREITOS CREDITORIOS MULTISSETORIAL,,,,,SELLOR FUNDO DE INVESTIMENTO EM DIREITOS CREDITORIOS MULTISSETORIAL,55257461000136
SENDAS DISTRIBUIDORA,Sendas Distribuidora S/A,,,,,06057223000171
SENIOR SISTEMAS,Senior Sistemas S.A.,,,,,80680093000181
SER EDUCACIONAL,Ser Educacional S.A.,,,,,04986320000113
SERENA DESENVOLVIMENTO,Serena Desenvolvimento S.A.,,,,,
SERENA GERACAO,Serena Geracao S.A.,,,,,09149503000106
SERGIPE,"Sergipe, State of",,,,,
SERRA FACAO ENERGIA,,Serra do Facão Energia S.A.,,,,07727966000174
SERRA IBIAPABA TRANSMISSORA ENERGIA,Serra de Ibiapaba Transmissora de Energia S.A.,,,,,
SERRA MEL HOLDING,Serra do Mel Holding S.A.,,,,,
SERRA SERIDO F2 HOLDING,Serra do Serido F2 Holding S.A.,,,,,
SERRANA FIDC,,,,SERRANA FIDC - SUBORDINADAS MEZANINO II,,
SERRAS HOLDING,Serras Holding S.A.,,,,,
SERTAO I SOLAR ENERGIA SPE,Sertao I Solar Energia Spe S.A.,,,,,
SETTE FIDC,,,,SETTE FIDC - SUBORDINADAS JÚNIOR,,
SEVEN FIDC,,,,SEVEN FIDC - SUBORDINADAS,,
SF4 FUNDO INVESTIMENTO DIREITOS CREDITORIOS RESPONSABILIDADE LIMITADA,,,,,SF4 FUNDO DE INVESTIMENTO EM DIREITOS CREDITORIOS RESPONSABILIDADE LIMITADA,
SFT FIDC,,,,SFT FIDC  - SUBORDINADAS JÚNIOR,,
SFT FIDC 1a,,,,"SFT FIDC 1ª, 4ª E 5ª - SENIORES 1ª SÉRIE",,
SG FUNDO INVESTIMENTO DIREITOS CREDITORIOS,,,,,SG FUNDO DE INVESTIMENTO EM DIREITOS CREDITÓRIOS,29720582000162
SG II FUNDO INVESTIMENTO COTAS FUNDOS INVESTIMENTO DIREITOS CREDITORIOS NAO,,,,,SG II A Fundo De Investimento Em Cotas De Fundos De Investimento Em Direitos Creditorios Nao-Padronizados,18048628000122
SG III FUNDO INVESTIMENTO COTAS FUNDO INVESTIMENTO DIREITOS CREDITORIO,,,,,SG III Fundo de Investimento em Cotas de Fundo de Investimento em Direitos Creditório - NP,12036247000147
SG IV LOCAL ATIVOS JUDICIAIS FUNDO INVESTIMENTO COTAS FUNDOS INVESTIMENTO DIREITOS CREDITORIOS,,,,,SG IV LOCAL ATIVOS JUDICIAIS FUNDO DE  INVESTIMENTO EM COTAS DE FUNDOS DE INVESTIMENTO EM DIREITOS  CREDITÓRIOS,
SG IV LOCAL FUNDO INVESTIMENTO COTAS FUNDO INVESTIMENTO DIREITOS CREDITORIO,,,,,SG IV Local Fundo de Investimento em Cotas de Fundo de Investimento em Direitos Creditório - Não Padronizado,
SG JC III FIC FIDC NP,,,,,SG JC III FIC FIDC NP,
SGC UT FIDC NP,,,,,SGC UT FIDC NP,
SHARP CAPITAL GESTORA RECURSOS,,Sharp Capital Gestora de Recursos Ltda.,,,,27957477000116
SICOOB COCRED COOPERATIVA CREDITO,Sicoob Cocred Cooperativa de Credito,,,,,71328769000181
SICOOB COOPECREDI,,,,SICOOB COOPECREDI,,
SICOOB CREDICOM,,Sicoob Credicom - Cooperativa de Economia e Crédito Mútuo dos Médicos e Profissionais da Área de Saúde do Brasil Ltda.,,SICOOB CREDICOM,,42898825000115
SICOOB DISTRIBUIDORA TITULOS VALORES MOBILIARIOS,Sicoob Distribuidora de Titulos e Valores Mobiliarios Ltda.,,,,,07397614000106
SICREDI ASSET MANAGEMENT,Sicredi Asset Management,,,,,
SIFRA ENERGY PODIUM FUNDO INVESTIMENTO DIREITOS CREDITORIOS,,,,,SIFRA ENERGY PODIUM FUNDO DE INVESTIMENTO EM DIREITOS CREDITORIOS,42462120000150
SIFRA LP FUNDO INVESTIMENTO DIREITOS CREDITORIOS,,,,,SIFRA LP FUNDO DE INVESTIMENTO EM DIREITOS CREDITORIOS,41351629000163
SIFRA PLUS MULTISSEGMENTO FUNDO INVESTIMENTO DIREITOS CREDITORIOS,,,,,Sifra Plus Multissegmento Fundo de Investimento em Direitos Creditórios,
SIGMA CREDIT FEEDER FUNDO INVESTIMENTO DIREITOS CREDITORIOS,,,,,SIGMA CREDIT FEEDER FUNDO DE INVESTIMENTO EM DIREITOS CREDITÓRIOS,29461840000133
SIGMA CREDIT FUNDO INVESTIMENTO COTAS FUNDOS INVESTIMENTO DIREITOS CREDITORIOS,,,,,SIGMA CREDIT FUNDO DE INVESTIMENTO EM COTAS DE FUNDOS DE INVESTIMENTO EM DIREITOS CREDITORIOS,
SIGMA CREDIT FUNDO INVESTIMENTO DIREITOS CREDITORIOS,,,,,SIGMA CREDIT FUNDO DE INVESTIMENTO EM DIREITOS CREDITORIOS,29236426000120
SILVER STONE FUNDO INVESTIMENTO DIREITOS CREDITORIOS MULTISSETORIAL,,,,,SILVER STONE FUNDO DE INVESTIMENTO EM DIREITOS CREDITÓRIOS MULTISSETORIAL,26000055000195
SIMPAR,Simpar S.A.,Simpar S.A.,Simpar S.A.,,,07415333000120
SIMPLIX CONSIGNADO PRIVADO I FUNDO INVESTIMENTO DIREITOS CREDITORIOS RESP LIMITADA,,,,,SIMPLIX CONSIGNADO PRIVADO I FUNDO DE INVESTIMENTO EM DIREITOS CREDITORIOS RESP LIMITADA,
SIMPLIX CONSIGNADO PRIVADO II FUNDO INVESTIMENTO DIREITOS CREDITORIOS RESP LIMITADA,,,,,SIMPLIX CONSIGNADO PRIVADO II FUNDO DE INVESTIMENTO EM DIREITOS CREDITORIOS RESP LIMITADA,
SIMULTI FUNDO INVESTIMENTO DIREITOS CREDITORIOS,,,,,SIMULTI FUNDO DE INVESTIMENTO EM DIREITOS CREDITORIOS,48928851000125
SINAI CONSIG FUNDO INVESTIMENTO DIREITOS CREDITORIOS RESPONSABILIDADE LIMITADA,,,,,SINAI CONSIG FUNDO DE INVESTIMENTO EM DIREITOS CREDITORIOS RESPONSABILIDADE LIMITADA,60742391000141
SINAI MULTI FUNDO INVESTIMENTOS DIREITOS CREDITORIOS,,,,,SINAI MULTI FUNDO DE INVESTIMENTOS EM DIREITOS CREDITÓRIOS,
SISPRIME,Sisprime do Brasil - Cooperativa de Credito,,,,,
SKADE CAPITAL,,,,SKADE CAPITAL,,
SL FUNDO INVESTIMENTO DIREITOS CREDITORIOS,,,,,SL FUNDO DE INVESTIMENTO EM DIREITOS CREDITÓRIOS - RESPONSABILIDADE LIMITADA,41820379000163
SLC AGRICOLA,,SLC Agrícola S.A.,SLC Agricola S/A,,,89096457000155
SMARTFIT ESCOLA GINASTICA DANCA,Smartfit Escola de Ginastica e Danca S.A.,,,,,07594978000178
SOBRAL I SOLAR ENERGIA SPE,Sobral I Solar Energia SPE S.A.,,,,,
SOCIEDADE ABASTECIMENTO AGUA SANEAMENTO,Sociedade de Abastecimento de Agua e Saneamento S.A.,,,,,46119855000137
SOCIEDADE BENEFICENTE ISRAELITA BRASILEIRA,Sociedade Beneficente Israelita Brasileira - Hospital Albert Einstein,,,,,60765823000130
SOCIEDADE BENEFICENTE ISRAELITA BRASILEIRA HOSPITAL ALBERT EINSTEIN,,Sociedade Beneficente Israelita Brasileira Hospital Albert Einstein,,,,60765823000130
SOFTPLAN,,Softplan S.A.,,,,15087394000134
SOL AGORA GREEN ESG FUNDO INVESTIMENTO DIREITOS CREDITORIOS,,Sol Agora Green ESG Fundo de Investimento em Direitos Creditórios,,,,47640584000123
SOL AGORA GREEN III ESG FUNDO INVESTIMENTO DIREITOS CREDITORIOS IS SEGMENTO FINANCEIRO RESPONSABILDADE LIMITADA,,Sol Agora Green III ESG Fundo de Investimento em Direitos Creditórios IS Segmento Financeiro de Responsabildade Limitada,,,,58510255000184
SOLAR BEBIDAS,Solar Bebidas S.A.,Solar Bebidas S.A.,,,,41052420000107
SOLAR FIDC NP,,,,SOLAR FIDC NP - SENIORES 1ª SÉRIE,,
SOLARIS TRANSMISSAO ENERGIA,Solaris Transmissao de Energia S.A.,,,,,
SOLFACIL,,Solfacil - CRI V,,,,31931053000150
SOLFACIL CREDITO PESSOAL VII FUNDO INVESTIMENTO DIREITOS CREDITORIOS RESPONSABILIDADE LIMITADA,,Solfácil Crédito Pessoal VII Fundo de Investimento em Direitos Creditórios Responsabilidade Limitada,,,,63.505.455/0001-89
SOLIS CAPITAL ANTARES PIONEIRO FIDC,,,,SOLIS CAPITAL ANTARES PIONEIRO FIDC - ÚNICA,,
SOLIS CONSIGNADO FIDC,,,,SOLIS CONSIGNADO FIDC  - SUBORDINADAS,,
SOLIS CONSIGNADO FUNDO INVESTIMENTO DIREITOS CREDITORIOS,,,,,SOLIS CONSIGNADO FUNDO DE INVESTIMENTO EM DIREITOS CREDITÓRIOS,32513415000155
SOLIS INVESTIMENTOS,,Solis Investimentos Ltda,,,,17254708000171
SOLIS PORTFOLIO CREDITO FIC FIDC,,,,SOLIS PORTFOLIO CRÉDITO FIC FIDC - ÚNICA,,58525584000107
SOLIS RECEBIVEIS COMERCIAIS FIC FIDC,,,,,SOLIS RECEBÍVEIS COMERCIAIS FIC FIDC,
SOLIS RECEBIVEIS COMERCIAIS I FIC FIDC,,,,,SOLIS RECEBÍVEIS COMERCIAIS I FIC FIDC,
SOLVI ESSENCIS AMBIENTAL,,,Solvi Essencis Ambiental S.A.,,,40263170000183
SOMA FIDC NP,,,,SOMA FIDC NP - SUBORDINADAS JÚNIOR,,
SOMA II FIDC,,,,SOMA II FIDC  - SENIORES 1ª SÉRIE,,
SOMMA INVESTIMENTOS,,Somma Investimentos S.A.,,,,05563299000106
SOMOS SISTEMAS ENSINO,Somos Sistemas de Ensino S.A.,,,,,49323314000114
SONATA FIDC,,,,SONATA FIDC - SUBORDINADAS JÚNIOR,,
SONORA ESTANCIA,,,Sonora Estancia S.A.,,,47902283000120
SOROCABA REFRESCOS,,Sorocaba Refrescos S.A.,,,,45913696000185
SOULPAY FUNDO INVESTIMENTO DIREITOS CREDITORIOS,,Soulpay Fundo de Investimento em Direitos Creditórios,,,,48967719000122
SPAR I SUBHOLDING,SPAR I Subholding S.A.,,,,,
SPARK FIDC,,,,SPARK FIDC - SUBORDINADAS MEZANINO,,
SPE CONCESSIONARIA AEROPORTO ILHEUS,,SPE Concessionária do Aeroporto de Ilhéus S.A.,,,,31840260000107
SPE CONCESSIONARIA VOE XAP,,SPE Concessionária Voe XAP S.A.,,,,39984031000160
SPE NOVO NORTE AEROPORTOS,,SPE Novo Norte Aeroportos S.A.,,,,48710127000120
SPE TRANSMISSORA ENERGIA LINHA VERDE I,,,SPE Transmissora de Energia Linha Verde I S.A.,,,29568539000123
SPE TRANSMISSORA ENERGIA LINHA VERDE II,SPE Transmissora de Energia Linha Verde II S.A.,,,,,
SPECIAL SITUATIONS FIDC NP,,,,SPECIAL SITUATIONS FIDC NP - ÚNICA,,
SPECIAL SITUATIONS I FIC FIDC NP,,,,SPECIAL SITUATIONS I FIC FIDC NP - ÚNICA,,
SPECIAL SITUATIONS II FIC FIDC NP,,,,SPECIAL SITUATIONS II FIC FIDC NP - ÚNICA,,
SPECTRA INVESTIMENTOS,,Spectra Investimentos Ltda.,,SPECTRA INVESTIMENTOS,,44011526000142
SPIC ENERGIA PARTICIPACOES,Spic Brasil Energia Participacoes S.A.,,SPIC Brasil Energia Participacoes S.A.,,,27317702000150
SPS ALGARVE DELTA CREDITOS JUDICIAIS FUNDO INVESTIMENTO DIREITOS CREDITORIOS NAO PADRONIZADOS,,,,,SPS ALGARVE DELTA CRÉDITOS JUDICIAIS FUNDO DE INVESTIMENTO EM DIREITOS CREDITÓRIOS NÃO PADRONIZADOS,
SPS ALGARVE DELTA CREDITOS JUDICIAIS FUNDO INVESTIMENTO DIREITOS CREDITORIOS RESPONSABILIDADE LIMITADA,,,,,SPS ALGARVE DELTA CRÉDITOS JUDICIAIS FUNDO DE INVESTIMENTO EM  DIREITOS CREDITÓRIOS DE RESPONSABILIDADE LIMITADA,
SPS I FIDC NP,,,,SPS CORP I FIDC NP - ÚNICA,,28472352000169
SPX GESTAO RECURSOS,,SPX Gestão de Recursos Ltda.,,,,12330774000160
SQUID FUNDO INVESTIMENTO DIRETOS CREDITORIOS,,,,,SQUID FUNDO DE INVESTIMENTO EM DIRETOS CREDITÓRIOS,
SRBT SUBHOLDING,SRBT Subholding S.A.,,,,,
SRM SEC SECURITIZADORA,,,SRM Sec Securitizadora S.A.,,,02211906000180
ST 1001 FUNDO INVESTIMENTO DIREITOS CREDITORIOS,,,,,ST 1001 FUNDO DE INVESTIMENTO EM DIREITOS CREDITORIOS,
STARBOARD SPECIAL SITUATIONS II FUNDO INVESTIMENTO DIREITOS CREDITORIOS NP,,,,,Starboard Special Situations II Fundo de Investimento em Direitos Creditorios NP,
STARK BANK,Stark Bank S.A. - Instituicao de Pagamento,Stark Bank S.A. – Instituição de Pagamento,Stark Bank S.A. - Instituição de Pagamento,,,20018183000180
STARK GROUP HOLDING,Stark Group Holding,,,,,
STARS BANK FUNDO INVESTIMENTO DIREITOS CREDITORIOS LP,,,,,STARS BANK FUNDO DE INVESTIMENTO EM DIREITOS CREDITORIOS LP,
STATE GRID BRAZIL HOLDING,,State Grid Brazil Holding S.A.,,,,11938558000139
STELLANTIS FINANCIAMENTOS SOCIEDADE CREDITO,,"Stellantis Financiamentos Sociedade de Crédito, Financiamento e Investimento S.A.",,,,58082688000186
STEP,,,,STEP-UP III FIDC NP - ÚNICA,,
STEP UP FIDC NP ACOES JUDICIAIS,,,,STEP UP FIDC NP DE AÇÕES JUDICIAIS - ÚNICA,,
STONE FIC FIDC,,,,STONE FIC FIDC - SUBORDINADAS,,
STONE III FIDC,,,,STONE III FIDC - SUBORDINADAS,,
STONE INSTITUICAO PAGAMENTO,,,Stone Instituicao de Pagamento S.A.,,,16501555000157
STONE IV FIDC,,,,STONE IV FIDC - SUBORDINADAS,,
STONE SOCIEDADE CREDITO,,"Stone Sociedade de Crédito, Financiamento e Investimento S.A.","Stone Sociedade de Credito, Financiamento e Investimento S.A.",,,53505601000112
STRESS FUNDO INVESTIMENTO DIREITOS CREDITORIOS,,,,,NO STRESS FUNDO DE INVESTIMENTO EM DIREITOS CREDITORIOS,
STRESS FUNDO INVESTIMENTO DIREITOS CREDITORIOS NAO PADRONIZADOS,,,,,NO STRESS FUNDO DE INVESTIMENTO EM DIREITOS CREDITORIOS NAO PADRONIZADOS,
STRUCTURE FIDC,,,,STRUCTURE FIDC - SUBORDINADAS JÚNIOR,,
STRUTTURA AGRO FIDC,,,,STRUTTURA AGRO FIDC - SUBORDINADAS JÚNIOR,,
STZ FORNECEDORES FIDC CORPORATIVOS,,,,STZ FORNECEDORES FIDC CORPORATIVOS - SENIORES 2ª SÉRIE,,
STZ FORNECEDORES FUNDO INVESTIMENTO DIREITOS CREDITORIOS,,,,,STZ Fornecedores Fundo de Investimento em Direitos Creditórios,
SUL AMERICA COMPANHIA SEGURO SAUDE,Sul America Companhia de Seguro Saude,,,,,
SUL AMERICA INVESTIMENTOS DTVM,,,Sul America Investimentos DTVM S.A.,,,32206435000183
SUL CONCESSOES PARTICIPACOES,,Sul Concessões e Participações S.A.,,,,43277147000136
SUL FIDC,,,,SUL BRASIL FIDC - SUBORDINADAS MEZANINO,,
SUL FIDC NP,,,,SUL BRASIL FIDC NP - SENIORES ÚNICA,,
SUMUP SMART I FIDC SEGMENTO MEIOS PAGAMENTO RESPONSABILIDADE LIMITADA,,,SumUp Smart I FIDC Segmento Meios de Pagamento de Responsabilidade Limitada,,,62626409000175
SUMUP SMART II FIDC SEGMENTO MEIOS PAGAMENTO RESPONSABILIDADE LIMITADA,,,SumUp Smart II FIDC Segmento Meios de Pagamento de Responsabilidade Limitada,,,62627051000103
SUMUP SMART III FIDC SEGMENTO MEIOS PAGAMENTO RESPONSABILIDADE LIMITADA,,,SumUp Smart III FIDC Segmento Meios de Pagamento de Responsabilidade Limitada,,,62627122000160
SUMUP SMART IV FIDC SEGMENTO MEIOS PAGAMENTO RESPONSABILIDADE LIMITADA,,,SumUp Smart IV FIDC Segmento Meios de Pagamento de Responsabilidade Limitada,,,62626887000185
SUMUP SMART V FIDC SEGMENTO MEIOS PAGAMENTO RESPONSABILIDADE LIMITADA,,,SumUp Smart V FIDC Segmento Meios de Pagamento de Responsabilidade Limitada,,,
SUMUP SMART VI FIDC SEGMENTO MEIOS PAGAMENTO RESPONSABILIDADE LIMITADA,,,SumUp Smart VI FIDC Segmento Meios de Pagamento de Responsabilidade Limitada,,,
SUMUP SMART VII FIDC SEGMENTO MEIOS PAGAMENTO RESPONSABILIDADE LIMITADA,,,SumUp Smart VII FIDC Segmento Meios de Pagamento de Responsabilidade Limitada,,,
SUNNYHUB FIDC,,,,SUNNYHUB FIDC - SENIORES ÚNICA,,
SUNO ENERGIAS LIMPAS PROJETOS MADUROS,Suno Energias Limpas Projetos Maduros S.A,,,,,
SUNRISE FIDC,,,,SUNRISE FIDC - ÚNICA,,
SUZANO,Suzano S.A.,Suzano S.A.,Suzano S.A.,,,16404287000155
SWISS RE CORPORATE SOLUTIONS SEGUROS,,Swiss Re Corporate Solutions Brasil Seguros S.A.,,,,72145931000199
SYN PROP TECH,,SYN Prop e Tech S.A.,,,,08801621000186
T V V,T V V - Terminal de Vila Velha S.A.,,,,,02639850000160
TAIPATSB FIDC NP MULTISSETORIAL,,,,TAIPATSB FIDC NP MULTISSETORIAL - SUBORDINADAS JÚNIOR,,
TAPSO FIDC,,,,TAPSO FIDC - SUBORDINADAS JÚNIOR,,
TARUMA FUNDO INVESTIMENTO DIREITOS CREDITORIOS FINANCIAMENTO VEICULOS RESP LIMITADA,,,Taruma Fundo de Investimento em Direitos Creditorios Financiamento de Veiculos de Resp Limitada,,,
TAURUS FIC FIDC NP,,,,TAURUS FIC FIDC NP - ÚNICA,,
TAYA FGTS FUNDO INVESTIMENTO DIREITOS CREDITORIOS RESPONSABILIDADE LIMITADA,,,,,TAYA FGTS FUNDO DE INVESTIMENTO EM DIREITOS CREDITORIOS  RESPONSABILIDADE LIMITADA,
TCC,TCC - Transmissora Caminho do Cafe S.A.,,,,,
TCJUS I FIDC NP,,,,TCJUS I FIDC NP - SUBORDINADAS JÚNIOR,,
TECNOLOGIA BANCARIA,,,Tecnologia Bancaria S.A.,,,51427102000129
TECNOLOGIA PARTICIPACOES,,,Brasil Tecnologia E Participacoes S.A.,,,35764708000101
TECNOMYL FUNDO INVESTIMENTO DIREITOS CREDITORIOS,,,,,TECNOMYL FUNDO DE INVESTIMENTO EM DIREITOS CREDITÓRIOS,
TECP,TECP - Transmissora de Energia Central Paulistana S.A.,,,,,
TEGMA GESTAO LOGISTICA,Tegma Gestao Logistica S.A.,,,,,02351144000118
TELEFONICA,Telefonica Brasil S.A.,Telefônica Brasil S.A.,Telefonica Brasil S.A.,,,02558157000162
TERA PERFORMANCE FUNDO INVESTIMENTO DIREITOS CREDITORIOS MULTISSETORIAL LP,,,,,TERA PERFORMANCE FUNDO DE INVESTIMENTO EM DIREITOS CREDITORIOS MULTISSETORIAL LP,
TEREOS ACUCAR ENERGIA,,,Tereos Acucar & Energia Brasil SA,,,47080619000117
TERP GLBL I PARTICIPACOES,,TERP GLBL Brasil I Participações S.A.,,,,21748188000120
TERRA NOVA FIDC,,,,TERRA NOVA FIDC - SUBORDINADAS JÚNIOR,,
TERRA NOVA FUNDO INVESTIMENTO DIREITOS CREDITORIOS,,,,,TERRA NOVA FUNDO DE INVESTIMENTO EM DIREITOS CREDITORIOS,
TERRENOS HOLDING,,,Brasil Terrenos Holding S.A.,,,20961867000110
TESC,TESC -Terminal Santa Catarina S.A.,,,,,
TG SPECIALE FIC FIDC,,,,TG SPECIALE FIC FIDC - ÚNICA,,
TGR SUBHOLDING 4,TGR Subholding 4 S.A.,,,,,
TGR SUBHOLDING 7,TGR Subholding 7 S.A.,,,,,
THOPEN ENERGIA,,Thopen Energia S.A. (sucessora da RZK Energia S.A.),,,,28133664000148
THOPEN SOLAR 02,,Thopen Solar 02 S.A. (sucessora da RZK Solar 02 S.A.),,,,
THOPEN SOLAR 07,Thopen Solar 07 S.A,Thopen Solar 07 S.A. (sucessora da RZK Solar 07 S.A.),,,,
THOPEN SOLAR 10,,Thopen Solar 10 S.A.,,,,49408882000118
THOPEN SOLAR 12 SPE,,Thopen Solar 12 SPE S.A.,,,,50513224000175
THOPEN SOLAR 55 SPE,,Thopen Solar 55 SPE S.A.,,,,53074942000180
TIBAGI ENERGIA SPE,Tibagi Energia SPE S.A.,,,,,
TIETE EOLICA,Tiete Eolica S.A.,,,,,
TIGRE PARTICIPACOES,,,Tigre S.A. Participacoes,,,84684455000163
TIM,TIM S.A.,,,,,02421421000111
TIM SERVICOS PARTICIPACOES,TIM Brasil Servicos e Participacoes S.A.,,,,,02600854000134
TITAN FUNDO INVESTIMENTO DIREITOS CREDITORIOS,,,,,TITAN FUNDO DE INVESTIMENTO EM DIREITOS CREDITORIOS,
TIVIO CAPITAL DTVM,,,Tivio Capital DTVM S.A.,,,03384738000198
TMB CONSIGNADOS FIDC,,,,TMB CONSIGNADOS FIDC - SUBORDINADAS JÚNIOR,,
TMJ FIDC,,,,TMJ FIDC - ÚNICA,,
TMOV FUNDO INVESTIMENTO DIREITOS CREDITORIOS,,,,,TMOV FUNDO DE INVESTIMENTO EM DIREITOS CREDITORIOS,
TOKIO MARINE SEGURADORA,,Tokio Marine Seguradora S.A.,,,,33164021000100
TOP SERVICE SERVICOS SISTEMAS,,Top Service Serviços e Sistemas S.A.,,,,00973749000115
TOPCRED,,,,,TOPCRED - FUNDO DE INVESTIMENTO EM DIREITOS CREDITORIOS,
TOPCRED FUNDO INVESTIMENTO DIREITOS CREDITORIOS,,,,,TOPCRED FUNDO DE INVESTIMENTO EM DIREITOS CREDITORIOS,
TORQI FUNDO INVESTIMENTO DIREITOS CREDITORIOS,,,,,TORQI FUNDO DE INVESTIMENTO EM DIREITOS CREDITORIOS,
TOTALENERGIES DRACENA PARTICIPACOES,Totalenergies Dracena Participacoes S.A.,,,,,
TOTVS,TOTVS S.A.,,,,,53113791000122
TPE,TPE - Transmissora Paraiso de Energia SA,,,,,
TRACADO FIDC,,,,TRAÇADO FIDC - SUBORDINADAS MEZANINO,,
TRADEMASTER III FIDC RECEBIVEIS COMERCIAIS,Trademaster III FIDC Recebiveis Comerciais - Responsabilidade Limitada,,,,,
TRANSENERGIA RENOVAVEL,,Transenergia Renovável S.A.,,,,10553895000145
TRANSENERGIA SAO PAULO,,Transenergia São Paulo S.A.,,,,10997565000149
TRANSFORMA FUNDO INVESTIMENTO DIREITOS CREDITORIOS,,,,,TRANSFORMA FUNDO DE INVESTIMENTO EM DIREITOS CREDITORIOS,
TRANSMISSORA ALIANCA ENERGIA ELETRICA,Transmissora Alianca de Energia Eletrica S.A.,Transmissora Aliança de Energia Elétrica S.A. (TAESA),,,,07859971000130
TRANSMISSORA JOSE MARIA MACEDO ELETRICIDADE,Transmissora Jose Maria de Macedo de Eletricidade S.A.,,,,,21728083000100
TRANSMISSORA SP,Transmissora SP-MG S.A.,,,,,
TRANSPORTADORA ASSOCIADA GAS,Transportadora Associada de Gas S.A. - TAG,Transportadora Associada de Gás S.A. - TAG,,,,06248349000123
TRAVELEX BANCO CAMBIO,Travelex Banco de Cambio S.A.,,,,,
TRAVESSIA SECURITIZADORA,,,,TRAVESSIA SECURITIZADORA LTDA. - 1ª SÉRIE,,26609050000164
TRAVESSIA SECURITIZADORA CREDITOS FINANCEIROS,,"Travessia Securitizadora de Creditos Financeiros S.A. – 1ª, 2ª, 3ª, 4ª, 5ª e 6ª Series da 20ª Emissao de Debêntures (C6 Bank)",Travessia Securitizadora de Creditos Financeiros S.A.,,,38042694000100
TRES TENTOS AGROINDUSTRIAL,,,Tres Tentos Agroindustrial S.A.,,,94813102000170
TREVISO FIDC,,,,TREVISO FIDC - SUBORDINADAS JÚNIOR,,
TREVYS FUNDO INVESTIMENTOS DIREITOS CREDITORIOS,,,,,Trevys Fundo de Investimentos em Direitos Creditórios,
TRIGONO CAPITAL,,Trígono Capital Ltda.,,,,28925400000127
TRIPOLI FIDC NP,,,,TRIPOLI FIDC NP - SUBORDINADAS MEZANINO,,
TRISUL,,,Trisul S.A.,,,08811643000127
TROPICALIA TRANSMISSORA ENERGIA,,Tropicália Transmissora de Energia S.A.,,,,24870139000154
TRSP,TRSP - Terminal de Regaseificacao de GNL de Sao Paulo S.A,,,,,
TRUE SECURITIZADORA,,True Securitizadora S.A - Série Única da 50ª Emissão de CRIs (Risco São Carlos),True Securitizadora S.A.,TRUE SECURITIZADORA - RISCO PULVERIZADO (143ª SÉRIE - 1ª EMISSÃO),True Securitizadora S.A,12130744000100
TRUST FIDC,,,,TRUST FIDC - SUBORDINADAS JÚNIOR,,
TRUSTHUB SECURITIZADORA 2022,Trusthub Securitizadora 2022-2 (Debenture SRM),,,,,02.211.906/0001-80
TRX FIDC CORPORATIVO I,,,,TRX FIDC CORPORATIVO I - SENIORES ÚNICA,,
TRX SECURITIZADORA,,TRX Securitizadora S.A. - 13ª Série da 1ª Emissão de CRIs (Risco Ambev),,,,11716471000117
TSB FIDC NP,,,,TSB FIDC NP - SENIORES 1ª SÉRIE,,
TSM,TSM -Transmissora Serra da Mantiqueira S.A.,,,,,
TUCANO HOLDING II,,Tucano Holding II S.A.,,,,34623550000189
TUCANO HOLDING III,Tucano Holding III S.A.,,,,,
TULIPA CREDITOS JUDICIAIS FUNDO INVESTIMENTO DIREITOS CREDITORIOS NAO,,,,,Tulipa Créditos Judiciais Fundo de Investimento em Direitos Creditórios Não-Padronizados,
TUPI ENERGIAS RENOVAVEIS,Tupi Energias Renovaveis S.A.,,,,,59115685000164
TUPY,Tupy S.A.,,Tupy S.A.,,,84683374000149
U.NIC FUNDO INVESTIMENTO DIREITOS CREDITORIOS,,,,,U.NIC FUNDO DE INVESTIMENTO EM DIREITOS CREDITÓRIOS,
UA FUNDO INVESTIMENTO DIREITOS CREDITORIOS,,,,,UA FUNDO DE INVESTIMENTO EM DIREITOS CREDITORIOS,
UA FUNDO INVESTIMENTO DIREITOS CREDITORIOS NAO,,,,,UA FUNDO DE INVESTIMENTO EM DIREITOS CREDITÓRIOS NÃO-PADRONIZADOS,
UBYFOL AGRO FIDC,,,,UBYFOL AGRO FIDC - SENIORES 1ª SÉRIE,,
UBYFOL AGRO FUNDO INVESTIMENTO DIREITOS CREDITORIOS III,,,,,UBYFOL AGRO FUNDO DE INVESTIMENTO EM DIREITOS CREDITORIOS III,
UBYFOL AGRO III FIDC,,,,UBYFOL AGRO III FIDC - SUBORDINADAS JÚNIOR,,
UHE SAO SIMAO ENERGIA,UHE Sao Simao Energia S.A.,,UHE Sao Simao Energia S.A.,,,27352303000120
ULTRACARGO LOGISTICA,,Ultracargo Logística S.A.,,,,14688220001640
ULTRAFERTIL,Ultrafertil S.A.,,Ultrafertil S.A.,,,02476026000136
ULTRAPAR PARTICIPACOES,,Ultrapar Participações S.A.,Ultrapar Participacoes S.A.,,,33256439000139
UNIAO QUIMICA FARMACEUTICA NACIONAL,Uniao Quimica Farmaceutica Nacional S.A.,,,,,60665981000118
UNIDAS LOCACOES SERVICOS,Unidas Locacoes E Servicos S/A,Unidas Locações e Serviços S.A.,,,,75609123000123
UNIDAS LOCADORA,,Unidas Locadora S.A.,,,,45736131000170
UNIFIQUE TELECOMUNICACOES,,,Unifique Telecomunicacoes S.A.,,,02255187000108
UNIPAR CARBOCLORO,Unipar Carbocloro S.A.,,,,,33958695000178
UNIPRIME IGUACU,,"Uniprime do Iguaçu – Cooperativa de Crédito, Poupança e Investimento",,,,01848322000158
UNIPRIME PIONEIRA COOPERATIVA CREDITO,,Uniprime Pioneira Cooperativa de Crédito,,,,01286361000109
UP.P II FIDC,,,,UP.P II FIDC - MEZANINO CLASSE A,,
URBE FUNDO INVESTIMENTO DIREITOS CREDITORIOS MULTISSETORIAL LP,,,,,Urbe Fundo de Investimento em Direitos Creditórios Multissetorial LP,
URBELUZ ENERGETICA,,Urbeluz Energética S.A.,,,,
URUS FIDC,,,,URUS FIDC - SUBORDINADAS JÚNIOR,,
USECORP CATALISE FIDC,,,,USECORP CATÁLISE FIDC - SUBORDINADAS JÚNIOR,,
USIMINAS INTERNATIONAL R.L.,Usiminas International S.a r.l.,,,,,
USINA BATATAIS,,,Usina Batatais SA - Acucar e Alcool,,,54470679000101
USINA SANTA ADELIA,,,Usina Santa Adelia S.A.,,,50376938000189
USINA SAO JOSE ESTIVA ACUCAR ALCOOL,,,Usina Sao Jose da Estiva S/A Acucar e Alcool,,,53172300000114
USINA TERMELETRICA PAMPA SUL,Usina Termeletrica Pampa Sul S.A.,,Usina Termeletrica Pampa Sul S.A.,,,04739720000124
USINAS ITAMARATI,,,Usinas Itamarati S.A.,,,15009178000170
USINAS SIDERURGICAS MINAS GERAIS,Usinas Siderurgicas de Minas Gerais S.A. (Usiminas),Usinas Siderúrgicas de Minas Gerais S.A. - Usiminas,Usinas Siderurgicas de Minas Gerais S.A.,,,17157850000443
UTE GNA I GERACAO ENERGIA,,,UTE GNA I Geracao de Energia S.A.,,,23449511000190
UTE GNA II GERACAO ENERGIA,UTE Gna II Geracao de Energia S.A.,,,,,
V. C. M. GESTAO CAPITAL,,,,V. C. M. GESTÃO DE CAPITAL LTDA.,,
V.TAL REDE NEUTRA TELECOMUNICACOES,,,V.Tal Rede Neutra e Telecomunicacoes S.A.,,,02.041.460/0001-93
V2I ENERGIA,V2i Energia S.A.,,,,,
VALE,Vale S.A.,Vale S.A.,Vale S.A.,,,33592510000154
VALE TIJUCO ACUCAR ALCOOL,,,Vale do Tijuco Acucar e Alcool S.A.,,,08493354000127
VALECRED FUNDO INVESTIMENTO DIREITOS CREDITORIOS,,,,,VALECRED FUNDO DE INVESTIMENTO EM DIREITOS CREDITORIOS,
VALECRED FUNDO INVESTIMENTO DIREITOS CREDITORIOS LP,,,,,VALECRED FUNDO DE INVESTIMENTO EM DIREITOS CREDITORIOS LP,
VALID SOLUCOES,,Valid Soluções S.A.,,,,33113309000147
VALORA VANGUARD FIC FIDC,,,,VALORA VANGUARD FIC FIDC - ÚNICA,,
VALOREM FIDC,,,,VALOREM FIDC - SUBORDINADAS MEZANINO XVI,,
VALOREM PLUS FIDC NP,,,,VALOREM PLUS FIDC NP - SUBORDINADAS JÚNIOR,,
VALORTEC FIDC,,,,VALORTEC FIDC - SUBORDINADAS JÚNIOR,,
VALORTEC FUNDO INVESTIMENTO DIREITOS CREDITORIOS,,,,,VALORTEC FUNDO DE INVESTIMENTO EM DIREITOS CREDITORIOS,
VALYOS FUNDO INVESTIMENTOS DIREITOS CREDITORIOS IMOBILIARIOS,,,,,VALYOS Fundo de Investimentos Em Direitos Creditorios Imobiliarios,
VAMOS LOCACAO CAMINHOES,"Vamos Locacao de Caminhoes, Maquinas e Equipamentos S.A.","Vamos Locação de Caminhões, Máquinas e Equipamentos S.A.","Vamos Locacao de Caminhoes, Maquinas e Equipamentos S.A.",,,23373000000132
VANGUARD I FIDC NP,,,,VANGUARD I FIDC NP - SUBORDINADAS JÚNIOR,,
VDB F2 GERACAO ENERGIA,VDB F2 Geracao de Energia S.A.,,,,,
VECTOR FIDC NP,,,,VECTOR FIDC NP - SUBORDINADAS JÚNIOR,,
VECTOR FUNDO INVESTIMENTO DIREITOS CREDITORIOS MULTISSETORIAL,,,,,VECTOR FUNDO DE INVESTIMENTO EM DIREITOS CREDITÓRIOS MULTISSETORIAL,
VECTOR FUNDO INVESTIMENTO DIREITOS CREDITORIOS NAO PADRONIZADOS MULTISSETORIAL,,,,,VECTOR FUNDO DE INVESTIMENTO EM DIREITOS CREDITÓRIOS NÃO PADRONIZADOS MULTISSETORIAL,
VEGA FIDC,,,,VEGA FIDC - SUBORDINADAS JÚNIOR,,
VELEIROS HOLDINGS,Veleiros Holdings S.A.,,,,,
VENTOS SANTA TEREZA 07 ENERGIAS RENOVAVEIS,Ventos de Santa Tereza 07 Energias Renovaveis S.A.,,,,,
VENTOS SANTO ESTEVAO HOLDING,Ventos de Santo Estevao Holding S.A.,,,,,
VENTOS SAO CLEMENTE HOLDING,Ventos de Sao Clemente Holding S.A.,,,,,
VENTOS SAO JOAO XXIII ENERGIAS RENOVAVEIS,Ventos de Sao Joao XXIII Energias Renovaveis S.A.,,,,,
VENTOS SAO JORGE HOLDING,Ventos de Sao Jorge Holding S.A.,,,,,
VENTOS SAO LUCIO I ENERGIAS RENOVAVEIS,Ventos de Sao Lucio I Energias Renovaveis S.A.,,,,,
VENTOS SAO TITO HOLDING,Ventos de Sao Tito Holding S.A.,,,,,
VENTOS SAO TOME HOLDING,Ventos de Sao Tome Holding S.A.,,,,,
VENTOS SUL ENERGIA,Ventos do Sul Energia S.A.,,,,,06016348000153
VENTURA FUNDO INVESTIMENTO DIREITOS CREDITORIOS,,,,,VENTURA FUNDO DE INVESTIMENTO EM DIREITOS CREDITORIOS,
VERAX I FEDERAL FIDC NP,,,,VERAX I FEDERAL FIDC NP  - SUBORDINADAS MEZANINO I,,
VERDE AMBIENTAL ALAGOAS,,,Verde Ambiental Alagoas S.A.,,,44992350000157
VERDECARD FUNDO INVESTIMENTO DIREITOS CREDITORIOS RESPONSABILIDADE LIMITADA,,,VerdeCard Fundo de Investimento em Direitos Creditorios Responsabilidade Limitada,,,26722650000134
VERENE TRANSMISSAO SUBHOLDING,Verene Transmissao Subholding S.A.,,,,,
VERO,,,Vero,,,31748174000160
VERSATIL FUNDO INVESTIMENTO DIREITOS CREDITORIOS,,,,,VERSATIL FUNDO DE INVESTIMENTO EM DIREITOS CREDITORIOS,
VERSATILE FUNDO INVESTIMENTO DIREITOS CREDITORIOS,,,,,VERSATILE FUNDO DE INVESTIMENTO EM DIREITOS CREDITORIOS,
VERSATILE FUNDO INVESTIMENTO DIREITOS CREDITORIOS RESPONSABILIDADE LIMITADA,,,,,VERSATILE FUNDO DE INVESTIMENTO EM DIREITOS CREDITÓRIOS RESPONSABILIDADE LIMITADA,
VERT,,,,VERT-11 COMPANHIA SECURITIZADORA DE CRÉDITOS FINANCEIROS - 1ª EMISSÃO - 2ª SÉRIE,,
VERT CIA SECURITIZADORA 2019,Vert Cia Securitizadora 2019-30-1 (Klabin),,,,,
VERT CIA SECURITIZADORA 2020,Vert Cia Securitizadora 2020-46-2 (BRF),,,,,
VERT CIA SECURITIZADORA 2021,Vert Cia Securitizadora 2021-60-1 (BRF),,,,,
VERT CIA SECURITIZADORA 2022,"Vert Cia Securitizadora 2022-94-1,2,3 (Dasa)",,,,,
VERT CIA SECURITIZADORA 2023,"Vert Cia Securitizadora 2023-92-1,2,3,4 (Belagricola)",,,,,
VERT CIA SECURITIZADORA 2024,"Vert Cia Securitizadora 2024-124-1,2,3,4,5 (Dasa)",,,,,
VERT CIA SECURITIZADORA 2026,"Vert Cia Securitizadora 2026-42-1,2,3,4,5 (J&F)",,,,,43737117000165
VERT COMPANHIA SECURITIZADORA,,Vert Companhia Securitizadora - 1ª Serie da 4ª Emissão de CRIs (Risco Raia Drogasil),Vert Companhia Securitizadora,,,25005683000109
VERT CSCF 2024,"Vert CSCF 2024-5-1,2,3 (BMG 6)",,,,,
VERTERA HOLDING,Vertera Holding S.A.,,,,,
VESTE ESTILO,Veste S.A. Estilo,,,,,49669856000143
VIA APPIA CONCESSOES,,,Via Appia Concessoes S.A.,,,52538988000140
VIA BR 163 CONCESSIONARIA RODOVIAS,,Via Brasil BR 163 Concessionária de Rodovias S.A.,,,,44067725000172
VIA CAPITAL ADAMANTUS FUNDO INVESTIMENTO DIREITOS CREDITORIOS MULTISSETORIAL,,,,,VIA CAPITAL ADAMANTUS FUNDO DE INVESTIMENTO EM DIREITOS CREDITORIOS MULTISSETORIAL,
VIA CAPITAL ARTEMUS FUNDO INVESTIMENTO DIREITOS CREDITORIOS MULTISSETORIAL,,,,,VIA CAPITAL ARTEMUS FUNDO DE INVESTIMENTO EM DIREITOS CREDITÓRIOS MULTISSETORIAL,
VIA INVEST II FUNDO INVESTIMENTO DIREITOS CREDITORIOS RESPONSABILIDADE LIMITADA,,Via Invest II Fundo de Investimento em Direitos Creditórios Responsabilidade Limitada,,,,30035329000159
VIA MT 246 CONCESSIONARIA RODOVIAS,Via Brasil MT 246 Concessionaria de Rodovias S.A.,,,,,
VIA MT 320 CONCESSIONARIA RODOVIAS,Via Brasil MT 320 Concessionaria De Rodovias S.A.,,,,,
VIA PAULISTA,,,Via Paulista S.A.,,,66203811000106
VIARONDON CONCESSIONARIA RODOVIA,ViaRondon Concessionaria de Rodovia S.A.,,,,,10635691000153
VIBRA ENERGIA,,Vibra Energia S.A.,,,,34274233000102
VILA PIAUI 1 EMPREENDIMENTOS PARTICIPACOES,Vila Piaui 1 Empreendimentos e Participacoes S.A.,,,,,
VILA PIAUI 2 EMPREENDIMENTOS PARTICIPACOES,Vila Piaui 2 Empreendimentos e Participacoes S.A.,,,,,
VINCI CREDITO INFRA INSTITUCIONAL FUNDO INCENTIVADO INVESTIMENTO INFRAESTRUTURA RENDA FIXA,Vinci Credito Infra Institucional Fundo Incentivado de Investimento em Infraestrutura Renda Fixa,,,,,
VINCI ENERGIA SUSTENTAVEL FUNDO INVESTIMENTO DIREITOS CREDITORIOS,Vinci Energia Sustentavel Fundo de Investimento em Direitos Creditorios,,,,,
VINCI EQUITIES GESTORA RECURSOS,,Vinci Equities Gestora de Recursos Ltda.,,,,10917835000164
VINCI GESTORA RECURSOS,,Vinci Gestora de Recursos Ltda,,,,11077576000173
VINCI SOLUCOES INVESTIMENTOS,,Vinci Soluções de Investimentos Ltda.,,,,13421810000163
VINLAND CAPITAL MANAGEMENT CREDITO PRIVADO GESTORA RECURSOS,,Vinland Capital Management Crédito Privado Gestora de Recursos Ltda.,,,,31846872000107
VINLAND CAPITAL MANAGEMENT GESTORA RECURSOS,,Vinland Capital Management Gestora de Recursos Ltda,,,,07341777000169
VIOLIN 8432 CREDITOS JUDICIAIS FUNDO INVESTIMENTO DIREITOS CREDITORIOS NAO,,,,,Violin 8432 (2) Créditos Judiciais Fundo de Investimento em Direitos Creditórios Não-Padronizados,
VIRGINIA FIC FIDC,,,,VIRGÍNIA FIC FIDC - SUBORDINADAS MEZANINO I,,
VIRGO COMPANHIA SECURITIZACAO,,Virgo Companhia de Securitização - 1ª e 2ª Séries da 76ª  Emissão de CRIs (Risco Ânima),,,Virgo Companhia de Securitização S.A,08.769.451/0001-08
VIRGO SECURITIZADORA,,,,VIRGO SECURITIZADORA - RISCO VIA VAREJO E BEMOL - 55A EMISSÃO - SÉRIE ÚNICA,,
VITA SERTAO CONCESSIONARIA SANEAMENTO,,Vita Sertão Concessionaria de Saneamento S.A.,,,,
VITAL ENGENHARIA AMBIENTAL,,,Vital Engenharia Ambiental S.A.,,,02536066000126
VITRU EDUCACAO,Vitru Educacao S.A.,,Vitru Educacao S.A.,,,20512706000140
VIVARA PARTICIPACOES,Vivara Participacoes S.A.,,,,,33839910000111
VIX LOGISTICA,VIX Logistica S.A.,,Vix Logistica S.A.,,,32681371000172
VIXTRA FIDC,,,,VIXTRA FIDC - SENIORES ÚNICA,,
VIXTRA FUNDO INVESTIMENTO DIREITOS CREDITORIOS RESPONSABILIDADE LIMITADA,,,Vixtra Fundo de Investimento em Direitos Creditórios Responsabilidade Limitada,,,45523699000102
VIXTRA FUNDO INVESTIMENTOS DIREITOS CREDITORIOS,,,,,VIXTRA FUNDO DE INVESTIMENTOS EM DIREITOS CREDITÓRIOS,
VLA FIDC,,,,VLA FIDC - SENIORES 1ª SÉRIE,,
VLI,VLI S.A.,,,,,
VLI MULTIMODAL,VLI Multimodal S.A.,,VLI Multimodal S.A.,,,42276907000128
VOKE,,,Voke S.A.,,,04212396000191
VOLPATO FIDC,,,,VOLPATO FIDC - ÚNICA,,
VOLTALIA SAO MIGUEL GOSTOSO PARTICIPACOES,Voltalia Sao Miguel do Gostoso Participacoes S.A.,,,,,
VOTORANTIM,Votorantim S.A.,Votorantim S.A.,Votorantim S.A.,,,03407049000151
VOTORANTIM CIMENTOS,Votorantim Cimentos S.A. (VCSA),,,,,01637895000132
VPORTS AUTORIDADE PORTUARIA,VPorts Autoridade Portuaria S.A.,,,,,
VSI 123QRED FUNDO INVESTIMENTO DIREITOS CREDITORIOS,,,,,VSI 123QRED FUNDO DE INVESTIMENTO EM DIREITOS CREDITORIOS,
VSI SAC FIDC,,,,VSI SAC FIDC - SUBORDINADAS JÚNIOR,,
VSI SAC FUNDO INVESTIMENTO DIREITOS CREDITORIOS,,,,,VSI SAC FUNDO DE INVESTIMENTO EM DIREITOS CREDITORIOS,
VTK FUNDO INVESTIMENTO DIREITOS CREDITORIOS RESPONSABILIDADE LIMITADA,,VTK Fundo de Investimento em Direitos Creditórios Responsabilidade Limitada,,,,
W CAPITAL I,,,,,W CAPITAL I - FUNDO DE INVESTIMENTO EM DIREITOS CREDITÓRIOS,
WEG INTEGRADORES FUNDO INVESTIMENTO DIREITOS CREDITORIOS RECEBIVEIS COMERCIAIS RESPONSABILIDADE LIMITADA,,WEG Integradores Fundo de Investimento em Direitos Creditórios Recebíveis Comerciais Responsabilidade Limitada,,,,65220183000104
WFR FUNDO INVESTIMENTO DIREITOS CREDITORIOS MULTISSETORIAL,,,,,WFR FUNDO DE INVESTIMENTO EM DIREITOS CREDITORIOS MULTISSETORIAL,
WIMO FUNDO INVESTIMENTO DIREITOS CREDITORIOS,,,,,WIMO FUNDO DE INVESTIMENTO EM DIREITOS CREDITORIOS,
WIMO PJ FUNDO INVESTIMENTO DIREITOS CREDITORIOS,,,,,WIMO PJ FUNDO DE INVESTIMENTO EM DIREITOS CREDITÓRIOS,
WINDEPAR HOLDING,Windepar Holding S.A.,,,,,
WINITY,Winity S.A.,,,,,
WK FUNDO INVESTIMENTO DIREITOS CREDITORIOS,,,,,WK FUNDO DE INVESTIMENTO EM DIREITOS CREDITORIOS,
WM GALAPAGOS FUNDO INVESTIMENTO COTAS FUNDO INVESTIMENTO DIREITOS CREDITORIOS NAO PADRONIZADOS,,,,,WM GALAPAGOS FUNDO DE INVESTIMENTO EM COTAS DE FUNDO DE INVESTIMENTO EM DIREITOS CREDITORIOS NÃO PADRONIZADOS,
WOW FIDC,,,,WOW FIDC - SUBORDINADAS,,
XINGU RIO TRANSMISSORA ENERGIA,,Xingu Rio Transmissora de Energia S.A.,,,,23093056000133
XP ADVISORY GESTAO RECURSOS,,XP Advisory Gestão de Recursos Ltda.,,,,15289957000177
XP ALLOCATION ASSET MANAGEMENT,,XP Allocation Asset Management Ltda.,,,,37918829000188
XP C1 FIDC NP,,,,XP C1 FIDC NP – CLASSE A - SUBORDINADAS,,
XP GESTAO RECURSOS,,XP Gestão de Recursos Ltda.,,,,07625200000189
XP INVESTIMENTOS,,,XP Investimentos S.A.,,,16838421000126
XP RETURN I CONSIGNADO FUNDO INVESTIMENTO DIREITOS CREDITORIOS RESPONSABILIDADE LIMITADA,,XP Return I Consignado Fundo de Investimento em Direitos Creditórios Responsabilidade Limitada,,,,
XP VISTA ASSET MANAGEMENT,,XP Vista Asset Management Ltda.,,,,16789525000198
YDUQS PARTICIPACOES,,,YDUQS Participacoes S.A.,,,08807432000110
YINSON BERGENIA PRODUCTION B.V.,Yinson Bergenia Production B.V.,,,,,
YINSON BORONIA PRODUCTION B.V.,Yinson Boronia Production B.V.,,,,,33367206000103
ZAMP,Zamp S.A.,,,,,13574594000196
ZKR FIDC NP,,,,ZKR FIDC NP  - SUBORDINADAS JÚNIOR,,
