dt_captura,no_emissor,link,no_tipo_rating,de_rating_br,dt_acao_rating,de_acao_rating,de_outlook,de_instrumento,de_isin
2026-06-05,Log-In Logistica Intermodal S.A.,https://www.fitchratings.com/entity/log-in-logistica-intermodal-sa-96910097,National Long Term Rating,WD(bra),2025-06-05,Withdrawn,,,
2026-07-07,Cartao de Compra Supplier FIDC,https://www.fitchratings.com/entity/cartao-de-compra-supplier-fundo-de-investimentos-em-direitos-creditorios-90642491#issues,National Long Term Rating,PIFsf(bra),2025-07-07,Paid In Full,,securities,BRSPL1CTF026
2026-07-07,Cartao de Compra Supplier FIDC,https://www.fitchratings.com/entity/cartao-de-compra-supplier-fundo-de-investimentos-em-direitos-creditorios-90642491#issues,National Long Term Rating,PIFsf(bra),2025-07-07,Paid In Full,,securities,BRSPL1CTF034
2026-07-07,Cartao de Compra Supplier FIDC,https://www.fitchratings.com/entity/cartao-de-compra-supplier-fundo-de-investimentos-em-direitos-creditorios-90642491#issues,National Long Term Rating,PIFsf(bra),2025-07-07,Paid In Full,,securities,BRSPL1CTF000
2026-07-07,Cartao de Compra Supplier FIDC,https://www.fitchratings.com/entity/cartao-de-compra-supplier-fundo-de-investimentos-em-direitos-creditorios-90642491#issues,National Long Term Rating,NRsf,2020-01-03,Publish,,securities,BRSPL1CTF018
2026-07-07,Cartao de Compra Supplier FIDC,https://www.fitchratings.com/entity/cartao-de-compra-supplier-fundo-de-investimentos-em-direitos-creditorios-90642491#issues,National Long Term Rating,WDsf(bra),2017-12-22,Withdrawn,,securities,
2026-07-08,Auren Participacoes S.A.,https://www.fitchratings.com/entity/aes-brasil-energia-sa-97281499#issues,National Long Term Rating,AAA(bra),2025-12-30,Affirmed,,3rd debentures BRL 1.15 bln 15-Jul-2037,BRAURPDBS031
2026-07-10,Movida Locacao de Veiculos S.A.,https://www.fitchratings.com/entity/movida-locacao-de-veiculos-sa-97423224#issues,National Long Term Rating,WD(bra),2025-07-11,Withdrawn,,10ª Debenture_BRL 750 mln bond/note 15-Jul-2027,BRMVLVDBS092
2026-07-10,Auren Operacoes S.A.,https://www.fitchratings.com/entity/aes-brasil-operacoes-sa-97379391#issues,National Long Term Rating,WD(bra),2024-04-10,Withdrawn,,9th deb issuance 2nd serie BRL 641.09 mln 4.713% bond/note 15-Mar-2029,BRTIETDBS0C9
2026-07-10,Auren Operacoes S.A.,https://www.fitchratings.com/entity/aes-brasil-operacoes-sa-97379391#issues,National Long Term Rating,WD(bra),2024-04-10,Withdrawn,,BRL 750 mln Floating bond/note 12-Dec-2027,BRAESODBS002
2026-07-10,Auren Operacoes S.A.,https://www.fitchratings.com/entity/aes-brasil-operacoes-sa-97379391#issues,National Long Term Rating,WD(bra),2024-04-10,Withdrawn,,9th deb issuance 1st serie BRL 1.38 bln Floating bond/note 15-Mar-2027,BRTIETDBS0B1
2026-07-10,Auren Operacoes S.A.,https://www.fitchratings.com/entity/aes-brasil-operacoes-sa-97379391#issues,National Long Term Rating,WD(bra),2024-04-10,Withdrawn,,9th deb issuance 3rd serie BRL 178.91 mln 4.713% bond/note 15-Mar-2029,BRTIETDBS0D7
2026-07-15,Opea Securitizadora S.A. 2018-1-184 (Rede D'Or),https://www.fitchratings.com/entity/rb-capital-companhia-de-securitizacao-2018-184-rede-d-or-96786350#issues,National Long Term Rating,PIFsf(bra),2025-07-15,Paid In Full,,debt ser 2018-184,BRRBRACRI4Y5
2026-07-15,"Virgo II Cia de Securitizacao 2018-1-9,10,11 (Vibra Energia)",https://www.fitchratings.com/entity/cibrasec-companhia-brasileira-de-securitizacao-96645281#issues,National Long Term Rating,PIFsf(bra),2025-07-15,Paid In Full,,"certificates ser 2018-1-9,10,11",BRCBSCCRA062
2026-07-15,Companhia de Saneamento de Minas Gerais COPASA MG,https://www.fitchratings.com/entity/companhia-de-saneamento-de-minas-gerais-copasa-94017690#issues,National Long Term Rating,NR,2025-07-15,Matured,,13th Debentures due Jul-2025,"BRCSMGDBS0C1, BRCSMGDBS0D9"
2026-07-15,Copel Geracao e Transmissao S.A.,https://www.fitchratings.com/entity/copel-geracao-e-transmissao-sa-96167039#issues,National Long Term Rating,NR,2025-07-15,Matured,,5a deb isuance  BRL 200 mln 3.9% Series 26 bond/note 15-Jul-2025,BRCPGTDBS065
2026-07-15,Verde 08 Energia S.A.,https://www.fitchratings.com/entity/verde-08-energia-sa-96648754#issues,National Long Term Rating,NR,2025-07-15,Matured,,BRL 140 mln Floating IPCA (Brazil) 5.956% bond/note 15-Jul-2025,BRVDENDBS010
2026-07-15,"Virgo II Cia de Securitizacao 2018-1-9,10,11 (Vibra Energia)",https://www.fitchratings.com/entity/cibrasec-companhia-brasileira-de-securitizacao-96645281#issues,National Long Term Rating,PIFsf(bra),2024-07-15,Paid In Full,,"certificates ser 2018-1-9,10,11",BRCBSCCRA054
2026-07-15,"Virgo II Cia de Securitizacao 2018-1-9,10,11 (Vibra Energia)",https://www.fitchratings.com/entity/cibrasec-companhia-brasileira-de-securitizacao-96645281#issues,National Long Term Rating,PIFsf(bra),2022-07-15,Paid In Full,,"certificates ser 2018-1-9,10,11",BRCBSCCRA047
2026-07-21,Brazil,https://www.fitchratings.com/entity/brazil-80442191#issues,Long Term Rating,BB,2026-06-16,Affirmed,,BRL 4.05 bln 6% bond/note 15-Aug-2040,BRSTNCNTB3C6
2026-07-24,Anima Holding S.A.,https://www.fitchratings.com/entity/anima-holding-sa-94141490#issues,National Long Term Rating,AA(bra),2025-10-08,New Rating,,8th debentures BRL300m due 2030,
2026-07-24,Anima Holding S.A.,https://www.fitchratings.com/entity/anima-holding-sa-94141490#issues,National Long Term Rating,AA(bra),2025-09-03,Review - No Action,,7th debentures BRL150m due 2029,
2026-07-27,Potengi Holdings S.A.,https://www.fitchratings.com/entity/potengi-holdings-sa-97542650#issues,National Long Term Rating,AAA(bra),2026-07-10,Affirmed,,BRL 300 mln bond/note 31-Dec-2041,BRPOTEDBS008
2026-07-27,Potengi Holdings S.A.,https://www.fitchratings.com/entity/potengi-holdings-sa-97542650#issues,National Long Term Rating,AAA(bra),2026-07-10,Affirmed,,BRL 210 mln Floating IPCA (Brazil) 5.9% bond/note,BRPOTEDBS016
2026-07-27,AES Tucano Holding II S.A.,https://www.fitchratings.com/entity/aes-tucano-holding-ii-sa-97281834#issues,National Long Term Rating,AAA(bra),2026-07-10,Affirmed,,BRL 300 mln Floating bond/note 27-Sep-2041,BRTCIIDBS009
2026-07-27,Echoenergia Participacoes S.A.,https://www.fitchratings.com/entity/echoenergia-participacoes-sa-96662850#issues,National Long Term Rating,AA(bra),2026-06-17,Affirmed,,BRL 180 mln Floating bond/note 15-Jun-2030,BRECHPDBS008
2026-07-27,Elea Digital Infraestrutura e Redes de Telecomunicacoes S.A.,https://www.fitchratings.com/entity/drammen-rj-infraestrutura-e-redes-de-telecomunicacoes-sa-97272267#issues,National Long Term Rating,A-(bra),2026-06-16,Upgrade,Rating Watch Off,BRL 790 mln Floating CDI (Brazil) bond/note,BRDMRJDBS035
2026-07-27,Cutia Empreendimentos Eolicos SA,https://www.fitchratings.com/entity/cutia-empreendimentos-eolicos-sa-96751593#issues,National Long Term Rating,AAA(bra),2026-05-15,Affirmed,,BRL 360 mln Floating IPCA (Brazil) 5.881% bond/note 15-Dec-2031  credit agreement dated as of 20-mar-2019,BRCTEEDBS007
2026-07-27,Enel Green Power Manicoba Eolica S.A.,https://www.fitchratings.com/entity/enel-green-power-manicoba-eolica-sa-96386802#issues,National Long Term Rating,AA+(bra),2026-04-24,Downgrade,Rating Watch Off,BRL 10.75 mln bond/note 15-Dec-2028,BREGMEDBS003
2026-07-27,Companhia de Saneamento de Minas Gerais COPASA MG,https://www.fitchratings.com/entity/companhia-de-saneamento-de-minas-gerais-copasa-94017690#issues,National Long Term Rating,AAA(bra),2026-04-02,Affirmed,,17th debentures,BRCSMGDBS0K4
2026-07-27,Companhia Estadual de Geracao De Energia Eletrica - Ceee-G,https://www.fitchratings.com/entity/companhia-estadual-de-geracao-de-energia-eletrica-ceee-g-97686013#issues,National Long Term Rating,BBB-(bra),2026-03-20,Downgrade,Rating Watch Negative,BRL 800 mln Series 23 bond/note 15-Dec-2041 - 2a serie,BRCGEEDBS046
2026-07-27,Companhia Estadual de Geracao De Energia Eletrica - Ceee-G,https://www.fitchratings.com/entity/companhia-estadual-de-geracao-de-energia-eletrica-ceee-g-97686013#issues,National Long Term Rating,BBB-(bra),2026-03-20,Downgrade,Rating Watch Negative,BRL 400 mln Series 13 bond/note 14-Dec-2041- 1a serie,BRCGEEDBS038
2026-07-27,Concessionaria Rota das Bandeiras S.A.,https://www.fitchratings.com/entity/concessionaria-rota-das-bandeiras-sa-91868491#issues,National Long Term Rating,AAA(bra),2026-02-20,Affirmed,Rating Outlook Stable,2nd Debentures - 2nd Series,BRCRBDDBS033
2026-07-27,Companhia Piratininga de Forca e Luz,https://www.fitchratings.com/entity/cia-piratininga-de-forca-e-luz-sa-91549891#issues,National Long Term Rating,AAA(bra),2026-01-22,Affirmed,,BRL 481 mln bond/note 28-Jun-2028,BRCPFPDBS0I9
2026-07-27,EDTE -Empresa Diamantina de Transmissao de Energia S.A.,https://www.fitchratings.com/entity/edte-empresa-diamantina-de-transmissao-de-energia-sa-96723959#issues,National Long Term Rating,AAA(bra),2026-01-08,Affirmed,,BRL 315 mln Floating IPCA (Brazil) 5.294% bond/note 15-Dec-2028,BREDITDBS014
2026-07-27,Windepar Holding S.A.,https://www.fitchratings.com/entity/windepar-holding-sa-96416378#issues,National Long Term Rating,AAA(bra),2025-12-23,Affirmed,,BRL 67.5 mln Floating IPCA (Brazil) 7.621% bond/note 15-Dec-2028,BRWDPRDBS007
2026-07-27,Saneamento de Goias S.A. (Saneago),https://www.fitchratings.com/entity/saneamento-de-goias-sa-saneago-80361245#issues,National Long Term Rating,AA(bra),2025-12-04,Affirmed,,9th Debentures,BRSNGODBS0K9
2026-07-27,Celesc Geracao S.A.,https://www.fitchratings.com/entity/celesc-geracao-sa-96258686#issues,National Long Term Rating,AA(bra),2025-10-27,Affirmed,,BRL 37 mln Floating IPCA (Brazil) 4.3% bond/note 10-Dec-2030,BRCLGRDBS035
2026-07-27,Companhia de Aguas e Esgotos do Rio Grande do Norte,https://www.fitchratings.com/entity/companhia-de-aguas-e-esgotos-do-rio-grande-do-norte-97435040#issues,National Long Term Rating,A+(bra),2025-10-17,Affirmed,,BRL 370 mln Floating bond/note 19-Jan-2028,BRAERNDBS006
2026-07-27,Alianca Geracao de Energia S.A.,https://www.fitchratings.com/entity/alianca-geracao-de-energia-sa-96605787#issues,National Long Term Rating,AAA(bra),2025-09-24,Affirmed,,2 Emissao BRL 77 MM 2029,BRALGEDBS011
2026-07-28,MC Brazil Downstream Trading S.a.r.l.,https://www.fitchratings.com/entity/mc-brazil-downstream-trading-sarl-97258479#issues,Long Term Rating,BB-,2026-07-24,Upgrade,,USD 1.8 bln 7.25% bond/note 30-Jun-2031,"US55292WAA80, USL626A6AA24"
2026-07-28,SE Vineyards Transmissao de Energia S.A.,https://www.fitchratings.com/entity/se-vineyards-transmissao-de-energia-sa-96798394#issues,National Long Term Rating,AAA(bra),2026-07-20,Affirmed,Rating Outlook Stable,BRL 250 mln 5.238% Series 12 bond/note 15-Jul-2042,BRVNYDDBS018
2026-07-28,Geometrica Par Investimentos S.A.,https://www.fitchratings.com/entity/prumo-participacoes-e-investimentos-s-a-96158821#issues,Long Term Rating,BB+,2026-07-20,Affirmed,Rating Outlook Stable,USD 350 mln 7.5% bond/note 31-Dec-2031,"US74444JAE73, USP7922DAB03"
2026-07-28,Brazil,https://www.fitchratings.com/entity/brazil-80442191#issues,Long Term Rating,BB,2026-07-13,New Rating,,BRL 1.69 bln Zero treasury bills/notes/bonds 01-Sep-2032,BRSTNCLF1S24
2026-07-28,TESC -Terminal Santa Catarina S.A.,https://www.fitchratings.com/entity/tesc-terminal-santa-catarina-sa-97201281#issues,National Long Term Rating,AA-(bra),2026-07-08,Rating Watch On,Rating Watch Negative,BRL 350 mln bond/note 01-Dec-2035,BRCJENDBS009
2026-07-28,Borborema Transmissao de Energia S.A.,https://www.fitchratings.com/entity/borborema-transmissao-de-energia-sa-97273640#issues,National Long Term Rating,AA+(bra),2026-07-01,Downgrade,Rating Outlook Negative,BRL 50 mln 6.1% Series 11 bond/note 15-Jan-2045,BRBBRMDBS002
2026-07-28,Athon Geracao Distribuida VI S.A.,https://www.fitchratings.com/entity/athon-geracao-distribuida-vi-sa-97739854#issues,National Long Term Rating,AAA(bra),2026-06-30,Affirmed,Rating Outlook Stable,BRL 210 mln 7.8969% Series 11 bond/note 15-Jun-2040,BRATHDDBS006
2026-07-28,Ventos de Sao Joao XXIII Energias Renovaveis S.A.,https://www.fitchratings.com/entity/ventos-de-sao-joao-xxiii-energias-renovaveis-sa-97393068#issues,National Long Term Rating,AA(bra),2026-06-26,Affirmed,Rating Outlook Stable,BRL 109.5 mln 8.085% bond/note 15-Jul-2042  credit agreement dated as of 01-Aug-2022,BRVSJXDBS008
2026-07-28,Empresa de Energia Sao Manoel S.A.,https://www.fitchratings.com/entity/empresa-de-energia-sao-manoel-sa-96667132#issues,National Long Term Rating,AA+(bra),2026-06-22,Upgrade,Rating Outlook Stable,BRL 340 mln bond/note 15-Jun-2033,BRESAMDBS030
2026-07-28,Tibagi Energia SPE S.A.,https://www.fitchratings.com/entity/tibagi-energia-spe-sa-96795630#issues,National Long Term Rating,AAA(bra),2026-06-18,Affirmed,Rating Outlook Stable,1st  Issuance of Debentures,BRTBEGDBS004
2026-07-28,Brazil,https://www.fitchratings.com/entity/brazil-80442191#issues,Long Term Rating,BB,2026-06-16,Affirmed,,BRL 3.33 bln 6% bond/note 15-May-2029,BRSTNCNTB716
2026-07-28,Brazil,https://www.fitchratings.com/entity/brazil-80442191#issues,Long Term Rating,BB,2026-06-16,Affirmed,,BRL 214.68 bln 6% bond/note 15-Aug-2026,BRSTNCNTB4U6
2026-07-28,Brazil,https://www.fitchratings.com/entity/brazil-80442191#issues,Long Term Rating,BB,2026-06-16,Affirmed,,BRL 2.92 bln 6% bond/note 15-Aug-2030,BRSTNCNTB3B8
2026-07-28,Brazil,https://www.fitchratings.com/entity/brazil-80442191#issues,Long Term Rating,BB,2026-06-16,Affirmed,,BRL 11.43 bln 6% bond/note 15-Aug-2050,BRSTNCNTB3D4
2026-07-28,Brazil,https://www.fitchratings.com/entity/brazil-80442191#issues,Long Term Rating,BB,2026-06-16,Affirmed,,BRL 33.39 bln 6% bond/note 15-May-2033,BRSTNCNTB6B1
2026-07-28,Brazil,https://www.fitchratings.com/entity/brazil-80442191#issues,Long Term Rating,BB,2026-06-16,Affirmed,,BRL 23.78 bln 10% bond/note 01-Jan-2031,BRSTNCNTF204
2026-07-28,Brazil,https://www.fitchratings.com/entity/brazil-80442191#issues,Long Term Rating,BB,2026-06-16,Affirmed,,BRL 102.19 bln 6% bond/note 15-May-2027,BRSTNCNTB682
2026-07-28,Brazil,https://www.fitchratings.com/entity/brazil-80442191#issues,Long Term Rating,BB,2026-06-16,Affirmed,,BRL 8.37 bln Zero bond/note 01-Apr-2027,BRSTNCLTN8I0
2026-07-28,Brazil,https://www.fitchratings.com/entity/brazil-80442191#issues,Long Term Rating,BB,2026-06-16,Affirmed,,BRL 22.45 bln Zero bond/note 01-Jan-2029,BRSTNCLTN806
2026-07-28,Brazil,https://www.fitchratings.com/entity/brazil-80442191#issues,Long Term Rating,BB,2026-06-16,Affirmed,,BRL 14.32 bln 6% bond/note 15-May-2035,BRSTNCNTB0O7
2026-07-28,Brazil,https://www.fitchratings.com/entity/brazil-80442191#issues,Long Term Rating,BB,2026-06-16,Affirmed,,BRL 25 bln 6% bond/note 15-May-2045,BRSTNCNTB0A6
2026-07-28,Brazil,https://www.fitchratings.com/entity/brazil-80442191#issues,Long Term Rating,BB,2026-06-16,Affirmed,,BRL 2.55 bln 10% bond/note 01-Jan-2027,BRSTNCNTF1P8
2026-07-28,Brazil,https://www.fitchratings.com/entity/brazil-80442191#issues,Long Term Rating,BB,2026-06-16,Affirmed,,BRL 40.34 bln Zero treasury bills/notes/bonds 01-Jul-2027,BRSTNCLTN871
2026-07-28,Brazil,https://www.fitchratings.com/entity/brazil-80442191#issues,Long Term Rating,BB,2026-06-16,Affirmed,,BRL 5 bln 10% bond/note 01-Jan-2035,BRSTNCNTF238
2026-07-28,Brazil,https://www.fitchratings.com/entity/brazil-80442191#issues,Long Term Rating,BB,2026-06-16,Affirmed,,BRL 51.15 bln 6% bond/note 15-Aug-2060,BRSTNCNTB690
2026-07-28,Brazil,https://www.fitchratings.com/entity/brazil-80442191#issues,Long Term Rating,BB,2026-06-16,Affirmed,,BRL 7.13 bln 6% bond/note 15-May-2031,BRSTNCNTB7X3
2026-07-28,Brazil,https://www.fitchratings.com/entity/brazil-80442191#issues,Long Term Rating,BB,2026-06-16,Affirmed,,BRL 178.82 bln Zero treasury bills/notes/bonds 01-Jun-2032,BRSTNCLF1S16
2026-07-28,Brazil,https://www.fitchratings.com/entity/brazil-80442191#issues,Long Term Rating,BB,2026-06-16,Affirmed,,BRL 178.22 bln 6% bond/note 15-Aug-2028,BRSTNCNTB4X0
2026-07-28,Brazil,https://www.fitchratings.com/entity/brazil-80442191#issues,Long Term Rating,BB,2026-06-16,Affirmed,,BRL 7.7 bln 6% bond/note 15-May-2037,BRSTNCNTB7Y1
2026-07-28,Brazil,https://www.fitchratings.com/entity/brazil-80442191#issues,Long Term Rating,BB,2026-06-16,Affirmed,,BRL 15.56 bln 10% bond/note 01-Jan-2033,BRSTNCNTF212
2026-07-28,Brazil,https://www.fitchratings.com/entity/brazil-80442191#issues,Long Term Rating,BB,2026-06-16,Affirmed,,BRL 250 mln Zero treasury bills/notes/bonds 01-Jan-2030,BRSTNCLTN8A7
2026-07-28,Brazil,https://www.fitchratings.com/entity/brazil-80442191#issues,Long Term Rating,BB,2026-06-16,Affirmed,,BRL 9.28 bln Zero treasury bills/notes/bonds 01-Apr-2028,BRSTNCLTN8M2
2026-07-28,Brazil,https://www.fitchratings.com/entity/brazil-80442191#issues,Long Term Rating,BB,2026-06-16,Affirmed,,BRL 9.79 bln 10% bond/note 01-Jan-2029,BRSTNCNTF1Q6
2026-07-28,Brazil,https://www.fitchratings.com/entity/brazil-80442191#issues,Long Term Rating,BB,2026-06-16,Affirmed,,BRL 1.1 bln Zero treasury bills/notes/bonds 01-Jan-2028,BRSTNCLTN897
2026-07-28,Brazil,https://www.fitchratings.com/entity/brazil-80442191#issues,Long Term Rating,BB,2026-06-16,Affirmed,,BRL 54.77 bln 6% bond/note 15-Aug-2032,BRSTNCNTB674
2026-07-28,Brazil,https://www.fitchratings.com/entity/brazil-80442191#issues,Long Term Rating,BB,2026-06-16,Affirmed,,BRL 4.15 bln Zero treasury bills/notes/bonds 01-Jul-2028,BRSTNCLTN8F6
2026-07-28,Brazil,https://www.fitchratings.com/entity/brazil-80442191#issues,Long Term Rating,BB,2026-06-16,Affirmed,,BRL 344.34 bln Floating bond/note 01-Sep-2027,BRSTNCLF1RH3
2026-07-28,Brazil,https://www.fitchratings.com/entity/brazil-80442191#issues,Long Term Rating,BB,2026-06-16,Affirmed,,BRL 4.63 bln Zero bond/note 01-Jan-2032,BRSTNCLTN8J8
2026-07-28,Brazil,https://www.fitchratings.com/entity/brazil-80442191#issues,Long Term Rating,BB,2026-06-16,Affirmed,,BRL 18.04 bln 10% bond/note 01-Jan-2037,BRSTNCNTF2K7
2026-07-28,General Shopping Finance Limited (GSF),https://www.fitchratings.com/entity/general-shopping-finance-limited-gsf-89880061#issues,Long Term Rating,C,2026-06-08,Affirmed,,USD 200 mln 10% perpetual bond/note,"US370835AB62, USG3812BAB65"
2026-07-28,MEZ 4 Energia S.A.,https://www.fitchratings.com/entity/mez-4-energia-sa-97510975#issues,National Long Term Rating,AA(bra),2026-06-05,Downgrade,Rating Outlook Negative,BRL 36.5 mln 7.264% bond/note 17-Jan-2044,BRMEZEDBS003
2026-07-28,Concessionaria Rota do Atlantico S.A.,https://www.fitchratings.com/entity/concessionaria-rota-do-atlantico-sa-97285847#issues,National Long Term Rating,AA+(bra),2026-06-03,Upgrade,Rating Outlook Stable,1st Debentures Issuance,BRRATLDBS008
2026-07-28,Mez 5 Energia S.A.,https://www.fitchratings.com/entity/mez-5-energia-sa-97285153#issues,National Long Term Rating,AAA(bra),2026-06-01,Rating Watch Maintained,Rating Watch Negative,BRL 373 mln 7.066% bond/note 15-Jan-2046,BRMEZ5DBS003
2026-07-28,"Vamos Locacao de Caminhoes, Maquinas e Equipamentos S.A.",https://www.fitchratings.com/entity/vamos-locacao-de-caminhoes-maquinas-e-equipamentos-sa-96704030#issues,National Long Term Rating,AA(bra),2026-06-01,Affirmed,,BRL 250 mln Floating bond/note 15-Jun-2028,BRVAMODBS082
2026-07-28,Arcoverde Transmissao de Energia S.A.,https://www.fitchratings.com/entity/arcoverde-transmissao-de-energia-sa-96798294#issues,National Long Term Rating,AAA(bra),2026-05-22,Review - No Action,Rating Outlook Stable,BRL 52 mln bond/note 15-jul-2042,BRARCVDBS037
2026-07-28,Matrincha Transmissora de Energia (TP Norte) S.A.,https://www.fitchratings.com/entity/matrincha-transmissora-de-energia-tp-norte-sa-96276320#issues,National Long Term Rating,AAA(bra),2026-05-22,Review - No Action,Rating Outlook Stable,BRL 135 mln IPCA (Brazil) 4.934% bond/note 15-Dec-2038,BRTPNODBS025
2026-07-28,Matrincha Transmissora de Energia (TP Norte) S.A.,https://www.fitchratings.com/entity/matrincha-transmissora-de-energia-tp-norte-sa-96276320#issues,National Long Term Rating,AAA(bra),2026-05-22,Review - No Action,Rating Outlook Stable,BRL 180 mln 7.583% Floating Rate note 2nd debenture issues 15-Jun-2029 ser 1st debentures issue,BRTPNODBS017
2026-07-28,Guaraciaba Transmissora de Energia (TP Sul) S.A.,https://www.fitchratings.com/entity/guaraciaba-transmissora-de-energia-tp-sul-sa-96573863#issues,National Long Term Rating,AAA(bra),2026-05-22,Review - No Action,Rating Outlook Stable,BRL 118 mln Floating Rate note 15-Dec-2030,BRTPSUDBS013
2026-07-28,Belo Monte Transmissora de Energia SPE S.A.,https://www.fitchratings.com/entity/belo-monte-transmissora-de-energia-spe-sa-96563152#issues,National Long Term Rating,AAA(bra),2026-05-22,Review - No Action,Rating Outlook Stable,BRL 580 mln bond/note 15-Dec-2031,BRBLMNDBS026
2026-07-28,Argo Transmissao de Energia S.A.,https://www.fitchratings.com/entity/argo-transmissao-de-energia-sa-96643713#issues,National Long Term Rating,AAA(bra),2026-05-22,Review - No Action,Rating Outlook Stable,BRL 454.5 mln bond/note 15-Dec-2031,BRTRGODBS009
2026-07-28,ECO050 - Concessionaria de Rodovias S.A.,https://www.fitchratings.com/entity/eco050-concessionaria-de-rodovias-sa-96896274#issues,National Long Term Rating,AA(bra),2026-05-18,Affirmed,Rating Outlook Stable,1st Debenture Issuance,BRRMGGDBS000
2026-07-28,Companhia Energetica Sinop S.A.,https://www.fitchratings.com/entity/companhia-energetica-sinop-sa-96152663#issues,National Long Term Rating,AA(bra),2026-05-04,Affirmed,Rating Outlook Positive,BRL 236 mln bond/note 15-Jun-2032,BRCSNPDBS022
2026-07-28,Enel Green Power Damascena Eolica S.A.,https://www.fitchratings.com/entity/enel-green-power-damascena-eolica-sa-96386789#issues,National Long Term Rating,AA+(bra),2026-04-24,Downgrade,Rating Watch Off,BRL 11.25 mln bond/note 15-Jun-2029,BRENDEDBS008
2026-07-28,HRZ Transmissao e Participacoes S.A,https://www.fitchratings.com/entity/hrz-transmissao-e-participacoes-sa-97591973#issues,National Long Term Rating,AAA(bra),2026-04-24,Affirmed,Rating Outlook Stable,BRL 375 mln 7.9% Series 13 bond/note 15-Dec-2035  credit agreement dated as of 15-Dec-2023,BRNVHZDBS008
2026-07-28,Vila Piaui 2 Empreendimentos e Participacoes S.A.,https://www.fitchratings.com/entity/vila-piaui-2-empreendimentos-e-participacoes-sa-97005324#issues,National Long Term Rating,AA+(bra),2026-04-17,Downgrade,Rating Outlook Stable,BRL 44 mln 5.95% bond/note 15-Jun-2035  credit agreement dated as of 15-Jul-2020,BRVP2EDBS008
2026-07-28,Vila Piaui 1 Empreendimentos e Participacoes S.A.,https://www.fitchratings.com/entity/vila-piaui-1-empreendimentos-e-participacoes-sa-97005316#issues,National Long Term Rating,AA+(bra),2026-04-17,Downgrade,Rating Outlook Stable,BRL 43 mln 5.95% bond/note 15-Jun-2035  credit agreement dated as of 15-Jul-2020,BRVP1EDBS000
2026-07-28,Ventos de Sao Clemente Holding S.A.,https://www.fitchratings.com/entity/ventos-de-sao-clemente-holding-sa-96215360#issues,National Long Term Rating,AAA(bra),2026-04-17,Affirmed,Rating Outlook Negative,BRL 20 mln 7.059% bond/note 15-Dec-2029,BRVSCLDBS024
2026-07-28,Complexo Morrinhos Energias Renovaveis S.A.,https://www.fitchratings.com/entity/complexo-morrinhos-energias-renovaveis-sa-96183875#issues,National Long Term Rating,AAA(bra),2026-04-16,Affirmed,Rating Outlook Stable,BRL 102.5 mln IPCA + 7.06% bond/note 15-Dec-2027,BRCXERDBS001
2026-07-28,Salto do Guassupi Energetica S.A.,https://www.fitchratings.com/entity/salto-do-guassupi-energetica-sa-97007185#issues,National Long Term Rating,CCC(bra),2026-04-15,Affirmed,,BRL 50 mln Floating IPCA (Brazil) 4.525% bond/note 15-Dec-2037,BRGUAPDBS000
2026-07-28,Assurua 4 e 5 Holding Energia S.A.,https://www.fitchratings.com/entity/assurua-5-energia-sa-97573719#issues,National Long Term Rating,AA(bra),2026-04-10,Affirmed,Rating Outlook Negative,"BRL 230 mln Floating IPCA (Brazil) 6,5% bond/note 15-Jun-2035",BRASSRDBS005
2026-07-28,Assurua 4 e 5 Holding Energia S.A.,https://www.fitchratings.com/entity/assurua-5-energia-sa-97573719#issues,National Long Term Rating,AA(bra),2026-04-10,Affirmed,Rating Outlook Negative,BRL 595 mln Floating IPCA (Brazil) 7.1% bond/note 30-Jun-2041,BRASSRDBS013
2026-07-28,Ventos de Sao Jorge Holding S.A.,https://www.fitchratings.com/entity/ventos-de-sao-jorge-holding-sa-96358472#issues,National Long Term Rating,AA-(bra),2026-04-09,Affirmed,Rating Outlook Stable,BRL 45 mln Variable bond/note 15-Jul-2028,BRVSJHDBS001
2026-07-28,Pirapora II Solar Holding S.A.,https://www.fitchratings.com/entity/pirapora-ii-solar-holding-sa-96808655#issues,National Long Term Rating,AAA(bra),2026-04-06,Affirmed,Rating Outlook Negative,BRL 118 mln Floating bond/note 15-Dec-2031,BRPRPODBS016
2026-07-28,Sao Roque Energetica S.A.,https://www.fitchratings.com/entity/sao-roque-energetica-sa-97433578#issues,National Long Term Rating,A(bra),2026-04-02,Downgrade,Rating Outlook Negative,BRL 180 mln 8.2548% Series 11 bond/note 15-Dec-2036,BRSRQEDBS019
2026-07-28,Ferreira Gomes Energia S.A.,https://www.fitchratings.com/entity/ferreira-gomes-energia-sa-91842691#issues,National Long Term Rating,AA(bra),2026-03-25,Affirmed,Rating Outlook Stable,Debentures Terceira Emissao,BRFGENDBS024
2026-07-28,Suno Energias Limpas Projetos Maduros S.A,https://www.fitchratings.com/entity/suno-energias-limpas-projetos-maduros-sa-97853010#issues,National Long Term Rating,AA(bra),2026-03-18,New Rating,Rating Outlook Stable,BRL 140 mln Floating bond/note 15-Dec-2040,BRSUN0DBS002
2026-07-28,SPE Transmissora de Energia Linha Verde II S.A.,https://www.fitchratings.com/entity/spe-transmissora-de-energia-linha-verde-ii-sa-96869351#issues,National Long Term Rating,AAA(bra),2026-03-17,Review - No Action,Rating Outlook Stable,BRL 210 mln Floating IPCA (Brazil) 5.33% bond/note 15-Jul-2044  credit agreement dated as of 02-Mar-2020,BRSPLVDBS000
2026-07-28,Serra do Mel Holding S.A.,https://www.fitchratings.com/entity/serra-do-mel-holding-sa-97125082#issues,National Long Term Rating,AA-(bra),2026-03-17,Downgrade,Rating Outlook Negative,BRL 142 mln Floating IPCA (Brazil) 5.2% bond/note 15-Dec-2035  credit agreement dated as of 15-Mar-2021,BRSDMHDBS003
2026-07-28,Ultrafertil S.A.,https://www.fitchratings.com/entity/ultrafertil-sa-96174694#issues,National Long Term Rating,AAA(bra),2026-03-16,Affirmed,,1a Debentures,BRULFTDBS001
2026-07-28,Serena Geracao S.A.,https://www.fitchratings.com/entity/omega-geracao-sa-96480320#issues,National Long Term Rating,AA(bra),2026-03-06,Affirmed,,4a Deb Issuance - BRL 90 mln bond/note 15-Jun-2028,BRSVITDBS008
2026-07-28,Central Fotovoltaica Sao Pedro IV S.A.,https://www.fitchratings.com/entity/central-fotovoltaica-sao-pedro-iv-ltda-96836831#issues,National Long Term Rating,AAA(bra),2026-03-06,Upgrade,Rating Outlook Stable,BRL 95.52 mln 4.4% bond/note 15-Dec-2034,BRSPIVDBS006
2026-07-28,Central Fotovoltaica Sao Pedro II S.A.,https://www.fitchratings.com/entity/central-fotovoltaica-sao-pedro-ii-ltda-96836823#issues,National Long Term Rating,AAA(bra),2026-03-06,Upgrade,Rating Outlook Stable,BRL 113.2 mln 4.4% Series 11 bond/note 15-Dec-2034,BRFTSPDBS006
2026-07-28,Ventos de Sao Tito Holding S.A.,https://www.fitchratings.com/entity/ventos-de-sao-tito-holding-sa-96203309#issues,National Long Term Rating,AA+(bra),2026-03-02,Affirmed,Rating Outlook Negative,BRL 111 mln Floating IPCA (Brazil) 9.236% bond/note 15-Jun-2028,BRVNTTDBS006
2026-07-28,Transmissora SP-MG S.A.,https://www.fitchratings.com/entity/edp-transmissao-sp-mg-sa-96784533#issues,National Long Term Rating,AAA(bra),2026-02-25,Affirmed,Rating Outlook Stable,BRL 800 mln Floating IPCA (Brazil) 4.45% bond/note 15-Jul-2039  credit agreement dated as of 15-Jul-2019,BRMGSPDBS017
2026-07-28,Concessionaria Rota das Bandeiras S.A.,https://www.fitchratings.com/entity/concessionaria-rota-das-bandeiras-sa-91868491#issues,National Long Term Rating,AAA(bra),2026-02-20,Affirmed,Rating Outlook Stable,2nd Debentures - 7th Series,BRCRBDDBS082
2026-07-28,Concessionaria Rota das Bandeiras S.A.,https://www.fitchratings.com/entity/concessionaria-rota-das-bandeiras-sa-91868491#issues,National Long Term Rating,AAA(bra),2026-02-20,Affirmed,Rating Outlook Stable,2nd Debentures - 1st Series,BRCRBDDBS025
2026-07-28,Concessionaria Rota das Bandeiras S.A.,https://www.fitchratings.com/entity/concessionaria-rota-das-bandeiras-sa-91868491#issues,National Long Term Rating,AAA(bra),2026-02-20,Affirmed,Rating Outlook Stable,2nd Debentures - 3rd Series,BRCRBDDBS041
2026-07-28,Concessionaria Rota das Bandeiras S.A.,https://www.fitchratings.com/entity/concessionaria-rota-das-bandeiras-sa-91868491#issues,National Long Term Rating,AAA(bra),2026-02-20,Affirmed,Rating Outlook Stable,2nd Debentures - 5th Series,BRCRBDDBS066
2026-07-28,PGE - GUARAU GERADORA DE ENERGIA S.A.,https://www.fitchratings.com/entity/pge-guarau-geradora-de-energia-sa-97540663#issues,National Long Term Rating,BBB+(bra),2026-02-20,Affirmed,Rating Outlook Negative,BRL 58 mln bond/note 15-Jul-2036,BRGUGEDBS001
2026-07-28,Delta 2 Energia S.A.,https://www.fitchratings.com/entity/delta-2-energia-sa-96276236#issues,National Long Term Rating,AA-(bra),2026-02-20,Review - No Action,Rating Outlook Stable,BRL 42.43 mln 7.375% bond/note 15-Dec-2026,BRPTMIDBS003
2026-07-28,Ventos de Sao Tome Holding S.A.,https://www.fitchratings.com/entity/ventos-de-sao-tome-holding-sa-95253890#issues,National Long Term Rating,AA+(bra),2026-02-13,Affirmed,Rating Outlook Stable,1a Emissão de Debentures - BRL 89 mln Floating Series 12 bond/note 15-Dec-2027,BRVSTHDBS018
2026-07-28,Faro Energy Projetos Solares Holding IV S.A.,https://www.fitchratings.com/entity/faro-energy-projetos-solares-holding-iv-sa-97664304#issues,National Long Term Rating,AA+(bra),2026-01-28,Affirmed,Rating Outlook Negative,BRL 200 mln 8.69% bond/note 15-Jan-2040,BRFEPSDBS008
2026-07-28,Atlas Luiz Carlos Comercializadora de Energia S.A,https://www.fitchratings.com/entity/atlas-luiz-carlos-comercializadora-de-energia-sa-97621684#issues,National Long Term Rating,AA(bra),2026-01-28,Affirmed,Rating Outlook Negative,BRL 550 mln Variable 7.48% bond/note 15-Jul-2044,BRACRCDBS011
2026-07-28,Atlas Luiz Carlos Comercializadora de Energia S.A,https://www.fitchratings.com/entity/atlas-luiz-carlos-comercializadora-de-energia-sa-97621684#issues,National Long Term Rating,AA(bra),2026-01-28,New Rating,Rating Outlook Negative,BRL 200 mln bond/note 15-Jul-2036,BRACRCDBS003
2026-07-28,Itarema Geracao de Energia S.A.,https://www.fitchratings.com/entity/itarema-geracao-de-energia-sa-96274678#issues,National Long Term Rating,AAA(bra),2026-01-26,Affirmed,Rating Outlook Negative,BRL 57.41 mln Variable 7.807% bond/note 15-Dec-2028,BRITMGDBS028
2026-07-28,PBG S/A,https://www.fitchratings.com/entity/pbg-s-a-97027261#issues,National Long Term Rating,BBB(bra),2026-01-09,Review - No Action,,BRL 367 mln 3.65% bond/note 30-Dec-2028,BRPTBLDBS075
2026-07-28,Ventos de Santo Estevao Holding S.A.,https://www.fitchratings.com/entity/ventos-de-santo-estevao-holding-sa-96568227#issues,National Long Term Rating,WD(bra),2025-12-30,Withdrawn,,BRL 160 mln 6.988% bond/note 15-Jul-2032,BRVSEHDBS002
2026-07-28,Rincao Sao Miguel Energetica S.A.,https://www.fitchratings.com/entity/rincao-sao-miguel-energetica-sa-97007595#issues,National Long Term Rating,BB+(bra),2025-12-22,Affirmed,Rating Outlook Negative,BRL 48 mln Floating IPCA (Brazil) 5.013% bond/note 15-Jun-2037  credit agreement dated as of 15-Dec-2019,BRRSMEDBS000
2026-07-28,Rincao dos Albinos Energetica S.A.,https://www.fitchratings.com/entity/rincao-dos-albinos-energetica-sa-97007196#issues,National Long Term Rating,BBB+(bra),2025-12-22,Affirmed,Rating Outlook Negative,BRL 78 mln Floating IPCA (Brazil) 5.013% bond/note 15-Jun-2037,BRRALBDBS006
2026-07-28,Tucano Holding III S.A.,https://www.fitchratings.com/entity/tucano-holdings-iii-sa-97282626#issues,National Long Term Rating,AA+(bra),2025-12-19,Affirmed,,BRL 200 mln Floating bond/note 15-Sep-2041,BRTNHLDBS002
2026-07-28,Voltalia Sao Miguel do Gostoso Participacoes S.A.,https://www.fitchratings.com/entity/voltalia-sao-miguel-do-gostoso-participacoes-sa-96150572#issues,National Long Term Rating,A-(bra),2025-12-11,Downgrade,Rating Outlook Negative,BRL 57 mln bond/note,BRVTLADBS000
2026-07-28,IP Sul Concessionaria De Iluminacao Publica S.A.,https://www.fitchratings.com/entity/ip-sul-concessionaria-de-iluminacao-publica-sa-97101669#issues,National Long Term Rating,AA(bra),2025-12-11,Affirmed,Rating Outlook Stable,BRL 80 mln bond/note,BRIPILDBS008
2026-07-28,Engie Solucoes Cidades Inteligentes e Infraestrutura de Uberlandia S.A.,https://www.fitchratings.com/entity/engie-solucoes-cidades-inteligentes-e-infraestrutura-de-uberlandia-sa-97335775#issues,National Long Term Rating,AAA(bra),2025-11-28,Affirmed,Rating Outlook Negative,BRL 65 mln bond/note 10-Jan-2034,BREUBEDBS007
2026-07-28,CRI Opea Securitizadora 2023-202 (Faro Energy),https://www.fitchratings.com/entity/cri-opea-securitizadora-2023-202-faro-energy-97481949#issues,National Long Term Rating,AAAsf(bra),2025-11-24,Affirmed,Rating Outlook Stable,BRL 320 mln bond/note 30-Nov-2038,BRFACLDBS009
2026-07-28,Delta 3 Energia S.A.,https://www.fitchratings.com/entity/omega-energia-e-implantacao-2-sa-96552474#issues,National Long Term Rating,AA+(bra),2025-11-03,Affirmed,Rating Outlook Negative,BRL 220 mln Floating IPCA (Brazil) 7.5% bond/note 30-Sep-2029,BROMNGDBS011
2026-07-28,Ventos de Sao Lucio I Energias Renovaveis S.A.,https://www.fitchratings.com/entity/ventos-de-sao-lucio-i-energias-renovaveis-sa-97285099#issues,National Long Term Rating,AA(bra),2025-10-29,Affirmed,Rating Outlook Negative,BRL 77.5 mln bond/note 01-Jul-2041,BRVSLEDBS004
2026-07-28,Quevedos Energetica S.A.,https://www.fitchratings.com/entity/quevedos-energetica-sa-97007608#issues,National Long Term Rating,AA-(bra),2025-10-17,Affirmed,Rating Outlook Stable,BRL 90 mln  IPCA (Brazil) 4.525% bond/note 15-Dec-2037  credit agreement dated as of 15-Dec-2019,BRQUEVDBS009
2026-07-28,Sobral I Solar Energia SPE S.A.,https://www.fitchratings.com/entity/sobral-i-solar-energia-spe-sa-96682699#issues,National Long Term Rating,AA+(bra),2025-10-09,Affirmed,Rating Outlook Stable,BRL 135 mln bond/note 15-Dec-2033,BRSISEDBS006
2026-07-28,Sertao I Solar Energia Spe S.A.,https://www.fitchratings.com/entity/sertao-i-solar-energia-spe-sa-96682692#issues,National Long Term Rating,AAA(bra),2025-10-09,Affirmed,Rating Outlook Stable,1a Emissao Debentures,BRSRTIDBS006
2026-07-28,Empresa de Energia Cachoeira Caldeirao S.A.,https://www.fitchratings.com/entity/empresa-de-energia-cachoeira-caldeirao-sa-95535290#issues,National Long Term Rating,A-(bra),2025-09-26,Affirmed,Rating Outlook Stable,BRL 156.5 mln Floating bond/note 15-Jun-2030,BRCADRDBS027
2026-07-28,ViaRondon Concessionaria de Rodovia S.A.,https://www.fitchratings.com/entity/viarondon-concessionaria-de-rodovia-sa-96366671#issues,National Long Term Rating,AA-(bra),2025-09-16,Affirmed,Rating Outlook Positive,2nd  Debentures Issuance,BRVRDNDBS012
2026-07-28,TSM -Transmissora Serra da Mantiqueira S.A.,https://www.fitchratings.com/entity/tsm-transmissora-serra-da-mantiqueira-sa-96829712#issues,National Long Term Rating,AAA(bra),2025-09-02,Review - No Action,Rating Outlook Stable,BRL 530 mln Variable IPCA + 4.5% bond/note 15-Dec-2044,BRTSMMDBS009
2026-07-28,Empresa Sudeste de Transmissao de Energia S.A.,https://www.fitchratings.com/entity/empresa-sudeste-de-transmissao-de-energia-sa-96858544#issues,National Long Term Rating,AAA(bra),2025-09-02,Review - No Action,Rating Outlook Stable,BRL 415 mln 4.5% bond/note 15-Dec-2044,BREPSDDBS003
2026-07-28,Eolica Serra das Vacas Holding II S.A.,https://www.fitchratings.com/entity/eolica-serra-das-vacas-holding-ii-sa-96558619#issues,National Long Term Rating,A-(bra),2025-08-15,Affirmed,Rating Outlook Negative,BRL 48 mln bond/note 15-Jun-2031,BRESVHDBS002
2026-07-28,Eolica Serra das Vacas Holding S.A.,https://www.fitchratings.com/entity/eolica-serra-das-vacas-holding-sa-96337693#issues,National Long Term Rating,BBB(bra),2025-08-13,Downgrade,Rating Outlook Stable,BRL 23 mln bond/note 01-Jun-2028,BREOVCDBS002
2026-07-28,Eolica Serra das Vacas Holding S.A.,https://www.fitchratings.com/entity/eolica-serra-das-vacas-holding-sa-96337693#issues,National Long Term Rating,BBB(bra),2025-08-13,Downgrade,Rating Outlook Stable,BRL 45 mln bond/note 01-Jun-2030,BREOVCDBS010
2026-07-28,Brazil,https://www.fitchratings.com/entity/brazil-80442191#issues,Long Term Rating,BB,2026-07-13,New Rating,,BRL 33 bln Zero treasury bills/notes/bonds 01-Sep-2032,BRSTNCLF1S24
2026-07-28,Brazil,https://www.fitchratings.com/entity/brazil-80442191#issues,Long Term Rating,NR,2026-07-01,Matured,,BRL 163.25 bln Zero treasury bills/notes/bonds 01-Jul-2026,BRSTNCLTN848
2026-07-28,Brazil,https://www.fitchratings.com/entity/brazil-80442191#issues,Long Term Rating,BB,2026-06-16,Affirmed,,BRL 108 bln 10.% bond/note 01-Jan-2027,BRSTNCNTF1P8
2026-07-28,Brazil,https://www.fitchratings.com/entity/brazil-80442191#issues,Long Term Rating,BB,2026-06-16,Affirmed,,BRL 445.85 bln Floating bond/note 01-Mar-2027,BRSTNCLF1RG5
2026-07-28,Brazil,https://www.fitchratings.com/entity/brazil-80442191#issues,Long Term Rating,BB,2026-06-16,Affirmed,,BRL 179 bln Zero treasury bills/notes/bonds 01-Jun-2032,BRSTNCLF1S16
2026-07-28,Brazil,https://www.fitchratings.com/entity/brazil-80442191#issues,Long Term Rating,BB,2026-06-16,Affirmed,,BRL 108.33 bln Floating bond/note 01-Sep-2030,BRSTNCLF1RR2
2026-07-28,Brazil,https://www.fitchratings.com/entity/brazil-80442191#issues,Long Term Rating,BB,2026-06-16,Affirmed,,BRL 187 bln 10.% bond/note 01-Jan-2031,BRSTNCNTF204
2026-07-28,Brazil,https://www.fitchratings.com/entity/brazil-80442191#issues,Long Term Rating,BB,2026-06-16,Affirmed,,BRL 125 bln 6.% bond/note 15-May-2027,BRSTNCNTB682
2026-07-28,Brazil,https://www.fitchratings.com/entity/brazil-80442191#issues,Long Term Rating,BB,2026-06-16,Affirmed,,BRL 29 bln 10.% bond/note 01-Jan-2037,BRSTNCNTF2K7
2026-07-28,Brazil,https://www.fitchratings.com/entity/brazil-80442191#issues,Long Term Rating,BB,2026-06-16,Affirmed,,BRL 108 bln Zero bond/note 01-Apr-2027,BRSTNCLTN8I0
2026-07-28,Brazil,https://www.fitchratings.com/entity/brazil-80442191#issues,Long Term Rating,BB,2026-06-16,Affirmed,,BRL 220 bln 6.% bond/note 15-May-2035,BRSTNCNTB0O7
2026-07-28,Brazil,https://www.fitchratings.com/entity/brazil-80442191#issues,Long Term Rating,BB,2026-06-16,Affirmed,,BRL 8.03 bln Zero treasury bills/notes/bonds 01-Oct-2026,BRSTNCLTN8G4
2026-07-28,Brazil,https://www.fitchratings.com/entity/brazil-80442191#issues,Long Term Rating,BB,2026-06-16,Affirmed,,BRL 69.06 bln Zero treasury bills/notes/bonds 01-Sep-2031,BRSTNCLF1RX0
2026-07-28,Brazil,https://www.fitchratings.com/entity/brazil-80442191#issues,Long Term Rating,BB,2026-06-16,Affirmed,,BRL 99 bln Zero treasury bills/notes/bonds 01-Jul-2027,BRSTNCLTN871
2026-07-28,Brazil,https://www.fitchratings.com/entity/brazil-80442191#issues,Long Term Rating,BB,2026-06-16,Affirmed,,BRL 18.34 bln Floating treasury bills/notes/bonds 01-Jun-2031,BRSTNCLF1RW2
2026-07-28,Brazil,https://www.fitchratings.com/entity/brazil-80442191#issues,Long Term Rating,BB,2026-06-16,Affirmed,,BRL 63 bln 6.% bond/note 15-May-2033,BRSTNCNTB6B1
2026-07-28,Brazil,https://www.fitchratings.com/entity/brazil-80442191#issues,Long Term Rating,BB,2026-06-16,Affirmed,,BRL 70.53 bln Zero treasury bills/notes/bonds 01-Dec-2031,BRSTNCLF1RZ5
2026-07-28,Brazil,https://www.fitchratings.com/entity/brazil-80442191#issues,Long Term Rating,BB,2026-06-16,Affirmed,,BRL 64.29 bln Zero treasury bills/notes/bonds 01-Mar-2032,BRSTNCLF1S08
2026-07-28,Brazil,https://www.fitchratings.com/entity/brazil-80442191#issues,Long Term Rating,BB,2026-06-16,Affirmed,,BRL 95.73 bln Floating treasury bills/notes/bonds 01-Dec-2030,BRSTNCLF1RT8
2026-07-28,Brazil,https://www.fitchratings.com/entity/brazil-80442191#issues,Long Term Rating,BB,2026-06-16,Affirmed,,BRL 285.57 bln Floating bond/note 01-Mar-2029,BRSTNCLF1RL5
2026-07-28,Brazil,https://www.fitchratings.com/entity/brazil-80442191#issues,Long Term Rating,BB,2026-06-16,Affirmed,,BRL 212.31 bln Floating bond/note 01-Sep-2028,BRSTNCLF1RK7
2026-07-28,Brazil,https://www.fitchratings.com/entity/brazil-80442191#issues,Long Term Rating,BB,2026-06-16,Affirmed,,BRL 73.05 bln Floating treasury bills/notes/bonds 01-Mar-2031,BRSTNCLF1RU6
2026-07-28,Brazil,https://www.fitchratings.com/entity/brazil-80442191#issues,Long Term Rating,BB,2026-06-16,Affirmed,,BRL 208 bln 6.% bond/note 15-Aug-2030,BRSTNCNTB3B8
2026-07-28,Brazil,https://www.fitchratings.com/entity/brazil-80442191#issues,Long Term Rating,BB,2026-06-16,Affirmed,,BRL 202.33 bln Floating bond/note 01-Mar-2028,BRSTNCLF1RI1
2026-07-28,Brazil,https://www.fitchratings.com/entity/brazil-80442191#issues,Long Term Rating,BB,2026-06-16,Affirmed,,BRL 482 bln Floating bond/note 01-Sep-2027,BRSTNCLF1RH3
2026-07-28,Brazil,https://www.fitchratings.com/entity/brazil-80442191#issues,Long Term Rating,BB,2026-06-16,Affirmed,,BRL 137.46 bln Floating bond/note 01-Sep-2026,BRSTNCLF1RF7
2026-07-28,Brazil,https://www.fitchratings.com/entity/brazil-80442191#issues,Long Term Rating,BB,2026-06-16,Affirmed,,BRL 13 bln 6.% bond/note 15-May-2031,BRSTNCNTB7X3
2026-07-28,Localiza Fleet S.A.,https://www.fitchratings.com/entity/localiza-fleet-sa-96673245#issues,National Long Term Rating,WD(bra),2025-07-28,Withdrawn,,Localiza Fleet_11th Debenture_BRL 1 bln bond/note 05-Oct-2027,BRTFLEDBS0B2
2026-07-28,Empreendimentos Pague Menos S.A.,https://www.fitchratings.com/entity/empreendimentos-pague-menos-sa-91480690#issues,National Long Term Rating,WD(bra),2025-07-28,Withdrawn,,"BRL 500 mln / 7th debenture, CDI+1.70% / 15-Jul-2026",BRPGMNDBS075
2026-07-28,Unipar Carbocloro S.A.,https://www.fitchratings.com/entity/unipar-carbocloro-sa-96594045#issues,National Long Term Rating,WD(bra),2025-07-28,Withdrawn,,Unipar_7ªemissão de debêntures_BRL 500 mln Series 17 bond/note 13-Oct-2028,BRUNIPDBS082
2026-07-28,Usiminas International S.a r.l.,https://www.fitchratings.com/entity/usiminas-international-sa-rl-96787973#issues,Long Term Rating,WD,2025-07-28,Withdrawn,,USD 750 mln 5.875% bond/note 18-Jul-2026,"US91734JAA88, USL95806AA06"
2026-07-29,Marlim Azul Energia SA,https://www.fitchratings.com/entity/marlim-azul-energia-sa-97543758#issues,National Long Term Rating,AA(bra),2026-07-14,New Rating,Rating Outlook Stable,BRL 420 mln bond/note,
2026-07-29,Brazil,https://www.fitchratings.com/entity/brazil-80442191#issues,Long Term Rating,BB,2026-07-13,New Rating,,BRL 58 bln Zero treasury bills/notes/bonds 01-Sep-2032,BRSTNCLF1S24
2026-07-29,Brazil,https://www.fitchratings.com/entity/brazil-80442191#issues,Long Term Rating,BB,2026-06-16,Affirmed,,BRL 221 bln Floating bond/note 01-Sep-2030,BRSTNCLF1RR2
2026-07-29,Brazil,https://www.fitchratings.com/entity/brazil-80442191#issues,Long Term Rating,BB,2026-06-16,Affirmed,,BRL 181 bln Zero bond/note 01-Jan-2029,BRSTNCLTN806
2026-07-29,Brazil,https://www.fitchratings.com/entity/brazil-80442191#issues,Long Term Rating,BB,2026-06-16,Affirmed,,BRL 489 bln Floating bond/note 01-Sep-2027,BRSTNCLF1RH3
2026-07-29,Brazil,https://www.fitchratings.com/entity/brazil-80442191#issues,Long Term Rating,BB,2026-06-16,Affirmed,,BRL 67 bln 6.% bond/note 15-May-2029,BRSTNCNTB716
2026-07-29,Brazil,https://www.fitchratings.com/entity/brazil-80442191#issues,Long Term Rating,BB,2026-06-16,Affirmed,,BRL 14 bln 6.% bond/note 15-May-2037,BRSTNCNTB7Y1
2026-07-29,Brazil,https://www.fitchratings.com/entity/brazil-80442191#issues,Long Term Rating,BB,2026-06-16,Affirmed,,BRL 66 bln Zero treasury bills/notes/bonds 01-Jan-2028,BRSTNCLTN897
2026-07-29,Brazil,https://www.fitchratings.com/entity/brazil-80442191#issues,Long Term Rating,BB,2026-06-16,Affirmed,,BRL 177 bln Zero treasury bills/notes/bonds 01-Mar-2032,BRSTNCLF1S08
2026-07-29,Brazil,https://www.fitchratings.com/entity/brazil-80442191#issues,Long Term Rating,BB,2026-06-16,Affirmed,,BRL 567 bln Floating bond/note 01-Mar-2027,BRSTNCLF1RG5
2026-07-29,Brazil,https://www.fitchratings.com/entity/brazil-80442191#issues,Long Term Rating,BB,2026-06-16,Affirmed,,BRL 297 bln Zero treasury bills/notes/bonds 01-Jun-2032,BRSTNCLF1S16
2026-07-29,Brazil,https://www.fitchratings.com/entity/brazil-80442191#issues,Long Term Rating,BB,2026-06-16,Affirmed,,BRL 156 bln 6.% bond/note 15-May-2045,BRSTNCNTB0A6
2026-07-29,Brazil,https://www.fitchratings.com/entity/brazil-80442191#issues,Long Term Rating,BB,2026-06-16,Affirmed,,BRL 126 bln 6.% bond/note 15-May-2027,BRSTNCNTB682
2026-07-29,Brazil,https://www.fitchratings.com/entity/brazil-80442191#issues,Long Term Rating,BB,2026-06-16,Affirmed,,BRL 219 bln Floating treasury bills/notes/bonds 01-Mar-2031,BRSTNCLF1RU6
2026-07-29,Brazil,https://www.fitchratings.com/entity/brazil-80442191#issues,Long Term Rating,BB,2026-06-16,Affirmed,,BRL 242 bln 6.% bond/note 15-Aug-2026,BRSTNCNTB4U6
2026-07-29,Brazil,https://www.fitchratings.com/entity/brazil-80442191#issues,Long Term Rating,BB,2026-06-16,Affirmed,,BRL 191.97 bln Floating treasury bills/notes/bonds 01-Jun-2031,BRSTNCLF1RW2
2026-07-29,Brazil,https://www.fitchratings.com/entity/brazil-80442191#issues,Long Term Rating,BB,2026-06-16,Affirmed,,BRL 89 bln 6.% bond/note 15-Aug-2060,BRSTNCNTB690
2026-08-05,Brazil,https://www.fitchratings.com/entity/brazil-80442191#issues,Long Term Rating,BB,2026-07-13,New Rating,,BRL 77 bln Zero treasury bills/notes/bonds 01-Sep-2032,BRSTNCLF1S24
2026-08-05,Brazil,https://www.fitchratings.com/entity/brazil-80442191#issues,Long Term Rating,BB,2026-06-16,Affirmed,,BRL 109 bln 10.% bond/note 01-Jan-2027,BRSTNCNTF1P8
2026-08-05,Brazil,https://www.fitchratings.com/entity/brazil-80442191#issues,Long Term Rating,BB,2026-06-16,Affirmed,,BRL 220 bln Floating treasury bills/notes/bonds 01-Mar-2031,BRSTNCLF1RU6
2026-08-05,Brazil,https://www.fitchratings.com/entity/brazil-80442191#issues,Long Term Rating,BB,2026-06-16,Affirmed,,BRL 119 bln Zero bond/note 01-Apr-2027,BRSTNCLTN8I0
2026-08-05,Brazil,https://www.fitchratings.com/entity/brazil-80442191#issues,Long Term Rating,BB,2026-06-16,Affirmed,,BRL 298 bln Zero treasury bills/notes/bonds 01-Jun-2032,BRSTNCLF1S16
2026-08-05,Brazil,https://www.fitchratings.com/entity/brazil-80442191#issues,Long Term Rating,BB,2026-06-16,Affirmed,,BRL 340.85 bln Floating bond/note 01-Sep-2028,BRSTNCLF1RK7
2026-08-05,Brazil,https://www.fitchratings.com/entity/brazil-80442191#issues,Long Term Rating,BB,2026-06-16,Affirmed,,BRL 31 bln 10.% bond/note 01-Jan-2037,BRSTNCNTF2K7
2026-08-05,Brazil,https://www.fitchratings.com/entity/brazil-80442191#issues,Long Term Rating,BB,2026-06-16,Affirmed,,BRL 92 bln Zero bond/note 01-Jan-2032,BRSTNCLTN8J8
2026-08-05,Brazil,https://www.fitchratings.com/entity/brazil-80442191#issues,Long Term Rating,BB,2026-06-16,Affirmed,,BRL 157 bln 6.% bond/note 15-May-2045,BRSTNCNTB0A6
2026-08-05,Brazil,https://www.fitchratings.com/entity/brazil-80442191#issues,Long Term Rating,BB,2026-06-16,Affirmed,,BRL 189 bln 10.% bond/note 01-Jan-2031,BRSTNCNTF204
2026-08-05,Brazil,https://www.fitchratings.com/entity/brazil-80442191#issues,Long Term Rating,BB,2026-06-16,Affirmed,,BRL 491 bln Floating bond/note 01-Sep-2027,BRSTNCLF1RH3
2026-08-05,Brazil,https://www.fitchratings.com/entity/brazil-80442191#issues,Long Term Rating,BB,2026-06-16,Affirmed,,BRL 222 bln Floating bond/note 01-Sep-2030,BRSTNCLF1RR2
2026-08-05,Brazil,https://www.fitchratings.com/entity/brazil-80442191#issues,Long Term Rating,BB,2026-06-16,Affirmed,,BRL 569 bln Floating bond/note 01-Mar-2027,BRSTNCLF1RG5
2026-08-05,Brazil,https://www.fitchratings.com/entity/brazil-80442191#issues,Long Term Rating,BB,2026-06-16,Affirmed,,BRL 192 bln Floating treasury bills/notes/bonds 01-Jun-2031,BRSTNCLF1RW2
2026-08-05,Brazil,https://www.fitchratings.com/entity/brazil-80442191#issues,Long Term Rating,BB,2026-06-16,Affirmed,,BRL 182 bln Zero bond/note 01-Jan-2029,BRSTNCLTN806
2026-08-05,Brazil,https://www.fitchratings.com/entity/brazil-80442191#issues,Long Term Rating,BB,2026-06-16,Affirmed,,BRL 121 bln 6.% bond/note 15-Aug-2040,BRSTNCNTB3C6
2026-08-05,Brazil,https://www.fitchratings.com/entity/brazil-80442191#issues,Long Term Rating,BB,2026-06-16,Affirmed,,BRL 178 bln Zero treasury bills/notes/bonds 01-Mar-2032,BRSTNCLF1S08
2026-08-05,Brazil,https://www.fitchratings.com/entity/brazil-80442191#issues,Long Term Rating,BB,2026-06-16,Affirmed,,BRL 175 bln Floating bond/note 01-Sep-2026,BRSTNCLF1RF7
2026-08-05,Brazil,https://www.fitchratings.com/entity/brazil-80442191#issues,Long Term Rating,BB,2026-06-16,Affirmed,,BRL 87 bln 6.% bond/note 15-Aug-2060,BRSTNCNTB690
2026-08-05,Brazil,https://www.fitchratings.com/entity/brazil-80442191#issues,Long Term Rating,BB,2026-06-16,Affirmed,,BRL 187 bln 6.% bond/note 15-Aug-2050,BRSTNCNTB3D4
2026-08-05,Brazil,https://www.fitchratings.com/entity/brazil-80442191#issues,Long Term Rating,BB,2026-06-16,Affirmed,,BRL 109 bln 10.% bond/note 01-Jan-2029,BRSTNCNTF1Q6
2026-08-05,Brazil,https://www.fitchratings.com/entity/brazil-80442191#issues,Long Term Rating,BB,2026-06-16,Affirmed,,BRL 363 bln Floating bond/note 01-Mar-2029,BRSTNCLF1RL5
2026-08-05,Brazil,https://www.fitchratings.com/entity/brazil-80442191#issues,Long Term Rating,BB,2026-06-16,Affirmed,,BRL 64 bln 6.% bond/note 15-May-2033,BRSTNCNTB6B1
2026-08-05,Brazil,https://www.fitchratings.com/entity/brazil-80442191#issues,Long Term Rating,BB,2026-06-16,Affirmed,,BRL 163 bln Zero treasury bills/notes/bonds 01-Sep-2031,BRSTNCLF1RX0
2026-08-05,Brazil,https://www.fitchratings.com/entity/brazil-80442191#issues,Long Term Rating,BB,2026-06-16,Affirmed,,BRL 106 bln Zero treasury bills/notes/bonds 01-Jan-2030,BRSTNCLTN8A7
2026-08-05,Brazil,https://www.fitchratings.com/entity/brazil-80442191#issues,Long Term Rating,BB,2026-06-16,Affirmed,,BRL 219 bln 6.% bond/note 15-May-2035,BRSTNCNTB0O7
2026-08-05,Brazil,https://www.fitchratings.com/entity/brazil-80442191#issues,Long Term Rating,BB,2026-06-16,Affirmed,,BRL 337 bln Floating bond/note 01-Mar-2028,BRSTNCLF1RI1
2026-08-05,Brazil,https://www.fitchratings.com/entity/brazil-80442191#issues,Long Term Rating,BB,2026-06-16,Affirmed,,BRL 79 bln Zero treasury bills/notes/bonds 01-Jan-2028,BRSTNCLTN897
2026-08-05,Brazil,https://www.fitchratings.com/entity/brazil-80442191#issues,Long Term Rating,BB,2026-06-16,Affirmed,,BRL 91 bln 10.% bond/note 01-Jan-2035,BRSTNCNTF238
2026-08-06,Brazil,https://www.fitchratings.com/entity/brazil-80442191#issues,Long Term Rating,BB,2026-06-16,Affirmed,,BRL 73 bln 10.% bond/note 01-Jan-2033,BRSTNCNTF212
2026-08-06,Brazil,https://www.fitchratings.com/entity/brazil-80442191#issues,Long Term Rating,BB,2026-06-16,Affirmed,,BRL 86 bln 6.% bond/note 15-Aug-2060,BRSTNCNTB690
2026-08-06,Brazil,https://www.fitchratings.com/entity/brazil-80442191#issues,Long Term Rating,BB,2026-06-16,Affirmed,,BRL 570 bln Floating bond/note 01-Mar-2027,BRSTNCLF1RG5
2026-08-06,Brazil,https://www.fitchratings.com/entity/brazil-80442191#issues,Long Term Rating,BB,2026-06-16,Affirmed,,BRL 243 bln 6.% bond/note 15-Aug-2026,BRSTNCNTB4U6
2026-08-06,Brazil,https://www.fitchratings.com/entity/brazil-80442191#issues,Long Term Rating,BB,2026-06-16,Affirmed,,BRL 155 bln 6.% bond/note 15-May-2045,BRSTNCNTB0A6
2026-08-06,Brazil,https://www.fitchratings.com/entity/brazil-80442191#issues,Long Term Rating,BB,2026-06-16,Affirmed,,BRL 108 bln Zero treasury bills/notes/bonds 01-Jan-2030,BRSTNCLTN8A7
2026-08-06,Brazil,https://www.fitchratings.com/entity/brazil-80442191#issues,Long Term Rating,BB,2026-06-16,Affirmed,,BRL 221 bln Floating treasury bills/notes/bonds 01-Mar-2031,BRSTNCLF1RU6
2026-08-06,Movida Locacao de Veiculos S.A.,https://www.fitchratings.com/entity/movida-locacao-de-veiculos-sa-97423224,National Long Term Rating,WD(bra),2025-08-06,Withdrawn,,,
2026-08-07,Companhia de Locacao das Americas - LOCAMERICA,https://www.fitchratings.com/entity/companhia-de-locacao-das-americas-locamerica-89286661,National Long Term Rating,WD(bra),2025-08-07,Withdrawn,,,
2026-08-11,Syngenta Tech I FIDC,https://www.fitchratings.com/entity/syngenta-tech-i-fundo-de-investimento-em-direitos-creditorios-97218628#issues,National Long Term Rating,PIFsf(bra),2025-08-11,Paid In Full,,notes ser 2021-1,BR0A2BCTF003
2026-08-11,Syngenta Tech I FIDC,https://www.fitchratings.com/entity/syngenta-tech-i-fundo-de-investimento-em-direitos-creditorios-97218628#issues,National Long Term Rating,NRsf,2021-12-08,New Rating,,notes ser 2021-1,BR0A2BCTF011
2026-08-11,Syngenta Tech I FIDC,https://www.fitchratings.com/entity/syngenta-tech-i-fundo-de-investimento-em-direitos-creditorios-97218628#issues,National Long Term Rating,NRsf,2021-12-08,New Rating,,notes ser 2021-1,BR0A2BCTF029
2026-08-12,Brazil,https://www.fitchratings.com/entity/brazil-80442191#issues,Long Term Rating,BB,2026-07-16,New Rating,,BRL 4 bln Zero treasury bills/notes/bonds 01-Oct-2028,BRSTNCLTN8N0
2026-08-12,Brazil,https://www.fitchratings.com/entity/brazil-80442191#issues,Long Term Rating,BB,2026-07-13,New Rating,,BRL 97 bln Zero treasury bills/notes/bonds 01-Sep-2032,BRSTNCLF1S24
2026-08-12,Brazil,https://www.fitchratings.com/entity/brazil-80442191#issues,Long Term Rating,BB,2026-06-16,Affirmed,,BRL 74 bln 10.% bond/note 01-Jan-2033,BRSTNCNTF212
2026-08-12,Brazil,https://www.fitchratings.com/entity/brazil-80442191#issues,Long Term Rating,BB,2026-06-16,Affirmed,,BRL 571 bln Floating bond/note 01-Mar-2027,BRSTNCLF1RG5
2026-08-12,Brazil,https://www.fitchratings.com/entity/brazil-80442191#issues,Long Term Rating,BB,2026-06-16,Affirmed,,BRL 365 bln Floating bond/note 01-Mar-2029,BRSTNCLF1RL5
2026-08-12,Brazil,https://www.fitchratings.com/entity/brazil-80442191#issues,Long Term Rating,BB,2026-06-16,Affirmed,,BRL 339 bln Floating bond/note 01-Mar-2028,BRSTNCLF1RI1
2026-08-12,Brazil,https://www.fitchratings.com/entity/brazil-80442191#issues,Long Term Rating,BB,2026-06-16,Affirmed,,BRL 107 bln Zero treasury bills/notes/bonds 01-Jan-2030,BRSTNCLTN8A7
2026-08-12,Brazil,https://www.fitchratings.com/entity/brazil-80442191#issues,Long Term Rating,BB,2026-06-16,Affirmed,,BRL 222 bln Floating treasury bills/notes/bonds 01-Mar-2031,BRSTNCLF1RU6
2026-08-12,Brazil,https://www.fitchratings.com/entity/brazil-80442191#issues,Long Term Rating,BB,2026-06-16,Affirmed,,BRL 135 bln Zero treasury bills/notes/bonds 01-Dec-2031,BRSTNCLF1RZ5
2026-08-12,Brazil,https://www.fitchratings.com/entity/brazil-80442191#issues,Long Term Rating,BB,2026-06-16,Affirmed,,BRL 210 bln 6.% bond/note 15-Aug-2030,BRSTNCNTB3B8
2026-08-12,Brazil,https://www.fitchratings.com/entity/brazil-80442191#issues,Long Term Rating,BB,2026-06-16,Affirmed,,BRL 191 bln 10.% bond/note 01-Jan-2031,BRSTNCNTF204
2026-08-12,Brazil,https://www.fitchratings.com/entity/brazil-80442191#issues,Long Term Rating,BB,2026-06-16,Affirmed,,BRL 343 bln Floating bond/note 01-Sep-2028,BRSTNCLF1RK7
2026-08-12,Brazil,https://www.fitchratings.com/entity/brazil-80442191#issues,Long Term Rating,BB,2026-06-16,Affirmed,,BRL 492 bln Floating bond/note 01-Sep-2027,BRSTNCLF1RH3
2026-08-12,Brazil,https://www.fitchratings.com/entity/brazil-80442191#issues,Long Term Rating,BB,2026-06-16,Affirmed,,BRL 147 bln Floating treasury bills/notes/bonds 01-Dec-2030,BRSTNCLF1RT8
2026-08-12,Brazil,https://www.fitchratings.com/entity/brazil-80442191#issues,Long Term Rating,BB,2026-06-16,Affirmed,,BRL 32 bln 10.% bond/note 01-Jan-2037,BRSTNCNTF2K7
2026-08-12,Brazil,https://www.fitchratings.com/entity/brazil-80442191#issues,Long Term Rating,BB,2026-06-16,Affirmed,,BRL 219 bln 6.% bond/note 15-Aug-2028,BRSTNCNTB4X0
2026-08-12,Brazil,https://www.fitchratings.com/entity/brazil-80442191#issues,Long Term Rating,BB,2026-06-16,Affirmed,,BRL 299 bln Zero treasury bills/notes/bonds 01-Jun-2032,BRSTNCLF1S16
2026-08-13,"Eco Securitizadora 2019-23-1,2 (Vamos)",https://www.fitchratings.com/entity/eco-securitizadora-2019-1-2-vamos-96802147#issues,National Long Term Rating,WDsf(bra),2025-08-13,Withdrawn,,notes ser 2,BRECOACRA4M5
2026-08-13,TIM Brasil Servicos e Participacoes S.A.,https://www.fitchratings.com/entity/tim-brasil-servicos-e-participacoes-sa-97462270#issues,National Long Term Rating,WD(bra),2025-08-13,Withdrawn,,BRL 5 bln Floating CDI (Brazil) 2.3% Series 11 bond/note 25-Jul-2028,BRTBSPDBS005
2026-08-13,"Eco Securitizadora 2019-23-1,2 (Vamos)",https://www.fitchratings.com/entity/eco-securitizadora-2019-1-2-vamos-96802147#issues,National Long Term Rating,PIFsf(bra),2024-11-18,Paid In Full,,notes ser 2,BRECOACRA4L7
2026-08-13,"Eco Securitizadora 2019-23-1,2 (Vamos)",https://www.fitchratings.com/entity/eco-securitizadora-2019-1-2-vamos-96802147#issues,National Long Term Rating,WDsf(bra),2019-12-09,Withdrawn,,notes ser 2,
2026-08-14,Brazil,https://www.fitchratings.com/entity/brazil-80442191#issues,Long Term Rating,BB,2026-07-13,New Rating,,BRL 109 bln Zero treasury bills/notes/bonds 01-Sep-2032,BRSTNCLF1S24
2026-08-14,Brazil,https://www.fitchratings.com/entity/brazil-80442191#issues,Long Term Rating,BB,2026-06-16,Affirmed,,BRL 94 bln Zero bond/note 01-Jan-2032,BRSTNCLTN8J8
2026-08-14,Brazil,https://www.fitchratings.com/entity/brazil-80442191#issues,Long Term Rating,BB,2026-06-16,Affirmed,,BRL 221 bln 6.% bond/note 15-May-2035,BRSTNCNTB0O7
2026-08-14,Brazil,https://www.fitchratings.com/entity/brazil-80442191#issues,Long Term Rating,BB,2026-06-16,Affirmed,,BRL 493 bln Floating bond/note 01-Sep-2027,BRSTNCLF1RH3
2026-08-14,Brazil,https://www.fitchratings.com/entity/brazil-80442191#issues,Long Term Rating,BB,2026-06-16,Affirmed,,BRL 102 bln 6.% bond/note 15-Aug-2032,BRSTNCNTB674
2026-08-14,Brazil,https://www.fitchratings.com/entity/brazil-80442191#issues,Long Term Rating,BB,2026-06-16,Affirmed,,BRL 68 bln 6.% bond/note 15-May-2029,BRSTNCNTB716
2026-08-14,Brazil,https://www.fitchratings.com/entity/brazil-80442191#issues,Long Term Rating,BB,2026-06-16,Affirmed,,BRL 101 bln Zero treasury bills/notes/bonds 01-Jul-2027,BRSTNCLTN871
2026-08-14,Brazil,https://www.fitchratings.com/entity/brazil-80442191#issues,Long Term Rating,BB,2026-06-16,Affirmed,,BRL 65 bln 6.% bond/note 15-May-2033,BRSTNCNTB6B1
2026-08-14,Brazil,https://www.fitchratings.com/entity/brazil-80442191#issues,Long Term Rating,BB,2026-06-16,Affirmed,,BRL 90 bln Zero treasury bills/notes/bonds 01-Oct-2026,BRSTNCLTN8G4
2026-08-14,Brazil,https://www.fitchratings.com/entity/brazil-80442191#issues,Long Term Rating,BB,2026-06-16,Affirmed,,BRL 193 bln Floating treasury bills/notes/bonds 01-Jun-2031,BRSTNCLF1RW2
2026-08-14,Brazil,https://www.fitchratings.com/entity/brazil-80442191#issues,Long Term Rating,BB,2026-06-16,Affirmed,,BRL 127 bln 6.% bond/note 15-May-2027,BRSTNCNTB682
2026-08-14,CSN Inova Ventures,https://www.fitchratings.com/entity/csn-islands-xi-corp-89679471#issues,Long Term Rating,CCC+,2026-07-31,New Rating,Rating Watch Negative,USD 970 mln 11% bond/note 12-Aug-2030,
2026-08-14,"MagaluPay - Sociedade de Credito, Financiamento e Investimento S.A.",https://www.fitchratings.com/entity/magalupay-sociedade-de-credito-financiamento-e-investimento-sa-97825456#issues,National Long Term Rating,AA-(EXP)(bra),2026-05-26,Expected Rating,,BRL 300 mln CDI + 1.65% bond/note,
2026-08-14,Opea Securitizadora S.A. 2018-1-103 (Einstein),https://www.fitchratings.com/entity/true-securitizadora-2018-103-einstein-96656848#issues,National Long Term Rating,PIFsf(bra),2025-08-15,Paid In Full,,notes ser 2018-103,BRAPCSCRI3D1
2026-08-14,Brazilian Securities 2013-315 (Buriti Shopping),https://www.fitchratings.com/entity/brazilian-securities-companhia-de-securitizacao-92839290#issues,National Long Term Rating,PIFsf(bra),2025-08-15,Paid In Full,,certificates,BRBSCSCRI8H7
2026-08-17,"MagaluPay - Sociedade de Credito, Financiamento e Investimento S.A.",https://www.fitchratings.com/entity/magalupay-sociedade-de-credito-financiamento-e-investimento-sa-97825456#issues,National Long Term Rating,AA-(bra),2026-08-17,New Rating,,BRL 100 mln Hybrid 2.3% bond/note,
2026-08-17,Companhia de Gas de Minas Gerais - Gasmig,https://www.fitchratings.com/entity/companhia-de-gas-de-minas-gerais-gasmig-96692279#issues,National Long Term Rating,AA+(bra),2026-07-13,Affirmed,,BRL 850 mln bond/note 15-Aug-2031,BRGASMDBS076
2026-08-17,Cantareira Transmissora de Energia S.A.,https://www.fitchratings.com/entity/cantareira-transmissora-de-energia-sa-96581278#issues,National Long Term Rating,AAA(bra),2025-11-21,Review - No Action,Rating Outlook Stable,BRL 100 mln bond/note 15-Aug-2032,BRCTRRDBS001
2026-08-17,Alianca Geracao de Energia S.A.,https://www.fitchratings.com/entity/alianca-geracao-de-energia-sa-96605787#issues,National Long Term Rating,AAA(bra),2025-09-24,Affirmed,,BRL 270 mln 4% bond/note 15-Feb-2035,BRALGEDBS029
2026-08-18,Natura Cosmeticos S.A.,https://www.fitchratings.com/entity/natura-cosmeticos-sa-90714090#issues,National Long Term Rating,AAA(bra),2026-07-02,Affirmed,,BRL 1.33 bln Floating CDI (Brazil) 1.2% bond/note 15-Jun-2029,BRNATUDBS0I0
2026-08-19,Companhia de Aguas e Esgotos do Rio Grande do Norte,https://www.fitchratings.com/entity/companhia-de-aguas-e-esgotos-do-rio-grande-do-norte-97435040#issues,National Long Term Rating,A+(bra),2025-10-17,Affirmed,,BRL 215 mln Floating bond/note 19-Jan-2028,BRAERNDBS006
2026-08-20,Smartfit Escola de Ginastica e Danca S.A.,https://www.fitchratings.com/entity/smartfit-escola-de-ginastica-e-danca-sa-96173422#issues,National Long Term Rating,AA+(bra),2026-07-27,New Rating,,BRL Floating CDI (Brazil) 1.05% bond/note 29-Jul-2036,
2026-08-20,Smartfit Escola de Ginastica e Danca S.A.,https://www.fitchratings.com/entity/smartfit-escola-de-ginastica-e-danca-sa-96173422#issues,National Long Term Rating,AA+(bra),2026-07-27,New Rating,,BRL Floating CDI (Brazil) 0.65% bond/note 29-jul-2031,
2026-08-20,Smartfit Escola de Ginastica e Danca S.A.,https://www.fitchratings.com/entity/smartfit-escola-de-ginastica-e-danca-sa-96173422#issues,National Long Term Rating,AA+(bra),2026-07-27,New Rating,,BRL Floating CDI (Brazil) 0.75% bond/note 29-Jul-2033,
2026-08-20,Brazil,https://www.fitchratings.com/entity/brazil-80442191#issues,Long Term Rating,BB,2026-06-16,Affirmed,,USD 2.5 bln 7.25% bond/note 12-Jan-2056,US105756CN87
2026-08-20,Brazilian Securities 2011-219,https://www.fitchratings.com/entity/brazilian-securities-2011-219-97160426#issues,National Long Term Rating,PIFsf(bra),2025-08-20,Paid In Full,,certificates,BRBSCSCRI5P6
2026-08-21,"MagaluPay - Sociedade de Credito, Financiamento e Investimento S.A.",https://www.fitchratings.com/entity/magalupay-sociedade-de-credito-financiamento-e-investimento-sa-97825456#issues,National Long Term Rating,AA-(bra),2026-08-17,New Rating,,BRL 100 mln CDI +  2.3% bond/note 16-Aug-2030,
2026-08-21,"MagaluPay - Sociedade de Credito, Financiamento e Investimento S.A.",https://www.fitchratings.com/entity/magalupay-sociedade-de-credito-financiamento-e-investimento-sa-97825456#issues,National Long Term Rating,AA-(bra),2026-08-17,New Rating,,BRL 100 mln Hybrid 2.3% bond/note 28-Aug-2028,
2026-08-24,Energisa Sul Sudeste - Distribuidora de Energia S/A,https://www.fitchratings.com/entity/energisa-sul-sudeste-distribuidora-de-energia-s-a-96689833#issues,National Long Term Rating,AA+(bra),2026-04-30,Downgrade,,BRL 120 mln bond/note 15-Aug-2027,BRESSDDBS072
2026-08-24,Energisa Minas Rio - Distribuidora de Energia S.A.,https://www.fitchratings.com/entity/energisa-minas-gerais-distribuidora-de-energia-s-a-83598868#issues,National Long Term Rating,AA+(bra),2026-04-30,Downgrade,,BRL 60 mln bond/note 15-Sep-2027,BRFLCLDBS0K3
2026-08-24,Energisa Mato Grosso do Sul - Distribuidora de Energia S.A.,https://www.fitchratings.com/entity/energisa-mato-grosso-do-sul-distribuidora-de-energia-sa-96223276#issues,National Long Term Rating,AA+(bra),2026-04-30,Downgrade,,BRL 150 mln bond/note 15-Aug-2027,BRENERDBS0H0
2026-08-25,Emergencia Participacoes S.A.,https://www.fitchratings.com/entity/emergencia-participacoes-sa-97417637#issues,National Long Term Rating,D(bra),2026-08-24,Review - No Action,,BRL 250 mln bond/note,BREMGPDBS017
2026-08-25,Emergencia Participacoes S.A.,https://www.fitchratings.com/entity/emergencia-participacoes-sa-97417637#issues,National Long Term Rating,D(bra),2026-08-24,Review - No Action,,BRL 200 mln 2.75% bond/note 30-Sep-2029,
2026-08-25,ESSENTIA PCHs S.A.,https://www.fitchratings.com/entity/contour-global-do-brasil-participacoes-sa-96630805#issues,National Long Term Rating,AA+(bra),2026-08-21,Affirmed,Rating Outlook Stable,BRL 750 mln bond/note 10-Sep-2032,
2026-08-25,Elea Digital Infraestrutura e Redes de Telecomunicacoes S.A.,https://www.fitchratings.com/entity/drammen-rj-infraestrutura-e-redes-de-telecomunicacoes-sa-97272267#issues,National Long Term Rating,A-(bra),2026-06-16,Upgrade,Rating Watch Off,BRL 763 mln Floating CDI (Brazil) bond/note 25-Aug-2032,BRDMRJDBS035
2026-08-26,Brazil,https://www.fitchratings.com/entity/brazil-80442191#issues,Long Term Rating,BB,2026-06-16,Affirmed,,BRL 111 bln Zero treasury bills/notes/bonds 01-Jan-2030,BRSTNCLTN8A7
2026-08-26,Brazil,https://www.fitchratings.com/entity/brazil-80442191#issues,Long Term Rating,BB,2026-06-16,Affirmed,,BRL 192 bln 10.% bond/note 01-Jan-2031,BRSTNCNTF204
2026-08-27,Copel Distribuicao S.A.,https://www.fitchratings.com/entity/copel-distribuicao-sa-96382097#issues,National Long Term Rating,WD(bra),2025-08-26,Withdrawn,,BRL 1.5 bln Floating CDI (Brazil) 1.95% bond/note 15-Jun-2026,BRCPLDDBS069
2026-08-27,Companhia de Saneamento de Minas Gerais COPASA MG,https://www.fitchratings.com/entity/companhia-de-saneamento-de-minas-gerais-copasa-94017690#issues,National Long Term Rating,AAA(bra),2026-08-26,New Rating,,BRL 1.2 bln Floating CDI (Brazil) 0.34% bond/note,
2026-08-28,Multiplan Empreendimentos Imobiliarios S.A.,https://www.fitchratings.com/entity/multiplan-empreendimentos-imobiliarios-sa-96177986#issues,National Long Term Rating,AAA(bra),2026-08-27,Affirmed,,BRL 500 mln Floating CDI (Brazil) 0.65% bond/note 03-Jul-2031,BRMULTDBS0B3
2026-08-28,Multiplan Empreendimentos Imobiliarios S.A.,https://www.fitchratings.com/entity/multiplan-empreendimentos-imobiliarios-sa-96177986#issues,National Long Term Rating,AAA(bra),2026-08-27,Affirmed,,BRL 1.2 bln Floating CDI (Brazil) 0.8% bond/note 01-Oct-2034,
2026-08-28,Multiplan Empreendimentos Imobiliarios S.A.,https://www.fitchratings.com/entity/multiplan-empreendimentos-imobiliarios-sa-96177986#issues,National Long Term Rating,AAA(bra),2026-08-27,Affirmed,,BRL 600 mln Floating CDI (Brazil) 0.55% Series A5 bond/note 15-Oct-2031,BRMULTDBS0C1
2026-08-29,"Mills Locacao, Servicos e Logistica S.A.",https://www.fitchratings.com/entity/mills-estruturas-e-servicos-de-engenharia-sa-96795007,National Long Term Rating,WD(bra),2025-08-29,Withdrawn,,,
2026-08-29,"Mills Locacao, Servicos e Logistica S.A.",https://www.fitchratings.com/entity/mills-estruturas-e-servicos-de-engenharia-sa-96795007#issues,National Long Term Rating,WD(bra),2025-08-29,Withdrawn,,BRL 300 mln bond/note 05-Mar-2027,
2026-09-01,Energisa Mato Grosso do Sul - Distribuidora de Energia S.A.,https://www.fitchratings.com/entity/energisa-mato-grosso-do-sul-distribuidora-de-energia-sa-96223276#issues,National Long Term Rating,NR,2025-08-31,Matured,,BRL 139.47 mln bond/note 31-Aug-2025,BRENERDBS0E7
2026-09-01,UTE Gna II Geracao de Energia S.A.,https://www.fitchratings.com/entity/ute-gna-ii-geracao-de-energia-sa-97588044#issues,National Long Term Rating,AA-(bra),2026-08-31,Rating Watch On,Rating Watch Negative,1a serie - BRL 375 mln bond/note 15-Dec-2045,BRUTEGDBS038
2026-09-01,UTE Gna II Geracao de Energia S.A.,https://www.fitchratings.com/entity/ute-gna-ii-geracao-de-energia-sa-97588044#issues,National Long Term Rating,AA-(bra),2026-08-31,Rating Watch On,Rating Watch Negative,2a serie - BRL 375 mln bond/note 01-Dec-2042,
2026-09-01,Brazil,https://www.fitchratings.com/entity/brazil-80442191#issues,Long Term Rating,NR,2025-09-01,Matured,,BRL 220.2 bln Floating bond/note 01-Sep-2025,BRSTNCLF1RD2
2026-09-09,Auren Energia S.A.,https://www.fitchratings.com/entity/vtrm-energia-participacoes-sa-97036543#issues,National Long Term Rating,WD(bra),2025-09-09,Withdrawn,,BRL 5.4 bln Floating CDI (Brazil) 1.1% step-ups bond/note 28-Oct-2028,BRAUREDBS035
2026-09-09,Elea Digital Infraestrutura e Redes de Telecomunicacoes S.A.,https://www.fitchratings.com/entity/drammen-rj-infraestrutura-e-redes-de-telecomunicacoes-sa-97272267#issues,National Long Term Rating,WD(bra),2025-09-09,Withdrawn,,BRL 570 mln Floating CDI (Brazil) 4.5% bond/note 18-Dec-2030,BRDMRJDBS027
2026-09-09,Itau Unibanco Holding S.A.,https://www.fitchratings.com/entity/itau-unibanco-holding-sa-80609415#issues,Long Term Rating,WD,2025-09-09,Withdrawn,,USD 700 mln Variable hybrid capital instruments,"US465562AA45, USP59699AB77"
2026-09-10,Natura Cosmeticos S.A.,https://www.fitchratings.com/entity/natura-cosmeticos-sa-90714090#issues,National Long Term Rating,NR,2026-09-09,Matured,,"14th debentures, BRL 700 mln Floating CDI (Brazil) 1.1% bond/note 09-sep-2026",
2026-09-10,Athon Geracao Distribuida II S.A.,https://www.fitchratings.com/entity/athon-geracao-distribuida-ii-sa-97646848#issues,National Long Term Rating,AAA(bra),2026-08-20,Affirmed,Rating Outlook Stable,BRL 220.22 mln bond/note 15-Sep-2041,BRATIIDBS011
2026-09-10,Athon Geracao Distribuida S/A,https://www.fitchratings.com/entity/athon-geracao-distribuida-s-a-97623839#issues,National Long Term Rating,AAA(bra),2026-08-20,Affirmed,Rating Outlook Stable,BRL 202.07 mln bond/note 15-Sep-2041,BRAHGDDBS011
2026-09-10,Brazil,https://www.fitchratings.com/entity/brazil-80442191#issues,Long Term Rating,BB,2026-06-16,Affirmed,,BRL 211 bln 6.% bond/note 15-Aug-2030,BRSTNCNTB3B8
2026-09-10,Brazil,https://www.fitchratings.com/entity/brazil-80442191#issues,Long Term Rating,BB,2026-06-16,Affirmed,,BRL 220 bln 6.% bond/note 15-Aug-2028,BRSTNCNTB4X0
2026-09-11,TRSP - Terminal de Regaseificacao de GNL de Sao Paulo S.A,https://www.fitchratings.com/entity/trsp-terminal-de-regaseificacao-de-gnl-de-sao-paulo-sa-97692746#issues,National Long Term Rating,AA(bra),2026-09-10,Affirmed,Rating Watch Off,BRL 800 mln bond/note 15-Dec-2032,
2026-09-11,Compass Gas e Energia S.A.,https://www.fitchratings.com/entity/compass-gas-e-energia-sa-97270144#issues,National Long Term Rating,AA(bra),2026-09-10,Affirmed,Rating Watch Off,BRL 1.7 mln Floating CDI (Brazil) 0.65% bond/note 2nd serie  4th debenture maturity in the 6th and 7th years,
2026-09-11,Eletropaulo Metropolitana Eletricidade de Sao Paulo S.A.,https://www.fitchratings.com/entity/eletropaulo-metropolitana-eletricidade-de-sao-paulo-sa-80464130#issues,National Long Term Rating,NR,2025-09-13,Matured,,BRL 3 bln bond/note 13-Sep-2025,BRELPLDBS0W4
2026-09-15,Brazil,https://www.fitchratings.com/entity/brazil-80442191#issues,Long Term Rating,BB,2026-07-16,New Rating,,BRL 13 bln Zero treasury bills/notes/bonds 01-Oct-2028,BRSTNCLTN8N0
2026-09-15,Brazil,https://www.fitchratings.com/entity/brazil-80442191#issues,Long Term Rating,BB,2026-07-13,New Rating,,BRL 136 bln Zero treasury bills/notes/bonds 01-Sep-2032,BRSTNCLF1S24
2026-09-15,Brazil,https://www.fitchratings.com/entity/brazil-80442191#issues,Long Term Rating,BB,2026-06-16,Affirmed,,BRL 184 bln Zero bond/note 01-Jan-2029,BRSTNCLTN806
2026-09-15,Brazil,https://www.fitchratings.com/entity/brazil-80442191#issues,Long Term Rating,BB,2026-06-16,Affirmed,,BRL 128 bln 6.% bond/note 15-May-2027,BRSTNCNTB682
2026-09-15,Brazil,https://www.fitchratings.com/entity/brazil-80442191#issues,Long Term Rating,BB,2026-06-16,Affirmed,,BRL 120 bln Zero bond/note 01-Apr-2027,BRSTNCLTN8I0
2026-09-15,Brazil,https://www.fitchratings.com/entity/brazil-80442191#issues,Long Term Rating,BB,2026-06-16,Affirmed,,BRL 223 bln Floating treasury bills/notes/bonds 01-Mar-2031,BRSTNCLF1RU6
2026-09-15,Brazil,https://www.fitchratings.com/entity/brazil-80442191#issues,Long Term Rating,BB,2026-06-16,Affirmed,,BRL 158 bln 6.% bond/note 15-May-2045,BRSTNCNTB0A6
2026-09-15,Brazil,https://www.fitchratings.com/entity/brazil-80442191#issues,Long Term Rating,BB,2026-06-16,Affirmed,,BRL 136 bln Zero treasury bills/notes/bonds 01-Dec-2031,BRSTNCLF1RZ5
2026-09-15,Brazil,https://www.fitchratings.com/entity/brazil-80442191#issues,Long Term Rating,BB,2026-06-16,Affirmed,,BRL 110 bln 10.% bond/note 01-Jan-2029,BRSTNCNTF1Q6
2026-09-15,Brazil,https://www.fitchratings.com/entity/brazil-80442191#issues,Long Term Rating,BB,2026-06-16,Affirmed,,BRL 33 bln 10.% bond/note 01-Jan-2037,BRSTNCNTF2K7
2026-09-15,Brazil,https://www.fitchratings.com/entity/brazil-80442191#issues,Long Term Rating,BB,2026-06-16,Affirmed,,BRL 572 bln Floating bond/note 01-Mar-2027,BRSTNCLF1RG5
2026-09-15,Brazil,https://www.fitchratings.com/entity/brazil-80442191#issues,Long Term Rating,BB,2026-06-16,Affirmed,,BRL 99 bln 6.% bond/note 15-Aug-2032,BRSTNCNTB674
2026-09-15,Brazil,https://www.fitchratings.com/entity/brazil-80442191#issues,Long Term Rating,BB,2026-06-16,Affirmed,,BRL 193 bln 10.% bond/note 01-Jan-2031,BRSTNCNTF204
2026-09-15,Brazil,https://www.fitchratings.com/entity/brazil-80442191#issues,Long Term Rating,BB,2026-06-16,Affirmed,,BRL 206 bln 6.% bond/note 15-Aug-2030,BRSTNCNTB3B8
2026-09-15,Brazil,https://www.fitchratings.com/entity/brazil-80442191#issues,Long Term Rating,BB,2026-06-16,Affirmed,,BRL 75 bln 10.% bond/note 01-Jan-2033,BRSTNCNTF212
2026-09-15,Brazil,https://www.fitchratings.com/entity/brazil-80442191#issues,Long Term Rating,BB,2026-06-16,Affirmed,,BRL 110 bln 10.% bond/note 01-Jan-2027,BRSTNCNTF1P8
2026-09-15,Brazil,https://www.fitchratings.com/entity/brazil-80442191#issues,Long Term Rating,BB,2026-06-16,Affirmed,,BRL 92 bln 10.% bond/note 01-Jan-2035,BRSTNCNTF238
2026-09-15,Brazil,https://www.fitchratings.com/entity/brazil-80442191#issues,Long Term Rating,BB,2026-06-16,Affirmed,,BRL 164 bln Zero treasury bills/notes/bonds 01-Sep-2031,BRSTNCLF1RX0
2026-09-15,Brazil,https://www.fitchratings.com/entity/brazil-80442191#issues,Long Term Rating,BB,2026-06-16,Affirmed,,BRL 14 bln 6.% bond/note 15-May-2031,BRSTNCNTB7X3
2026-09-15,Brazil,https://www.fitchratings.com/entity/brazil-80442191#issues,Long Term Rating,BB,2026-06-16,Affirmed,,BRL 148 bln Floating treasury bills/notes/bonds 01-Dec-2030,BRSTNCLF1RT8
2026-09-15,Brazil,https://www.fitchratings.com/entity/brazil-80442191#issues,Long Term Rating,BB,2026-06-16,Affirmed,,BRL 69 bln 6.% bond/note 15-May-2029,BRSTNCNTB716
2026-09-15,Brazil,https://www.fitchratings.com/entity/brazil-80442191#issues,Long Term Rating,BB,2026-06-16,Affirmed,,BRL 194 bln Floating treasury bills/notes/bonds 01-Jun-2031,BRSTNCLF1RW2
2026-09-15,Brazil,https://www.fitchratings.com/entity/brazil-80442191#issues,Long Term Rating,BB,2026-06-16,Affirmed,,BRL 93 bln Zero treasury bills/notes/bonds 01-Jan-2028,BRSTNCLTN897
2026-09-15,Brazil,https://www.fitchratings.com/entity/brazil-80442191#issues,Long Term Rating,BB,2026-06-16,Affirmed,,BRL 494 bln Floating bond/note 01-Sep-2027,BRSTNCLF1RH3
2026-09-15,Brazil,https://www.fitchratings.com/entity/brazil-80442191#issues,Long Term Rating,BB,2026-06-16,Affirmed,,BRL 102 bln Zero treasury bills/notes/bonds 01-Jul-2027,BRSTNCLTN871
2026-09-15,Brazil,https://www.fitchratings.com/entity/brazil-80442191#issues,Long Term Rating,BB,2026-06-16,Affirmed,,BRL 222 bln 6.% bond/note 15-May-2035,BRSTNCNTB0O7
2026-09-15,Brazil,https://www.fitchratings.com/entity/brazil-80442191#issues,Long Term Rating,BB,2026-06-16,Affirmed,,BRL 300 bln Zero treasury bills/notes/bonds 01-Jun-2032,BRSTNCLF1S16
2026-09-15,Brazil,https://www.fitchratings.com/entity/brazil-80442191#issues,Long Term Rating,BB,2026-06-16,Affirmed,,BRL 15 bln 6.% bond/note 15-May-2037,BRSTNCNTB7Y1
2026-09-15,Brazil,https://www.fitchratings.com/entity/brazil-80442191#issues,Long Term Rating,BB,2026-06-16,Affirmed,,BRL 340 bln Floating bond/note 01-Mar-2028,BRSTNCLF1RI1
2026-09-15,Brazil,https://www.fitchratings.com/entity/brazil-80442191#issues,Long Term Rating,BB,2026-06-16,Affirmed,,BRL 179 bln Zero treasury bills/notes/bonds 01-Mar-2032,BRSTNCLF1S08
2026-09-15,Brazil,https://www.fitchratings.com/entity/brazil-80442191#issues,Long Term Rating,BB,2026-06-16,Affirmed,,BRL 22 bln Zero treasury bills/notes/bonds 01-Jul-2028,BRSTNCLTN8F6
2026-09-15,Brazil,https://www.fitchratings.com/entity/brazil-80442191#issues,Long Term Rating,BB,2026-06-16,Affirmed,,BRL 344 bln Floating bond/note 01-Sep-2028,BRSTNCLF1RK7
2026-09-15,Brazil,https://www.fitchratings.com/entity/brazil-80442191#issues,Long Term Rating,BB,2026-06-16,Affirmed,,BRL 112 bln Zero treasury bills/notes/bonds 01-Jan-2030,BRSTNCLTN8A7
2026-09-15,Brazil,https://www.fitchratings.com/entity/brazil-80442191#issues,Long Term Rating,BB,2026-06-16,Affirmed,,BRL 93 bln Zero bond/note 01-Jan-2032,BRSTNCLTN8J8
2026-09-15,Brazil,https://www.fitchratings.com/entity/brazil-80442191#issues,Long Term Rating,BB,2026-06-16,Affirmed,,BRL 366 bln Floating bond/note 01-Mar-2029,BRSTNCLF1RL5
2026-09-15,Brazil,https://www.fitchratings.com/entity/brazil-80442191#issues,Long Term Rating,BB,2026-06-16,Affirmed,,BRL 66 bln 6.% bond/note 15-May-2033,BRSTNCNTB6B1
2026-09-15,Brazil,https://www.fitchratings.com/entity/brazil-80442191#issues,Long Term Rating,BB,2026-06-16,Affirmed,,BRL 223 bln Floating bond/note 01-Sep-2030,BRSTNCLF1RR2
2026-09-15,Norte Energia S/A,https://www.fitchratings.com/entity/norte-energia-s-a-96811901#issues,National Long Term Rating,A(bra),2026-04-15,Affirmed,Rating Outlook Negative,BRL 700 mln bond/note 15-May-2030,BRNTENDBS005
2026-09-15,Companhia Piratininga de Forca e Luz,https://www.fitchratings.com/entity/cia-piratininga-de-forca-e-luz-sa-91549891#issues,National Long Term Rating,AAA(bra),2026-01-22,Affirmed,,BRL 226 mln bond/note 28-Jun-2028,BRCPFPDBS0I9
2026-09-15,Serra de Ibiapaba Transmissora de Energia S.A.,https://www.fitchratings.com/entity/serra-de-ibiapaba-transmissora-de-energia-sa-97071673#issues,National Long Term Rating,AAA(bra),2025-11-21,Review - No Action,Rating Outlook Stable,BRL 116 mln 5.9% bond/note 30-Nov-2040,BRIBPBDBS004
2026-09-15,Cimed & Co. S.A.,https://www.fitchratings.com/entity/cimed-co-sa-97629249#issues,National Long Term Rating,AA(bra),2026-03-26,Downgrade,,BRL 500 mln Floating bond/note 25-Nov-2031,BRCMEDDBS020
2026-09-15,Cimed & Co. S.A.,https://www.fitchratings.com/entity/cimed-co-sa-97629249#issues,National Long Term Rating,AA(bra),2026-03-26,Downgrade,,BRL 600 mln Floating CDI (Brazil) 0.75% bond/note 02-May-2029,BRCMEDDBS012
2026-09-15,Cimed & Co. S.A.,https://www.fitchratings.com/entity/cimed-co-sa-97629249#issues,National Long Term Rating,AA(bra),2026-03-26,Downgrade,,BRL 300 mln Floating CDI (Brazil) 0.55% bond/note 01-Jun-2027,
2026-09-15,Eco Securitizadora 2021-114-1 (FS),https://www.fitchratings.com/entity/eco-securitizadora-de-direitos-creditorios-do-agronegocio-sa-97271758#issues,National Long Term Rating,PIFsf(bra),2025-09-15,Paid In Full,,notes ser 1,BRECOACRA7P1
2026-09-15,Energisa Tocantins - Distribuidora de Energia S/A,https://www.fitchratings.com/entity/energisa-tocantins-distribuidora-de-energia-s-a-96689844#issues,National Long Term Rating,NR,2025-09-15,Matured,,4th deb issuance - BRL242mm - 15-Sep-2025,BRCTNSDBS057
2026-09-15,Copel Geracao e Transmissao S.A.,https://www.fitchratings.com/entity/copel-geracao-e-transmissao-sa-96167039#issues,National Long Term Rating,NR,2025-09-15,Matured,,BRL 1 bln Floating CDI (Brazil) 1.22% bond/note 15-Sep-2025,"BRCPGTNCM008, BRCPGTNPM059"
2026-09-15,Energisa Mato Grosso do Sul - Distribuidora de Energia S.A.,https://www.fitchratings.com/entity/energisa-mato-grosso-do-sul-distribuidora-de-energia-sa-96223276#issues,National Long Term Rating,NR,2025-09-15,Matured,,11th deb issuance - BRL 155mm - 15-Sep-2025,BRENERDBS099
2026-09-15,Aeroportos Brasil Viracopos S.A.,https://www.fitchratings.com/entity/aeroportos-brasil-viracopos-sa-91565490#issues,National Long Term Rating,NR,2025-09-15,Matured,,1a Emissao - 1a Serie,BRVRCPDBS001
2026-09-15,Energisa Sul Sudeste - Distribuidora de Energia S/A,https://www.fitchratings.com/entity/energisa-sul-sudeste-distribuidora-de-energia-s-a-96689833#issues,National Long Term Rating,NR,2025-09-15,Matured,,4th deb issuance - BRL66mm - 15-Sep-2025,BRESSDDBS049
2026-09-15,Energisa Mato Grosso - Distribuidora de Energia S.A.,https://www.fitchratings.com/entity/energisa-mato-grosso-distribuidora-de-energia-sa-96223279#issues,National Long Term Rating,NR,2025-09-15,Matured,,9th deb issuance - BRL385mm - 15-Sep-2025,BRENMTDBS056
2026-09-15,Concessionaria do Aeroporto Internacional de Guarulhos SA,https://www.fitchratings.com/entity/concessionaria-do-aeroporto-internacional-de-guarulhos-sa-91824291#issues,National Long Term Rating,NR,2025-09-15,Matured,,1a Emissão - 3a Série,BRAGRUDBS022
2026-09-15,ETAP - Empresa Transmissora Agreste Potiguar S.A.,https://www.fitchratings.com/entity/etap-empresa-transmissora-agreste-potiguar-sa-96677173#issues,National Long Term Rating,NR,2025-09-15,Matured,,BRL 114.7 mln Floating IPCA (Brazil) 6.161% bond/note 15-Sep-2025,BRETAPDBS023
2026-09-15,ETC - Empresa Transmissora Capixaba S.A,https://www.fitchratings.com/entity/etc-empresa-transmissora-capixaba-sa-96676911#issues,National Long Term Rating,NR,2025-09-15,Matured,,BRL 85.3 mln Floating IPCA (Brazil) 6.168% bond/note 15-Sep-2025,BRCPXBDBS027
2026-09-15,Energisa Paraiba - Distribuidora de Energia S/A,https://www.fitchratings.com/entity/energisa-paraiba-distribuidora-de-energia-s-a-83215024#issues,National Long Term Rating,NR,2025-09-15,Matured,,5th deb issuance - BRL132mm - 15-Sep-2025,BRSAELDBS065
2026-09-15,Energisa Minas Rio - Distribuidora de Energia S.A.,https://www.fitchratings.com/entity/energisa-minas-gerais-distribuidora-de-energia-s-a-83598868#issues,National Long Term Rating,NR,2025-09-15,Matured,,10th deb issuance - BRL55mm - 15-Sep-2025,"BRFLCLDBS006, BRFLCLDBS0D8"
2026-09-15,Energisa Sergipe - Distribuidora de Energia S/A,https://www.fitchratings.com/entity/energisa-sergipe-distribuidora-de-energia-s-a-83215018#issues,National Long Term Rating,NR,2025-09-15,Matured,,6th deb issuance - BRL65mm - 15-Sep-2025,
2026-09-15,Fundo de Investimento em Direitos Creditorios Bullla Cartoes,https://www.fitchratings.com/entity/fundo-de-investimento-em-direitos-creditorios-bullla-cartoes-97246112#issues,National Long Term Rating,WDsf(bra),2025-09-15,Withdrawn,,notes ser 2021-1,BR0CGZCTF013
2026-09-15,Fundo de Investimento em Direitos Creditorios Bullla Cartoes,https://www.fitchratings.com/entity/fundo-de-investimento-em-direitos-creditorios-bullla-cartoes-97246112#issues,National Long Term Rating,WDsf(bra),2025-09-15,Withdrawn,,notes ser 2021-1,BR0CGZCTF021
2026-09-15,Fundo de Investimento em Direitos Creditorios Bullla Cartoes,https://www.fitchratings.com/entity/fundo-de-investimento-em-direitos-creditorios-bullla-cartoes-97246112#issues,National Long Term Rating,WDsf(bra),2025-09-15,Withdrawn,,notes ser 2021-1,BR0CGZCTF005
2026-09-15,Fundo de Investimento em Direitos Creditorios Bullla Cartoes,https://www.fitchratings.com/entity/fundo-de-investimento-em-direitos-creditorios-bullla-cartoes-97246112#issues,National Long Term Rating,WDsf(bra),2025-09-15,Withdrawn,,notes ser 2021-1,
2026-09-15,Fundo de Investimento em Direitos Creditorios Bullla Cartoes,https://www.fitchratings.com/entity/fundo-de-investimento-em-direitos-creditorios-bullla-cartoes-97246112#issues,National Long Term Rating,NRsf,2023-10-20,New Rating,,notes ser 2021-1,
2026-09-16,Totalenergies Dracena Participacoes S.A.,https://www.fitchratings.com/entity/eren-dracena-participacoes-sa-96799550#issues,National Long Term Rating,AAA(bra),2026-09-11,Affirmed,Rating Outlook Negative,BRL 215 mln bond/note 15-Sep-2037,BRERENDBS065
2026-09-16,Totalenergies Dracena Participacoes S.A.,https://www.fitchratings.com/entity/eren-dracena-participacoes-sa-96799550#issues,National Long Term Rating,AAA(bra),2026-09-11,Affirmed,Rating Outlook Negative,BRL 65 mln bond/note 15-Sep-2037,BRERENDBS073
2026-09-16,TGR Subholding 7 S.A.,https://www.fitchratings.com/entity/tgr-subholding-7-sa-97783132#issues,National Long Term Rating,AAA(bra),2026-08-26,Affirmed,,1st Deb Issue 1st tranche BRL 184 mln Floating IPCA (Brazil) 7.1% bond/note 1-Sep-2035,BRTGR7DBS000
2026-09-16,Athon Geracao Distribuida III S.A.,https://www.fitchratings.com/entity/athon-geracao-distribuida-iii-sa-97646856#issues,National Long Term Rating,AAA(bra),2026-08-20,Affirmed,Rating Outlook Stable,BRL 182.71 mln bond/note 15-Sep-2041,BRATHTDBS002
2026-09-16,Athon Geracao Distribuida S/A,https://www.fitchratings.com/entity/athon-geracao-distribuida-s-a-97623839#issues,National Long Term Rating,AAA(bra),2026-08-20,Affirmed,Rating Outlook Stable,BRL 189 mln bond/note 15-Sep-2041,BRAHGDDBS011
2026-09-16,Athon Geracao Distribuida II S.A.,https://www.fitchratings.com/entity/athon-geracao-distribuida-ii-sa-97646848#issues,National Long Term Rating,AAA(bra),2026-08-20,Affirmed,Rating Outlook Stable,BRL 206 mln bond/note 15-Sep-2041,BRATIIDBS011
2026-09-16,Argo VI Transmissao de Energia S.A.,https://www.fitchratings.com/entity/esperanza-transmissora-de-energia-sa-96549959#issues,National Long Term Rating,AAA(bra),2026-08-19,Affirmed,Rating Outlook Stable,BRL 87 mln 6.797% bond/note 15-Sep-2030,BRSPRZDBS008
2026-09-16,Argo V Transmissao de Energia S.A.,https://www.fitchratings.com/entity/odoya-transmissora-de-energia-sa-96546310#issues,National Long Term Rating,AAA(bra),2026-08-19,Affirmed,Rating Outlook Stable,BRL 74 mln 6.797% bond/note 15-Sep-2031,BRODYADBS002
2026-09-16,AXIA Energia Nordeste S.A.,https://www.fitchratings.com/entity/companhia-hidro-eletrica-do-sao-francisco-sa-95763491#issues,National Long Term Rating,AAA(bra),2026-08-11,Upgrade,,ETN 1st deb issuance BRL168mln 2029,BREXTZDBS008
2026-09-16,Engie Brasil Energia S.A.,https://www.fitchratings.com/entity/engie-brasil-energia-sa-80090870#issues,National Long Term Rating,AAA(bra),2026-08-10,Affirmed,,EBE - 10th deb issuance - single serie,BREGIEDBS0B3
2026-09-16,GBS Participacoes S.A.,https://www.fitchratings.com/entity/gbs-participacoes-sa-97320752#issues,National Long Term Rating,D(bra),2026-07-27,Affirmed,,BRL 600 mln Floating IPCA (Brazil) 7.273% bond/note 15-Mar-2044  credit agreement dated as of 15-Mar-2022,BRGBSPDBS002
2026-09-16,Marlim Azul Energia SA,https://www.fitchratings.com/entity/marlim-azul-energia-sa-97543758#issues,National Long Term Rating,AA(bra),2026-07-14,New Rating,Rating Outlook Stable,BRL 420 mln Floating IPCA (Brazil) bond/note 15-Mar-2039,BRMRZLDBS000
2026-09-16,Ventos de Santa Tereza 07 Energias Renovaveis S.A.,https://www.fitchratings.com/entity/ventos-de-santa-tereza-07-energias-renovaveis-sa-97591492#issues,National Long Term Rating,AAA(bra),2026-07-10,Affirmed,,BRL 900 mln Floating IPCA (Brazil) 6.46% bond/note,BRSTRZDBS000
2026-09-16,Barreiras Holding S.A.,https://www.fitchratings.com/entity/barreiras-holding-sa-97585626#issues,National Long Term Rating,AA+(bra),2026-06-17,Affirmed,,Barreiras_1st Deb Issuance_MAR.20244,BRBHSADBS002
2026-09-16,Santa Vitoria do Palmar Energias Renovaveis S.A.,https://www.fitchratings.com/entity/santa-vitoria-do-palmar-energias-renovaveis-sa-96512668#issues,National Long Term Rating,AAA(bra),2026-05-04,Affirmed,Rating Outlook Stable,BRL 105 mln bond/note,BRSVTRDBS033
2026-09-16,Concessionaria Aguas de Juturnaiba S.A.,https://www.fitchratings.com/entity/concessionaria-aguas-de-juturnaiba-sa-97070967#issues,National Long Term Rating,AAA(bra),2026-05-04,Affirmed,,2nd Debentures,BRCAJSDBS014
2026-09-16,GDS Subholding S.A.,https://www.fitchratings.com/entity/gds-subholding-sa-97636738#issues,National Long Term Rating,AA(bra),2026-03-17,Affirmed,Rating Outlook Negative,BRL 410 mln bond/note 01-Sep-2043,BRGDSSDBS002
2026-09-16,Transmissora Jose Maria de Macedo de Eletricidade S.A.,https://www.fitchratings.com/entity/transmissora-jose-maria-de-macedo-de-eletricidade-sa-96635611#issues,National Long Term Rating,AAA(bra),2026-03-17,Review - No Action,Rating Outlook Stable,BRL 395 mln Floating bond/note 01-Mar-2036,BRTJMMDBS008
2026-09-16,Companhia Paulista de Forca e Luz (CPFL),https://www.fitchratings.com/entity/companhia-paulista-de-forca-e-luz-cpfl-80614495#issues,National Long Term Rating,AAA(bra),2026-01-22,Affirmed,,Series 38 BRL 130.48 mln 5.05% bond/note 15-Sep-2027,BRPALFDBS0C8
2026-09-16,TPE - Transmissora Paraiso de Energia SA,https://www.fitchratings.com/entity/tpe-transmissora-paraiso-de-energia-sa-96698878#issues,National Long Term Rating,AAA(bra),2025-12-23,Affirmed,,BRL 1.07 bln Floating IPCA (Brazil) 6.533% bond/note 15-Sep-2028,BRTPENDBS000
2026-09-16,TCC - Transmissora Caminho do Cafe S.A.,https://www.fitchratings.com/entity/tcc-transmissora-caminho-do-cafe-sa-96698895#issues,National Long Term Rating,AAA(bra),2025-12-23,Affirmed,,BRL 680 mln Floating bond/note 15-Sep-2028,BRTRCCDBS003
2026-09-16,Paranaiba Transmissora de Energia S.A.,https://www.fitchratings.com/entity/paranaiba-transmissora-de-energia-sa-96333699#issues,National Long Term Rating,AAA(bra),2025-11-21,Review - No Action,Rating Outlook Stable,BRL 120 mln Floating IPCA (Brazil) 8% bond/note 15-Mar-2028,BRPRTEDBS019
2026-09-17,Companhia de Agua e Esgoto do Ceara - CAGECE,https://www.fitchratings.com/entity/companhia-de-agua-e-esgoto-do-ceara-cagece-97073066#issues,National Long Term Rating,WD(bra),2025-09-16,Withdrawn,,1st Debentures_due 2026,"BRCAECDBS001, BRCAECDBS019"
2026-09-17,Brazil,https://www.fitchratings.com/entity/brazil-80442191#issues,Long Term Rating,BB,2026-06-16,Affirmed,,BRL 213 bln 10.% bond/note 01-Jan-2031,BRSTNCNTF204
2026-09-17,Brazil,https://www.fitchratings.com/entity/brazil-80442191#issues,Long Term Rating,BB,2026-06-16,Affirmed,,BRL 82 bln 10.% bond/note 01-Jan-2033,BRSTNCNTF212
2026-09-17,Brazil,https://www.fitchratings.com/entity/brazil-80442191#issues,Long Term Rating,BB,2026-06-16,Affirmed,,BRL 98 bln Zero bond/note 01-Jan-2032,BRSTNCLTN8J8
2026-09-17,Brazil,https://www.fitchratings.com/entity/brazil-80442191#issues,Long Term Rating,BB,2026-06-16,Affirmed,,BRL 123 bln Zero treasury bills/notes/bonds 01-Jan-2028,BRSTNCLTN897
2026-09-17,RDVE Subholding S.A.,https://www.fitchratings.com/entity/rdve-subholding-sa-97349065#issues,National Long Term Rating,AA(bra),2026-03-11,Affirmed,Rating Outlook Stable,BRL 430 mln  7.042% Series 11 bond/note 15-Apr-2038  credit agreement dated as of 15-Apr-2022,BRRDVEDBS003
2026-09-18,Brazil,https://www.fitchratings.com/entity/brazil-80442191#issues,Long Term Rating,BB,2026-07-13,New Rating,,BRL 229 bln Zero treasury bills/notes/bonds 01-Sep-2032,BRSTNCLF1S24
2026-09-18,Brazil,https://www.fitchratings.com/entity/brazil-80442191#issues,Long Term Rating,BB,2026-06-16,Affirmed,,BRL 188 bln 6.% bond/note 15-Aug-2050,BRSTNCNTB3D4
2026-09-18,Brazil,https://www.fitchratings.com/entity/brazil-80442191#issues,Long Term Rating,BB,2026-06-16,Affirmed,,BRL 343 bln Floating bond/note 01-Mar-2028,BRSTNCLF1RI1
2026-09-18,Brazil,https://www.fitchratings.com/entity/brazil-80442191#issues,Long Term Rating,BB,2026-06-16,Affirmed,,BRL 348 bln Floating bond/note 01-Sep-2028,BRSTNCLF1RK7
2026-09-18,Brazil,https://www.fitchratings.com/entity/brazil-80442191#issues,Long Term Rating,BB,2026-06-16,Affirmed,,BRL 79 bln 6.% bond/note 15-May-2029,BRSTNCNTB716
2026-09-18,Brazil,https://www.fitchratings.com/entity/brazil-80442191#issues,Long Term Rating,BB,2026-06-16,Affirmed,,BRL 303 bln Zero treasury bills/notes/bonds 01-Jun-2032,BRSTNCLF1S16
2026-09-18,Brazil,https://www.fitchratings.com/entity/brazil-80442191#issues,Long Term Rating,BB,2026-06-16,Affirmed,,BRL 124 bln Zero treasury bills/notes/bonds 01-Jan-2028,BRSTNCLTN897
2026-09-18,Brazil,https://www.fitchratings.com/entity/brazil-80442191#issues,Long Term Rating,BB,2026-06-16,Affirmed,,BRL 162 bln 6.% bond/note 15-May-2045,BRSTNCNTB0A6
2026-09-18,Brazil,https://www.fitchratings.com/entity/brazil-80442191#issues,Long Term Rating,BB,2026-06-16,Affirmed,,BRL 216 bln 6.% bond/note 15-Aug-2028,BRSTNCNTB4X0
2026-09-18,Brazil,https://www.fitchratings.com/entity/brazil-80442191#issues,Long Term Rating,BB,2026-06-16,Affirmed,,BRL 188 bln Zero bond/note 01-Jan-2029,BRSTNCLTN806
2026-09-18,Brazil,https://www.fitchratings.com/entity/brazil-80442191#issues,Long Term Rating,BB,2026-06-16,Affirmed,,BRL 91 bln Zero treasury bills/notes/bonds 01-Oct-2026,BRSTNCLTN8G4
2026-09-18,Brazil,https://www.fitchratings.com/entity/brazil-80442191#issues,Long Term Rating,BB,2026-06-16,Affirmed,,BRL 214 bln 10.% bond/note 01-Jan-2031,BRSTNCNTF204
2026-09-18,Brazil,https://www.fitchratings.com/entity/brazil-80442191#issues,Long Term Rating,BB,2026-06-16,Affirmed,,BRL 499 bln Floating bond/note 01-Sep-2027,BRSTNCLF1RH3
2026-09-18,Brazil,https://www.fitchratings.com/entity/brazil-80442191#issues,Long Term Rating,BB,2026-06-16,Affirmed,,BRL 207 bln 6.% bond/note 15-Aug-2030,BRSTNCNTB3B8
2026-09-18,Brazil,https://www.fitchratings.com/entity/brazil-80442191#issues,Long Term Rating,BB,2026-06-16,Affirmed,,BRL 229 bln Floating treasury bills/notes/bonds 01-Mar-2031,BRSTNCLF1RU6
2026-09-18,Brazil,https://www.fitchratings.com/entity/brazil-80442191#issues,Long Term Rating,BB,2026-06-16,Affirmed,,BRL 578 bln Floating bond/note 01-Mar-2027,BRSTNCLF1RG5
2026-09-18,Brazil,https://www.fitchratings.com/entity/brazil-80442191#issues,Long Term Rating,BB,2026-06-16,Affirmed,,BRL 149 bln Floating treasury bills/notes/bonds 01-Dec-2030,BRSTNCLF1RT8
2026-09-18,Brazil,https://www.fitchratings.com/entity/brazil-80442191#issues,Long Term Rating,BB,2026-06-16,Affirmed,,BRL 369 bln Floating bond/note 01-Mar-2029,BRSTNCLF1RL5
2026-09-18,Brazil,https://www.fitchratings.com/entity/brazil-80442191#issues,Long Term Rating,BB,2026-06-16,Affirmed,,BRL 21 bln 6.% bond/note 15-May-2031,BRSTNCNTB7X3
2026-09-18,Brazil,https://www.fitchratings.com/entity/brazil-80442191#issues,Long Term Rating,BB,2026-06-16,Affirmed,,BRL 181 bln Zero treasury bills/notes/bonds 01-Mar-2032,BRSTNCLF1S08
2026-09-18,"Kanastra Securitizadora 2024-2-1,2,3,4,5 (CRI Solfacil II)",https://www.fitchratings.com/entity/kanastra-securitizadora-2024-2-1-2-3-4-5-cri-solfacil-ii-97603387#issues,National Long Term Rating,WDsf(bra),2025-09-18,Withdrawn,,notes ser 5,BRKNSTCRI059
2026-09-18,"Kanastra Securitizadora 2024-2-1,2,3,4,5 (CRI Solfacil II)",https://www.fitchratings.com/entity/kanastra-securitizadora-2024-2-1-2-3-4-5-cri-solfacil-ii-97603387#issues,National Long Term Rating,WDsf(bra),2025-09-18,Withdrawn,,notes ser 5,BRKNSTCRI067
2026-09-18,"Kanastra Securitizadora 2024-2-1,2,3,4,5 (CRI Solfacil II)",https://www.fitchratings.com/entity/kanastra-securitizadora-2024-2-1-2-3-4-5-cri-solfacil-ii-97603387#issues,National Long Term Rating,NRsf,2024-06-25,New Rating,,notes ser 5,BRKNSTCRI083
2026-09-18,"Kanastra Securitizadora 2024-2-1,2,3,4,5 (CRI Solfacil II)",https://www.fitchratings.com/entity/kanastra-securitizadora-2024-2-1-2-3-4-5-cri-solfacil-ii-97603387#issues,National Long Term Rating,NRsf,2024-06-25,New Rating,,notes ser 5,
2026-09-18,"Kanastra Securitizadora 2024-2-1,2,3,4,5 (CRI Solfacil II)",https://www.fitchratings.com/entity/kanastra-securitizadora-2024-2-1-2-3-4-5-cri-solfacil-ii-97603387#issues,National Long Term Rating,NRsf,2024-06-25,New Rating,,notes ser 5,BRKNSTCRI075
2026-09-21,Usina Termeletrica Pampa Sul S.A.,https://www.fitchratings.com/entity/usina-termeletrica-pampa-sul-sa-97037338#issues,National Long Term Rating,AA(bra),2025-09-25,Affirmed,Rating Outlook Negative,BRL 67 mln Floating bond/note 30-Apr-2028,BRUTPSDBS021
2026-09-21,Cimed & Co. S.A.,https://www.fitchratings.com/entity/cimed-co-sa-97629249#issues,National Long Term Rating,AA(bra),2026-09-18,New Rating,,6ª Emissão de Debêntures de BRL200 milhões e vencimento em 2031,
2026-09-21,Emergencia Participacoes S.A.,https://www.fitchratings.com/entity/emergencia-participacoes-sa-97417637#issues,National Long Term Rating,D(bra),2026-08-24,Review - No Action,,2a Debenture BRL 250 mln Floating IGP-DI (Brazil) 2.65% bond/note 20-Sep-2028,BREMGPDBS017
2026-09-21,Brazil,https://www.fitchratings.com/entity/brazil-80442191#issues,Long Term Rating,BB,2026-07-16,New Rating,,BRL 27 bln Zero treasury bills/notes/bonds 01-Oct-2028,BRSTNCLTN8N0
2026-09-21,Brazil,https://www.fitchratings.com/entity/brazil-80442191#issues,Long Term Rating,BB,2026-06-16,Affirmed,,BRL 189 bln 6.% bond/note 15-Aug-2050,BRSTNCNTB3D4
2026-09-21,Brazil,https://www.fitchratings.com/entity/brazil-80442191#issues,Long Term Rating,BB,2026-06-16,Affirmed,,BRL 111 bln 10.% bond/note 01-Jan-2027,BRSTNCNTF1P8
2026-09-21,Brazil,https://www.fitchratings.com/entity/brazil-80442191#issues,Long Term Rating,BB,2026-06-16,Affirmed,,BRL 94 bln 10.% bond/note 01-Jan-2035,BRSTNCNTF238
2026-09-21,Brazil,https://www.fitchratings.com/entity/brazil-80442191#issues,Long Term Rating,BB,2026-06-16,Affirmed,,BRL 20 bln 6.% bond/note 15-May-2037,BRSTNCNTB7Y1
2026-09-21,Brazil,https://www.fitchratings.com/entity/brazil-80442191#issues,Long Term Rating,BB,2026-06-16,Affirmed,,BRL 88 bln 6.% bond/note 15-Aug-2060,BRSTNCNTB690
2026-09-21,Brazil,https://www.fitchratings.com/entity/brazil-80442191#issues,Long Term Rating,BB,2026-06-16,Affirmed,,BRL 112 bln 10.% bond/note 01-Jan-2029,BRSTNCNTF1Q6
2026-09-21,Brazil,https://www.fitchratings.com/entity/brazil-80442191#issues,Long Term Rating,BB,2026-06-16,Affirmed,,BRL 83 bln 10.% bond/note 01-Jan-2033,BRSTNCNTF212
2026-09-21,Brazil,https://www.fitchratings.com/entity/brazil-80442191#issues,Long Term Rating,BB,2026-06-16,Affirmed,,BRL 215 bln 10.% bond/note 01-Jan-2031,BRSTNCNTF204
2026-09-21,Brazil,https://www.fitchratings.com/entity/brazil-80442191#issues,Long Term Rating,BB,2026-06-16,Affirmed,,BRL 129 bln 6.% bond/note 15-May-2027,BRSTNCNTB682
2026-09-21,Brazil,https://www.fitchratings.com/entity/brazil-80442191#issues,Long Term Rating,BB,2026-06-16,Affirmed,,BRL 134 bln Zero bond/note 01-Apr-2027,BRSTNCLTN8I0
2026-09-21,Brazil,https://www.fitchratings.com/entity/brazil-80442191#issues,Long Term Rating,BB,2026-06-16,Affirmed,,BRL 122 bln Zero treasury bills/notes/bonds 01-Jan-2030,BRSTNCLTN8A7
2026-09-21,Brazil,https://www.fitchratings.com/entity/brazil-80442191#issues,Long Term Rating,BB,2026-06-16,Affirmed,,BRL 100 bln 6.% bond/note 15-Aug-2032,BRSTNCNTB674
2026-09-21,Brazil,https://www.fitchratings.com/entity/brazil-80442191#issues,Long Term Rating,BB,2026-06-16,Affirmed,,BRL 217 bln 6.% bond/note 15-Aug-2028,BRSTNCNTB4X0
2026-09-21,Brazil,https://www.fitchratings.com/entity/brazil-80442191#issues,Long Term Rating,BB,2026-06-16,Affirmed,,BRL 166 bln Zero treasury bills/notes/bonds 01-Sep-2031,BRSTNCLF1RX0
2026-09-21,Brazil,https://www.fitchratings.com/entity/brazil-80442191#issues,Long Term Rating,BB,2026-06-16,Affirmed,,BRL 122 bln 6.% bond/note 15-Aug-2040,BRSTNCNTB3C6
2026-09-21,Brazil,https://www.fitchratings.com/entity/brazil-80442191#issues,Long Term Rating,BB,2026-06-16,Affirmed,,BRL 227 bln 6.% bond/note 15-May-2035,BRSTNCNTB0O7
2026-09-21,Brazil,https://www.fitchratings.com/entity/brazil-80442191#issues,Long Term Rating,BB,2026-06-16,Affirmed,,BRL 76 bln 6.% bond/note 15-May-2033,BRSTNCNTB6B1
2026-09-21,Brazil,https://www.fitchratings.com/entity/brazil-80442191#issues,Long Term Rating,BB,2026-06-16,Affirmed,,BRL 579 bln Floating bond/note 01-Mar-2027,BRSTNCLF1RG5
2026-09-21,Brazil,https://www.fitchratings.com/entity/brazil-80442191#issues,Long Term Rating,BB,2026-06-16,Affirmed,,BRL 137 bln Zero treasury bills/notes/bonds 01-Dec-2031,BRSTNCLF1RZ5
2026-09-21,JSL S.A.,https://www.fitchratings.com/entity/jsl-sa-90188261#issues,National Long Term Rating,AA(bra),2026-06-01,Affirmed,,11th Deb_BRL400 mm,BRJSLGDBS0H4
2026-09-21,Companhia de Aguas e Esgotos do Rio Grande do Norte,https://www.fitchratings.com/entity/companhia-de-aguas-e-esgotos-do-rio-grande-do-norte-97435040#issues,National Long Term Rating,A+(bra),2025-10-17,Affirmed,,BRL 200 mln Floating bond/note 19-Jan-2028,BRAERNDBS006
2026-09-22,Hapvida Participacoes e Investimentos S.A.,https://www.fitchratings.com/entity/hapvida-participacoes-e-investimentos-sa-96783531#issues,National Long Term Rating,NR,2025-09-22,Matured,,BRL 750 mln Series 14 Floating bond/note 22-Sep-2025,BRHAPVDBS089
2026-09-23,Brazil,https://www.fitchratings.com/entity/brazil-80442191#issues,Long Term Rating,BB,2026-07-16,New Rating,,BRL 28 bln Zero treasury bills/notes/bonds 01-Oct-2028,BRSTNCLTN8N0
2026-09-23,Brazil,https://www.fitchratings.com/entity/brazil-80442191#issues,Long Term Rating,BB,2026-07-13,New Rating,,BRL 244 bln Zero treasury bills/notes/bonds 01-Sep-2032,BRSTNCLF1S24
2026-09-23,Brazil,https://www.fitchratings.com/entity/brazil-80442191#issues,Long Term Rating,BB,2026-06-16,Affirmed,,BRL 230 bln Floating treasury bills/notes/bonds 01-Mar-2031,BRSTNCLF1RU6
2026-09-23,Brazil,https://www.fitchratings.com/entity/brazil-80442191#issues,Long Term Rating,BB,2026-06-16,Affirmed,,BRL 190 bln 6.% bond/note 15-Aug-2050,BRSTNCNTB3D4
2026-09-23,Brazil,https://www.fitchratings.com/entity/brazil-80442191#issues,Long Term Rating,BB,2026-06-16,Affirmed,,BRL 216 bln 10.% bond/note 01-Jan-2031,BRSTNCNTF204
2026-09-23,Brazil,https://www.fitchratings.com/entity/brazil-80442191#issues,Long Term Rating,BB,2026-06-16,Affirmed,,BRL 84 bln 10.% bond/note 01-Jan-2033,BRSTNCNTF212
2026-09-23,Brazil,https://www.fitchratings.com/entity/brazil-80442191#issues,Long Term Rating,BB,2026-06-16,Affirmed,,BRL 370 bln Floating bond/note 01-Mar-2029,BRSTNCLF1RL5
2026-09-23,Brazil,https://www.fitchratings.com/entity/brazil-80442191#issues,Long Term Rating,BB,2026-06-16,Affirmed,,BRL 124 bln Zero treasury bills/notes/bonds 01-Jan-2030,BRSTNCLTN8A7
2026-09-23,Brazil,https://www.fitchratings.com/entity/brazil-80442191#issues,Long Term Rating,BB,2026-06-16,Affirmed,,BRL 500 bln Floating bond/note 01-Sep-2027,BRSTNCLF1RH3
2026-09-23,Brazil,https://www.fitchratings.com/entity/brazil-80442191#issues,Long Term Rating,BB,2026-06-16,Affirmed,,BRL 344 bln Floating bond/note 01-Mar-2028,BRSTNCLF1RI1
2026-09-23,Brazil,https://www.fitchratings.com/entity/brazil-80442191#issues,Long Term Rating,BB,2026-06-16,Affirmed,,BRL 99 bln Zero bond/note 01-Jan-2032,BRSTNCLTN8J8
2026-09-23,Brazil,https://www.fitchratings.com/entity/brazil-80442191#issues,Long Term Rating,BB,2026-06-16,Affirmed,,BRL 135 bln Zero bond/note 01-Apr-2027,BRSTNCLTN8I0
2026-09-23,Brazil,https://www.fitchratings.com/entity/brazil-80442191#issues,Long Term Rating,BB,2026-06-16,Affirmed,,BRL 189 bln Zero bond/note 01-Jan-2029,BRSTNCLTN806
2026-09-23,Brazil,https://www.fitchratings.com/entity/brazil-80442191#issues,Long Term Rating,BB,2026-06-16,Affirmed,,BRL 128 bln Zero treasury bills/notes/bonds 01-Jan-2028,BRSTNCLTN897
2026-09-23,Brazil,https://www.fitchratings.com/entity/brazil-80442191#issues,Long Term Rating,BB,2026-06-16,Affirmed,,BRL 226 bln Floating bond/note 01-Sep-2030,BRSTNCLF1RR2
2026-09-23,Brazil,https://www.fitchratings.com/entity/brazil-80442191#issues,Long Term Rating,BB,2026-06-16,Affirmed,,BRL 37 bln 10.% bond/note 01-Jan-2037,BRSTNCNTF2K7
2026-09-24,Emergencia Participacoes S.A.,https://www.fitchratings.com/entity/emergencia-participacoes-sa-97417637#issues,National Long Term Rating,D(bra),2026-08-24,Review - No Action,,BRL 125 mln Floating IGP-DI (Brazil) 2.65% bond/note 20-Sep-2028,BREMGPDBS017
2026-09-24,Brazil,https://www.fitchratings.com/entity/brazil-80442191#issues,Long Term Rating,BB,2026-06-16,Affirmed,,BRL 196 bln Floating treasury bills/notes/bonds 01-Jun-2031,BRSTNCLF1RW2
2026-09-24,Brazil,https://www.fitchratings.com/entity/brazil-80442191#issues,Long Term Rating,BB,2026-06-16,Affirmed,,BRL 349 bln Floating bond/note 01-Sep-2028,BRSTNCLF1RK7
2026-09-24,Brazil,https://www.fitchratings.com/entity/brazil-80442191#issues,Long Term Rating,BB,2026-06-16,Affirmed,,BRL 163 bln 6.% bond/note 15-May-2045,BRSTNCNTB0A6
2026-09-24,Brazil,https://www.fitchratings.com/entity/brazil-80442191#issues,Long Term Rating,BB,2026-06-16,Affirmed,,BRL 304 bln Zero treasury bills/notes/bonds 01-Jun-2032,BRSTNCLF1S16
2026-09-24,JSL S.A.,https://www.fitchratings.com/entity/jsl-sa-90188261#issues,National Long Term Rating,AA(bra),2026-06-01,Affirmed,,BRL 89 mln Floating CDI (Brazil) bond/note 20-Sep-2028,BRJSLGDBS0H4
2026-09-25,ESSENTIA PCHs S.A.,https://www.fitchratings.com/entity/contour-global-do-brasil-participacoes-sa-96630805#issues,National Long Term Rating,AA+(bra),2026-08-21,Affirmed,Rating Outlook Stable,4a Debenture - BRL 750 mln Floating IGP-DI (Brazil) bond/note 25-Mar-2032,BRCGBPDBS022
2026-09-25,Brazil,https://www.fitchratings.com/entity/brazil-80442191#issues,Long Term Rating,BB,2026-07-13,New Rating,,BRL 245 bln Zero treasury bills/notes/bonds 01-Sep-2032,BRSTNCLF1S24
2026-09-25,Brazil,https://www.fitchratings.com/entity/brazil-80442191#issues,Long Term Rating,BB,2026-06-16,Affirmed,,BRL 580 bln Floating bond/note 01-Mar-2027,BRSTNCLF1RG5
2026-09-25,Brazil,https://www.fitchratings.com/entity/brazil-80442191#issues,Long Term Rating,BB,2026-06-16,Affirmed,,BRL 96 bln 10.% bond/note 01-Jan-2035,BRSTNCNTF238
2026-09-25,Brazil,https://www.fitchratings.com/entity/brazil-80442191#issues,Long Term Rating,BB,2026-06-16,Affirmed,,BRL 80 bln 6.% bond/note 15-May-2029,BRSTNCNTB716
2026-09-25,Brazil,https://www.fitchratings.com/entity/brazil-80442191#issues,Long Term Rating,BB,2026-06-16,Affirmed,,BRL 128 bln Zero treasury bills/notes/bonds 01-Jan-2030,BRSTNCLTN8A7
2026-09-25,Brazil,https://www.fitchratings.com/entity/brazil-80442191#issues,Long Term Rating,BB,2026-06-16,Affirmed,,BRL 222 bln 10.% bond/note 01-Jan-2031,BRSTNCNTF204
2026-09-25,Brazil,https://www.fitchratings.com/entity/brazil-80442191#issues,Long Term Rating,BB,2026-06-16,Affirmed,,BRL 123 bln 6.% bond/note 15-Aug-2040,BRSTNCNTB3C6
2026-09-25,Blau Farmaceutica S.A.,https://www.fitchratings.com/entity/blau-farmaceutica-sa-96789775#issues,National Long Term Rating,AA+(bra),2026-06-09,Affirmed,,6th Debenture Issuance BRL 350mln Due September 2028,BRBLAUDBS026
2026-09-25,"Opea Securitizadora S.A. 2022-54-1,2,3 (Oncoclinicas)",https://www.fitchratings.com/entity/true-securitizadora-2022-1-2-3-oncoclinicas-97419631#issues,National Long Term Rating,WDsf(bra),2026-04-20,Withdrawn,,bonds ser 3,BRAPCSCRIEC8
2026-09-25,"Opea Securitizadora S.A. 2022-54-1,2,3 (Oncoclinicas)",https://www.fitchratings.com/entity/true-securitizadora-2022-1-2-3-oncoclinicas-97419631#issues,National Long Term Rating,WDsf(bra),2026-04-20,Withdrawn,,bonds ser 3,BRAPCSCRIEA2
2026-09-25,"Opea Securitizadora S.A. 2022-54-1,2,3 (Oncoclinicas)",https://www.fitchratings.com/entity/true-securitizadora-2022-1-2-3-oncoclinicas-97419631#issues,National Long Term Rating,WDsf(bra),2026-04-20,Withdrawn,,bonds ser 3,BRAPCSCRIEB0
2026-09-25,"Opea Securitizadora S.A. 2022-54-1,2,3 (Oncoclinicas)",https://www.fitchratings.com/entity/true-securitizadora-2022-1-2-3-oncoclinicas-97419631#issues,National Long Term Rating,WDsf(bra),2026-04-20,Withdrawn,,bonds ser 3,BRAPCSCRIEC8
2026-09-25,"Opea Securitizadora S.A. 2022-54-1,2,3 (Oncoclinicas)",https://www.fitchratings.com/entity/true-securitizadora-2022-1-2-3-oncoclinicas-97419631#issues,National Long Term Rating,WDsf(bra),2026-04-20,Withdrawn,,bonds ser 3,BRAPCSCRIEA2
2026-09-25,"Opea Securitizadora S.A. 2022-54-1,2,3 (Oncoclinicas)",https://www.fitchratings.com/entity/true-securitizadora-2022-1-2-3-oncoclinicas-97419631#issues,National Long Term Rating,WDsf(bra),2026-04-20,Withdrawn,,bonds ser 3,BRAPCSCRIEB0
2026-09-25,QI Participacoes Ltda.,https://www.fitchratings.com/entity/qi-participacoes-sa-97525815,National Long Term Rating,AA(bra),2026-09-25,Upgrade,Rating Outlook Stable,,
2026-09-25,QI Participacoes Ltda.,https://www.fitchratings.com/entity/qi-participacoes-sa-97525815,National Short Term Rating,F1+(bra),2026-09-25,Affirmed,,,
2026-09-25,QI Sociedade de Credito Direto S.A.,https://www.fitchratings.com/entity/qi-sociedade-de-credito-direto-sa-97480532,National Long Term Rating,AA(bra),2026-09-25,Upgrade,Rating Outlook Stable,,
2026-09-25,QI Sociedade de Credito Direto S.A.,https://www.fitchratings.com/entity/qi-sociedade-de-credito-direto-sa-97480532,National Short Term Rating,F1+(bra),2026-09-25,Affirmed,,,
2026-09-25,Banco C6 Consignado S.A.,https://www.fitchratings.com/entity/banco-ficsa-sa-80543453,National Short Term Rating,F1(bra),2026-09-23,Affirmed,,,
2026-09-25,Banco C6 Consignado S.A.,https://www.fitchratings.com/entity/banco-ficsa-sa-80543453,National Long Term Rating,A+(bra),2026-09-23,Affirmed,Rating Outlook Positive,,
2026-09-25,Banco C6 Consignado S.A.,https://www.fitchratings.com/entity/banco-ficsa-sa-80543453,Support Rating,NR,2004-11-25,Withdrawn,,,
2026-09-25,Banco C6 S.A.,https://www.fitchratings.com/entity/banco-c6-sa-97531837,Long Term Issuer Default Rating,BB-,2026-09-23,Affirmed,Rating Outlook Stable,,
2026-09-25,Banco C6 S.A.,https://www.fitchratings.com/entity/banco-c6-sa-97531837,Short Term Issuer Default Rating,B,2026-09-23,Affirmed,,,
2026-09-25,Banco C6 S.A.,https://www.fitchratings.com/entity/banco-c6-sa-97531837,Viability Rating,bb-,2026-09-23,Affirmed,,,
2026-09-25,Banco C6 S.A.,https://www.fitchratings.com/entity/banco-c6-sa-97531837,Local Currency Short Term Issuer Default Rating,B,2026-09-23,Affirmed,,,
2026-09-25,Banco C6 S.A.,https://www.fitchratings.com/entity/banco-c6-sa-97531837,Government Support Rating,ns,2026-09-23,Affirmed,,,
2026-09-25,Banco C6 S.A.,https://www.fitchratings.com/entity/banco-c6-sa-97531837,National Short Term Rating,F1(bra),2026-09-23,Affirmed,,,
2026-09-25,Banco C6 S.A.,https://www.fitchratings.com/entity/banco-c6-sa-97531837,National Long Term Rating,A+(bra),2026-09-23,Affirmed,Rating Outlook Positive,,
2026-09-25,Banco C6 S.A.,https://www.fitchratings.com/entity/banco-c6-sa-97531837,Local Currency Long Term Issuer Default Rating,BB-,2026-09-23,Affirmed,Rating Outlook Stable,,
2026-09-25,Banco Fibra S.A.,https://www.fitchratings.com/entity/banco-fibra-sa-80360734,Long Term Issuer Default Rating,B+,2026-09-23,Affirmed,Rating Outlook Stable,,
2026-09-25,Banco Fibra S.A.,https://www.fitchratings.com/entity/banco-fibra-sa-80360734,Short Term Issuer Default Rating,B,2026-09-23,Affirmed,,,
2026-09-25,Banco Fibra S.A.,https://www.fitchratings.com/entity/banco-fibra-sa-80360734,Local Currency Short Term Issuer Default Rating,B,2026-09-23,Affirmed,,,
2026-09-25,Banco Fibra S.A.,https://www.fitchratings.com/entity/banco-fibra-sa-80360734,Local Currency Long Term Issuer Default Rating,B+,2026-09-23,Affirmed,Rating Outlook Stable,,
2026-09-25,Banco Fibra S.A.,https://www.fitchratings.com/entity/banco-fibra-sa-80360734,National Long Term Rating,BBB+(bra),2026-09-23,Affirmed,Rating Outlook Stable,,
2026-09-25,Banco Fibra S.A.,https://www.fitchratings.com/entity/banco-fibra-sa-80360734,Viability Rating,b+,2026-09-23,Affirmed,,,
2026-09-25,Banco Fibra S.A.,https://www.fitchratings.com/entity/banco-fibra-sa-80360734,National Short Term Rating,F2(bra),2026-09-23,Affirmed,,,
2026-09-25,Banco Fibra S.A.,https://www.fitchratings.com/entity/banco-fibra-sa-80360734,Government Support Rating,ns,2026-09-23,Affirmed,,,
2026-09-25,Banco Fibra S.A.,https://www.fitchratings.com/entity/banco-fibra-sa-80360734,Support Rating,WD,2022-03-11,Withdrawn,,,
2026-09-25,Banco Fibra S.A.,https://www.fitchratings.com/entity/banco-fibra-sa-80360734,Support Rating Floor,WD,2022-03-11,Withdrawn,,,
2026-09-25,Companhia de Gas do Estado do Rio Grande do Sul,https://www.fitchratings.com/entity/companhia-de-gas-do-estado-do-rio-grande-do-sul-97787579,National Long Term Rating,AA(bra),2026-09-23,Affirmed,Rating Outlook Negative,,
2026-09-25,UHE Sao Simao Energia S.A.,https://www.fitchratings.com/entity/uhe-sao-simao-energia-sa-97786623,National Long Term Rating,AAA(bra),2026-09-23,Affirmed,Rating Outlook Stable,,
2026-09-25,Spic Brasil Energia Participacoes S.A.,https://www.fitchratings.com/entity/spic-brasil-energia-participacoes-sa-97786085,National Long Term Rating,AAA(bra),2026-09-23,Affirmed,Rating Outlook Stable,,
2026-09-25,Companhia Piratininga de Forca e Luz,https://www.fitchratings.com/entity/cia-piratininga-de-forca-e-luz-sa-91549891,National Long Term Rating,AAA(bra),2026-09-22,Review - No Action,Rating Outlook Stable,,
2026-09-25,CPFL Geracao de Energia S.A.,https://www.fitchratings.com/entity/cpfl-geracao-de-energia-sa-94139890,National Long Term Rating,AAA(bra),2026-09-22,Review - No Action,Rating Outlook Stable,,
2026-09-25,CPFL Energias Renovaveis S.A.,https://www.fitchratings.com/entity/cpfl-energias-renovaveis-sa-96223356,National Long Term Rating,AAA(bra),2026-09-22,Review - No Action,Rating Outlook Stable,,
2026-09-25,CPFL Comercializacao Brasil S.A.,https://www.fitchratings.com/entity/cpfl-comercializacao-brasil-sa-96953770,National Long Term Rating,AAA(bra),2026-09-22,Review - No Action,Rating Outlook Stable,,
2026-09-25,Companhia Jaguari de Energia,https://www.fitchratings.com/entity/companhia-jaguari-de-energia-97453053,National Long Term Rating,AAA(bra),2026-09-22,Review - No Action,Rating Outlook Stable,,
2026-09-25,CPFL Energia S.A.,https://www.fitchratings.com/entity/cpfl-energia-sa-80492394,Long Term Issuer Default Rating,BBB,2026-09-22,Review - No Action,Rating Outlook Stable,,
2026-09-25,CPFL Energia S.A.,https://www.fitchratings.com/entity/cpfl-energia-sa-80492394,National Long Term Rating,AAA(bra),2026-09-22,Review - No Action,Rating Outlook Stable,,
2026-09-25,CPFL Energia S.A.,https://www.fitchratings.com/entity/cpfl-energia-sa-80492394,Local Currency Long Term Issuer Default Rating,BBB,2026-09-22,Review - No Action,Rating Outlook Stable,,
2026-09-25,Companhia Paulista de Forca e Luz (CPFL),https://www.fitchratings.com/entity/companhia-paulista-de-forca-e-luz-cpfl-80614495,National Long Term Rating,AAA(bra),2026-09-22,Review - No Action,Rating Outlook Stable,,
2026-09-25,RGE Sul Distribuidora de Energia S.A.,https://www.fitchratings.com/entity/rge-sul-distribuidora-de-energia-sa-96554699,National Long Term Rating,AAA(bra),2026-09-22,Review - No Action,Rating Outlook Stable,,
2026-09-25,CPFL Transmissao S.A.,https://www.fitchratings.com/entity/companhia-estadual-de-transmissao-de-energia-eletrica-ceee-t-97453517,National Long Term Rating,AAA(bra),2026-09-22,Review - No Action,Rating Outlook Stable,,
2026-09-25,Banco Brasileiro de Credito S.A,https://www.fitchratings.com/entity/banco-brasileiro-de-credito-sa-97563747,National Long Term Rating,AA-(bra),2026-09-22,Affirmed,Rating Outlook Stable,,
2026-09-25,Banco Brasileiro de Credito S.A,https://www.fitchratings.com/entity/banco-brasileiro-de-credito-sa-97563747,National Short Term Rating,F1+(bra),2026-09-22,Affirmed,,,
2026-09-25,Localiza Fleet S.A.,https://www.fitchratings.com/entity/localiza-fleet-sa-96673245,National Long Term Rating,AAA(bra),2026-09-21,Affirmed,Rating Outlook Stable,,
2026-09-25,Localiza Rent a Car S.A.,https://www.fitchratings.com/entity/localiza-rent-car-sa-90199061,Long Term Issuer Default Rating,BB+,2026-09-21,Affirmed,Rating Outlook Stable,,
2026-09-25,Localiza Rent a Car S.A.,https://www.fitchratings.com/entity/localiza-rent-car-sa-90199061,National Long Term Rating,AAA(bra),2026-09-21,Affirmed,Rating Outlook Stable,,
2026-09-25,Localiza Rent a Car S.A.,https://www.fitchratings.com/entity/localiza-rent-car-sa-90199061,Local Currency Long Term Issuer Default Rating,BB+,2026-09-21,Affirmed,Rating Outlook Stable,,
2026-09-25,Omni Banco S.A.,https://www.fitchratings.com/entity/omni-banco-sa-80543468,National Long Term Rating,BBB(bra),2026-09-18,Affirmed,Rating Outlook Stable,,
2026-09-25,Omni Banco S.A.,https://www.fitchratings.com/entity/omni-banco-sa-80543468,National Short Term Rating,F2(bra),2026-09-18,Affirmed,,,
2026-09-25,Omni Banco S.A.,https://www.fitchratings.com/entity/omni-banco-sa-80543468,Local Currency Short Term Issuer Default Rating,WD,2015-09-09,Withdrawn,,,
2026-09-25,Omni Banco S.A.,https://www.fitchratings.com/entity/omni-banco-sa-80543468,Long Term Issuer Default Rating,WD,2015-09-09,Withdrawn,,,
2026-09-25,Omni Banco S.A.,https://www.fitchratings.com/entity/omni-banco-sa-80543468,Short Term Issuer Default Rating,WD,2015-09-09,Withdrawn,,,
2026-09-25,Omni Banco S.A.,https://www.fitchratings.com/entity/omni-banco-sa-80543468,Support Rating,WD,2015-09-09,Withdrawn,,,
2026-09-25,Omni Banco S.A.,https://www.fitchratings.com/entity/omni-banco-sa-80543468,Local Currency Long Term Issuer Default Rating,WD,2015-09-09,Withdrawn,,,
2026-09-25,Omni Banco S.A.,https://www.fitchratings.com/entity/omni-banco-sa-80543468,Viability Rating,WD,2012-03-28,Withdrawn,,,
2026-09-25,Omni Banco S.A.,https://www.fitchratings.com/entity/omni-banco-sa-80543468,Individual Rating,WD,2012-01-25,Withdrawn,,,
2026-09-25,"Omni S.A. - Credito, Financiamento e Investimento",https://www.fitchratings.com/entity/omni-sa-credito-financiamento-e-investimento-89593461,National Short Term Rating,F2(bra),2026-09-18,Affirmed,,,
2026-09-25,"Omni S.A. - Credito, Financiamento e Investimento",https://www.fitchratings.com/entity/omni-sa-credito-financiamento-e-investimento-89593461,National Long Term Rating,BBB(bra),2026-09-18,Affirmed,Rating Outlook Stable,,
2026-09-25,"Omni S.A. - Credito, Financiamento e Investimento",https://www.fitchratings.com/entity/omni-sa-credito-financiamento-e-investimento-89593461,Long Term Issuer Default Rating,WD,2017-05-04,Withdrawn,,,
2026-09-25,"Omni S.A. - Credito, Financiamento e Investimento",https://www.fitchratings.com/entity/omni-sa-credito-financiamento-e-investimento-89593461,Short Term Issuer Default Rating,WD,2017-05-04,Withdrawn,,,
2026-09-25,"Omni S.A. - Credito, Financiamento e Investimento",https://www.fitchratings.com/entity/omni-sa-credito-financiamento-e-investimento-89593461,Local Currency Short Term Issuer Default Rating,WD,2017-05-04,Withdrawn,,,
2026-09-25,"Omni S.A. - Credito, Financiamento e Investimento",https://www.fitchratings.com/entity/omni-sa-credito-financiamento-e-investimento-89593461,Local Currency Long Term Issuer Default Rating,WD,2017-05-04,Withdrawn,,,
2026-09-25,"Omni S.A. - Credito, Financiamento e Investimento",https://www.fitchratings.com/entity/omni-sa-credito-financiamento-e-investimento-89593461,Support Rating,WD,2016-09-27,Withdrawn,,,
2026-09-25,"Omni S.A. - Credito, Financiamento e Investimento",https://www.fitchratings.com/entity/omni-sa-credito-financiamento-e-investimento-89593461,Support Rating Floor,WD,2016-09-27,Withdrawn,,,
2026-09-25,"Omni S.A. - Credito, Financiamento e Investimento",https://www.fitchratings.com/entity/omni-sa-credito-financiamento-e-investimento-89593461,Viability Rating,WD,2014-05-28,Withdrawn,,,
2026-09-25,Efi S.A. - Instituicao de Pagamento,https://www.fitchratings.com/entity/efi-sa-instituicao-de-pagamento-97765709,National Short Term Rating,F1(bra),2026-09-18,Affirmed,,,
2026-09-25,Efi S.A. - Instituicao de Pagamento,https://www.fitchratings.com/entity/efi-sa-instituicao-de-pagamento-97765709,National Long Term Rating,A(bra),2026-09-18,Affirmed,Rating Outlook Negative,,
2026-09-25,Travelex Banco de Cambio S.A.,https://www.fitchratings.com/entity/travelex-banco-de-cambio-sa-97542103,National Long Term Rating,BBB(bra),2026-09-18,Rating Watch On,Rating Watch Positive,,
2026-09-25,Travelex Banco de Cambio S.A.,https://www.fitchratings.com/entity/travelex-banco-de-cambio-sa-97542103,National Short Term Rating,F2(bra),2026-09-18,Rating Watch On,Rating Watch Positive,,
2026-09-25,Highline do Brasil II Infraestrutura de Telecomunicacoes S.A.,https://www.fitchratings.com/entity/highline-do-brasil-ii-infraestrutura-de-telecomunicacoes-sa-97294139,National Long Term Rating,A-(bra),2026-09-18,Affirmed,Rating Outlook Negative,,
2026-09-25,Alianca Geracao de Energia S.A.,https://www.fitchratings.com/entity/alianca-geracao-de-energia-sa-96605787,National Long Term Rating,AAA(bra),2026-09-17,Affirmed,Rating Outlook Stable,,
2026-09-25,Daycoval Seguros S.A.,https://www.fitchratings.com/entity/bmg-seguros-sa-97541371,National Long Term Insurer Financial Strength,AA+(bra),2026-09-16,Affirmed,Rating Outlook Stable,,
2026-09-25,Sisprime do Brasil - Cooperativa de Credito,https://www.fitchratings.com/entity/uniprime-norte-do-parana-cooperativa-de-credito-ltda-96207048,National Short Term Rating,F1+(bra),2026-09-15,Affirmed,,,
2026-09-25,Sisprime do Brasil - Cooperativa de Credito,https://www.fitchratings.com/entity/uniprime-norte-do-parana-cooperativa-de-credito-ltda-96207048,National Long Term Rating,AA-(bra),2026-09-15,Affirmed,Rating Outlook Stable,,
2026-09-25,Cooperativa de Credito Vale do Itajai - Viacredi,https://www.fitchratings.com/entity/cooperativa-de-credito-vale-do-itajai-viacredi-97229249,National Short Term Rating,F1+(bra),2026-09-15,Affirmed,,,
2026-09-25,Cooperativa de Credito Vale do Itajai - Viacredi,https://www.fitchratings.com/entity/cooperativa-de-credito-vale-do-itajai-viacredi-97229249,National Long Term Rating,AA(bra),2026-09-15,Upgrade,Rating Outlook Stable,,
2026-09-25,CVC Brasil Operadora e Agencia de Viagens S.A.,https://www.fitchratings.com/entity/cvc-brasil-operadora-e-agencia-de-viagens-sa-96551609,National Long Term Rating,BBB(bra),2026-09-15,Affirmed,Rating Outlook Stable,,
2026-09-25,Allianca Saude e Participacoes S.A.,https://www.fitchratings.com/entity/centro-de-imagem-diagnosticos-sa-alliar-96507481,National Long Term Rating,WD(bra),2026-09-15,Withdrawn,,,
2026-09-25,Porto Seguro Investimentos Ltda.,https://www.fitchratings.com/entity/porto-seguro-investimentos-ltda-96510346,Investment Management Quality Rating,Excellent,2026-09-15,Affirmed,Rating Outlook Stable,,
2026-09-25,Icred Solucoes Financeiras S.A,https://www.fitchratings.com/entity/icred-solucoes-financeiras-sa-97585696,ABS Primary Servicer Rating,ABPS3+,2026-09-14,Upgrade,Rating Outlook Stable,,
2026-09-25,Oi S.A.,https://www.fitchratings.com/entity/oi-sa-80090797,National Long Term Rating,WD(bra),2026-09-11,Withdrawn,,,
2026-09-25,Oi S.A.,https://www.fitchratings.com/entity/oi-sa-80090797,Local Currency Long Term Issuer Default Rating,WD,2026-09-11,Withdrawn,,,
2026-09-25,Oi S.A.,https://www.fitchratings.com/entity/oi-sa-80090797,Long Term Issuer Default Rating,WD,2026-09-11,Withdrawn,,,
2026-09-25,TRSP - Terminal de Regaseificacao de GNL de Sao Paulo S.A,https://www.fitchratings.com/entity/trsp-terminal-de-regaseificacao-de-gnl-de-sao-paulo-sa-97692746,National Long Term Rating,AA(bra),2026-09-10,Affirmed,Rating Outlook Negative,,
2026-09-25,Compass Gas e Energia S.A.,https://www.fitchratings.com/entity/compass-gas-e-energia-sa-97270144,National Long Term Rating,AA(bra),2026-09-10,Affirmed,Rating Outlook Negative,,
2026-09-25,Compass Gas e Energia S.A.,https://www.fitchratings.com/entity/compass-gas-e-energia-sa-97270144,Local Currency Long Term Issuer Default Rating,WD,2025-05-28,Withdrawn,,,
2026-09-25,Compass Gas e Energia S.A.,https://www.fitchratings.com/entity/compass-gas-e-energia-sa-97270144,Long Term Issuer Default Rating,WD,2025-05-28,Withdrawn,,,
2026-09-25,Embraer S.A.,https://www.fitchratings.com/entity/embraer-sa-94402890,Long Term Issuer Default Rating,BBB,2026-09-09,Upgrade,Rating Outlook Stable,,
2026-09-25,Embraer S.A.,https://www.fitchratings.com/entity/embraer-sa-94402890,Local Currency Long Term Issuer Default Rating,BBB,2026-09-09,Upgrade,Rating Outlook Stable,,
2026-09-25,Embraer S.A.,https://www.fitchratings.com/entity/embraer-sa-94402890,National Long Term Rating,AAA(bra),2026-09-09,Affirmed,Rating Outlook Stable,,
2026-09-25,LD Celulose S.A.,https://www.fitchratings.com/entity/ld-celulose-sa-97626283,Long Term Issuer Default Rating,BB,2026-09-09,Upgrade,Rating Outlook Stable,,
2026-09-25,LD Celulose S.A.,https://www.fitchratings.com/entity/ld-celulose-sa-97626283,National Long Term Rating,AA+(bra),2026-09-09,Upgrade,Rating Outlook Stable,,
2026-09-25,LD Celulose S.A.,https://www.fitchratings.com/entity/ld-celulose-sa-97626283,Local Currency Long Term Issuer Default Rating,BB,2026-09-09,Upgrade,Rating Outlook Stable,,
2026-09-25,"Armac Locacao, Logistica e Servicos S.A.",https://www.fitchratings.com/entity/armac-locacao-logistica-e-servicos-sa-97292519,National Long Term Rating,AA-(bra),2026-09-09,Affirmed,Rating Outlook Stable,,
2026-09-25,Cielo S.A. - Instituicao de Pagamento,https://www.fitchratings.com/entity/cielo-sa-90377667,National Long Term Rating,AAA(bra),2026-09-09,Affirmed,Rating Outlook Stable,,
2026-09-25,Cielo S.A. - Instituicao de Pagamento,https://www.fitchratings.com/entity/cielo-sa-90377667,Local Currency Long Term Issuer Default Rating,WD,2025-04-01,Withdrawn,,,
2026-09-25,Cielo S.A. - Instituicao de Pagamento,https://www.fitchratings.com/entity/cielo-sa-90377667,Long Term Issuer Default Rating,WD,2025-04-01,Withdrawn,,,
2026-09-25,Havan S.A.,https://www.fitchratings.com/entity/havan-sa-96189218,National Long Term Rating,AAA(bra),2026-09-08,Affirmed,Rating Outlook Stable,,
2026-09-25,Banco Triangulo S.A.,https://www.fitchratings.com/entity/banco-triangulo-sa-80543474,National Long Term Rating,A-(bra),2026-09-08,Affirmed,Rating Outlook Positive,,
2026-09-25,Banco Triangulo S.A.,https://www.fitchratings.com/entity/banco-triangulo-sa-80543474,National Short Term Rating,F2(bra),2026-09-08,Affirmed,,,
2026-09-25,Banco Triangulo S.A.,https://www.fitchratings.com/entity/banco-triangulo-sa-80543474,Support Rating,WD,2011-12-15,Withdrawn,,,
2026-09-25,Companhia Estadual de Geracao De Energia Eletrica - Ceee-G,https://www.fitchratings.com/entity/companhia-estadual-de-geracao-de-energia-eletrica-ceee-g-97686013,National Long Term Rating,CCC+(bra),2026-09-08,Downgrade,Rating Watch Negative,,
2026-09-25,"Sao Paulo, Municipality of",https://www.fitchratings.com/entity/sao-paulo-municipality-of-93835890,Long Term Issuer Default Rating,BB,2026-09-04,Affirmed,Rating Outlook Stable,,
2026-09-25,"Sao Paulo, Municipality of",https://www.fitchratings.com/entity/sao-paulo-municipality-of-93835890,Short Term Issuer Default Rating,B,2026-09-04,Affirmed,,,
2026-09-25,"Sao Paulo, Municipality of",https://www.fitchratings.com/entity/sao-paulo-municipality-of-93835890,Local Currency Long Term Issuer Default Rating,BB,2026-09-04,Affirmed,Rating Outlook Stable,,
2026-09-25,"Sao Paulo, Municipality of",https://www.fitchratings.com/entity/sao-paulo-municipality-of-93835890,Standalone Credit Profile,bbb+,2026-09-04,Affirmed,,,
2026-09-25,"Sao Paulo, Municipality of",https://www.fitchratings.com/entity/sao-paulo-municipality-of-93835890,Local Currency Short Term Issuer Default Rating,B,2026-09-04,Affirmed,,,
2026-09-25,"Sao Paulo, Municipality of",https://www.fitchratings.com/entity/sao-paulo-municipality-of-93835890,National Long Term Rating,AAA(bra),2026-09-04,Affirmed,Rating Outlook Stable,,
2026-09-25,"Sao Paulo, Municipality of",https://www.fitchratings.com/entity/sao-paulo-municipality-of-93835890,National Short Term Rating,F1+(bra),2026-09-04,Affirmed,,,
2026-09-25,V2i Energia S.A.,https://www.fitchratings.com/entity/v2i-energia-sa-97576213,National Long Term Rating,A(bra),2026-09-01,Affirmed,Rating Outlook Stable,,
2026-09-25,Ferrovia Norte Sul S.A.,https://www.fitchratings.com/entity/ferrovia-norte-sul-sa-97592975,National Long Term Rating,AAA(bra),2026-09-01,Affirmed,Rating Outlook Stable,,
2026-09-25,Ultrafertil S.A.,https://www.fitchratings.com/entity/ultrafertil-sa-96174694,National Long Term Rating,AAA(bra),2026-09-01,Affirmed,Rating Outlook Stable,,
2026-09-25,VLI S.A.,https://www.fitchratings.com/entity/vli-sa-94391490,National Long Term Rating,AAA(bra),2026-09-01,Affirmed,Rating Outlook Stable,,
2026-09-25,VLI Multimodal S.A.,https://www.fitchratings.com/entity/vli-multimodal-sa-96166129,National Long Term Rating,AAA(bra),2026-09-01,Affirmed,Rating Outlook Stable,,
2026-09-25,Votorantim Cimentos S.A. (VCSA),https://www.fitchratings.com/entity/votorantim-cimentos-sa-vcsa-90449272,Long Term Issuer Default Rating,BBB,2026-08-31,Review - No Action,Rating Outlook Stable,,
2026-09-25,Votorantim Cimentos S.A. (VCSA),https://www.fitchratings.com/entity/votorantim-cimentos-sa-vcsa-90449272,Local Currency Long Term Issuer Default Rating,BBB,2026-08-31,Review - No Action,Rating Outlook Stable,,
2026-09-25,Votorantim Cimentos S.A. (VCSA),https://www.fitchratings.com/entity/votorantim-cimentos-sa-vcsa-90449272,National Long Term Rating,AAA(bra),2026-08-31,Review - No Action,Rating Outlook Stable,,
2026-09-25,Votorantim S.A.,https://www.fitchratings.com/entity/votorantim-sa-82069029,Long Term Issuer Default Rating,BBB,2026-08-31,Affirmed,Rating Outlook Stable,,
2026-09-25,Votorantim S.A.,https://www.fitchratings.com/entity/votorantim-sa-82069029,Local Currency Long Term Issuer Default Rating,BBB,2026-08-31,Affirmed,Rating Outlook Stable,,
2026-09-25,Votorantim S.A.,https://www.fitchratings.com/entity/votorantim-sa-82069029,National Long Term Rating,AAA(bra),2026-08-31,Affirmed,Rating Outlook Stable,,
2026-09-25,Nexa Recursos Minerais S.A.,https://www.fitchratings.com/entity/nexa-recursos-minerais-sa-97886942,National Long Term Rating,AAA(bra),2026-08-31,Affirmed,Rating Outlook Stable,,
2026-09-25,Nexa Resources S.A.,https://www.fitchratings.com/entity/nexa-resources-sa-96494566,Long Term Issuer Default Rating,BBB-,2026-08-31,Rating Watch On,Rating Watch Negative,,
2026-09-25,Nexa Resources S.A.,https://www.fitchratings.com/entity/nexa-resources-sa-96494566,Local Currency Long Term Issuer Default Rating,BBB-,2026-08-31,Rating Watch On,Rating Watch Negative,,
2026-09-25,Nexa Resources S.A.,https://www.fitchratings.com/entity/nexa-resources-sa-96494566,National Long Term Rating,AAA(bra),2026-08-31,Affirmed,Rating Outlook Stable,,
2026-09-25,ALLOS S.A.,https://www.fitchratings.com/entity/aliansce-sonae-shopping-centers-sa-96177979,National Long Term Rating,AAA(bra),2026-08-28,Affirmed,Rating Outlook Stable,,
2026-09-25,BR Malls Participacoes S.A.,https://www.fitchratings.com/entity/br-malls-participacoes-sa-87213182,National Long Term Rating,AAA(bra),2026-08-28,Affirmed,Rating Outlook Stable,,
2026-09-25,BR Malls Participacoes S.A.,https://www.fitchratings.com/entity/br-malls-participacoes-sa-87213182,Long Term Issuer Default Rating,WD,2024-02-29,Withdrawn,,,
2026-09-25,BR Malls Participacoes S.A.,https://www.fitchratings.com/entity/br-malls-participacoes-sa-87213182,Local Currency Long Term Issuer Default Rating,WD,2024-02-29,Withdrawn,,,
2026-09-25,Multiplan Empreendimentos Imobiliarios S.A.,https://www.fitchratings.com/entity/multiplan-empreendimentos-imobiliarios-sa-96177986,National Long Term Rating,AAA(bra),2026-08-27,Affirmed,Rating Outlook Stable,,
2026-09-25,Caixa Distribuidora de Titulos e Valores Mobiliarios S.A.,https://www.fitchratings.com/entity/caixa-distribuidora-de-titulos-e-valores-mobiliarios-sa-97327792,Investment Management Quality Rating,Excellent,2026-08-27,Affirmed,Rating Outlook Stable,,
2026-09-25,Rumo S.A.,https://www.fitchratings.com/entity/rumo-sa-80614433,Long Term Issuer Default Rating,BB+,2026-08-26,Affirmed,Rating Outlook Negative,,
2026-09-25,Rumo S.A.,https://www.fitchratings.com/entity/rumo-sa-80614433,National Long Term Rating,AAA(bra),2026-08-26,Affirmed,Rating Outlook Negative,,
2026-09-25,Rumo S.A.,https://www.fitchratings.com/entity/rumo-sa-80614433,Local Currency Long Term Issuer Default Rating,BB+,2026-08-26,Affirmed,Rating Outlook Negative,,
2026-09-25,Rumo Malha Norte S.A.,https://www.fitchratings.com/entity/rumo-malha-norte-sa-80614513,National Long Term Rating,AAA(bra),2026-08-26,Affirmed,Rating Outlook Negative,,
2026-09-25,Rumo Malha Paulista S.A.,https://www.fitchratings.com/entity/rumo-malha-paulista-sa-87217976,National Long Term Rating,AAA(bra),2026-08-26,Affirmed,Rating Outlook Negative,,
2026-09-25,Rumo Malha Sul S.A.,https://www.fitchratings.com/entity/rumo-malha-sul-sa-87217992,National Long Term Rating,AAA(bra),2026-08-26,Affirmed,Rating Outlook Negative,,
2026-09-25,Brava Energia S.A.,https://www.fitchratings.com/entity/3r-petroleum-oleo-e-gas-sa-97357047,Long Term Issuer Default Rating,BB,2026-08-25,Upgrade,Rating Outlook Stable,,
2026-09-25,Brava Energia S.A.,https://www.fitchratings.com/entity/3r-petroleum-oleo-e-gas-sa-97357047,National Long Term Rating,AA+(bra),2026-08-25,Upgrade,Rating Outlook Stable,,
2026-09-25,Brava Energia S.A.,https://www.fitchratings.com/entity/3r-petroleum-oleo-e-gas-sa-97357047,Local Currency Long Term Issuer Default Rating,BB,2026-08-25,Upgrade,Rating Outlook Stable,,
2026-09-25,Cooperativa de Credito Sul do Espirito Santo - Sicoob Sul,https://www.fitchratings.com/entity/cooperativa-de-credito-sul-do-espirito-santo-sicoob-sul-96790661,National Long Term Rating,AA+(bra),2026-08-25,Affirmed,Rating Outlook Stable,,
2026-09-25,Cooperativa de Credito Sul do Espirito Santo - Sicoob Sul,https://www.fitchratings.com/entity/cooperativa-de-credito-sul-do-espirito-santo-sicoob-sul-96790661,National Short Term Rating,F1+(bra),2026-08-25,Affirmed,,,
2026-09-25,Cooperativa Central de Credito do Espirito Santo - Sicoob Central ES,https://www.fitchratings.com/entity/cooperativa-central-de-credito-do-espirito-santo-sicoob-central-es-96743383,National Short Term Rating,F1+(bra),2026-08-25,Affirmed,,,
2026-09-25,Cooperativa Central de Credito do Espirito Santo - Sicoob Central ES,https://www.fitchratings.com/entity/cooperativa-central-de-credito-do-espirito-santo-sicoob-central-es-96743383,National Long Term Rating,AA+(bra),2026-08-25,Affirmed,Rating Outlook Stable,,
2026-09-25,Cooperativa de Credito Coopermais - Sicoob Coopermais,https://www.fitchratings.com/entity/cooperativa-de-credito-centro-serrana-do-espirito-santo-sicoob-centro-serrano-96790672,National Short Term Rating,F1+(bra),2026-08-25,Affirmed,,,
2026-09-25,Cooperativa de Credito Coopermais - Sicoob Coopermais,https://www.fitchratings.com/entity/cooperativa-de-credito-centro-serrana-do-espirito-santo-sicoob-centro-serrano-96790672,National Long Term Rating,AA+(bra),2026-08-25,Affirmed,Rating Outlook Stable,,
2026-09-25,Cooperativa de Credito Sul-Serrana do Espirito Santo - Sicoob Sul-Serrano,https://www.fitchratings.com/entity/cooperativa-de-credito-sul-serrana-do-espirito-santo-sicoob-sul-serrano-96722697,National Short Term Rating,F1+(bra),2026-08-25,Affirmed,,,
2026-09-25,Cooperativa de Credito Sul-Serrana do Espirito Santo - Sicoob Sul-Serrano,https://www.fitchratings.com/entity/cooperativa-de-credito-sul-serrana-do-espirito-santo-sicoob-sul-serrano-96722697,National Long Term Rating,AA+(bra),2026-08-25,Affirmed,Rating Outlook Stable,,
2026-09-25,Cooperativa de Credito Conexao - Sicoob Conexao,https://www.fitchratings.com/entity/cooperativa-de-credito-leste-capixaba-sicoob-leste-capixaba-96790658,National Short Term Rating,F1+(bra),2026-08-25,Affirmed,,,
2026-09-25,Cooperativa de Credito Conexao - Sicoob Conexao,https://www.fitchratings.com/entity/cooperativa-de-credito-leste-capixaba-sicoob-leste-capixaba-96790658,National Long Term Rating,AA+(bra),2026-08-25,Affirmed,Rating Outlook Stable,,
2026-09-25,Cooperativa de Credito Sul-Litoranea do Espirito Santo - Sicoob Sul-Litoraneo,https://www.fitchratings.com/entity/cooperativa-de-credito-sul-litoranea-do-espirito-santo-sicoob-sul-litoraneo-96790669,National Long Term Rating,AA+(bra),2026-08-25,Affirmed,Rating Outlook Stable,,
2026-09-25,Cooperativa de Credito Sul-Litoranea do Espirito Santo - Sicoob Sul-Litoraneo,https://www.fitchratings.com/entity/cooperativa-de-credito-sul-litoranea-do-espirito-santo-sicoob-sul-litoraneo-96790669,National Short Term Rating,F1+(bra),2026-08-25,Affirmed,,,
2026-09-25,Cooperativa de Credito Credirochas - Sicoob Credirochas,https://www.fitchratings.com/entity/cooperativa-de-credito-dos-proprietarios-da-industria-de-rochas-ornamentais-cal-e-calcarios-do-estado-do-espirito-santo-sicoob-credirochas-96790654,National Short Term Rating,F1+(bra),2026-08-25,Affirmed,,,
2026-09-25,Cooperativa de Credito Credirochas - Sicoob Credirochas,https://www.fitchratings.com/entity/cooperativa-de-credito-dos-proprietarios-da-industria-de-rochas-ornamentais-cal-e-calcarios-do-estado-do-espirito-santo-sicoob-credirochas-96790654,National Long Term Rating,AA+(bra),2026-08-25,Affirmed,Rating Outlook Stable,,
2026-09-25,Companhia Energetica de Minas Gerais (CEMIG),https://www.fitchratings.com/entity/companhia-energetica-de-minas-gerais-cemig-80614480,Long Term Issuer Default Rating,BB,2026-08-25,Affirmed,Rating Outlook Stable,,
2026-09-25,Companhia Energetica de Minas Gerais (CEMIG),https://www.fitchratings.com/entity/companhia-energetica-de-minas-gerais-cemig-80614480,Local Currency Long Term Issuer Default Rating,BB,2026-08-25,Affirmed,Rating Outlook Stable,,
2026-09-25,Companhia Energetica de Minas Gerais (CEMIG),https://www.fitchratings.com/entity/companhia-energetica-de-minas-gerais-cemig-80614480,National Long Term Rating,AAA(bra),2026-08-25,Affirmed,Rating Outlook Stable,,
2026-09-25,Cemig Distribuicao S.A.,https://www.fitchratings.com/entity/cemig-distribuicao-sa-83827065,Long Term Issuer Default Rating,BB,2026-08-25,Affirmed,Rating Outlook Stable,,
2026-09-25,Cemig Distribuicao S.A.,https://www.fitchratings.com/entity/cemig-distribuicao-sa-83827065,Local Currency Long Term Issuer Default Rating,BB,2026-08-25,Affirmed,Rating Outlook Stable,,
2026-09-25,Cemig Distribuicao S.A.,https://www.fitchratings.com/entity/cemig-distribuicao-sa-83827065,National Long Term Rating,AAA(bra),2026-08-25,Affirmed,Rating Outlook Stable,,
2026-09-25,Cemig Geracao e Transmissao S.A.,https://www.fitchratings.com/entity/cemig-geracao-e-transmissao-sa-84963873,Long Term Issuer Default Rating,BB,2026-08-25,Affirmed,Rating Outlook Stable,,
2026-09-25,Cemig Geracao e Transmissao S.A.,https://www.fitchratings.com/entity/cemig-geracao-e-transmissao-sa-84963873,Local Currency Long Term Issuer Default Rating,BB,2026-08-25,Affirmed,Rating Outlook Stable,,
2026-09-25,Cemig Geracao e Transmissao S.A.,https://www.fitchratings.com/entity/cemig-geracao-e-transmissao-sa-84963873,National Long Term Rating,AAA(bra),2026-08-25,Affirmed,Rating Outlook Stable,,
2026-09-25,Emergencia Participacoes S.A.,https://www.fitchratings.com/entity/emergencia-participacoes-sa-97417637,National Long Term Rating,D(bra),2026-08-24,Review - No Action,,,
2026-09-25,Environmental ESG Participacoes S.A.,https://www.fitchratings.com/entity/environmental-esg-participacoes-sa-97452640,National Long Term Rating,D(bra),2026-08-24,Review - No Action,,,
2026-09-25,Ambipar Participacoes e Empreendimentos S.A.,https://www.fitchratings.com/entity/ambipar-participacoes-e-empreendimentos-sa-97338527,Long Term Issuer Default Rating,D,2026-08-24,Review - No Action,,,
2026-09-25,Ambipar Participacoes e Empreendimentos S.A.,https://www.fitchratings.com/entity/ambipar-participacoes-e-empreendimentos-sa-97338527,Local Currency Long Term Issuer Default Rating,D,2026-08-24,Review - No Action,,,
2026-09-25,Ambipar Participacoes e Empreendimentos S.A.,https://www.fitchratings.com/entity/ambipar-participacoes-e-empreendimentos-sa-97338527,National Long Term Rating,D(bra),2026-08-24,Review - No Action,,,
2026-09-25,Banco Rodobens S.A.,https://www.fitchratings.com/entity/banco-rodobens-sa-89100264,National Long Term Rating,AA+(bra),2026-08-21,Affirmed,Rating Outlook Stable,,
2026-09-25,Banco Rodobens S.A.,https://www.fitchratings.com/entity/banco-rodobens-sa-89100264,National Short Term Rating,F1+(bra),2026-08-21,Affirmed,,,
2026-09-25,Banco Rodobens S.A.,https://www.fitchratings.com/entity/banco-rodobens-sa-89100264,Support Rating,WD,2011-12-15,Withdrawn,,,
2026-09-25,Rodobens Administradora de Consorcios Ltda,https://www.fitchratings.com/entity/rodobens-administradora-de-consorcios-ltda-96165833,National Long Term Rating,AA+(bra),2026-08-21,Affirmed,Rating Outlook Stable,,
2026-09-25,Rodobens Administradora de Consorcios Ltda,https://www.fitchratings.com/entity/rodobens-administradora-de-consorcios-ltda-96165833,National Short Term Rating,F1+(bra),2026-08-21,Affirmed,,,
2026-09-25,CloudWalk Instituicao de Pagamento e Servicos Ltda.,https://www.fitchratings.com/entity/cloudwalk-instituicao-de-pagamento-e-servicos-ltda-97764117,National Short Term Rating,F1+(bra),2026-08-21,Affirmed,,,
2026-09-25,CloudWalk Instituicao de Pagamento e Servicos Ltda.,https://www.fitchratings.com/entity/cloudwalk-instituicao-de-pagamento-e-servicos-ltda-97764117,National Long Term Rating,AA(bra),2026-08-21,Upgrade,Rating Outlook Stable,,
2026-09-25,"CloudWalk Financeira S.A. Credito, Financiamento e Investimento",https://www.fitchratings.com/entity/cloudwalk-financeira-sa-credito-financiamento-e-investimento-97784613,National Short Term Rating,F1+(bra),2026-08-21,Affirmed,,,
2026-09-25,"CloudWalk Financeira S.A. Credito, Financiamento e Investimento",https://www.fitchratings.com/entity/cloudwalk-financeira-sa-credito-financiamento-e-investimento-97784613,National Long Term Rating,AA(bra),2026-08-21,Upgrade,Rating Outlook Stable,,
2026-09-25,Cosan S.A.,https://www.fitchratings.com/entity/cosan-sa-88173461,Long Term Issuer Default Rating,BB-,2026-08-20,Affirmed,Rating Outlook Negative,,
2026-09-25,Cosan S.A.,https://www.fitchratings.com/entity/cosan-sa-88173461,National Long Term Rating,A+(bra),2026-08-20,Affirmed,Rating Outlook Negative,,
2026-09-25,Cosan S.A.,https://www.fitchratings.com/entity/cosan-sa-88173461,Local Currency Long Term Issuer Default Rating,BB-,2026-08-20,Affirmed,Rating Outlook Negative,,
2026-09-25,Stark Bank S.A. - Instituicao de Pagamento,https://www.fitchratings.com/entity/stark-bank-sa-instituicao-de-pagamento-97502050,National Long Term Rating,WD(bra),2026-08-19,Withdrawn,,,
2026-09-25,Stark Bank S.A. - Instituicao de Pagamento,https://www.fitchratings.com/entity/stark-bank-sa-instituicao-de-pagamento-97502050,National Short Term Rating,WD(bra),2026-08-19,Withdrawn,,,
2026-09-25,Stark Group Holding,https://www.fitchratings.com/entity/stark-group-holding-97922341,National Long Term Rating,A(bra),2026-08-19,New Rating,Rating Outlook Stable,,
2026-09-25,Stark Group Holding,https://www.fitchratings.com/entity/stark-group-holding-97922341,National Short Term Rating,F1+(bra),2026-08-19,New Rating,,,
2026-09-25,Light Servicos de Eletricidade S.A.,https://www.fitchratings.com/entity/light-servicos-de-eletricidade-sa-91050690,Long Term Issuer Default Rating,B-,2026-08-18,Upgrade,Rating Outlook Stable,,
2026-09-25,Light Servicos de Eletricidade S.A.,https://www.fitchratings.com/entity/light-servicos-de-eletricidade-sa-91050690,Local Currency Long Term Issuer Default Rating,B-,2026-08-18,Upgrade,Rating Outlook Stable,,
2026-09-25,Light Servicos de Eletricidade S.A.,https://www.fitchratings.com/entity/light-servicos-de-eletricidade-sa-91050690,National Long Term Rating,BB(bra),2026-08-18,Upgrade,Rating Outlook Stable,,
2026-09-25,Light S.A.,https://www.fitchratings.com/entity/light-sa-91040693,Long Term Issuer Default Rating,B-,2026-08-18,Upgrade,Rating Outlook Stable,,
2026-09-25,Light S.A.,https://www.fitchratings.com/entity/light-sa-91040693,Local Currency Long Term Issuer Default Rating,B-,2026-08-18,Upgrade,Rating Outlook Stable,,
2026-09-25,Light S.A.,https://www.fitchratings.com/entity/light-sa-91040693,National Long Term Rating,BB(bra),2026-08-18,Upgrade,Rating Outlook Stable,,
2026-09-25,Light Energia S.A.,https://www.fitchratings.com/entity/light-energia-sa-91019690,Long Term Issuer Default Rating,B-,2026-08-18,Upgrade,Rating Outlook Stable,,
2026-09-25,Light Energia S.A.,https://www.fitchratings.com/entity/light-energia-sa-91019690,National Long Term Rating,BB(bra),2026-08-18,Upgrade,Rating Outlook Stable,,
2026-09-25,Light Energia S.A.,https://www.fitchratings.com/entity/light-energia-sa-91019690,Local Currency Long Term Issuer Default Rating,B-,2026-08-18,Upgrade,Rating Outlook Stable,,
2026-09-25,Sendas Distribuidora S/A,https://www.fitchratings.com/entity/sendas-distribuidora-s-a-97205339,National Long Term Rating,AAA(bra),2026-08-18,Affirmed,Rating Outlook Stable,,
2026-09-25,Eneva S.A.,https://www.fitchratings.com/entity/eneva-sa-96740180,National Long Term Rating,AAA(bra),2026-08-17,Affirmed,Rating Outlook Stable,,
2026-09-25,Braskem S.A.,https://www.fitchratings.com/entity/braskem-sa-80092141,Long Term Issuer Default Rating,RD,2026-08-14,Downgrade,,,
2026-09-25,Braskem S.A.,https://www.fitchratings.com/entity/braskem-sa-80092141,National Long Term Rating,RD(bra),2026-08-14,Downgrade,,,
2026-09-25,Braskem S.A.,https://www.fitchratings.com/entity/braskem-sa-80092141,Local Currency Long Term Issuer Default Rating,RD,2026-08-14,Downgrade,,,
2026-09-25,Alubar Metais e Cabos S.A.,https://www.fitchratings.com/entity/alubar-metais-e-cabos-sa-97322864,National Long Term Rating,A(bra),2026-08-14,Upgrade,Rating Outlook Stable,,
2026-09-25,"Rio de Janeiro, City of",https://www.fitchratings.com/entity/rio-de-janeiro-city-of-90518082,Long Term Issuer Default Rating,BB,2026-08-14,Affirmed,Rating Outlook Stable,,
2026-09-25,"Rio de Janeiro, City of",https://www.fitchratings.com/entity/rio-de-janeiro-city-of-90518082,Short Term Issuer Default Rating,B,2026-08-14,Affirmed,,,
2026-09-25,"Rio de Janeiro, City of",https://www.fitchratings.com/entity/rio-de-janeiro-city-of-90518082,Local Currency Long Term Issuer Default Rating,BB,2026-08-14,Affirmed,Rating Outlook Stable,,
2026-09-25,"Rio de Janeiro, City of",https://www.fitchratings.com/entity/rio-de-janeiro-city-of-90518082,National Long Term Rating,AAA(bra),2026-08-14,Upgrade,Rating Outlook Stable,,
2026-09-25,"Rio de Janeiro, City of",https://www.fitchratings.com/entity/rio-de-janeiro-city-of-90518082,Local Currency Short Term Issuer Default Rating,B,2026-08-14,Affirmed,,,
2026-09-25,"Rio de Janeiro, City of",https://www.fitchratings.com/entity/rio-de-janeiro-city-of-90518082,National Short Term Rating,F1+(bra),2026-08-14,Affirmed,,,
2026-09-25,"Rio de Janeiro, City of",https://www.fitchratings.com/entity/rio-de-janeiro-city-of-90518082,Standalone Credit Profile,bb+,2026-08-14,Upgrade,,,
2026-09-25,Rio de Janeiro. State of,https://www.fitchratings.com/entity/rio-de-janeiro-state-of-90803890,Long Term Issuer Default Rating,BB,2026-08-14,Affirmed,Rating Outlook Stable,,
2026-09-25,Rio de Janeiro. State of,https://www.fitchratings.com/entity/rio-de-janeiro-state-of-90803890,Short Term Issuer Default Rating,B,2026-08-14,Affirmed,,,
2026-09-25,Rio de Janeiro. State of,https://www.fitchratings.com/entity/rio-de-janeiro-state-of-90803890,Standalone Credit Profile,ccc+,2026-08-14,Upgrade,,,
2026-09-25,Rio de Janeiro. State of,https://www.fitchratings.com/entity/rio-de-janeiro-state-of-90803890,Local Currency Short Term Issuer Default Rating,B,2026-08-14,Affirmed,,,
2026-09-25,Rio de Janeiro. State of,https://www.fitchratings.com/entity/rio-de-janeiro-state-of-90803890,National Short Term Rating,F1+(bra),2026-08-14,Affirmed,,,
2026-09-25,Rio de Janeiro. State of,https://www.fitchratings.com/entity/rio-de-janeiro-state-of-90803890,National Long Term Rating,AAA(bra),2026-08-14,Affirmed,Rating Outlook Stable,,
2026-09-25,Rio de Janeiro. State of,https://www.fitchratings.com/entity/rio-de-janeiro-state-of-90803890,Local Currency Long Term Issuer Default Rating,BB,2026-08-14,Affirmed,Rating Outlook Stable,,
2026-09-25,Minerva S.A.,https://www.fitchratings.com/entity/minerva-sa-84533869,Long Term Issuer Default Rating,BB,2026-08-14,Affirmed,Rating Outlook Stable,,
2026-09-25,Minerva S.A.,https://www.fitchratings.com/entity/minerva-sa-84533869,National Long Term Rating,AAA(bra),2026-08-14,Affirmed,Rating Outlook Stable,,
2026-09-25,Minerva S.A.,https://www.fitchratings.com/entity/minerva-sa-84533869,Local Currency Long Term Issuer Default Rating,BB,2026-08-14,Affirmed,Rating Outlook Stable,,
2026-09-25,Azul S.A.,https://www.fitchratings.com/entity/azul-sa-94775300,Long Term Issuer Default Rating,B-,2026-03-04,New Rating,Rating Outlook Stable,,
2026-09-25,Azul S.A.,https://www.fitchratings.com/entity/azul-sa-94775300,National Long Term Rating,BB+(bra),2026-08-12,Downgrade,Rating Outlook Stable,,
2026-09-25,Azul S.A.,https://www.fitchratings.com/entity/azul-sa-94775300,Local Currency Long Term Issuer Default Rating,B-,2026-03-04,New Rating,Rating Outlook Stable,,
2026-09-25,AXIA Energia S.A.,https://www.fitchratings.com/entity/centrais-eletricas-brasileiras-sa-eletrobras-80464173,Long Term Issuer Default Rating,BB,2026-08-11,Upgrade,Rating Outlook Stable,,
2026-09-25,AXIA Energia S.A.,https://www.fitchratings.com/entity/centrais-eletricas-brasileiras-sa-eletrobras-80464173,Local Currency Long Term Issuer Default Rating,BB,2026-08-11,Upgrade,Rating Outlook Stable,,
2026-09-25,AXIA Energia S.A.,https://www.fitchratings.com/entity/centrais-eletricas-brasileiras-sa-eletrobras-80464173,National Long Term Rating,AAA(bra),2026-08-11,Upgrade,Rating Outlook Stable,,
2026-09-25,AXIA Energia S.A.,https://www.fitchratings.com/entity/centrais-eletricas-brasileiras-sa-eletrobras-80464173,Standalone Credit Profile,WD,2022-06-15,Withdrawn,,,
2026-09-25,AXIA Energia Nordeste S.A.,https://www.fitchratings.com/entity/companhia-hidro-eletrica-do-sao-francisco-sa-95763491,National Long Term Rating,AAA(bra),2026-08-11,Upgrade,Rating Outlook Stable,,
2026-09-25,"Qista S.A. - Credito, Financiamento e Investimento",https://www.fitchratings.com/entity/qista-sa-credito-financiamento-e-investimento-97651529,National Short Term Rating,B(bra),2026-08-10,Downgrade,Rating Watch Negative,,
2026-09-25,"Qista S.A. - Credito, Financiamento e Investimento",https://www.fitchratings.com/entity/qista-sa-credito-financiamento-e-investimento-97651529,National Long Term Rating,BB+(bra),2026-08-10,Downgrade,Rating Watch Negative,,
2026-09-25,Engie Brasil Energia S.A.,https://www.fitchratings.com/entity/engie-brasil-energia-sa-80090870,Long Term Issuer Default Rating,BB+,2026-08-10,Affirmed,Rating Outlook Stable,,
2026-09-25,Engie Brasil Energia S.A.,https://www.fitchratings.com/entity/engie-brasil-energia-sa-80090870,Local Currency Long Term Issuer Default Rating,BBB,2026-08-10,Upgrade,Rating Outlook Stable,,
2026-09-25,Engie Brasil Energia S.A.,https://www.fitchratings.com/entity/engie-brasil-energia-sa-80090870,National Long Term Rating,AAA(bra),2026-08-10,Affirmed,Rating Outlook Stable,,
2026-09-25,Almeida Junior Shopping Centers S.A.,https://www.fitchratings.com/entity/almeida-junior-shopping-centers-sa-97620221,National Long Term Rating,AA(bra),2026-08-10,Publish,Rating Outlook Stable,,
2026-09-25,Pottencial Seguradora S.A.,https://www.fitchratings.com/entity/pottencial-seguradora-s-a-91880919,National Long Term Insurer Financial Strength,A+(bra),2026-08-07,Affirmed,Rating Outlook Stable,,
2026-09-25,General Shopping e Outlets do Brasil S.A.,https://www.fitchratings.com/entity/general-shopping-e-outlets-do-brasil-sa-89879673,Long Term Issuer Default Rating,WD,2026-08-07,Withdrawn,,,
2026-09-25,General Shopping e Outlets do Brasil S.A.,https://www.fitchratings.com/entity/general-shopping-e-outlets-do-brasil-sa-89879673,National Long Term Rating,WD(bra),2026-08-07,Withdrawn,,,
2026-09-25,General Shopping e Outlets do Brasil S.A.,https://www.fitchratings.com/entity/general-shopping-e-outlets-do-brasil-sa-89879673,Local Currency Long Term Issuer Default Rating,WD,2026-08-07,Withdrawn,,,
2026-09-25,Deutsche Bank S.A. - Banco Alemao,https://www.fitchratings.com/entity/deutsche-bank-sa-banco-alemao-80362444,National Short Term Rating,F1+(bra),2026-08-07,Affirmed,,,
2026-09-25,Deutsche Bank S.A. - Banco Alemao,https://www.fitchratings.com/entity/deutsche-bank-sa-banco-alemao-80362444,National Long Term Rating,AAA(bra),2026-08-07,Affirmed,Rating Outlook Stable,,
2026-09-25,Deutsche Bank S.A. - Banco Alemao,https://www.fitchratings.com/entity/deutsche-bank-sa-banco-alemao-80362444,Support Rating,WD,2011-12-15,Withdrawn,,,
2026-09-25,Desenvolve SP - Agencia de Fomento do Estado de Sao Paulo S.A.,https://www.fitchratings.com/entity/agencia-de-fomento-do-estado-de-sao-paulo-desenvolve-sp-96165830,Local Currency Long Term Issuer Default Rating,WD,2026-08-07,Withdrawn,,,
2026-09-25,Desenvolve SP - Agencia de Fomento do Estado de Sao Paulo S.A.,https://www.fitchratings.com/entity/agencia-de-fomento-do-estado-de-sao-paulo-desenvolve-sp-96165830,Local Currency Short Term Issuer Default Rating,WD,2026-08-07,Withdrawn,,,
2026-09-25,Desenvolve SP - Agencia de Fomento do Estado de Sao Paulo S.A.,https://www.fitchratings.com/entity/agencia-de-fomento-do-estado-de-sao-paulo-desenvolve-sp-96165830,National Long Term Rating,WD(bra),2026-08-07,Withdrawn,,,
2026-09-25,Desenvolve SP - Agencia de Fomento do Estado de Sao Paulo S.A.,https://www.fitchratings.com/entity/agencia-de-fomento-do-estado-de-sao-paulo-desenvolve-sp-96165830,National Short Term Rating,WD(bra),2026-08-07,Withdrawn,,,
2026-09-25,Desenvolve SP - Agencia de Fomento do Estado de Sao Paulo S.A.,https://www.fitchratings.com/entity/agencia-de-fomento-do-estado-de-sao-paulo-desenvolve-sp-96165830,Long Term Issuer Default Rating,WD,2026-08-07,Withdrawn,,,
2026-09-25,Desenvolve SP - Agencia de Fomento do Estado de Sao Paulo S.A.,https://www.fitchratings.com/entity/agencia-de-fomento-do-estado-de-sao-paulo-desenvolve-sp-96165830,Short Term Issuer Default Rating,WD,2026-08-07,Withdrawn,,,
2026-09-25,Desenvolve SP - Agencia de Fomento do Estado de Sao Paulo S.A.,https://www.fitchratings.com/entity/agencia-de-fomento-do-estado-de-sao-paulo-desenvolve-sp-96165830,Shareholder Support Rating,WD,2026-08-07,Withdrawn,,,
2026-09-25,Desenvolve SP - Agencia de Fomento do Estado de Sao Paulo S.A.,https://www.fitchratings.com/entity/agencia-de-fomento-do-estado-de-sao-paulo-desenvolve-sp-96165830,Support Rating,WD,2022-07-28,Withdrawn,,,
2026-09-25,M Dias Branco S.A. Industria e Comercio de Alimentos,https://www.fitchratings.com/entity/m-dias-branco-sa-industria-e-comercio-de-alimentos-96568122,National Long Term Rating,AAA(bra),2026-08-07,Affirmed,Rating Outlook Stable,,
2026-09-25,DM Instituicao de Pagamento S.A.,https://www.fitchratings.com/entity/dmcard-cartoes-de-credito-sa-96604805,National Short Term Rating,WD(bra),2026-08-07,Withdrawn,,,
2026-09-25,DM Instituicao de Pagamento S.A.,https://www.fitchratings.com/entity/dmcard-cartoes-de-credito-sa-96604805,National Long Term Rating,WD(bra),2026-08-07,Withdrawn,,,
2026-09-25,Banco Societe Generale Brasil S.A.,https://www.fitchratings.com/entity/banco-societe-generale-brasil-sa-88390855,National Long Term Rating,AAA(bra),2026-08-07,Affirmed,Rating Outlook Stable,,
2026-09-25,Banco Societe Generale Brasil S.A.,https://www.fitchratings.com/entity/banco-societe-generale-brasil-sa-88390855,National Short Term Rating,F1+(bra),2026-08-07,Affirmed,,,
2026-09-25,Banco Societe Generale Brasil S.A.,https://www.fitchratings.com/entity/banco-societe-generale-brasil-sa-88390855,Long Term Issuer Default Rating,WD,2015-10-21,Withdrawn,,,
2026-09-25,Banco Societe Generale Brasil S.A.,https://www.fitchratings.com/entity/banco-societe-generale-brasil-sa-88390855,Support Rating,WD,2015-10-21,Withdrawn,,,
2026-09-25,Banco Societe Generale Brasil S.A.,https://www.fitchratings.com/entity/banco-societe-generale-brasil-sa-88390855,Local Currency Long Term Issuer Default Rating,WD,2015-10-21,Withdrawn,,,
2026-09-25,Banco Societe Generale Brasil S.A.,https://www.fitchratings.com/entity/banco-societe-generale-brasil-sa-88390855,Short Term Issuer Default Rating,WD,2015-10-21,Withdrawn,,,
2026-09-25,Banco Societe Generale Brasil S.A.,https://www.fitchratings.com/entity/banco-societe-generale-brasil-sa-88390855,Local Currency Short Term Issuer Default Rating,WD,2015-10-21,Withdrawn,,,
2026-09-25,Banco Societe Generale Brasil S.A.,https://www.fitchratings.com/entity/banco-societe-generale-brasil-sa-88390855,Viability Rating,WD,2012-03-28,Withdrawn,,,
2026-09-25,Banco Societe Generale Brasil S.A.,https://www.fitchratings.com/entity/banco-societe-generale-brasil-sa-88390855,Individual Rating,WD,2012-01-25,Withdrawn,,,
2026-09-25,Intesa Sanpaolo Brasil S.A. - Banco Multiplo,https://www.fitchratings.com/entity/intesa-sanpaolo-brasil-sa-banco-multiplo-97233617,National Short Term Rating,F1+(bra),2026-08-07,Affirmed,,,
2026-09-25,Intesa Sanpaolo Brasil S.A. - Banco Multiplo,https://www.fitchratings.com/entity/intesa-sanpaolo-brasil-sa-banco-multiplo-97233617,National Long Term Rating,AAA(bra),2026-08-07,Affirmed,Rating Outlook Stable,,
2026-09-25,Banco BNP Paribas Brasil S.A.,https://www.fitchratings.com/entity/banco-bnp-paribas-brasil-sa-96216745,National Short Term Rating,F1+(bra),2026-08-07,Affirmed,,,
2026-09-25,Banco BNP Paribas Brasil S.A.,https://www.fitchratings.com/entity/banco-bnp-paribas-brasil-sa-96216745,National Long Term Rating,AAA(bra),2026-08-07,Affirmed,Rating Outlook Stable,,
2026-09-25,Elfa Medicamentos S.A.,https://www.fitchratings.com/entity/elfa-medicamentos-sa-97629129,National Long Term Rating,C(bra),2026-08-07,Downgrade,,,
2026-09-25,Banco De Investimentos UBS (Brasil) S.A.,https://www.fitchratings.com/entity/banco-de-investimentos-credit-suisse-brasil-sa-82443519,National Long Term Rating,AAA(bra),2026-08-07,Affirmed,Rating Outlook Stable,,
2026-09-25,Banco De Investimentos UBS (Brasil) S.A.,https://www.fitchratings.com/entity/banco-de-investimentos-credit-suisse-brasil-sa-82443519,National Short Term Rating,F1+(bra),2026-08-07,Affirmed,,,
2026-09-25,Banco De Investimentos UBS (Brasil) S.A.,https://www.fitchratings.com/entity/banco-de-investimentos-credit-suisse-brasil-sa-82443519,Support Rating,WD,2011-12-15,Withdrawn,,,
2026-09-25,Banco Credit Agricole Brasil S.A.,https://www.fitchratings.com/entity/banco-credit-agricole-brasil-sa-90520083,National Short Term Rating,F1+(bra),2026-08-07,Affirmed,,,
2026-09-25,Banco Credit Agricole Brasil S.A.,https://www.fitchratings.com/entity/banco-credit-agricole-brasil-sa-90520083,National Long Term Rating,AAA(bra),2026-08-07,Affirmed,Rating Outlook Stable,,
2026-09-25,Banco Credit Agricole Brasil S.A.,https://www.fitchratings.com/entity/banco-credit-agricole-brasil-sa-90520083,Support Rating,WD,2011-12-15,Withdrawn,,,
2026-09-25,Samarco Mineracao S.A.,https://www.fitchratings.com/entity/samarco-mineracao-sa-80089959,Long Term Issuer Default Rating,B,2026-08-06,Affirmed,Rating Outlook Positive,,
2026-09-25,Samarco Mineracao S.A.,https://www.fitchratings.com/entity/samarco-mineracao-sa-80089959,Local Currency Long Term Issuer Default Rating,B,2026-08-06,Affirmed,Rating Outlook Positive,,
2026-09-25,Samarco Mineracao S.A.,https://www.fitchratings.com/entity/samarco-mineracao-sa-80089959,National Long Term Rating,BBB(bra),2026-08-06,Downgrade,Rating Outlook Positive,,
2026-09-25,Companhia Pernambucana de Gas - Copergas,https://www.fitchratings.com/entity/companhia-pernambucana-de-gas-copergas-96353577,National Long Term Rating,AA(bra),2026-08-05,Affirmed,Rating Outlook Positive,,
2026-09-25,Companhia de Gas de Sao Paulo - COMGAS,https://www.fitchratings.com/entity/companhia-de-gas-de-sao-paulo-comgas-91325765,National Long Term Rating,AAA(bra),2026-08-04,Affirmed,Rating Outlook Stable,,
2026-09-25,Companhia de Gas de Sao Paulo - COMGAS,https://www.fitchratings.com/entity/companhia-de-gas-de-sao-paulo-comgas-91325765,Long Term Issuer Default Rating,WD,2025-08-07,Withdrawn,,,
2026-09-25,Companhia de Gas de Sao Paulo - COMGAS,https://www.fitchratings.com/entity/companhia-de-gas-de-sao-paulo-comgas-91325765,Local Currency Long Term Issuer Default Rating,WD,2025-08-07,Withdrawn,,,
2026-09-25,OZN Health SPE S.A.,https://www.fitchratings.com/entity/ozn-health-spe-sa-97757731,National Long Term Rating,A(bra),2026-08-04,Affirmed,Rating Outlook Stable,,
2026-09-25,Opy Healthcare Gestao de Ativos e Investimentos S.A.,https://www.fitchratings.com/entity/opy-healthcare-gestao-de-ativos-e-investimentos-sa-97757705,National Long Term Rating,A(bra),2026-08-04,Affirmed,Rating Outlook Stable,,
2026-09-25,Giga Mais Fibra Telecomunicacoes S.A.,https://www.fitchratings.com/entity/giga-mais-fibra-telecomunicacoes-sa-97922546,Long Term Issuer Default Rating,B+,2026-08-03,New Rating,Rating Outlook Stable,,
2026-09-25,Giga Mais Fibra Telecomunicacoes S.A.,https://www.fitchratings.com/entity/giga-mais-fibra-telecomunicacoes-sa-97922546,National Long Term Rating,A(bra),2026-08-03,New Rating,Rating Outlook Stable,,
2026-09-25,Giga Mais Fibra Telecomunicacoes S.A.,https://www.fitchratings.com/entity/giga-mais-fibra-telecomunicacoes-sa-97922546,Local Currency Long Term Issuer Default Rating,B+,2026-08-03,New Rating,Rating Outlook Stable,,
2026-09-25,Iguatemi Empresa de Shopping Centers S.A.,https://www.fitchratings.com/entity/iguatemi-empresa-de-shopping-centers-sa-91834892,National Long Term Rating,AAA(bra),2026-08-03,Affirmed,Rating Outlook Stable,,
2026-09-25,Iguatemi S.A.,https://www.fitchratings.com/entity/iguatemi-sa-97371311,National Long Term Rating,AAA(bra),2026-08-03,Affirmed,Rating Outlook Stable,,
2026-09-25,Farmacia e Drogaria Nissei S.A.,https://www.fitchratings.com/entity/farmacia-e-drogaria-nissei-sa-97127704,National Long Term Rating,BBB(bra),2026-08-03,Downgrade,Rating Outlook Stable,,
2026-09-25,Companhia Siderurgica Nacional (CSN),https://www.fitchratings.com/entity/companhia-siderurgica-nacional-csn-80091767,Long Term Issuer Default Rating,CCC+,2026-07-31,Downgrade,Rating Watch Negative,,
2026-09-25,Companhia Siderurgica Nacional (CSN),https://www.fitchratings.com/entity/companhia-siderurgica-nacional-csn-80091767,Local Currency Long Term Issuer Default Rating,CCC+,2026-07-31,Downgrade,Rating Watch Negative,,
2026-09-25,Companhia Siderurgica Nacional (CSN),https://www.fitchratings.com/entity/companhia-siderurgica-nacional-csn-80091767,National Long Term Rating,CCC+(bra),2026-07-31,Downgrade,Rating Watch Negative,,
2026-09-25,CSN Mineracao S.A.,https://www.fitchratings.com/entity/csn-mineracao-sa-97398072,National Long Term Rating,B(bra),2026-07-31,Downgrade,Rating Watch Negative,,
2026-09-25,Zamp S.A.,https://www.fitchratings.com/entity/bk-brasil-operacao-e-assessoria-restaurantes-sa-96269281,National Long Term Rating,AA(bra),2026-07-31,Affirmed,Rating Outlook Stable,,
2026-09-25,Parana Banco S.A.,https://www.fitchratings.com/entity/parana-banco-sa-87015752,National Short Term Rating,F1+(bra),2026-07-30,Affirmed,,,
2026-09-25,Parana Banco S.A.,https://www.fitchratings.com/entity/parana-banco-sa-87015752,National Long Term Rating,AA-(bra),2026-07-30,Affirmed,Rating Outlook Stable,,
2026-09-25,Parana Banco S.A.,https://www.fitchratings.com/entity/parana-banco-sa-87015752,Support Rating,WD,2011-12-15,Withdrawn,,,
2026-09-25,Banco Agibank S.A.,https://www.fitchratings.com/entity/banco-agibank-sa-96590852,National Short Term Rating,F1+(bra),2026-07-30,Affirmed,,,
2026-09-25,Banco Agibank S.A.,https://www.fitchratings.com/entity/banco-agibank-sa-96590852,National Long Term Rating,AA(bra),2026-07-30,Upgrade,Rating Outlook Stable,,
2026-09-25,Banco BMG S.A.,https://www.fitchratings.com/entity/banco-bmg-sa-80543435,Long Term Issuer Default Rating,BB-,2026-07-30,Affirmed,Rating Outlook Stable,,
2026-09-25,Banco BMG S.A.,https://www.fitchratings.com/entity/banco-bmg-sa-80543435,Short Term Issuer Default Rating,B,2026-07-30,Affirmed,,,
2026-09-25,Banco BMG S.A.,https://www.fitchratings.com/entity/banco-bmg-sa-80543435,Local Currency Long Term Issuer Default Rating,BB-,2026-07-30,Affirmed,Rating Outlook Stable,,
2026-09-25,Banco BMG S.A.,https://www.fitchratings.com/entity/banco-bmg-sa-80543435,National Short Term Rating,F1(bra),2026-07-30,Affirmed,,,
2026-09-25,Banco BMG S.A.,https://www.fitchratings.com/entity/banco-bmg-sa-80543435,Government Support Rating,ns,2026-07-30,Affirmed,,,
2026-09-25,Banco BMG S.A.,https://www.fitchratings.com/entity/banco-bmg-sa-80543435,Viability Rating,bb-,2026-07-30,Affirmed,,,
2026-09-25,Banco BMG S.A.,https://www.fitchratings.com/entity/banco-bmg-sa-80543435,National Long Term Rating,A(bra),2026-07-30,Affirmed,Rating Outlook Positive,,
2026-09-25,Banco BMG S.A.,https://www.fitchratings.com/entity/banco-bmg-sa-80543435,Local Currency Short Term Issuer Default Rating,B,2026-07-30,Affirmed,,,
2026-09-25,Banco BMG S.A.,https://www.fitchratings.com/entity/banco-bmg-sa-80543435,Support Rating,WD,2022-10-20,Withdrawn,,,
2026-09-25,Banco BMG S.A.,https://www.fitchratings.com/entity/banco-bmg-sa-80543435,Support Rating Floor,WD,2022-10-20,Withdrawn,,,
2026-09-25,Banco BMG S.A.,https://www.fitchratings.com/entity/banco-bmg-sa-80543435,Individual Rating,WD,2012-01-25,Withdrawn,Rating Watch Off,,
2026-09-25,Banco Mercantil do Brasil S.A.,https://www.fitchratings.com/entity/banco-mercantil-do-brasil-sa-80360917,National Long Term Rating,AA-(bra),2026-07-30,Affirmed,Rating Outlook Positive,,
2026-09-25,Banco Mercantil do Brasil S.A.,https://www.fitchratings.com/entity/banco-mercantil-do-brasil-sa-80360917,National Short Term Rating,F1+(bra),2026-07-30,Affirmed,,,
2026-09-25,Banco Mercantil do Brasil S.A.,https://www.fitchratings.com/entity/banco-mercantil-do-brasil-sa-80360917,Support Rating,WD,2009-02-19,Affirmed,,,
2026-09-25,Corporeos Servicos Terapeuticos S.A.,https://www.fitchratings.com/entity/corporeos-servicos-terapeuticos-sa-97572161,National Long Term Rating,WD(bra),2026-07-30,Withdrawn,,,
2026-09-25,MPM Corporeos S.A.,https://www.fitchratings.com/entity/mpm-corporeos-sa-97252184,National Long Term Rating,WD(bra),2026-07-30,Withdrawn,,,
2026-09-25,Banco Cooperativo Sicoob S.A. - Banco Sicoob,https://www.fitchratings.com/entity/banco-cooperativo-do-brasil-sa-80543444,Long Term Issuer Default Rating,BB,2026-07-30,New Rating,Rating Outlook Stable,,
2026-09-25,Banco Cooperativo Sicoob S.A. - Banco Sicoob,https://www.fitchratings.com/entity/banco-cooperativo-do-brasil-sa-80543444,Short Term Issuer Default Rating,B,2026-07-30,New Rating,,,
2026-09-25,Banco Cooperativo Sicoob S.A. - Banco Sicoob,https://www.fitchratings.com/entity/banco-cooperativo-do-brasil-sa-80543444,Viability Rating,bb,2026-07-30,New Rating,,,
2026-09-25,Banco Cooperativo Sicoob S.A. - Banco Sicoob,https://www.fitchratings.com/entity/banco-cooperativo-do-brasil-sa-80543444,Local Currency Long Term Issuer Default Rating,BB,2026-07-30,New Rating,Rating Outlook Stable,,
2026-09-25,Banco Cooperativo Sicoob S.A. - Banco Sicoob,https://www.fitchratings.com/entity/banco-cooperativo-do-brasil-sa-80543444,Government Support Rating,b,2026-07-30,New Rating,,,
2026-09-25,Banco Cooperativo Sicoob S.A. - Banco Sicoob,https://www.fitchratings.com/entity/banco-cooperativo-do-brasil-sa-80543444,Local Currency Short Term Issuer Default Rating,B,2026-07-30,New Rating,,,
2026-09-25,Banco Cooperativo Sicoob S.A. - Banco Sicoob,https://www.fitchratings.com/entity/banco-cooperativo-do-brasil-sa-80543444,National Long Term Rating,AAA(bra),2025-10-20,Affirmed,Rating Outlook Stable,,
2026-09-25,Banco Cooperativo Sicoob S.A. - Banco Sicoob,https://www.fitchratings.com/entity/banco-cooperativo-do-brasil-sa-80543444,National Short Term Rating,F1+(bra),2025-10-20,Affirmed,,,
2026-09-25,Banco Cooperativo Sicoob S.A. - Banco Sicoob,https://www.fitchratings.com/entity/banco-cooperativo-do-brasil-sa-80543444,Support Rating,WD,2011-12-15,Withdrawn,,,
2026-09-25,Banco de Lage Landen Brasil S.A.,https://www.fitchratings.com/entity/banco-de-lage-landen-brasil-sa-96897877,National Long Term Rating,AAA(bra),2026-07-28,Affirmed,Rating Outlook Stable,,
2026-09-25,Banco de Lage Landen Brasil S.A.,https://www.fitchratings.com/entity/banco-de-lage-landen-brasil-sa-96897877,National Short Term Rating,F1+(bra),2026-07-28,Affirmed,,,
2026-09-25,Banco GM S.A.,https://www.fitchratings.com/entity/banco-gmac-sa-90420088,National Short Term Rating,F1+(bra),2026-07-28,Affirmed,,,
2026-09-25,Banco GM S.A.,https://www.fitchratings.com/entity/banco-gmac-sa-90420088,National Long Term Rating,AAA(bra),2026-07-28,Affirmed,Rating Outlook Stable,,
2026-09-25,Banco GM S.A.,https://www.fitchratings.com/entity/banco-gmac-sa-90420088,Support Rating,WD,2011-12-15,Withdrawn,,,
2026-09-25,Banco CNH Industrial Capital S.A.,https://www.fitchratings.com/entity/banco-cnh-industrial-capital-sa-80597992,National Long Term Rating,AAA(bra),2026-07-28,Affirmed,Rating Outlook Stable,,
2026-09-25,Banco CNH Industrial Capital S.A.,https://www.fitchratings.com/entity/banco-cnh-industrial-capital-sa-80597992,National Short Term Rating,F1+(bra),2026-07-28,Affirmed,,,
2026-09-25,Banco CNH Industrial Capital S.A.,https://www.fitchratings.com/entity/banco-cnh-industrial-capital-sa-80597992,Support Rating,WD,2011-12-15,Withdrawn,,,
2026-09-25,Banco John Deere S.A.,https://www.fitchratings.com/entity/banco-john-deere-sa-96800840,National Short Term Rating,F1+(bra),2026-07-28,Affirmed,,,
2026-09-25,Banco John Deere S.A.,https://www.fitchratings.com/entity/banco-john-deere-sa-96800840,National Long Term Rating,AAA(bra),2026-07-28,Affirmed,Rating Outlook Stable,,
2026-09-25,GOL Linhas Aereas Inteligentes S.A.,https://www.fitchratings.com/entity/gol-linhas-aereas-inteligentes-sa-83366465,Local Currency Long Term Issuer Default Rating,WD,2026-07-27,Withdrawn,,,
2026-09-25,GOL Linhas Aereas Inteligentes S.A.,https://www.fitchratings.com/entity/gol-linhas-aereas-inteligentes-sa-83366465,National Long Term Rating,WD(bra),2026-07-27,Withdrawn,,,
2026-09-25,GOL Linhas Aereas Inteligentes S.A.,https://www.fitchratings.com/entity/gol-linhas-aereas-inteligentes-sa-83366465,Long Term Issuer Default Rating,WD,2026-07-27,Withdrawn,,,
2026-09-25,Companhia Paraibana de Gas PBGAS,https://www.fitchratings.com/entity/companhia-paraibana-de-gas-pbgas-97518314,National Long Term Rating,A(bra),2026-07-24,Affirmed,Rating Outlook Negative,,
2026-09-25,Refinaria de Mataripe S.A.,https://www.fitchratings.com/entity/refinaria-de-mataripe-sa-97631572,Long Term Issuer Default Rating,BB-,2026-07-24,Upgrade,Rating Outlook Stable,,
2026-09-25,Refinaria de Mataripe S.A.,https://www.fitchratings.com/entity/refinaria-de-mataripe-sa-97631572,Local Currency Long Term Issuer Default Rating,BB-,2026-07-24,Upgrade,Rating Outlook Stable,,
2026-09-25,Anima Holding S.A.,https://www.fitchratings.com/entity/anima-holding-sa-94141490,National Long Term Rating,AA(bra),2026-07-24,Affirmed,Rating Outlook Stable,,
2026-09-25,Mateus Supermercados S.A.,https://www.fitchratings.com/entity/mateus-supermercados-sa-96026490,National Long Term Rating,AAA(bra),2026-07-24,Affirmed,Rating Outlook Stable,,
2026-09-25,Laboratorio Sabin de Analises Clinicas S.A.,https://www.fitchratings.com/entity/laboratorio-sabin-de-analises-clinicas-ltda-96350585,National Long Term Rating,AA(bra),2026-07-22,Upgrade,Rating Outlook Stable,,
2026-09-25,Banco Citibank S.A.,https://www.fitchratings.com/entity/banco-citibank-sa-80362437,National Long Term Rating,AAA(bra),2026-07-15,Affirmed,Rating Outlook Stable,,
2026-09-25,Banco Citibank S.A.,https://www.fitchratings.com/entity/banco-citibank-sa-80362437,National Short Term Rating,F1+(bra),2026-07-15,Affirmed,,,
2026-09-25,Banco Citibank S.A.,https://www.fitchratings.com/entity/banco-citibank-sa-80362437,Support Rating,NR,2003-07-17,Withdrawn,,,
2026-09-25,Banco Sumitomo Mitsui Brasileiro S.A.,https://www.fitchratings.com/entity/banco-sumitomo-mitsui-brasileiro-sa-97252790,National Long Term Rating,AAA(bra),2026-07-15,Affirmed,Rating Outlook Stable,,
2026-09-25,Banco Sumitomo Mitsui Brasileiro S.A.,https://www.fitchratings.com/entity/banco-sumitomo-mitsui-brasileiro-sa-97252790,National Short Term Rating,F1+(bra),2026-07-15,Affirmed,,,
2026-09-25,Bank of America Merrill Lynch Banco Multiplo S.A.,https://www.fitchratings.com/entity/bank-of-america-merrill-lynch-banco-multiplo-sa-93524890,National Long Term Rating,AAA(bra),2026-07-15,Affirmed,Rating Outlook Stable,,
2026-09-25,Bank of America Merrill Lynch Banco Multiplo S.A.,https://www.fitchratings.com/entity/bank-of-america-merrill-lynch-banco-multiplo-sa-93524890,National Short Term Rating,F1+(bra),2026-07-15,Affirmed,,,
2026-09-25,Goldman Sachs do Brasil Banco Multiplo S.A.,https://www.fitchratings.com/entity/goldman-sachs-do-brasil-banco-multiplo-sa-96473435,National Long Term Rating,AAA(bra),2026-07-15,Affirmed,Rating Outlook Stable,,
2026-09-25,Goldman Sachs do Brasil Banco Multiplo S.A.,https://www.fitchratings.com/entity/goldman-sachs-do-brasil-banco-multiplo-sa-96473435,National Short Term Rating,F1+(bra),2026-07-15,Affirmed,,,
2026-09-25,Novo Banco Continental S.A. - Banco Multiplo,https://www.fitchratings.com/entity/novo-banco-continental-sa-banco-multiplo-97135767,National Long Term Rating,AAA(bra),2026-07-15,Affirmed,Rating Outlook Stable,,
2026-09-25,Novo Banco Continental S.A. - Banco Multiplo,https://www.fitchratings.com/entity/novo-banco-continental-sa-banco-multiplo-97135767,National Short Term Rating,F1+(bra),2026-07-15,Affirmed,,,
2026-09-25,Banco Inbursa S.A.,https://www.fitchratings.com/entity/banco-inbursa-sa-96672806,National Short Term Rating,F1+(bra),2026-07-15,Affirmed,,,
2026-09-25,Banco Inbursa S.A.,https://www.fitchratings.com/entity/banco-inbursa-sa-96672806,National Long Term Rating,AAA(bra),2026-07-15,Affirmed,Rating Outlook Stable,,
2026-09-25,T V V - Terminal de Vila Velha S.A.,https://www.fitchratings.com/entity/t-v-v-terminal-de-vila-velha-sa-97292252,National Long Term Rating,AA+(bra),2026-07-15,Affirmed,Rating Outlook Stable,,
2026-09-25,Globo Comunicacao e Participacoes S.A.,https://www.fitchratings.com/entity/globo-comunicacao-e-participacoes-sa-87246572,Long Term Issuer Default Rating,BB+,2026-07-14,Affirmed,Rating Outlook Stable,,
2026-09-25,Globo Comunicacao e Participacoes S.A.,https://www.fitchratings.com/entity/globo-comunicacao-e-participacoes-sa-87246572,Local Currency Long Term Issuer Default Rating,BB+,2026-07-14,Affirmed,Rating Outlook Stable,,
2026-09-25,Globo Comunicacao e Participacoes S.A.,https://www.fitchratings.com/entity/globo-comunicacao-e-participacoes-sa-87246572,National Long Term Rating,AAA(bra),2026-07-14,Affirmed,Rating Outlook Stable,,
2026-09-25,Alares Internet Participacoes S.A.,https://www.fitchratings.com/entity/alares-internet-participacoes-s-a-97182126,National Long Term Rating,A(bra),2026-07-13,Affirmed,Rating Outlook Stable,,
2026-09-25,Usinas Siderurgicas de Minas Gerais S.A. (Usiminas),https://www.fitchratings.com/entity/usinas-siderurgicas-de-minas-gerais-sa-usiminas-84742070,Long Term Issuer Default Rating,BB,2026-07-13,Affirmed,Rating Outlook Stable,,
2026-09-25,Usinas Siderurgicas de Minas Gerais S.A. (Usiminas),https://www.fitchratings.com/entity/usinas-siderurgicas-de-minas-gerais-sa-usiminas-84742070,National Long Term Rating,AA+(bra),2026-07-13,Affirmed,Rating Outlook Stable,,
2026-09-25,Usinas Siderurgicas de Minas Gerais S.A. (Usiminas),https://www.fitchratings.com/entity/usinas-siderurgicas-de-minas-gerais-sa-usiminas-84742070,Local Currency Long Term Issuer Default Rating,BB,2026-07-13,Affirmed,Rating Outlook Stable,,
2026-09-25,Companhia de Gas de Minas Gerais - Gasmig,https://www.fitchratings.com/entity/companhia-de-gas-de-minas-gerais-gasmig-96692279,National Long Term Rating,AA+(bra),2026-07-13,Affirmed,Rating Outlook Stable,,
2026-09-25,Intelbras S.A. Industria de Telecomunicacao Eletronica Brasileira,https://www.fitchratings.com/entity/intelbras-sa-industria-de-telecomunicacao-eletronica-brasileira-97503302,National Long Term Rating,AA-(bra),2026-07-13,Affirmed,Rating Outlook Stable,,
2026-09-25,Potengi Holdings S.A.,https://www.fitchratings.com/entity/potengi-holdings-sa-97542650,National Long Term Rating,AAA(bra),2026-07-10,Affirmed,Rating Outlook Negative,,
2026-09-25,Veleiros Holdings S.A.,https://www.fitchratings.com/entity/veleiros-holdings-sa-97542659,National Long Term Rating,AAA(bra),2026-07-10,Affirmed,Rating Outlook Negative,,
2026-09-25,AES Tucano Holding II S.A.,https://www.fitchratings.com/entity/aes-tucano-holding-ii-sa-97281834,National Long Term Rating,AAA(bra),2026-07-10,Affirmed,Rating Outlook Negative,,
2026-09-25,Auren Operacoes S.A.,https://www.fitchratings.com/entity/aes-brasil-operacoes-sa-97379391,National Long Term Rating,AAA(bra),2026-07-10,New Rating,Rating Outlook Negative,,
2026-09-25,Ventos de Santa Tereza 07 Energias Renovaveis S.A.,https://www.fitchratings.com/entity/ventos-de-santa-tereza-07-energias-renovaveis-sa-97591492,National Long Term Rating,AAA(bra),2026-07-10,Affirmed,Rating Outlook Negative,,
2026-09-25,Auren Energia S.A.,https://www.fitchratings.com/entity/vtrm-energia-participacoes-sa-97036543,Long Term Issuer Default Rating,BB+,2026-07-10,Affirmed,Rating Outlook Negative,,
2026-09-25,Auren Energia S.A.,https://www.fitchratings.com/entity/vtrm-energia-participacoes-sa-97036543,Standalone Credit Profile,bb-,2026-07-10,Affirmed,,,
2026-09-25,Auren Energia S.A.,https://www.fitchratings.com/entity/vtrm-energia-participacoes-sa-97036543,National Long Term Rating,AAA(bra),2026-07-10,Affirmed,Rating Outlook Negative,,
2026-09-25,Auren Energia S.A.,https://www.fitchratings.com/entity/vtrm-energia-participacoes-sa-97036543,Local Currency Long Term Issuer Default Rating,BBB-,2026-07-10,Affirmed,Rating Outlook Negative,,
2026-09-25,CESP - Companhia Energetica de Sao Paulo,https://www.fitchratings.com/entity/cesp-companhia-energetica-de-sao-paulo-97003909,National Long Term Rating,AAA(bra),2026-07-10,Affirmed,Rating Outlook Negative,,
2026-09-25,CESP - Companhia Energetica de Sao Paulo,https://www.fitchratings.com/entity/cesp-companhia-energetica-de-sao-paulo-97003909,Long Term Issuer Default Rating,WD,2023-10-24,Withdrawn,,,
2026-09-25,CESP - Companhia Energetica de Sao Paulo,https://www.fitchratings.com/entity/cesp-companhia-energetica-de-sao-paulo-97003909,Local Currency Long Term Issuer Default Rating,WD,2023-10-24,Withdrawn,,,
2026-09-25,Auren Participacoes S.A.,https://www.fitchratings.com/entity/aes-brasil-energia-sa-97281499,National Long Term Rating,WD(bra),2026-07-10,Withdrawn,,,
2026-09-25,Andre Maggi Participacoes S.A.,https://www.fitchratings.com/entity/andre-maggi-participacoes-sa-97060206,Long Term Issuer Default Rating,B+,2026-07-10,Downgrade,Rating Outlook Stable,,
2026-09-25,Andre Maggi Participacoes S.A.,https://www.fitchratings.com/entity/andre-maggi-participacoes-sa-97060206,National Long Term Rating,A(bra),2026-07-10,Downgrade,Rating Outlook Stable,,
2026-09-25,Andre Maggi Participacoes S.A.,https://www.fitchratings.com/entity/andre-maggi-participacoes-sa-97060206,Local Currency Long Term Issuer Default Rating,B+,2026-07-10,Downgrade,Rating Outlook Stable,,
2026-09-25,FS Industria de Biocombustiveis Ltda.,https://www.fitchratings.com/entity/fs-agrisolutions-industria-de-biocombustiveis-ltda-96862589,Long Term Issuer Default Rating,B+,2026-07-10,Downgrade,Rating Outlook Stable,,
2026-09-25,FS Industria de Biocombustiveis Ltda.,https://www.fitchratings.com/entity/fs-agrisolutions-industria-de-biocombustiveis-ltda-96862589,National Long Term Rating,A(bra),2026-07-10,Downgrade,Rating Outlook Stable,,
2026-09-25,FS Industria de Biocombustiveis Ltda.,https://www.fitchratings.com/entity/fs-agrisolutions-industria-de-biocombustiveis-ltda-96862589,Local Currency Long Term Issuer Default Rating,B+,2026-07-10,Downgrade,Rating Outlook Stable,,
2026-09-25,FS I Industria de Etanol S.A,https://www.fitchratings.com/entity/fs-i-industria-de-etanol-sa-97809918,Long Term Issuer Default Rating,B+,2026-07-10,Downgrade,Rating Outlook Stable,,
2026-09-25,FS I Industria de Etanol S.A,https://www.fitchratings.com/entity/fs-i-industria-de-etanol-sa-97809918,National Long Term Rating,A(bra),2026-07-10,Downgrade,Rating Outlook Stable,,
2026-09-25,FS I Industria de Etanol S.A,https://www.fitchratings.com/entity/fs-i-industria-de-etanol-sa-97809918,Local Currency Long Term Issuer Default Rating,B+,2026-07-10,Downgrade,Rating Outlook Stable,,
2026-09-25,Somos Sistemas de Ensino S.A.,https://www.fitchratings.com/entity/somos-sistemas-de-ensino-sa-97273134,National Long Term Rating,WD(bra),2026-07-08,Withdrawn,,,
2026-09-25,QMC Telecom do Brasil Cessao de Infraestrutura S.A.,https://www.fitchratings.com/entity/qmc-telecom-do-brasil-cessao-de-infraestrutura-sa-97527625,National Long Term Rating,AA-(bra),2026-07-08,Upgrade,Rating Outlook Stable,,
2026-09-25,Mantiqueira Alimentos S.A.,https://www.fitchratings.com/entity/mantiqueira-alimentos-sa-97753425,National Long Term Rating,AA+(bra),2026-07-08,Affirmed,Rating Outlook Stable,,
2026-09-25,Gerdau S.A.,https://www.fitchratings.com/entity/gerdau-sa-82273687,Long Term Issuer Default Rating,BBB,2026-07-02,Affirmed,Rating Outlook Positive,,
2026-09-25,Gerdau S.A.,https://www.fitchratings.com/entity/gerdau-sa-82273687,Local Currency Long Term Issuer Default Rating,BBB,2026-07-02,Affirmed,Rating Outlook Positive,,
2026-09-25,Gerdau S.A.,https://www.fitchratings.com/entity/gerdau-sa-82273687,National Long Term Rating,AAA(bra),2026-07-02,Affirmed,Rating Outlook Stable,,
2026-09-25,Natura Cosmeticos S.A.,https://www.fitchratings.com/entity/natura-cosmeticos-sa-90714090,Long Term Issuer Default Rating,BB+,2026-07-02,Affirmed,Rating Outlook Stable,,
2026-09-25,Natura Cosmeticos S.A.,https://www.fitchratings.com/entity/natura-cosmeticos-sa-90714090,National Long Term Rating,AAA(bra),2026-07-02,Affirmed,Rating Outlook Stable,,
2026-09-25,Natura Cosmeticos S.A.,https://www.fitchratings.com/entity/natura-cosmeticos-sa-90714090,Local Currency Long Term Issuer Default Rating,BB+,2026-07-02,Affirmed,Rating Outlook Stable,,
2026-09-25,Sociedade Beneficente Israelita Brasileira - Hospital Albert Einstein,https://www.fitchratings.com/entity/sociedade-beneficente-israelita-brasileira-hospital-albert-einstein-96628807,National Long Term Rating,WD(bra),2026-07-01,Withdrawn,Rating Outlook Stable,,
2026-09-25,Estado de Mato Grosso do Sul,https://www.fitchratings.com/entity/estado-de-mato-grosso-do-sul-97706435,Long Term Issuer Default Rating,BB,2026-07-01,Affirmed,Rating Outlook Stable,,
2026-09-25,Estado de Mato Grosso do Sul,https://www.fitchratings.com/entity/estado-de-mato-grosso-do-sul-97706435,Short Term Issuer Default Rating,B,2026-07-01,Affirmed,,,
2026-09-25,Estado de Mato Grosso do Sul,https://www.fitchratings.com/entity/estado-de-mato-grosso-do-sul-97706435,Local Currency Short Term Issuer Default Rating,B,2026-07-01,Affirmed,,,
2026-09-25,Estado de Mato Grosso do Sul,https://www.fitchratings.com/entity/estado-de-mato-grosso-do-sul-97706435,Standalone Credit Profile,b+,2026-07-01,Affirmed,,,
2026-09-25,Estado de Mato Grosso do Sul,https://www.fitchratings.com/entity/estado-de-mato-grosso-do-sul-97706435,National Long Term Rating,AAA(bra),2026-07-01,Affirmed,Rating Outlook Stable,,
2026-09-25,Estado de Mato Grosso do Sul,https://www.fitchratings.com/entity/estado-de-mato-grosso-do-sul-97706435,Local Currency Long Term Issuer Default Rating,BB,2026-07-01,Affirmed,Rating Outlook Stable,,
2026-09-25,Estado de Mato Grosso do Sul,https://www.fitchratings.com/entity/estado-de-mato-grosso-do-sul-97706435,National Short Term Rating,F1+(bra),2026-07-01,Affirmed,,,
2026-09-25,Isa Energia Brasil S.A.,https://www.fitchratings.com/entity/companhia-de-transmissao-de-energia-eletrica-paulista-sa-cteep-87797443,National Long Term Rating,AAA(bra),2026-06-26,Affirmed,Rating Outlook Stable,,
2026-09-25,Cooperativa Central de Credito Rural com Interacao Solidaria - Central Cresol Sicoper,https://www.fitchratings.com/entity/cooperativa-central-de-credito-rural-com-interacao-solidaria-central-cresol-sicoper-97361361,National Short Term Rating,F2(bra),2026-06-23,Affirmed,,,
2026-09-25,Cooperativa Central de Credito Rural com Interacao Solidaria - Central Cresol Sicoper,https://www.fitchratings.com/entity/cooperativa-central-de-credito-rural-com-interacao-solidaria-central-cresol-sicoper-97361361,National Long Term Rating,A-(bra),2026-06-23,Affirmed,Rating Outlook Positive,,
2026-09-25,Cooperativa Central de Credito com Interacao Solidaria - Central Cresol Baser,https://www.fitchratings.com/entity/cooperativa-central-de-credito-com-interacao-solidaria-central-cresol-baser-97078781,National Long Term Rating,AA-(bra),2026-06-23,Affirmed,Rating Outlook Stable,,
2026-09-25,Cooperativa Central de Credito com Interacao Solidaria - Central Cresol Baser,https://www.fitchratings.com/entity/cooperativa-central-de-credito-com-interacao-solidaria-central-cresol-baser-97078781,National Short Term Rating,F1+(bra),2026-06-23,Affirmed,,,
2026-09-25,Cooperativa Central de Credito Ailos,https://www.fitchratings.com/entity/cooperativa-central-de-credito-ailos-97229433,National Short Term Rating,F1+(bra),2026-06-23,Upgrade,,,
2026-09-25,Cooperativa Central de Credito Ailos,https://www.fitchratings.com/entity/cooperativa-central-de-credito-ailos-97229433,National Long Term Rating,AA-(bra),2026-06-23,Upgrade,Rating Outlook Stable,,
2026-09-25,Cooperativa Central de Credito do Estado de Sao Paulo - Sicoob Sao Paulo,https://www.fitchratings.com/entity/cooperativa-central-de-credito-do-estado-de-sao-paulo-sicoob-sao-paulo-97706538,National Long Term Rating,AA-(bra),2026-06-23,Affirmed,Rating Outlook Stable,,
2026-09-25,Cooperativa Central de Credito do Estado de Sao Paulo - Sicoob Sao Paulo,https://www.fitchratings.com/entity/cooperativa-central-de-credito-do-estado-de-sao-paulo-sicoob-sao-paulo-97706538,National Short Term Rating,F1+(bra),2026-06-23,Affirmed,,,
2026-09-25,Hidrovias do Brasil S.A.,https://www.fitchratings.com/entity/hidrovias-do-brasil-sa-96584762,Long Term Issuer Default Rating,BB+,2026-06-23,Affirmed,Rating Outlook Stable,,
2026-09-25,Hidrovias do Brasil S.A.,https://www.fitchratings.com/entity/hidrovias-do-brasil-sa-96584762,National Long Term Rating,AAA(bra),2026-06-23,Affirmed,Rating Outlook Stable,,
2026-09-25,Hidrovias do Brasil S.A.,https://www.fitchratings.com/entity/hidrovias-do-brasil-sa-96584762,Local Currency Long Term Issuer Default Rating,BB+,2026-06-23,Affirmed,Rating Outlook Stable,,
2026-09-25,EDP Energias do Brasil S.A.,https://www.fitchratings.com/entity/edp-energias-do-brasil-sa-94762090,National Long Term Rating,AAA(bra),2026-06-22,Affirmed,Rating Outlook Stable,,
2026-09-25,Banco Digimais S.A.,https://www.fitchratings.com/entity/banco-digimais-sa-89817862,National Long Term Rating,WD(bra),2026-06-22,Withdrawn,,,
2026-09-25,Banco Digimais S.A.,https://www.fitchratings.com/entity/banco-digimais-sa-89817862,National Short Term Rating,WD(bra),2026-06-22,Withdrawn,,,
2026-09-25,Solar Bebidas S.A.,https://www.fitchratings.com/entity/solar-bebidas-sa-97327228,National Long Term Rating,AAA(bra),2026-06-18,Affirmed,Rating Outlook Stable,,
2026-09-25,Norsa Refrigerantes S.A.,https://www.fitchratings.com/entity/norsa-refrigerantes-sa-96784265,National Long Term Rating,AAA(bra),2026-06-18,Affirmed,Rating Outlook Stable,,
2026-09-25,Barreiras Holding S.A.,https://www.fitchratings.com/entity/barreiras-holding-sa-97585626,National Long Term Rating,AA+(bra),2026-06-17,Affirmed,Rating Outlook Negative,,
2026-09-25,Equatorial Para Distribuidora de Energia S.A.,https://www.fitchratings.com/entity/equatorial-energia-para-distribuidora-de-energia-sa-83541468,National Long Term Rating,AA+(bra),2026-06-17,Affirmed,Rating Outlook Negative,,
2026-09-25,Equatorial Para Distribuidora de Energia S.A.,https://www.fitchratings.com/entity/equatorial-energia-para-distribuidora-de-energia-sa-83541468,Long Term Issuer Default Rating,WD,2014-12-30,Withdrawn,,,
2026-09-25,Equatorial Para Distribuidora de Energia S.A.,https://www.fitchratings.com/entity/equatorial-energia-para-distribuidora-de-energia-sa-83541468,Local Currency Long Term Issuer Default Rating,WD,2014-12-30,Withdrawn,,,
2026-09-25,Equatorial Goias Distribuidora de Energia S.A,https://www.fitchratings.com/entity/celg-distribuicao-sa-95312890,National Long Term Rating,AA+(bra),2026-06-17,Affirmed,Rating Outlook Negative,,
2026-09-25,Echoenergia Participacoes S.A.,https://www.fitchratings.com/entity/echoenergia-participacoes-sa-96662850,National Long Term Rating,AA(bra),2026-06-17,Affirmed,Rating Outlook Negative,,
2026-09-25,Ribeiro Goncalves Energia Solar S.A.,https://www.fitchratings.com/entity/ribeiro-goncalves-energia-solar-spe-sa-97544021,National Long Term Rating,AA+(bra),2026-06-17,Affirmed,Rating Outlook Negative,,
2026-09-25,Companhia Imobiliaria de Brasilia (Terracap),https://www.fitchratings.com/entity/companhia-imobiliaria-de-brasilia-terracap-97616237,National Short Term Rating,WD(bra),2026-06-17,Withdrawn,,,
2026-09-25,Companhia Imobiliaria de Brasilia (Terracap),https://www.fitchratings.com/entity/companhia-imobiliaria-de-brasilia-terracap-97616237,National Long Term Rating,WD(bra),2026-06-17,Withdrawn,,,
2026-09-25,Elea Digital Infraestrutura e Redes de Telecomunicacoes S.A.,https://www.fitchratings.com/entity/drammen-rj-infraestrutura-e-redes-de-telecomunicacoes-sa-97272267,National Long Term Rating,A-(bra),2026-06-16,Upgrade,Rating Outlook Positive,,
2026-09-25,Brazil,https://www.fitchratings.com/entity/brazil-80442191,Long Term Issuer Default Rating,BB,2026-06-16,Affirmed,Rating Outlook Stable,,
2026-09-25,Brazil,https://www.fitchratings.com/entity/brazil-80442191,Short Term Issuer Default Rating,B,2026-06-16,Affirmed,,,
2026-09-25,Brazil,https://www.fitchratings.com/entity/brazil-80442191,Country Ceiling,BB+,2026-06-16,Affirmed,,,
2026-09-25,Brazil,https://www.fitchratings.com/entity/brazil-80442191,Local Currency Long Term Issuer Default Rating,BB,2026-06-16,Affirmed,Rating Outlook Stable,,
2026-09-25,Brazil,https://www.fitchratings.com/entity/brazil-80442191,Local Currency Short Term Issuer Default Rating,B,2026-06-16,Affirmed,,,
2026-09-25,Sociedade de Abastecimento de Agua e Saneamento S.A.,https://www.fitchratings.com/entity/sociedade-de-abastecimento-de-agua-e-saneamento-sa-96230976,National Long Term Rating,BB-(bra),2026-06-15,Downgrade,Rating Outlook Stable,,
2026-09-25,TIM Brasil Servicos e Participacoes S.A.,https://www.fitchratings.com/entity/tim-brasil-servicos-e-participacoes-sa-97462270,National Long Term Rating,AAA(bra),2026-06-15,Affirmed,Rating Outlook Stable,,
2026-09-25,TIM S.A.,https://www.fitchratings.com/entity/tim-sa-97088596,National Long Term Rating,AAA(bra),2026-06-15,Affirmed,Rating Outlook Stable,,
2026-09-25,Agencia de Fomento do Estado de Santa Catarina S.A. - Badesc,https://www.fitchratings.com/entity/agencia-de-fomento-do-estado-de-santa-catarina-sa-badesc-96804570,Long Term Issuer Default Rating,BB,2026-06-11,Affirmed,Rating Outlook Stable,,
2026-09-25,Agencia de Fomento do Estado de Santa Catarina S.A. - Badesc,https://www.fitchratings.com/entity/agencia-de-fomento-do-estado-de-santa-catarina-sa-badesc-96804570,Short Term Issuer Default Rating,B,2026-06-11,Affirmed,,,
2026-09-25,Agencia de Fomento do Estado de Santa Catarina S.A. - Badesc,https://www.fitchratings.com/entity/agencia-de-fomento-do-estado-de-santa-catarina-sa-badesc-96804570,National Long Term Rating,AAA(bra),2026-06-11,Affirmed,Rating Outlook Stable,,
2026-09-25,Agencia de Fomento do Estado de Santa Catarina S.A. - Badesc,https://www.fitchratings.com/entity/agencia-de-fomento-do-estado-de-santa-catarina-sa-badesc-96804570,Local Currency Long Term Issuer Default Rating,BB,2026-06-11,Affirmed,Rating Outlook Stable,,
2026-09-25,Agencia de Fomento do Estado de Santa Catarina S.A. - Badesc,https://www.fitchratings.com/entity/agencia-de-fomento-do-estado-de-santa-catarina-sa-badesc-96804570,National Short Term Rating,F1+(bra),2026-06-11,Affirmed,,,
2026-09-25,Agencia de Fomento do Estado de Santa Catarina S.A. - Badesc,https://www.fitchratings.com/entity/agencia-de-fomento-do-estado-de-santa-catarina-sa-badesc-96804570,Local Currency Short Term Issuer Default Rating,B,2026-06-11,Affirmed,,,
2026-09-25,Agencia de Fomento do Estado de Santa Catarina S.A. - Badesc,https://www.fitchratings.com/entity/agencia-de-fomento-do-estado-de-santa-catarina-sa-badesc-96804570,Shareholder Support Rating,bb,2026-06-11,Affirmed,,,
2026-09-25,Agencia de Fomento do Estado de Santa Catarina S.A. - Badesc,https://www.fitchratings.com/entity/agencia-de-fomento-do-estado-de-santa-catarina-sa-badesc-96804570,Support Rating,WD,2022-07-28,Withdrawn,,,
2026-09-25,Eldorado Brasil Celulose S.A.,https://www.fitchratings.com/entity/eldorado-brasil-celulose-sa-96152344,Long Term Issuer Default Rating,BB,2026-06-11,Review - No Action,Rating Outlook Stable,,
2026-09-25,Eldorado Brasil Celulose S.A.,https://www.fitchratings.com/entity/eldorado-brasil-celulose-sa-96152344,National Long Term Rating,AA+(bra),2026-06-11,Review - No Action,Rating Outlook Stable,,
2026-09-25,Eldorado Brasil Celulose S.A.,https://www.fitchratings.com/entity/eldorado-brasil-celulose-sa-96152344,Local Currency Long Term Issuer Default Rating,BB,2026-06-11,Review - No Action,Rating Outlook Stable,,
2026-09-25,Nova Occam Brasil Gestao de Recursos Ltda,https://www.fitchratings.com/entity/nova-occam-brasil-gestao-de-recursos-ltda-97491611,Investment Management Quality Rating,Strong,2026-06-10,Affirmed,Rating Outlook Stable,,
2026-09-25,Occam Brasil Gestao de Recursos Ltda.,https://www.fitchratings.com/entity/occam-brasil-gestao-de-recursos-ltda-96672817,Investment Management Quality Rating,Strong,2026-06-10,Affirmed,Rating Outlook Stable,,
2026-09-25,RNI Negocios Imobiliarios S.A.,https://www.fitchratings.com/entity/rni-negocios-imobiliarios-sa-89317063,National Long Term Rating,A-(bra),2026-06-09,Affirmed,Rating Outlook Stable,,
2026-09-25,Rodobens S.A.,https://www.fitchratings.com/entity/rodobens-sa-97239694,National Long Term Rating,AA+(bra),2026-06-09,Affirmed,Rating Outlook Stable,,
2026-09-25,Companhia Riograndense de Saneamento Corsan,https://www.fitchratings.com/entity/companhia-riograndense-de-saneamento-corsan-97071542,National Long Term Rating,AA-(bra),2026-06-09,Downgrade,Rating Outlook Stable,,
2026-09-25,Aguas Guariroba S.A.,https://www.fitchratings.com/entity/aguas-guariroba-sa-89867861,National Long Term Rating,AA-(bra),2026-06-09,Downgrade,Rating Outlook Stable,,
2026-09-25,Aegea Saneamento e Participacoes S.A.,https://www.fitchratings.com/entity/aegea-saneamento-e-participacoes-sa-91565696,Long Term Issuer Default Rating,B+,2026-06-09,Downgrade,Rating Outlook Stable,,
2026-09-25,Aegea Saneamento e Participacoes S.A.,https://www.fitchratings.com/entity/aegea-saneamento-e-participacoes-sa-91565696,Local Currency Long Term Issuer Default Rating,B+,2026-06-09,Downgrade,Rating Outlook Stable,,
2026-09-25,Aegea Saneamento e Participacoes S.A.,https://www.fitchratings.com/entity/aegea-saneamento-e-participacoes-sa-91565696,National Long Term Rating,A(bra),2026-06-09,Downgrade,Rating Outlook Stable,,
2026-09-25,Prolagos S.A. - Concessionaria de Servicos Publicos de Agua e Esgoto,https://www.fitchratings.com/entity/prolagos-sa-concessionaria-de-servicos-publicos-de-agua-e-esgoto-89867865,National Long Term Rating,AA-(bra),2026-06-09,Downgrade,Rating Outlook Stable,,
2026-09-25,Aguas de Teresina Saneamento SPE S.A.,https://www.fitchratings.com/entity/aguas-de-teresina-saneamento-spe-sa-96568164,National Long Term Rating,AA-(bra),2026-06-09,Downgrade,Rating Outlook Stable,,
2026-09-25,Blau Farmaceutica S.A.,https://www.fitchratings.com/entity/blau-farmaceutica-sa-96789775,National Long Term Rating,AA+(bra),2026-06-09,Affirmed,Rating Outlook Stable,,
2026-09-25,Enel Green Power Volta Grande S.A.,https://www.fitchratings.com/entity/enel-green-power-volta-grande-sa-96819597,National Long Term Rating,AAA(bra),2026-06-03,Affirmed,Rating Outlook Negative,,
2026-09-25,Transportadora Associada de Gas S.A. - TAG,https://www.fitchratings.com/entity/transportadora-associada-de-gas-sa-tag-96625934,Long Term Issuer Default Rating,BB+,2026-06-03,Affirmed,Rating Outlook Stable,,
2026-09-25,Transportadora Associada de Gas S.A. - TAG,https://www.fitchratings.com/entity/transportadora-associada-de-gas-sa-tag-96625934,National Long Term Rating,AAA(bra),2026-06-03,Affirmed,Rating Outlook Stable,,
2026-09-25,Transportadora Associada de Gas S.A. - TAG,https://www.fitchratings.com/entity/transportadora-associada-de-gas-sa-tag-96625934,Local Currency Long Term Issuer Default Rating,BBB-,2026-06-03,Affirmed,Rating Outlook Stable,,
2026-09-25,"Sao Paulo, State of",https://www.fitchratings.com/entity/sao-paulo-state-of-90237272,Long Term Issuer Default Rating,BB,2026-06-03,Affirmed,Rating Outlook Stable,,
2026-09-25,"Sao Paulo, State of",https://www.fitchratings.com/entity/sao-paulo-state-of-90237272,Short Term Issuer Default Rating,B,2026-06-03,Affirmed,,,
2026-09-25,"Sao Paulo, State of",https://www.fitchratings.com/entity/sao-paulo-state-of-90237272,National Long Term Rating,AAA(bra),2026-06-03,Affirmed,Rating Outlook Stable,,
2026-09-25,"Sao Paulo, State of",https://www.fitchratings.com/entity/sao-paulo-state-of-90237272,Local Currency Short Term Issuer Default Rating,B,2026-06-03,Affirmed,,,
2026-09-25,"Sao Paulo, State of",https://www.fitchratings.com/entity/sao-paulo-state-of-90237272,National Short Term Rating,F1+(bra),2026-06-03,Affirmed,,,
2026-09-25,"Sao Paulo, State of",https://www.fitchratings.com/entity/sao-paulo-state-of-90237272,Standalone Credit Profile,bb,2026-06-03,Upgrade,,,
2026-09-25,"Sao Paulo, State of",https://www.fitchratings.com/entity/sao-paulo-state-of-90237272,Local Currency Long Term Issuer Default Rating,BB,2026-06-03,Affirmed,Rating Outlook Stable,,
2026-09-25,Banco BOCOM BBM S.A.,https://www.fitchratings.com/entity/banco-bocom-bbm-sa-80732935,Long Term Issuer Default Rating,BB+,2026-06-02,Affirmed,Rating Outlook Stable,,
2026-09-25,Banco BOCOM BBM S.A.,https://www.fitchratings.com/entity/banco-bocom-bbm-sa-80732935,Short Term Issuer Default Rating,B,2026-06-02,Affirmed,,,
2026-09-25,Banco BOCOM BBM S.A.,https://www.fitchratings.com/entity/banco-bocom-bbm-sa-80732935,National Long Term Rating,AAA(bra),2026-06-02,Affirmed,Rating Outlook Stable,,
2026-09-25,Banco BOCOM BBM S.A.,https://www.fitchratings.com/entity/banco-bocom-bbm-sa-80732935,Viability Rating,bb,2026-06-02,Affirmed,,,
2026-09-25,Banco BOCOM BBM S.A.,https://www.fitchratings.com/entity/banco-bocom-bbm-sa-80732935,Local Currency Short Term Issuer Default Rating,F3,2026-06-02,Affirmed,,,
2026-09-25,Banco BOCOM BBM S.A.,https://www.fitchratings.com/entity/banco-bocom-bbm-sa-80732935,National Short Term Rating,F1+(bra),2026-06-02,Affirmed,,,
2026-09-25,Banco BOCOM BBM S.A.,https://www.fitchratings.com/entity/banco-bocom-bbm-sa-80732935,Shareholder Support Rating,bb+,2026-06-02,Affirmed,,,
2026-09-25,Banco BOCOM BBM S.A.,https://www.fitchratings.com/entity/banco-bocom-bbm-sa-80732935,Local Currency Long Term Issuer Default Rating,BBB-,2026-06-02,Affirmed,Rating Outlook Stable,,
2026-09-25,Banco BOCOM BBM S.A.,https://www.fitchratings.com/entity/banco-bocom-bbm-sa-80732935,Long Term Issuer Default Rating (xgs),BB(xgs),2026-06-02,Affirmed,,,
2026-09-25,Banco BOCOM BBM S.A.,https://www.fitchratings.com/entity/banco-bocom-bbm-sa-80732935,Short Term Issuer Default Rating (xgs),B(xgs),2026-06-02,Affirmed,,,
2026-09-25,Banco BOCOM BBM S.A.,https://www.fitchratings.com/entity/banco-bocom-bbm-sa-80732935,Local Currency Long Term Issuer Default Rating (xgs),BB(xgs),2026-06-02,Affirmed,,,
2026-09-25,Banco BOCOM BBM S.A.,https://www.fitchratings.com/entity/banco-bocom-bbm-sa-80732935,Local Currency Short Term Issuer Default Rating (xgs),B(xgs),2026-06-02,Affirmed,,,
2026-09-25,Banco BOCOM BBM S.A.,https://www.fitchratings.com/entity/banco-bocom-bbm-sa-80732935,Support Rating,WD,2022-07-19,Withdrawn,,,
2026-09-25,Companhia de Saneamento do Parana - SANEPAR,https://www.fitchratings.com/entity/companhia-de-saneamento-do-parana-sanepar-96358618,National Long Term Rating,AAA(bra),2026-06-02,Affirmed,Rating Outlook Stable,,
2026-09-25,BR Partners Banco de Investimento S.A.,https://www.fitchratings.com/entity/br-partners-banco-de-investimento-sa-94195914,National Short Term Rating,F1+(bra),2026-06-02,Affirmed,,,
2026-09-25,BR Partners Banco de Investimento S.A.,https://www.fitchratings.com/entity/br-partners-banco-de-investimento-sa-94195914,National Long Term Rating,AA(bra),2026-06-02,Affirmed,Rating Outlook Stable,,
2026-09-25,Banco ABC Brasil S.A.,https://www.fitchratings.com/entity/banco-abc-brasil-sa-80543393,Long Term Issuer Default Rating,BB+,2026-06-02,Affirmed,Rating Outlook Stable,,
2026-09-25,Banco ABC Brasil S.A.,https://www.fitchratings.com/entity/banco-abc-brasil-sa-80543393,Short Term Issuer Default Rating,B,2026-06-02,Affirmed,,,
2026-09-25,Banco ABC Brasil S.A.,https://www.fitchratings.com/entity/banco-abc-brasil-sa-80543393,Shareholder Support Rating,bb+,2026-06-02,Affirmed,,,
2026-09-25,Banco ABC Brasil S.A.,https://www.fitchratings.com/entity/banco-abc-brasil-sa-80543393,National Short Term Rating,F1+(bra),2026-06-02,Affirmed,,,
2026-09-25,Banco ABC Brasil S.A.,https://www.fitchratings.com/entity/banco-abc-brasil-sa-80543393,National Long Term Rating,AAA(bra),2026-06-02,Affirmed,Rating Outlook Stable,,
2026-09-25,Banco ABC Brasil S.A.,https://www.fitchratings.com/entity/banco-abc-brasil-sa-80543393,Local Currency Long Term Issuer Default Rating,BB+,2026-06-02,Affirmed,Rating Outlook Stable,,
2026-09-25,Banco ABC Brasil S.A.,https://www.fitchratings.com/entity/banco-abc-brasil-sa-80543393,Local Currency Short Term Issuer Default Rating,B,2026-06-02,Affirmed,,,
2026-09-25,Banco ABC Brasil S.A.,https://www.fitchratings.com/entity/banco-abc-brasil-sa-80543393,Viability Rating,bb,2026-06-02,Affirmed,,,
2026-09-25,Banco ABC Brasil S.A.,https://www.fitchratings.com/entity/banco-abc-brasil-sa-80543393,Support Rating,WD,2022-07-19,Withdrawn,,,
2026-09-25,Banco ABC Brasil S.A.,https://www.fitchratings.com/entity/banco-abc-brasil-sa-80543393,Individual Rating,WD,2012-01-25,Withdrawn,,,
2026-09-25,JSL S.A.,https://www.fitchratings.com/entity/jsl-sa-90188261,National Long Term Rating,AA(bra),2026-06-01,Affirmed,Rating Outlook Stable,,
2026-09-25,JSL S.A.,https://www.fitchratings.com/entity/jsl-sa-90188261,Local Currency Long Term Issuer Default Rating,WD,2026-06-01,Withdrawn,,,
2026-09-25,JSL S.A.,https://www.fitchratings.com/entity/jsl-sa-90188261,Long Term Issuer Default Rating,WD,2026-06-01,Withdrawn,,,
2026-09-25,Movida Participacoes S.A.,https://www.fitchratings.com/entity/movida-participacoes-sa-96487716,Long Term Issuer Default Rating,BB-,2026-06-01,Affirmed,Rating Outlook Stable,,
2026-09-25,Movida Participacoes S.A.,https://www.fitchratings.com/entity/movida-participacoes-sa-96487716,Local Currency Long Term Issuer Default Rating,BB-,2026-06-01,Affirmed,Rating Outlook Stable,,
2026-09-25,Movida Participacoes S.A.,https://www.fitchratings.com/entity/movida-participacoes-sa-96487716,National Long Term Rating,AA(bra),2026-06-01,Affirmed,Rating Outlook Stable,,
2026-09-25,Simpar S.A.,https://www.fitchratings.com/entity/simpar-sa-97012100,Long Term Issuer Default Rating,BB-,2026-06-01,Affirmed,Rating Outlook Stable,,
2026-09-25,Simpar S.A.,https://www.fitchratings.com/entity/simpar-sa-97012100,Local Currency Long Term Issuer Default Rating,BB-,2026-06-01,Affirmed,Rating Outlook Stable,,
2026-09-25,Simpar S.A.,https://www.fitchratings.com/entity/simpar-sa-97012100,National Long Term Rating,AA(bra),2026-06-01,Affirmed,Rating Outlook Stable,,
2026-09-25,"Vamos Locacao de Caminhoes, Maquinas e Equipamentos S.A.",https://www.fitchratings.com/entity/vamos-locacao-de-caminhoes-maquinas-e-equipamentos-sa-96704030,Long Term Issuer Default Rating,BB-,2026-06-01,Affirmed,Rating Outlook Stable,,
2026-09-25,"Vamos Locacao de Caminhoes, Maquinas e Equipamentos S.A.",https://www.fitchratings.com/entity/vamos-locacao-de-caminhoes-maquinas-e-equipamentos-sa-96704030,Local Currency Long Term Issuer Default Rating,BB-,2026-06-01,Affirmed,Rating Outlook Stable,,
2026-09-25,"Vamos Locacao de Caminhoes, Maquinas e Equipamentos S.A.",https://www.fitchratings.com/entity/vamos-locacao-de-caminhoes-maquinas-e-equipamentos-sa-96704030,National Long Term Rating,AA(bra),2026-06-01,Affirmed,Rating Outlook Stable,,
2026-09-25,Delfinance Sociedade de Crédito Direto S.A.,https://www.fitchratings.com/entity/delcred-sociedade-de-credito-direto-sa-97711779,National Long Term Rating,BBB(bra),2026-05-29,Affirmed,Rating Outlook Stable,,
2026-09-25,Delfinance Sociedade de Crédito Direto S.A.,https://www.fitchratings.com/entity/delcred-sociedade-de-credito-direto-sa-97711779,National Short Term Rating,F3(bra),2026-05-29,Affirmed,,,
2026-09-25,InterCement Participacoes S.A. - Em Recuperacao Judicial,https://www.fitchratings.com/entity/intercement-participacoes-sa-92950500,Long Term Issuer Default Rating,B-,2026-05-29,New Rating,Rating Outlook Stable,,
2026-09-25,InterCement Participacoes S.A. - Em Recuperacao Judicial,https://www.fitchratings.com/entity/intercement-participacoes-sa-92950500,Local Currency Long Term Issuer Default Rating,B-,2026-05-29,New Rating,Rating Outlook Stable,,
2026-09-25,InterCement Participacoes S.A. - Em Recuperacao Judicial,https://www.fitchratings.com/entity/intercement-participacoes-sa-92950500,National Long Term Rating,BB+(bra),2026-05-29,New Rating,Rating Outlook Stable,,
2026-09-25,Banco XP S.A,https://www.fitchratings.com/entity/banco-xp-sa-97172367,National Long Term Rating,AAA(bra),2026-05-28,Affirmed,Rating Outlook Stable,,
2026-09-25,Banco XP S.A,https://www.fitchratings.com/entity/banco-xp-sa-97172367,National Short Term Rating,F1+(bra),2026-05-28,Affirmed,,,
2026-09-25,Uniao Quimica Farmaceutica Nacional S.A.,https://www.fitchratings.com/entity/uniao-quimica-farmaceutica-nacional-sa-90998502,National Long Term Rating,AA-(bra),2026-05-27,Downgrade,Rating Outlook Stable,,
2026-09-25,Delga Industria e Comercio S.A.,https://www.fitchratings.com/entity/delga-industria-e-comercio-sa-97840336,National Long Term Rating,WD(bra),2026-05-25,Withdrawn,,,
2026-09-25,Vivara Participacoes S.A.,https://www.fitchratings.com/entity/vivara-participacoes-sa-97559261,National Long Term Rating,AAA(bra),2026-05-22,Affirmed,Rating Outlook Stable,,
2026-09-25,Companhia Catarinense de Aguas e Saneamento - CASAN,https://www.fitchratings.com/entity/companhia-catarinense-de-aguas-e-saneamento-casan-92740312,National Long Term Rating,A(bra),2026-05-21,Affirmed,Rating Outlook Stable,,
2026-09-25,Copel Servicos S.A.,https://www.fitchratings.com/entity/copel-servicos-sa-97607160,National Long Term Rating,AAA(bra),2026-05-15,Affirmed,Rating Outlook Stable,,
2026-09-25,Companhia Paranaense de Energia (COPEL),https://www.fitchratings.com/entity/companhia-paranaense-de-energia-copel-80614489,National Long Term Rating,AAA(bra),2026-05-15,Affirmed,Rating Outlook Stable,,
2026-09-25,Copel Distribuicao S.A.,https://www.fitchratings.com/entity/copel-distribuicao-sa-96382097,National Long Term Rating,AAA(bra),2026-05-15,Affirmed,Rating Outlook Stable,,
2026-09-25,Copel Geracao e Transmissao S.A.,https://www.fitchratings.com/entity/copel-geracao-e-transmissao-sa-96167039,National Long Term Rating,AAA(bra),2026-05-15,Affirmed,Rating Outlook Stable,,
2026-09-25,Cooperativa de Credito Crediceripa - Sicoob Crediceripa,https://www.fitchratings.com/entity/cooperativa-de-credito-crediceripa-sicoob-crediceripa-96975124,National Short Term Rating,F2(bra),2026-05-15,Affirmed,,,
2026-09-25,Cooperativa de Credito Crediceripa - Sicoob Crediceripa,https://www.fitchratings.com/entity/cooperativa-de-credito-crediceripa-sicoob-crediceripa-96975124,National Long Term Rating,A-(bra),2026-05-15,Affirmed,Rating Outlook Stable,,
2026-09-25,Cooperativa de Credito PRO - Sicoob PRO,https://www.fitchratings.com/entity/cooperativa-de-credito-pro-97696341,National Long Term Rating,A(bra),2026-05-15,Affirmed,Rating Outlook Stable,,
2026-09-25,Cooperativa de Credito PRO - Sicoob PRO,https://www.fitchratings.com/entity/cooperativa-de-credito-pro-97696341,National Short Term Rating,F1(bra),2026-05-15,Affirmed,,,
2026-09-25,Sicoob Cocred Cooperativa de Credito,https://www.fitchratings.com/entity/sicoob-cocred-cooperativa-de-credito-97262424,National Long Term Rating,A+(bra),2026-05-15,Affirmed,Rating Outlook Stable,,
2026-09-25,Sicoob Cocred Cooperativa de Credito,https://www.fitchratings.com/entity/sicoob-cocred-cooperativa-de-credito-97262424,National Short Term Rating,F1(bra),2026-05-15,Affirmed,,,
2026-09-25,Cooperativa de Credito Sicoob Engecred Ltda,https://www.fitchratings.com/entity/cooperativa-de-credito-de-livre-admissao-de-goiania-e-regiao-ltda-sicoob-engecred-go-96741018,National Long Term Rating,A+(bra),2026-05-15,Affirmed,Rating Outlook Positive,,
2026-09-25,Cooperativa de Credito Sicoob Engecred Ltda,https://www.fitchratings.com/entity/cooperativa-de-credito-de-livre-admissao-de-goiania-e-regiao-ltda-sicoob-engecred-go-96741018,National Short Term Rating,F1(bra),2026-05-15,Affirmed,,,
2026-09-25,Cooperativa de Credito de Livre Admissao de Associados - Sicoob Maxicredito,https://www.fitchratings.com/entity/cooperativa-de-credito-maxi-alfa-de-livre-admissao-de-associados-sicoob-maxicredito-97484132,National Short Term Rating,F1(bra),2026-05-15,Affirmed,,,
2026-09-25,Cooperativa de Credito de Livre Admissao de Associados - Sicoob Maxicredito,https://www.fitchratings.com/entity/cooperativa-de-credito-maxi-alfa-de-livre-admissao-de-associados-sicoob-maxicredito-97484132,National Long Term Rating,A(bra),2026-05-15,Affirmed,Rating Outlook Stable,,
2026-09-25,Cooperativa de Credito Credicocapec - Sicoob Credicocapec,https://www.fitchratings.com/entity/cooperativa-de-credito-credicocapec-sicoob-credicocapec-97770296,National Long Term Rating,A+(bra),2026-05-15,Affirmed,Rating Outlook Stable,,
2026-09-25,Cooperativa de Credito Credicocapec - Sicoob Credicocapec,https://www.fitchratings.com/entity/cooperativa-de-credito-credicocapec-sicoob-credicocapec-97770296,National Short Term Rating,F1(bra),2026-05-15,Affirmed,,,
2026-09-25,Cooperativa de Credito Credicitrus - Sicoob Credicitrus,https://www.fitchratings.com/entity/cooperativa-de-credito-credicitrus-sicoob-credicitrus-96730168,National Long Term Rating,AA+(bra),2026-05-15,Affirmed,Rating Outlook Stable,,
2026-09-25,Cooperativa de Credito Credicitrus - Sicoob Credicitrus,https://www.fitchratings.com/entity/cooperativa-de-credito-credicitrus-sicoob-credicitrus-96730168,National Short Term Rating,F1+(bra),2026-05-15,Affirmed,,,
2026-09-25,Banco do Estado de Sergipe S.A.,https://www.fitchratings.com/entity/banco-do-estado-de-sergipe-sa-90253862,National Long Term Rating,AA+(bra),2026-05-12,Affirmed,Rating Outlook Stable,,
2026-09-25,Banco do Estado de Sergipe S.A.,https://www.fitchratings.com/entity/banco-do-estado-de-sergipe-sa-90253862,National Short Term Rating,F1+(bra),2026-05-12,Affirmed,,,
2026-09-25,Banco do Estado de Sergipe S.A.,https://www.fitchratings.com/entity/banco-do-estado-de-sergipe-sa-90253862,Support Rating,WD,2011-12-15,Withdrawn,,,
2026-09-25,JBS S.A.,https://www.fitchratings.com/entity/jbs-sa-87468174,Long Term Issuer Default Rating,BBB-,2026-05-12,Affirmed,Rating Outlook Stable,,
2026-09-25,JBS S.A.,https://www.fitchratings.com/entity/jbs-sa-87468174,National Long Term Rating,AAA(bra),2026-05-12,Affirmed,Rating Outlook Stable,,
2026-09-25,JBS S.A.,https://www.fitchratings.com/entity/jbs-sa-87468174,Local Currency Long Term Issuer Default Rating,BBB-,2026-05-12,Affirmed,Rating Outlook Stable,,
2026-09-25,JBS N.V.,https://www.fitchratings.com/entity/jbs-nv-97812999,Long Term Issuer Default Rating,BBB-,2026-05-12,Affirmed,Rating Outlook Stable,,
2026-09-25,JBS N.V.,https://www.fitchratings.com/entity/jbs-nv-97812999,Short Term Issuer Default Rating,F3,2026-05-12,Affirmed,,,
2026-09-25,JBS N.V.,https://www.fitchratings.com/entity/jbs-nv-97812999,National Long Term Rating,AAA(bra),2026-05-12,New Rating,Rating Outlook Stable,,
2026-09-25,JBS N.V.,https://www.fitchratings.com/entity/jbs-nv-97812999,Local Currency Long Term Issuer Default Rating,BBB-,2026-05-12,New Rating,Rating Outlook Stable,,
2026-09-25,Banco do Estado do Rio Grande do Sul S.A.,https://www.fitchratings.com/entity/banco-do-estado-do-rio-grande-do-sul-sa-80480833,Long Term Issuer Default Rating,BB-,2026-05-12,Affirmed,Rating Outlook Stable,,
2026-09-25,Banco do Estado do Rio Grande do Sul S.A.,https://www.fitchratings.com/entity/banco-do-estado-do-rio-grande-do-sul-sa-80480833,Short Term Issuer Default Rating,B,2026-05-12,Affirmed,,,
2026-09-25,Banco do Estado do Rio Grande do Sul S.A.,https://www.fitchratings.com/entity/banco-do-estado-do-rio-grande-do-sul-sa-80480833,Local Currency Long Term Issuer Default Rating,BB-,2026-05-12,Affirmed,Rating Outlook Stable,,
2026-09-25,Banco do Estado do Rio Grande do Sul S.A.,https://www.fitchratings.com/entity/banco-do-estado-do-rio-grande-do-sul-sa-80480833,National Long Term Rating,AA+(bra),2026-05-12,Affirmed,Rating Outlook Stable,,
2026-09-25,Banco do Estado do Rio Grande do Sul S.A.,https://www.fitchratings.com/entity/banco-do-estado-do-rio-grande-do-sul-sa-80480833,Shareholder Support Rating,bb-,2026-05-12,Affirmed,,,
2026-09-25,Banco do Estado do Rio Grande do Sul S.A.,https://www.fitchratings.com/entity/banco-do-estado-do-rio-grande-do-sul-sa-80480833,Local Currency Short Term Issuer Default Rating,B,2026-05-12,Affirmed,,,
2026-09-25,Banco do Estado do Rio Grande do Sul S.A.,https://www.fitchratings.com/entity/banco-do-estado-do-rio-grande-do-sul-sa-80480833,National Short Term Rating,F1+(bra),2026-05-12,Affirmed,,,
2026-09-25,Banco do Estado do Rio Grande do Sul S.A.,https://www.fitchratings.com/entity/banco-do-estado-do-rio-grande-do-sul-sa-80480833,Viability Rating,bb-,2026-05-12,Affirmed,,,
2026-09-25,Banco do Estado do Rio Grande do Sul S.A.,https://www.fitchratings.com/entity/banco-do-estado-do-rio-grande-do-sul-sa-80480833,Government Support Rating,WD,2022-07-15,Withdrawn,,,
2026-09-25,Banco do Estado do Rio Grande do Sul S.A.,https://www.fitchratings.com/entity/banco-do-estado-do-rio-grande-do-sul-sa-80480833,Support Rating,WD,2022-06-13,Withdrawn,,,
2026-09-25,Banco do Estado do Rio Grande do Sul S.A.,https://www.fitchratings.com/entity/banco-do-estado-do-rio-grande-do-sul-sa-80480833,Support Rating Floor,WD,2022-06-13,Withdrawn,,,
2026-09-25,Banestes S.A. - Banco do Estado do Espirito Santo,https://www.fitchratings.com/entity/banestes-sa-banco-do-estado-do-espirito-santo-94984690,Long Term Issuer Default Rating,BB-,2026-05-12,Affirmed,Rating Outlook Stable,,
2026-09-25,Banestes S.A. - Banco do Estado do Espirito Santo,https://www.fitchratings.com/entity/banestes-sa-banco-do-estado-do-espirito-santo-94984690,Short Term Issuer Default Rating,B,2026-05-12,Affirmed,,,
2026-09-25,Banestes S.A. - Banco do Estado do Espirito Santo,https://www.fitchratings.com/entity/banestes-sa-banco-do-estado-do-espirito-santo-94984690,National Short Term Rating,F1+(bra),2026-05-12,Affirmed,,,
2026-09-25,Banestes S.A. - Banco do Estado do Espirito Santo,https://www.fitchratings.com/entity/banestes-sa-banco-do-estado-do-espirito-santo-94984690,Shareholder Support Rating,bb-,2026-05-12,Affirmed,,,
2026-09-25,Banestes S.A. - Banco do Estado do Espirito Santo,https://www.fitchratings.com/entity/banestes-sa-banco-do-estado-do-espirito-santo-94984690,National Long Term Rating,AA+(bra),2026-05-12,Affirmed,Rating Outlook Stable,,
2026-09-25,Banestes S.A. - Banco do Estado do Espirito Santo,https://www.fitchratings.com/entity/banestes-sa-banco-do-estado-do-espirito-santo-94984690,Viability Rating,bb-,2026-05-12,Affirmed,,,
2026-09-25,Banestes S.A. - Banco do Estado do Espirito Santo,https://www.fitchratings.com/entity/banestes-sa-banco-do-estado-do-espirito-santo-94984690,Local Currency Long Term Issuer Default Rating,BB-,2026-05-12,Affirmed,Rating Outlook Stable,,
2026-09-25,Banestes S.A. - Banco do Estado do Espirito Santo,https://www.fitchratings.com/entity/banestes-sa-banco-do-estado-do-espirito-santo-94984690,Local Currency Short Term Issuer Default Rating,B,2026-05-12,Affirmed,,,
2026-09-25,Banestes S.A. - Banco do Estado do Espirito Santo,https://www.fitchratings.com/entity/banestes-sa-banco-do-estado-do-espirito-santo-94984690,Support Rating,WD,2022-06-13,Withdrawn,,,
2026-09-25,Banco de Desenvolvimento do Espirito Santo S.A.,https://www.fitchratings.com/entity/banco-de-desenvolvimento-do-espirito-santo-sa-97043997,Long Term Issuer Default Rating,BB,2026-05-06,Affirmed,Rating Outlook Stable,,
2026-09-25,Banco de Desenvolvimento do Espirito Santo S.A.,https://www.fitchratings.com/entity/banco-de-desenvolvimento-do-espirito-santo-sa-97043997,Short Term Issuer Default Rating,B,2026-05-06,Affirmed,,,
2026-09-25,Banco de Desenvolvimento do Espirito Santo S.A.,https://www.fitchratings.com/entity/banco-de-desenvolvimento-do-espirito-santo-sa-97043997,Shareholder Support Rating,bb,2026-05-06,Affirmed,,,
2026-09-25,Banco de Desenvolvimento do Espirito Santo S.A.,https://www.fitchratings.com/entity/banco-de-desenvolvimento-do-espirito-santo-sa-97043997,Local Currency Short Term Issuer Default Rating,B,2026-05-06,Affirmed,,,
2026-09-25,Banco de Desenvolvimento do Espirito Santo S.A.,https://www.fitchratings.com/entity/banco-de-desenvolvimento-do-espirito-santo-sa-97043997,National Short Term Rating,F1+(bra),2026-05-06,Affirmed,,,
2026-09-25,Banco de Desenvolvimento do Espirito Santo S.A.,https://www.fitchratings.com/entity/banco-de-desenvolvimento-do-espirito-santo-sa-97043997,National Long Term Rating,AAA(bra),2026-05-06,Affirmed,Rating Outlook Stable,,
2026-09-25,Banco de Desenvolvimento do Espirito Santo S.A.,https://www.fitchratings.com/entity/banco-de-desenvolvimento-do-espirito-santo-sa-97043997,Local Currency Long Term Issuer Default Rating,BB,2026-05-06,Affirmed,Rating Outlook Stable,,
2026-09-25,Banco de Desenvolvimento do Espirito Santo S.A.,https://www.fitchratings.com/entity/banco-de-desenvolvimento-do-espirito-santo-sa-97043997,Support Rating,WD,2022-07-28,Withdrawn,,,
2026-09-25,Banco Regional de Desenvolvimento do Extremo Sul (BRDE),https://www.fitchratings.com/entity/banco-regional-de-desenvolvimento-do-extremo-sul-brde-85210273,Long Term Issuer Default Rating,BB,2026-05-06,Affirmed,Rating Outlook Stable,,
2026-09-25,Banco Regional de Desenvolvimento do Extremo Sul (BRDE),https://www.fitchratings.com/entity/banco-regional-de-desenvolvimento-do-extremo-sul-brde-85210273,Short Term Issuer Default Rating,B,2026-05-06,Affirmed,,,
2026-09-25,Banco Regional de Desenvolvimento do Extremo Sul (BRDE),https://www.fitchratings.com/entity/banco-regional-de-desenvolvimento-do-extremo-sul-brde-85210273,Local Currency Long Term Issuer Default Rating,BB,2026-05-06,Affirmed,Rating Outlook Stable,,
2026-09-25,Banco Regional de Desenvolvimento do Extremo Sul (BRDE),https://www.fitchratings.com/entity/banco-regional-de-desenvolvimento-do-extremo-sul-brde-85210273,National Long Term Rating,AAA(bra),2026-05-06,Affirmed,Rating Outlook Stable,,
2026-09-25,Banco Regional de Desenvolvimento do Extremo Sul (BRDE),https://www.fitchratings.com/entity/banco-regional-de-desenvolvimento-do-extremo-sul-brde-85210273,Local Currency Short Term Issuer Default Rating,B,2026-05-06,Affirmed,,,
2026-09-25,Banco Regional de Desenvolvimento do Extremo Sul (BRDE),https://www.fitchratings.com/entity/banco-regional-de-desenvolvimento-do-extremo-sul-brde-85210273,National Short Term Rating,F1+(bra),2026-05-06,Affirmed,,,
2026-09-25,Banco Regional de Desenvolvimento do Extremo Sul (BRDE),https://www.fitchratings.com/entity/banco-regional-de-desenvolvimento-do-extremo-sul-brde-85210273,Shareholder Support Rating,bb,2026-05-06,Affirmed,,,
2026-09-25,Banco Regional de Desenvolvimento do Extremo Sul (BRDE),https://www.fitchratings.com/entity/banco-regional-de-desenvolvimento-do-extremo-sul-brde-85210273,Support Rating,WD,2022-07-28,Withdrawn,,,
2026-09-25,Banco Regional de Desenvolvimento do Extremo Sul (BRDE),https://www.fitchratings.com/entity/banco-regional-de-desenvolvimento-do-extremo-sul-brde-85210273,Support Rating Floor,WD,2012-06-26,Withdrawn,,,
2026-09-25,Banco Regional de Desenvolvimento do Extremo Sul (BRDE),https://www.fitchratings.com/entity/banco-regional-de-desenvolvimento-do-extremo-sul-brde-85210273,Viability Rating,WD,2012-06-26,Withdrawn,,,
2026-09-25,Banco Regional de Desenvolvimento do Extremo Sul (BRDE),https://www.fitchratings.com/entity/banco-regional-de-desenvolvimento-do-extremo-sul-brde-85210273,Individual Rating,WD,2012-01-25,Withdrawn,,,
2026-09-25,"Maranhao, State of",https://www.fitchratings.com/entity/maranhao-state-of-92198092,National Short Term Rating,WD(bra),2026-05-06,Withdrawn,,,
2026-09-25,"Maranhao, State of",https://www.fitchratings.com/entity/maranhao-state-of-92198092,National Long Term Rating,WD(bra),2026-05-06,Withdrawn,,,
2026-09-25,"Maranhao, State of",https://www.fitchratings.com/entity/maranhao-state-of-92198092,Short Term Issuer Default Rating,WD,2026-05-06,Withdrawn,,,
2026-09-25,"Maranhao, State of",https://www.fitchratings.com/entity/maranhao-state-of-92198092,Local Currency Long Term Issuer Default Rating,WD,2026-05-06,Withdrawn,,,
2026-09-25,"Maranhao, State of",https://www.fitchratings.com/entity/maranhao-state-of-92198092,Standalone Credit Profile,WD,2026-05-06,Withdrawn,,,
2026-09-25,"Maranhao, State of",https://www.fitchratings.com/entity/maranhao-state-of-92198092,Local Currency Short Term Issuer Default Rating,WD,2026-05-06,Withdrawn,,,
2026-09-25,"Maranhao, State of",https://www.fitchratings.com/entity/maranhao-state-of-92198092,Long Term Issuer Default Rating,WD,2026-05-06,Withdrawn,,,
2026-09-25,Pastificio Selmi S.A.,https://www.fitchratings.com/entity/pastificio-selmi-sa-96566506,National Long Term Rating,AA-(bra),2026-05-06,Affirmed,Rating Outlook Stable,,
2026-09-25,Aguas da Imperatriz S.A.,https://www.fitchratings.com/entity/aguas-da-imperatriz-sa-97766000,National Long Term Rating,AAA(bra),2026-05-04,Affirmed,Rating Outlook Stable,,
2026-09-25,Aguas do Paraiba S.A.,https://www.fitchratings.com/entity/aguas-do-paraiba-sa-97598672,National Long Term Rating,AAA(bra),2026-05-04,Affirmed,Rating Outlook Stable,,
2026-09-25,Saneamento Ambiental Aguas do Brasil S.A.,https://www.fitchratings.com/entity/saneamento-ambiental-aguas-do-brasil-sa-92753891,National Long Term Rating,AAA(bra),2026-05-04,Affirmed,Rating Outlook Stable,,
2026-09-25,Concessionaria Aguas de Juturnaiba S.A.,https://www.fitchratings.com/entity/concessionaria-aguas-de-juturnaiba-sa-97070967,National Long Term Rating,AAA(bra),2026-05-04,Affirmed,Rating Outlook Stable,,
2026-09-25,Smartfit Escola de Ginastica e Danca S.A.,https://www.fitchratings.com/entity/smartfit-escola-de-ginastica-e-danca-sa-96173422,National Long Term Rating,AA+(bra),2026-05-04,Affirmed,Rating Outlook Stable,,
2026-09-25,Energisa S.A.,https://www.fitchratings.com/entity/energisa-sa-83598865,Long Term Issuer Default Rating,BB,2026-04-30,Downgrade,Rating Outlook Stable,,
2026-09-25,Energisa S.A.,https://www.fitchratings.com/entity/energisa-sa-83598865,Local Currency Long Term Issuer Default Rating,BB,2026-04-30,Downgrade,Rating Outlook Stable,,
2026-09-25,Energisa S.A.,https://www.fitchratings.com/entity/energisa-sa-83598865,National Long Term Rating,AA+(bra),2026-04-30,Downgrade,Rating Outlook Stable,,
2026-09-25,Energisa Rondonia Distribuidora de Energia S.A.,https://www.fitchratings.com/entity/energisa-rondonia-distribuidora-de-energia-sa-97096965,National Long Term Rating,AA+(bra),2026-04-30,Downgrade,Rating Outlook Stable,,
2026-09-25,Energisa Sergipe - Distribuidora de Energia S/A,https://www.fitchratings.com/entity/energisa-sergipe-distribuidora-de-energia-s-a-83215018,Long Term Issuer Default Rating,BB,2026-04-30,Downgrade,Rating Outlook Stable,,
2026-09-25,Energisa Sergipe - Distribuidora de Energia S/A,https://www.fitchratings.com/entity/energisa-sergipe-distribuidora-de-energia-s-a-83215018,Local Currency Long Term Issuer Default Rating,BB,2026-04-30,Downgrade,Rating Outlook Stable,,
2026-09-25,Energisa Sergipe - Distribuidora de Energia S/A,https://www.fitchratings.com/entity/energisa-sergipe-distribuidora-de-energia-s-a-83215018,National Long Term Rating,AA+(bra),2026-04-30,Downgrade,Rating Outlook Stable,,
2026-09-25,Energisa Minas Rio - Distribuidora de Energia S.A.,https://www.fitchratings.com/entity/energisa-minas-gerais-distribuidora-de-energia-s-a-83598868,Long Term Issuer Default Rating,BB,2026-04-30,Downgrade,Rating Outlook Stable,,
2026-09-25,Energisa Minas Rio - Distribuidora de Energia S.A.,https://www.fitchratings.com/entity/energisa-minas-gerais-distribuidora-de-energia-s-a-83598868,Local Currency Long Term Issuer Default Rating,BB,2026-04-30,Downgrade,Rating Outlook Stable,,
2026-09-25,Energisa Minas Rio - Distribuidora de Energia S.A.,https://www.fitchratings.com/entity/energisa-minas-gerais-distribuidora-de-energia-s-a-83598868,National Long Term Rating,AA+(bra),2026-04-30,Downgrade,Rating Outlook Stable,,
2026-09-25,Energisa Tocantins - Distribuidora de Energia S/A,https://www.fitchratings.com/entity/energisa-tocantins-distribuidora-de-energia-s-a-96689844,National Long Term Rating,AA+(bra),2026-04-30,Downgrade,Rating Outlook Stable,,
2026-09-25,Energisa Paraiba - Distribuidora de Energia S/A,https://www.fitchratings.com/entity/energisa-paraiba-distribuidora-de-energia-s-a-83215024,Long Term Issuer Default Rating,BB,2026-04-30,Downgrade,Rating Outlook Stable,,
2026-09-25,Energisa Paraiba - Distribuidora de Energia S/A,https://www.fitchratings.com/entity/energisa-paraiba-distribuidora-de-energia-s-a-83215024,National Long Term Rating,AA+(bra),2026-04-30,Downgrade,Rating Outlook Stable,,
2026-09-25,Energisa Paraiba - Distribuidora de Energia S/A,https://www.fitchratings.com/entity/energisa-paraiba-distribuidora-de-energia-s-a-83215024,Local Currency Long Term Issuer Default Rating,BB,2026-04-30,Downgrade,Rating Outlook Stable,,
2026-09-25,Energisa Transmissao de Energia S.A.,https://www.fitchratings.com/entity/energisa-transmissao-de-energia-sa-96724735,National Long Term Rating,AA+(bra),2026-04-30,Downgrade,Rating Outlook Stable,,
2026-09-25,Energisa Mato Grosso do Sul - Distribuidora de Energia S.A.,https://www.fitchratings.com/entity/energisa-mato-grosso-do-sul-distribuidora-de-energia-sa-96223276,National Long Term Rating,AA+(bra),2026-04-30,Downgrade,Rating Outlook Stable,,
2026-09-25,Energisa Mato Grosso - Distribuidora de Energia S.A.,https://www.fitchratings.com/entity/energisa-mato-grosso-distribuidora-de-energia-sa-96223279,National Long Term Rating,AA+(bra),2026-04-30,Downgrade,Rating Outlook Stable,,
2026-09-25,Energisa Acre - Distribuidora de Energia S.A.,https://www.fitchratings.com/entity/energisa-acre-distribuidora-de-energia-sa-97096959,National Long Term Rating,AA+(bra),2026-04-30,Downgrade,Rating Outlook Stable,,
2026-09-25,Alsol Energias Renovaveis S.A.,https://www.fitchratings.com/entity/alsol-energias-renovaveis-96810835,National Long Term Rating,AA+(bra),2026-04-30,Downgrade,Rating Outlook Stable,,
2026-09-25,Energisa Sul Sudeste - Distribuidora de Energia S/A,https://www.fitchratings.com/entity/energisa-sul-sudeste-distribuidora-de-energia-s-a-96689833,National Long Term Rating,AA+(bra),2026-04-30,Downgrade,Rating Outlook Stable,,
2026-09-25,Telefonica Brasil S.A.,https://www.fitchratings.com/entity/telefonica-brasil-sa-88576199,National Long Term Rating,AAA(bra),2026-04-30,Affirmed,Rating Outlook Stable,,
2026-09-25,Cogna Educacao S.A.,https://www.fitchratings.com/entity/cogna-educacao-sa-92741290,National Long Term Rating,AA+(bra),2026-04-29,Affirmed,Rating Outlook Positive,,
2026-09-25,Saber Servicos Educacionais S.A.,https://www.fitchratings.com/entity/saber-servicos-educacionais-sa-96663570,National Long Term Rating,WD(bra),2026-04-29,Withdrawn,,,
2026-09-25,"Multiplike Financeira S.A. Sociedade De Credito, Financiamento E Investimento",https://www.fitchratings.com/entity/multiplike-financeira-sa-sociedade-de-credito-financiamento-e-investimento-97880687,National Long Term Rating,BB(bra),2026-04-29,New Rating,Rating Outlook Stable,,
2026-09-25,"Multiplike Financeira S.A. Sociedade De Credito, Financiamento E Investimento",https://www.fitchratings.com/entity/multiplike-financeira-sa-sociedade-de-credito-financiamento-e-investimento-97880687,National Short Term Rating,B(bra),2026-04-29,New Rating,,,
2026-09-25,Senior Sistemas S.A.,https://www.fitchratings.com/entity/senior-sistemas-sa-97810907,National Long Term Rating,AA(bra),2026-04-28,New Rating,Rating Outlook Stable,,
2026-09-25,Banco Mercedes-Benz do Brasil S.A.,https://www.fitchratings.com/entity/banco-mercedes-benz-do-brasil-sa-91896832,National Short Term Rating,WD(bra),2026-04-27,Withdrawn,,,
2026-09-25,Banco Mercedes-Benz do Brasil S.A.,https://www.fitchratings.com/entity/banco-mercedes-benz-do-brasil-sa-91896832,National Long Term Rating,WD(bra),2026-04-27,Withdrawn,,,
2026-09-25,Eletropaulo Metropolitana Eletricidade de Sao Paulo S.A.,https://www.fitchratings.com/entity/eletropaulo-metropolitana-eletricidade-de-sao-paulo-sa-80464130,National Long Term Rating,AA+(bra),2026-04-24,Downgrade,Rating Outlook Negative,,
2026-09-25,Eletropaulo Metropolitana Eletricidade de Sao Paulo S.A.,https://www.fitchratings.com/entity/eletropaulo-metropolitana-eletricidade-de-sao-paulo-sa-80464130,Local Currency Long Term Issuer Default Rating,WD,2020-07-20,Withdrawn,,,
2026-09-25,Eletropaulo Metropolitana Eletricidade de Sao Paulo S.A.,https://www.fitchratings.com/entity/eletropaulo-metropolitana-eletricidade-de-sao-paulo-sa-80464130,Long Term Issuer Default Rating,WD,2020-07-20,Withdrawn,,,
2026-09-25,Companhia Energetica do Ceara,https://www.fitchratings.com/entity/companhia-energetica-do-ceara-96574578,National Long Term Rating,AA+(bra),2026-04-24,Downgrade,Rating Outlook Negative,,
2026-09-25,Ampla Energia e Servicos S.A.,https://www.fitchratings.com/entity/ampla-energia-e-servicos-sa-96591706,National Long Term Rating,AA+(bra),2026-04-24,Downgrade,Rating Outlook Negative,,
2026-09-25,Enel Brasil S.A.,https://www.fitchratings.com/entity/enel-brasil-sa-96574575,National Long Term Rating,AA+(bra),2026-04-24,Downgrade,Rating Outlook Negative,,
2026-09-25,Rede D'Or Sao Luiz S.A.,https://www.fitchratings.com/entity/rede-dor-sao-luiz-sa-96193829,Long Term Issuer Default Rating,BB+,2026-04-20,Affirmed,Rating Outlook Stable,,
2026-09-25,Rede D'Or Sao Luiz S.A.,https://www.fitchratings.com/entity/rede-dor-sao-luiz-sa-96193829,National Long Term Rating,AAA(bra),2026-04-20,Affirmed,Rating Outlook Stable,,
2026-09-25,Rede D'Or Sao Luiz S.A.,https://www.fitchratings.com/entity/rede-dor-sao-luiz-sa-96193829,Local Currency Long Term Issuer Default Rating,BB+,2026-04-20,Downgrade,Rating Outlook Stable,,
2026-09-25,Hospital Esperanca S.A.,https://www.fitchratings.com/entity/hospital-esperanca-sa-97686959,National Long Term Rating,AAA(bra),2026-04-20,Affirmed,Rating Outlook Stable,,
2026-09-25,BRB - Banco de Brasilia S.A.,https://www.fitchratings.com/entity/brb-banco-de-brasilia-sa-93215290,National Long Term Rating,WD(bra),2026-04-20,Withdrawn,,,
2026-09-25,BRB - Banco de Brasilia S.A.,https://www.fitchratings.com/entity/brb-banco-de-brasilia-sa-93215290,Viability Rating,WD,2026-04-20,Withdrawn,Rating Watch Off,,
2026-09-25,BRB - Banco de Brasilia S.A.,https://www.fitchratings.com/entity/brb-banco-de-brasilia-sa-93215290,Long Term Issuer Default Rating,WD,2026-04-20,Withdrawn,,,
2026-09-25,BRB - Banco de Brasilia S.A.,https://www.fitchratings.com/entity/brb-banco-de-brasilia-sa-93215290,Government Support Rating,WD,2026-04-20,Withdrawn,,,
2026-09-25,BRB - Banco de Brasilia S.A.,https://www.fitchratings.com/entity/brb-banco-de-brasilia-sa-93215290,National Short Term Rating,WD(bra),2026-04-20,Withdrawn,,,
2026-09-25,BRB - Banco de Brasilia S.A.,https://www.fitchratings.com/entity/brb-banco-de-brasilia-sa-93215290,Local Currency Short Term Issuer Default Rating,WD,2026-04-20,Withdrawn,,,
2026-09-25,BRB - Banco de Brasilia S.A.,https://www.fitchratings.com/entity/brb-banco-de-brasilia-sa-93215290,Local Currency Long Term Issuer Default Rating,WD,2026-04-20,Withdrawn,,,
2026-09-25,BRB - Banco de Brasilia S.A.,https://www.fitchratings.com/entity/brb-banco-de-brasilia-sa-93215290,Short Term Issuer Default Rating,WD,2026-04-20,Withdrawn,,,
2026-09-25,BRB - Banco de Brasilia S.A.,https://www.fitchratings.com/entity/brb-banco-de-brasilia-sa-93215290,Shareholder Support Rating,WD,2025-11-25,Withdrawn,,,
2026-09-25,BRB - Banco de Brasilia S.A.,https://www.fitchratings.com/entity/brb-banco-de-brasilia-sa-93215290,Support Rating,WD,2022-03-11,Withdrawn,,,
2026-09-25,Eurofarma Laboratorios S.A.,https://www.fitchratings.com/entity/eurofarma-laboratorios-sa-96581229,National Long Term Rating,AAA(bra),2026-04-17,Affirmed,Rating Outlook Stable,,
2026-09-25,Hospital Mater Dei SA,https://www.fitchratings.com/entity/hospital-mater-dei-sa-97281888,National Long Term Rating,AA+(bra),2026-04-17,Affirmed,Rating Outlook Stable,,
2026-09-25,Plural Gestao de Recursos Ltda.,https://www.fitchratings.com/entity/brasil-plural-gestao-de-recursos-ltda-91932293,Investment Management Quality Rating,Excellent,2026-04-15,Affirmed,Rating Outlook Stable,,
2026-09-25,Plural Gestao de Recursos Ltda.,https://www.fitchratings.com/entity/brasil-plural-gestao-de-recursos-ltda-91932293,Asset Manager Rating,WD,2017-03-06,Withdrawn,,,
2026-09-25,Plural Gestao de Recursos Ltda.,https://www.fitchratings.com/entity/brasil-plural-gestao-de-recursos-ltda-91932293,National Asset Manager Rating,WD(bra),2013-04-23,Withdrawn,,,
2026-09-25,Plural Investimentos Gestao de Recursos Ltda.,https://www.fitchratings.com/entity/plural-investimentos-gestao-de-recursos-ltda-96827685,Investment Management Quality Rating,Excellent,2026-04-15,Upgrade,Rating Outlook Stable,,
2026-09-25,Empreendimentos Pague Menos S.A.,https://www.fitchratings.com/entity/empreendimentos-pague-menos-sa-91480690,National Long Term Rating,AA-(bra),2026-04-14,Affirmed,Rating Outlook Positive,,
2026-09-25,Bradseg Participacoes S.A.,https://www.fitchratings.com/entity/bradseg-participacoes-sa-97341773,Local Currency Long Term Issuer Default Rating,BB+,2026-04-08,Affirmed,Rating Outlook Stable,,
2026-09-25,Bradseg Participacoes S.A.,https://www.fitchratings.com/entity/bradseg-participacoes-sa-97341773,National Long Term Rating,AAA(bra),2026-04-08,Affirmed,Rating Outlook Stable,,
2026-09-25,Oncoclinicas do Brasil Servicos Medicos S.A.,https://www.fitchratings.com/entity/oncoclinicas-do-brasil-servicos-medicos-sa-97385347,National Long Term Rating,RD(bra),2026-04-07,Downgrade,,,
2026-09-25,Cooperativa de Economia e Credito Mutuo dos Medicos de Porto Alegre Ltda. - Unicred Porto Alegre,https://www.fitchratings.com/entity/cooperativa-de-economia-e-credito-mutuo-dos-medicos-de-porto-alegre-ltda-unicred-porto-alegre-97402946,National Long Term Rating,A(bra),2026-04-07,Review - No Action,Rating Outlook Stable,,
2026-09-25,Cooperativa de Economia e Credito Mutuo dos Medicos de Porto Alegre Ltda. - Unicred Porto Alegre,https://www.fitchratings.com/entity/cooperativa-de-economia-e-credito-mutuo-dos-medicos-de-porto-alegre-ltda-unicred-porto-alegre-97402946,National Short Term Rating,F1(bra),2026-04-07,Review - No Action,,,
2026-09-25,Cooperativa De Credito Unicred Valor Capital Ltda - Unicred Valor Capital,https://www.fitchratings.com/entity/cooperativa-de-credito-unicred-da-grande-florianopolis-ltda-unicred-florianopolis-96855758,National Long Term Rating,A+(bra),2026-04-07,Review - No Action,Rating Outlook Stable,,
2026-09-25,Cooperativa De Credito Unicred Valor Capital Ltda - Unicred Valor Capital,https://www.fitchratings.com/entity/cooperativa-de-credito-unicred-da-grande-florianopolis-ltda-unicred-florianopolis-96855758,National Short Term Rating,F1(bra),2026-04-07,Review - No Action,,,
2026-09-25,Cooperativa de Credito Unicred do Estado de Sao Paulo Ltda,https://www.fitchratings.com/entity/cooperativa-de-econ-e-cred-mutuo-dos-medicos-e-demais-profissionais-da-area-de-saude-do-estado-de-sao-paulo-ltda-unicred-do-estado-de-sao-paulo-97419789,National Short Term Rating,F1(bra),2026-04-07,Review - No Action,,,
2026-09-25,Cooperativa de Credito Unicred do Estado de Sao Paulo Ltda,https://www.fitchratings.com/entity/cooperativa-de-econ-e-cred-mutuo-dos-medicos-e-demais-profissionais-da-area-de-saude-do-estado-de-sao-paulo-ltda-unicred-do-estado-de-sao-paulo-97419789,National Long Term Rating,A(bra),2026-04-07,Review - No Action,Rating Outlook Stable,,
2026-09-25,Cooperativa de Credito Unicred Centro-Sul Ltda. - Unicred Centro-Sul,https://www.fitchratings.com/entity/cooperativa-de-credito-unicred-sul-catarinense-ltda-unicred-sul-catarinense-96856408,National Short Term Rating,F1(bra),2026-04-07,Review - No Action,,,
2026-09-25,Cooperativa de Credito Unicred Centro-Sul Ltda. - Unicred Centro-Sul,https://www.fitchratings.com/entity/cooperativa-de-credito-unicred-sul-catarinense-ltda-unicred-sul-catarinense-96856408,National Long Term Rating,A(bra),2026-04-07,Review - No Action,Rating Outlook Positive,,
2026-09-25,Cooperativa de Credito Unicred Uniao Ltda - Unicred Uniao,https://www.fitchratings.com/entity/cooperativa-de-credito-unicred-uniao-ltda-unicred-uniao-96855738,National Short Term Rating,F2(bra),2026-04-07,Review - No Action,,,
2026-09-25,Cooperativa de Credito Unicred Uniao Ltda - Unicred Uniao,https://www.fitchratings.com/entity/cooperativa-de-credito-unicred-uniao-ltda-unicred-uniao-96855738,National Long Term Rating,A-(bra),2026-04-07,Review - No Action,Rating Outlook Positive,,
2026-09-25,"Cooperativa de Credito dos Medicos, Profissionais da Saude e Empresarios - Unicred Raizes",https://www.fitchratings.com/entity/cooperativa-de-credito-dos-medicos-profissionais-da-saude-e-empresarios-de-mato-grosso-96722694,National Long Term Rating,A+(bra),2026-04-07,Review - No Action,Rating Outlook Stable,,
2026-09-25,"Cooperativa de Credito dos Medicos, Profissionais da Saude e Empresarios - Unicred Raizes",https://www.fitchratings.com/entity/cooperativa-de-credito-dos-medicos-profissionais-da-saude-e-empresarios-de-mato-grosso-96722694,National Short Term Rating,F1(bra),2026-04-07,Review - No Action,,,
2026-09-25,Kora Saude Participacoes S.A.,https://www.fitchratings.com/entity/kora-saude-participacoes-sa-97357794,National Long Term Rating,RD(bra),2026-04-02,Downgrade,,,
2026-09-25,Companhia de Saneamento de Minas Gerais COPASA MG,https://www.fitchratings.com/entity/companhia-de-saneamento-de-minas-gerais-copasa-94017690,National Long Term Rating,AAA(bra),2026-04-02,Affirmed,Rating Outlook Stable,,
2026-09-25,CMPC Celulose Riograndense Ltda,https://www.fitchratings.com/entity/cmpc-celulose-riograndense-ltda-97326111,National Long Term Rating,AAA(bra),2026-04-01,Affirmed,Rating Outlook Stable,,
2026-09-25,Impar Servicos Hospitalares S.A.,https://www.fitchratings.com/entity/impar-servicos-hospitalares-sa-96827709,National Long Term Rating,AA-(bra),2026-03-31,Review - No Action,Rating Outlook Stable,,
2026-09-25,Tegma Gestao Logistica S.A.,https://www.fitchratings.com/entity/tegma-gestao-logistica-sa-96789056,National Long Term Rating,A(bra),2026-03-30,Affirmed,Rating Outlook Stable,,
2026-09-25,Diagnosticos da America S.A.,https://www.fitchratings.com/entity/diagnosticos-da-america-sa-dasa-86681525,National Long Term Rating,AA(bra),2026-03-30,Affirmed,Rating Outlook Stable,,
2026-09-25,Diagnosticos da America S.A.,https://www.fitchratings.com/entity/diagnosticos-da-america-sa-dasa-86681525,Local Currency Long Term Issuer Default Rating,WD,2015-08-04,Withdrawn,,,
2026-09-25,Diagnosticos da America S.A.,https://www.fitchratings.com/entity/diagnosticos-da-america-sa-dasa-86681525,Long Term Issuer Default Rating,WD,2015-08-04,Withdrawn,,,
2026-09-25,"Sergipe, State of",https://www.fitchratings.com/entity/sergipe-state-of-94875890,Long Term Issuer Default Rating,BB,2026-03-30,Affirmed,Rating Outlook Stable,,
2026-09-25,"Sergipe, State of",https://www.fitchratings.com/entity/sergipe-state-of-94875890,Short Term Issuer Default Rating,B,2026-03-30,Affirmed,,,
2026-09-25,"Sergipe, State of",https://www.fitchratings.com/entity/sergipe-state-of-94875890,Standalone Credit Profile,bb,2026-03-30,Affirmed,,,
2026-09-25,"Sergipe, State of",https://www.fitchratings.com/entity/sergipe-state-of-94875890,National Short Term Rating,F1+(bra),2026-03-30,Affirmed,,,
2026-09-25,"Sergipe, State of",https://www.fitchratings.com/entity/sergipe-state-of-94875890,National Long Term Rating,AAA(bra),2026-03-30,Affirmed,Rating Outlook Stable,,
2026-09-25,"Sergipe, State of",https://www.fitchratings.com/entity/sergipe-state-of-94875890,Local Currency Short Term Issuer Default Rating,B,2026-03-30,Affirmed,,,
2026-09-25,"Sergipe, State of",https://www.fitchratings.com/entity/sergipe-state-of-94875890,Local Currency Long Term Issuer Default Rating,BB,2026-03-30,Affirmed,Rating Outlook Stable,,
2026-09-25,Fundacao Petrobras de Seguridade Social - Petros,https://www.fitchratings.com/entity/fundacao-petrobras-de-seguridade-social-petros-97346837,Investment Management Quality Rating,Excellent,2026-03-30,Affirmed,Rating Outlook Stable,,
2026-09-25,BRF S.A.,https://www.fitchratings.com/entity/brf-sa-90455677,Long Term Issuer Default Rating,BB+,2026-03-30,Affirmed,Rating Outlook Stable,,
2026-09-25,BRF S.A.,https://www.fitchratings.com/entity/brf-sa-90455677,Local Currency Long Term Issuer Default Rating,BB+,2026-03-30,Affirmed,Rating Outlook Stable,,
2026-09-25,BRF S.A.,https://www.fitchratings.com/entity/brf-sa-90455677,National Long Term Rating,AAA(bra),2026-03-30,Affirmed,Rating Outlook Stable,,
2026-09-25,Marfrig Global Foods S.A.,https://www.fitchratings.com/entity/marfrig-global-foods-sa-87227374,Long Term Issuer Default Rating,BB+,2026-03-30,Affirmed,Rating Outlook Stable,,
2026-09-25,Marfrig Global Foods S.A.,https://www.fitchratings.com/entity/marfrig-global-foods-sa-87227374,Local Currency Long Term Issuer Default Rating,BB+,2026-03-30,Affirmed,Rating Outlook Stable,,
2026-09-25,Marfrig Global Foods S.A.,https://www.fitchratings.com/entity/marfrig-global-foods-sa-87227374,National Long Term Rating,AAA(bra),2026-03-30,Affirmed,Rating Outlook Stable,,
2026-09-25,Cimed & Co. S.A.,https://www.fitchratings.com/entity/cimed-co-sa-97629249,National Long Term Rating,AA(bra),2026-03-26,Downgrade,Rating Outlook Stable,,
2026-09-25,Petroleo Brasileiro S.A. (Petrobras),https://www.fitchratings.com/entity/petroleo-brasileiro-sa-petrobras-80090802,Long Term Issuer Default Rating,BB,2026-03-26,Review - No Action,Rating Outlook Stable,,
2026-09-25,Petroleo Brasileiro S.A. (Petrobras),https://www.fitchratings.com/entity/petroleo-brasileiro-sa-petrobras-80090802,National Long Term Rating,AAA(bra),2026-03-26,Review - No Action,Rating Outlook Stable,,
2026-09-25,Petroleo Brasileiro S.A. (Petrobras),https://www.fitchratings.com/entity/petroleo-brasileiro-sa-petrobras-80090802,Local Currency Long Term Issuer Default Rating,BB,2026-03-26,Review - No Action,Rating Outlook Stable,,
2026-09-25,Petroleo Brasileiro S.A. (Petrobras),https://www.fitchratings.com/entity/petroleo-brasileiro-sa-petrobras-80090802,Standalone Credit Profile,bbb,2026-03-26,Review - No Action,,,
2026-09-25,Klabin S.A.,https://www.fitchratings.com/entity/klabin-sa-90196280,Long Term Issuer Default Rating,BB+,2026-03-25,Affirmed,Rating Outlook Positive,,
2026-09-25,Klabin S.A.,https://www.fitchratings.com/entity/klabin-sa-90196280,Local Currency Long Term Issuer Default Rating,BB+,2026-03-25,Affirmed,Rating Outlook Positive,,
2026-09-25,Klabin S.A.,https://www.fitchratings.com/entity/klabin-sa-90196280,National Long Term Rating,AAA(bra),2026-03-25,Affirmed,Rating Outlook Stable,,
2026-09-25,BTG Pactual Asset Management DTVM S.A.,https://www.fitchratings.com/entity/btg-pactual-asset-management-dtvm-sa-90404869,Investment Management Quality Rating,Excellent,2026-03-23,Affirmed,Rating Outlook Stable,,
2026-09-25,BTG Pactual Asset Management DTVM S.A.,https://www.fitchratings.com/entity/btg-pactual-asset-management-dtvm-sa-90404869,Asset Manager Rating,WD,2017-03-06,Withdrawn,,,
2026-09-25,BTG Pactual Asset Management DTVM S.A.,https://www.fitchratings.com/entity/btg-pactual-asset-management-dtvm-sa-90404869,National Asset Manager Rating,WD(bra),2013-04-23,Withdrawn,,,
2026-09-25,Banco Daycoval S.A.,https://www.fitchratings.com/entity/banco-daycoval-sa-80543450,Long Term Issuer Default Rating,BB,2026-03-20,Affirmed,Rating Outlook Stable,,
2026-09-25,Banco Daycoval S.A.,https://www.fitchratings.com/entity/banco-daycoval-sa-80543450,Short Term Issuer Default Rating,B,2026-03-20,Affirmed,,,
2026-09-25,Banco Daycoval S.A.,https://www.fitchratings.com/entity/banco-daycoval-sa-80543450,Local Currency Short Term Issuer Default Rating,B,2026-03-20,Affirmed,,,
2026-09-25,Banco Daycoval S.A.,https://www.fitchratings.com/entity/banco-daycoval-sa-80543450,National Short Term Rating,F1+(bra),2026-03-20,Affirmed,,,
2026-09-25,Banco Daycoval S.A.,https://www.fitchratings.com/entity/banco-daycoval-sa-80543450,National Long Term Rating,AA+(bra),2026-03-20,Affirmed,Rating Outlook Stable,,
2026-09-25,Banco Daycoval S.A.,https://www.fitchratings.com/entity/banco-daycoval-sa-80543450,Local Currency Long Term Issuer Default Rating,BB,2026-03-20,Affirmed,Rating Outlook Stable,,
2026-09-25,Banco Daycoval S.A.,https://www.fitchratings.com/entity/banco-daycoval-sa-80543450,Viability Rating,bb,2026-03-20,Affirmed,,,
2026-09-25,Banco Daycoval S.A.,https://www.fitchratings.com/entity/banco-daycoval-sa-80543450,Government Support Rating,ns,2026-03-20,Affirmed,,,
2026-09-25,Banco Daycoval S.A.,https://www.fitchratings.com/entity/banco-daycoval-sa-80543450,Support Rating,WD,2022-04-20,Withdrawn,,,
2026-09-25,Banco Daycoval S.A.,https://www.fitchratings.com/entity/banco-daycoval-sa-80543450,Support Rating Floor,WD,2022-04-20,Withdrawn,,,
2026-09-25,Banco Daycoval S.A.,https://www.fitchratings.com/entity/banco-daycoval-sa-80543450,Individual Rating,WD,2012-01-25,Withdrawn,,,
2026-09-25,Banco Industrial do Brasil S.A.,https://www.fitchratings.com/entity/banco-industrial-do-brasil-sa-80543456,Long Term Issuer Default Rating,BB-,2026-03-20,Affirmed,Rating Outlook Stable,,
2026-09-25,Banco Industrial do Brasil S.A.,https://www.fitchratings.com/entity/banco-industrial-do-brasil-sa-80543456,Short Term Issuer Default Rating,B,2026-03-20,Affirmed,,,
2026-09-25,Banco Industrial do Brasil S.A.,https://www.fitchratings.com/entity/banco-industrial-do-brasil-sa-80543456,Viability Rating,bb-,2026-03-20,Affirmed,,,
2026-09-25,Banco Industrial do Brasil S.A.,https://www.fitchratings.com/entity/banco-industrial-do-brasil-sa-80543456,National Short Term Rating,F1+(bra),2026-03-20,Affirmed,,,
2026-09-25,Banco Industrial do Brasil S.A.,https://www.fitchratings.com/entity/banco-industrial-do-brasil-sa-80543456,Government Support Rating,ns,2026-03-20,Affirmed,,,
2026-09-25,Banco Industrial do Brasil S.A.,https://www.fitchratings.com/entity/banco-industrial-do-brasil-sa-80543456,Local Currency Short Term Issuer Default Rating,B,2026-03-20,Affirmed,,,
2026-09-25,Banco Industrial do Brasil S.A.,https://www.fitchratings.com/entity/banco-industrial-do-brasil-sa-80543456,Local Currency Long Term Issuer Default Rating,BB-,2026-03-20,Affirmed,Rating Outlook Stable,,
2026-09-25,Banco Industrial do Brasil S.A.,https://www.fitchratings.com/entity/banco-industrial-do-brasil-sa-80543456,National Long Term Rating,AA(bra),2026-03-20,Affirmed,Rating Outlook Stable,,
2026-09-25,Banco Industrial do Brasil S.A.,https://www.fitchratings.com/entity/banco-industrial-do-brasil-sa-80543456,Support Rating Floor,WD,2018-09-17,Withdrawn,,,
2026-09-25,Banco Industrial do Brasil S.A.,https://www.fitchratings.com/entity/banco-industrial-do-brasil-sa-80543456,Support Rating,WD,2018-09-17,Withdrawn,,,
2026-09-25,Banco Industrial do Brasil S.A.,https://www.fitchratings.com/entity/banco-industrial-do-brasil-sa-80543456,Individual Rating,WD,2011-11-14,Withdrawn,,,
2026-09-25,Banco Sofisa S.A.,https://www.fitchratings.com/entity/banco-sofisa-sa-80480839,National Short Term Rating,F1+(bra),2026-03-20,Affirmed,,,
2026-09-25,Banco Sofisa S.A.,https://www.fitchratings.com/entity/banco-sofisa-sa-80480839,National Long Term Rating,AA-(bra),2026-03-20,Affirmed,Rating Outlook Stable,,
2026-09-25,Banco Sofisa S.A.,https://www.fitchratings.com/entity/banco-sofisa-sa-80480839,Support Rating,WD,2011-12-15,Withdrawn,,,
2026-09-25,Grupo Salta Educacao S/A,https://www.fitchratings.com/entity/grupo-salta-educacao-s-a-97555197,National Long Term Rating,AA-(bra),2026-03-19,Affirmed,Rating Outlook Positive,,
2026-09-25,"MagaluPay - Sociedade de Credito, Financiamento e Investimento S.A.",https://www.fitchratings.com/entity/magalupay-sociedade-de-credito-financiamento-e-investimento-sa-97825456,National Short Term Rating,F1+(bra),2026-03-17,Publish,,,
2026-09-25,"MagaluPay - Sociedade de Credito, Financiamento e Investimento S.A.",https://www.fitchratings.com/entity/magalupay-sociedade-de-credito-financiamento-e-investimento-sa-97825456,National Long Term Rating,AA-(bra),2026-03-17,Publish,Rating Outlook Stable,,
2026-09-25,Aeris Industria e Comercio de Equipamentos para Geracao de Energia S.A.,https://www.fitchratings.com/entity/aeris-industria-e-comercio-de-equipamentos-para-geracao-de-energia-sa-97108213,National Long Term Rating,WD(bra),2026-03-17,Withdrawn,,,
2026-09-25,Patria INFRA Credito I Fundo de Investimento EM Direitos Creditorios,https://www.fitchratings.com/entity/patria-infra-credito-i-fundo-de-investimento-em-direitos-creditorios-97432402,National Fund Credit Quality Rating,BBBf(bra),2026-03-16,Affirmed,,,
2026-09-25,Copobras S.A. Industria e Comercio de Embalagens,https://www.fitchratings.com/entity/copobras-s-a-industria-e-comercio-de-embalagens-97199208,National Long Term Rating,BBB+(bra),2026-03-12,Affirmed,Rating Outlook Stable,,
2026-09-25,Raizen Energia S.A.,https://www.fitchratings.com/entity/raizen-energia-s-a-91300896,Long Term Issuer Default Rating,C,2026-03-12,Downgrade,,,
2026-09-25,Raizen Energia S.A.,https://www.fitchratings.com/entity/raizen-energia-s-a-91300896,National Long Term Rating,C(bra),2026-03-12,Downgrade,,,
2026-09-25,Raizen Energia S.A.,https://www.fitchratings.com/entity/raizen-energia-s-a-91300896,Local Currency Long Term Issuer Default Rating,C,2026-03-12,Downgrade,,,
2026-09-25,Raizen S.A.,https://www.fitchratings.com/entity/raizen-combustiveis-sa-91300899,Long Term Issuer Default Rating,C,2026-03-12,Downgrade,,,
2026-09-25,Raizen S.A.,https://www.fitchratings.com/entity/raizen-combustiveis-sa-91300899,National Long Term Rating,C(bra),2026-03-12,Downgrade,,,
2026-09-25,Raizen S.A.,https://www.fitchratings.com/entity/raizen-combustiveis-sa-91300899,Local Currency Long Term Issuer Default Rating,C,2026-03-12,Downgrade,,,
2026-09-25,Companhia Brasileira de Distribuicao S.A. (CBD),https://www.fitchratings.com/entity/companhia-brasileira-de-distribuicao-sa-cbd-80438369,National Long Term Rating,C(bra),2026-03-11,Downgrade,,,
2026-09-25,Suzano S.A.,https://www.fitchratings.com/entity/suzano-sa-80092054,Long Term Issuer Default Rating,BBB-,2026-03-10,Affirmed,Rating Outlook Positive,,
2026-09-25,Suzano S.A.,https://www.fitchratings.com/entity/suzano-sa-80092054,Local Currency Long Term Issuer Default Rating,BBB-,2026-03-10,Affirmed,Rating Outlook Positive,,
2026-09-25,Suzano S.A.,https://www.fitchratings.com/entity/suzano-sa-80092054,National Long Term Rating,AAA(bra),2025-12-18,Review - No Action,Rating Outlook Stable,,
2026-09-25,Companhia de Saneamento Basico do Estado de Sao Paulo (SABESP),https://www.fitchratings.com/entity/companhia-de-saneamento-basico-do-estado-de-sao-paulo-sabesp-80614473,Long Term Issuer Default Rating,BB+,2026-03-09,Affirmed,Rating Outlook Stable,,
2026-09-25,Companhia de Saneamento Basico do Estado de Sao Paulo (SABESP),https://www.fitchratings.com/entity/companhia-de-saneamento-basico-do-estado-de-sao-paulo-sabesp-80614473,National Long Term Rating,AAA(bra),2026-03-09,Affirmed,Rating Outlook Stable,,
2026-09-25,Companhia de Saneamento Basico do Estado de Sao Paulo (SABESP),https://www.fitchratings.com/entity/companhia-de-saneamento-basico-do-estado-de-sao-paulo-sabesp-80614473,Local Currency Long Term Issuer Default Rating,BB+,2026-03-09,Affirmed,Rating Outlook Stable,,
2026-09-25,Serena Geracao S.A.,https://www.fitchratings.com/entity/omega-geracao-sa-96480320,National Long Term Rating,AA(bra),2026-03-06,Affirmed,Rating Outlook Stable,,
2026-09-25,Serena Desenvolvimento S.A.,https://www.fitchratings.com/entity/omega-desenvolvimento-sa-97437998,National Long Term Rating,A+(bra),2026-03-06,Affirmed,Rating Outlook Stable,,
2026-09-25,J. Macedo S.A.,https://www.fitchratings.com/entity/j-macedo-sa-96481693,National Long Term Rating,AA(bra),2026-03-06,Affirmed,Rating Outlook Stable,,
2026-09-25,Caixa Economica Federal,https://www.fitchratings.com/entity/caixa-economica-federal-80092109,Long Term Issuer Default Rating,BB,2026-03-05,Affirmed,Rating Outlook Stable,,
2026-09-25,Caixa Economica Federal,https://www.fitchratings.com/entity/caixa-economica-federal-80092109,Short Term Issuer Default Rating,B,2026-03-05,Affirmed,,,
2026-09-25,Caixa Economica Federal,https://www.fitchratings.com/entity/caixa-economica-federal-80092109,National Short Term Rating,F1+(bra),2026-03-05,Affirmed,,,
2026-09-25,Caixa Economica Federal,https://www.fitchratings.com/entity/caixa-economica-federal-80092109,Government Support Rating,bb,2026-03-05,Affirmed,,,
2026-09-25,Caixa Economica Federal,https://www.fitchratings.com/entity/caixa-economica-federal-80092109,Local Currency Long Term Issuer Default Rating,BB,2026-03-05,Affirmed,Rating Outlook Stable,,
2026-09-25,Caixa Economica Federal,https://www.fitchratings.com/entity/caixa-economica-federal-80092109,Local Currency Short Term Issuer Default Rating,B,2026-03-05,Affirmed,,,
2026-09-25,Caixa Economica Federal,https://www.fitchratings.com/entity/caixa-economica-federal-80092109,National Long Term Rating,AAA(bra),2026-03-05,Affirmed,Rating Outlook Stable,,
2026-09-25,Caixa Economica Federal,https://www.fitchratings.com/entity/caixa-economica-federal-80092109,Support Rating Floor,WD,2022-06-01,Withdrawn,,,
2026-09-25,Caixa Economica Federal,https://www.fitchratings.com/entity/caixa-economica-federal-80092109,Support Rating,WD,2022-06-01,Withdrawn,,,
2026-09-25,Banco da Amazonia S.A.,https://www.fitchratings.com/entity/banco-da-amazonia-sa-80543406,Long Term Issuer Default Rating,BB,2026-03-05,Affirmed,Rating Outlook Stable,,
2026-09-25,Banco da Amazonia S.A.,https://www.fitchratings.com/entity/banco-da-amazonia-sa-80543406,Short Term Issuer Default Rating,B,2026-03-05,Affirmed,,,
2026-09-25,Banco da Amazonia S.A.,https://www.fitchratings.com/entity/banco-da-amazonia-sa-80543406,Local Currency Long Term Issuer Default Rating,BB,2026-03-05,Affirmed,Rating Outlook Stable,,
2026-09-25,Banco da Amazonia S.A.,https://www.fitchratings.com/entity/banco-da-amazonia-sa-80543406,National Long Term Rating,AAA(bra),2026-03-05,Affirmed,Rating Outlook Stable,,
2026-09-25,Banco da Amazonia S.A.,https://www.fitchratings.com/entity/banco-da-amazonia-sa-80543406,Government Support Rating,bb,2026-03-05,Affirmed,,,
2026-09-25,Banco da Amazonia S.A.,https://www.fitchratings.com/entity/banco-da-amazonia-sa-80543406,National Short Term Rating,F1+(bra),2026-03-05,Affirmed,,,
2026-09-25,Banco da Amazonia S.A.,https://www.fitchratings.com/entity/banco-da-amazonia-sa-80543406,Local Currency Short Term Issuer Default Rating,B,2026-03-05,Affirmed,,,
2026-09-25,Banco da Amazonia S.A.,https://www.fitchratings.com/entity/banco-da-amazonia-sa-80543406,Support Rating Floor,WD,2022-06-01,Withdrawn,,,
2026-09-25,Banco da Amazonia S.A.,https://www.fitchratings.com/entity/banco-da-amazonia-sa-80543406,Support Rating,WD,2022-06-01,Withdrawn,,,
2026-09-25,Banco da Amazonia S.A.,https://www.fitchratings.com/entity/banco-da-amazonia-sa-80543406,Viability Rating,WD,2012-10-24,Withdrawn,,,
2026-09-25,Banco da Amazonia S.A.,https://www.fitchratings.com/entity/banco-da-amazonia-sa-80543406,Individual Rating,WD,2012-01-25,Withdrawn,,,
2026-09-25,Banco do Nordeste do Brasil S.A.,https://www.fitchratings.com/entity/banco-do-nordeste-do-brasil-sa-80092110,Long Term Issuer Default Rating,BB,2026-03-05,Affirmed,Rating Outlook Stable,,
2026-09-25,Banco do Nordeste do Brasil S.A.,https://www.fitchratings.com/entity/banco-do-nordeste-do-brasil-sa-80092110,Short Term Issuer Default Rating,B,2026-03-05,Affirmed,,,
2026-09-25,Banco do Nordeste do Brasil S.A.,https://www.fitchratings.com/entity/banco-do-nordeste-do-brasil-sa-80092110,National Short Term Rating,F1+(bra),2026-03-05,Affirmed,,,
2026-09-25,Banco do Nordeste do Brasil S.A.,https://www.fitchratings.com/entity/banco-do-nordeste-do-brasil-sa-80092110,Local Currency Short Term Issuer Default Rating,B,2026-03-05,Affirmed,,,
2026-09-25,Banco do Nordeste do Brasil S.A.,https://www.fitchratings.com/entity/banco-do-nordeste-do-brasil-sa-80092110,Government Support Rating,bb,2026-03-05,Affirmed,,,
2026-09-25,Banco do Nordeste do Brasil S.A.,https://www.fitchratings.com/entity/banco-do-nordeste-do-brasil-sa-80092110,Local Currency Long Term Issuer Default Rating,BB,2026-03-05,Affirmed,Rating Outlook Stable,,
2026-09-25,Banco do Nordeste do Brasil S.A.,https://www.fitchratings.com/entity/banco-do-nordeste-do-brasil-sa-80092110,National Long Term Rating,AAA(bra),2026-03-05,Affirmed,Rating Outlook Stable,,
2026-09-25,Banco do Nordeste do Brasil S.A.,https://www.fitchratings.com/entity/banco-do-nordeste-do-brasil-sa-80092110,Support Rating,WD,2022-06-01,Withdrawn,,,
2026-09-25,Banco do Nordeste do Brasil S.A.,https://www.fitchratings.com/entity/banco-do-nordeste-do-brasil-sa-80092110,Support Rating Floor,WD,2022-06-01,Withdrawn,,,
2026-09-25,Banco do Nordeste do Brasil S.A.,https://www.fitchratings.com/entity/banco-do-nordeste-do-brasil-sa-80092110,Viability Rating,WD,2012-10-24,Withdrawn,,,
2026-09-25,Banco do Nordeste do Brasil S.A.,https://www.fitchratings.com/entity/banco-do-nordeste-do-brasil-sa-80092110,Individual Rating,WD,2012-01-25,Withdrawn,,,
2026-09-25,Banco Nacional de Desenvolvimento Economico e Social (BNDES),https://www.fitchratings.com/entity/banco-nacional-de-desenvolvimento-economico-e-social-bndes-80089767,Long Term Issuer Default Rating,BB,2026-03-05,Affirmed,Rating Outlook Stable,,
2026-09-25,Banco Nacional de Desenvolvimento Economico e Social (BNDES),https://www.fitchratings.com/entity/banco-nacional-de-desenvolvimento-economico-e-social-bndes-80089767,Short Term Issuer Default Rating,B,2026-03-05,Affirmed,,,
2026-09-25,Banco Nacional de Desenvolvimento Economico e Social (BNDES),https://www.fitchratings.com/entity/banco-nacional-de-desenvolvimento-economico-e-social-bndes-80089767,Local Currency Short Term Issuer Default Rating,B,2026-03-05,Affirmed,,,
2026-09-25,Banco Nacional de Desenvolvimento Economico e Social (BNDES),https://www.fitchratings.com/entity/banco-nacional-de-desenvolvimento-economico-e-social-bndes-80089767,National Short Term Rating,F1+(bra),2026-03-05,Affirmed,,,
2026-09-25,Banco Nacional de Desenvolvimento Economico e Social (BNDES),https://www.fitchratings.com/entity/banco-nacional-de-desenvolvimento-economico-e-social-bndes-80089767,Government Support Rating,bb,2026-03-05,Affirmed,,,
2026-09-25,Banco Nacional de Desenvolvimento Economico e Social (BNDES),https://www.fitchratings.com/entity/banco-nacional-de-desenvolvimento-economico-e-social-bndes-80089767,National Long Term Rating,AAA(bra),2026-03-05,Affirmed,Rating Outlook Stable,,
2026-09-25,Banco Nacional de Desenvolvimento Economico e Social (BNDES),https://www.fitchratings.com/entity/banco-nacional-de-desenvolvimento-economico-e-social-bndes-80089767,Local Currency Long Term Issuer Default Rating,BB,2026-03-05,Affirmed,Rating Outlook Stable,,
2026-09-25,Banco Nacional de Desenvolvimento Economico e Social (BNDES),https://www.fitchratings.com/entity/banco-nacional-de-desenvolvimento-economico-e-social-bndes-80089767,Support Rating,WD,2022-06-01,Withdrawn,,,
2026-09-25,Banco Nacional de Desenvolvimento Economico e Social (BNDES),https://www.fitchratings.com/entity/banco-nacional-de-desenvolvimento-economico-e-social-bndes-80089767,Support Rating Floor,WD,2022-06-01,Withdrawn,,,
2026-09-25,MRS Logistica S.A.,https://www.fitchratings.com/entity/mrs-logistica-sa-mrs-80091464,Long Term Issuer Default Rating,BB+,2026-03-05,Affirmed,Rating Outlook Stable,,
2026-09-25,MRS Logistica S.A.,https://www.fitchratings.com/entity/mrs-logistica-sa-mrs-80091464,Local Currency Long Term Issuer Default Rating,BBB-,2026-03-05,Affirmed,Rating Outlook Stable,,
2026-09-25,MRS Logistica S.A.,https://www.fitchratings.com/entity/mrs-logistica-sa-mrs-80091464,National Long Term Rating,AAA(bra),2025-12-23,Affirmed,Rating Outlook Stable,,
2026-09-25,Unidas Locacoes E Servicos S/A,https://www.fitchratings.com/entity/ouro-verde-locacao-e-servico-sa-88650059,Long Term Issuer Default Rating,BB-,2026-03-05,Affirmed,Rating Outlook Positive,,
2026-09-25,Unidas Locacoes E Servicos S/A,https://www.fitchratings.com/entity/ouro-verde-locacao-e-servico-sa-88650059,Local Currency Long Term Issuer Default Rating,BB-,2026-03-05,Affirmed,Rating Outlook Positive,,
2026-09-25,Unidas Locacoes E Servicos S/A,https://www.fitchratings.com/entity/ouro-verde-locacao-e-servico-sa-88650059,National Long Term Rating,AA(bra),2025-12-08,Affirmed,Rating Outlook Positive,,
2026-09-25,Cruzeiro do Sul Educacional SA,https://www.fitchratings.com/entity/cruzeiro-do-sul-educacional-sa-97709589,National Long Term Rating,AA(bra),2026-03-05,Affirmed,Rating Outlook Stable,,
2026-09-25,Althaia S.A. Industria Farmaceutica,https://www.fitchratings.com/entity/althaia-sa-industria-farmaceutica-97666556,National Long Term Rating,A+(bra),2026-03-04,Affirmed,Rating Outlook Stable,,
2026-09-25,Vale S.A.,https://www.fitchratings.com/entity/vale-sa-80090452,Long Term Issuer Default Rating,BBB+,2026-03-04,Affirmed,Rating Outlook Stable,,
2026-09-25,Vale S.A.,https://www.fitchratings.com/entity/vale-sa-80090452,Local Currency Long Term Issuer Default Rating,BBB+,2026-03-04,Affirmed,Rating Outlook Stable,,
2026-09-25,Vale S.A.,https://www.fitchratings.com/entity/vale-sa-80090452,National Long Term Rating,AAA(bra),2025-10-23,Affirmed,Rating Outlook Stable,,
2026-09-25,Transmissora Alianca de Energia Eletrica S.A.,https://www.fitchratings.com/entity/transmissora-alianca-de-energia-eletrica-sa-90901890,Long Term Issuer Default Rating,BB+,2026-03-03,Affirmed,Rating Outlook Stable,,
2026-09-25,Transmissora Alianca de Energia Eletrica S.A.,https://www.fitchratings.com/entity/transmissora-alianca-de-energia-eletrica-sa-90901890,Local Currency Long Term Issuer Default Rating,BB+,2026-03-03,Affirmed,Rating Outlook Stable,,
2026-09-25,Transmissora Alianca de Energia Eletrica S.A.,https://www.fitchratings.com/entity/transmissora-alianca-de-energia-eletrica-sa-90901890,National Long Term Rating,AAA(bra),2025-12-04,Affirmed,Rating Outlook Stable,,
2026-09-25,Alupar Investimento S.A.,https://www.fitchratings.com/entity/alupar-investimento-sa-86661526,Long Term Issuer Default Rating,BB+,2026-03-03,Affirmed,Rating Outlook Stable,,
2026-09-25,Alupar Investimento S.A.,https://www.fitchratings.com/entity/alupar-investimento-sa-86661526,Local Currency Long Term Issuer Default Rating,BBB-,2026-03-03,Affirmed,Rating Outlook Stable,,
2026-09-25,Alupar Investimento S.A.,https://www.fitchratings.com/entity/alupar-investimento-sa-86661526,National Long Term Rating,AAA(bra),2025-12-23,Affirmed,Rating Outlook Stable,,
2026-09-25,Dexco S.A.,https://www.fitchratings.com/entity/duratex-sa-80614501,Long Term Issuer Default Rating,BB,2026-02-27,Affirmed,Rating Outlook Stable,,
2026-09-25,Dexco S.A.,https://www.fitchratings.com/entity/duratex-sa-80614501,Local Currency Long Term Issuer Default Rating,BB,2026-02-27,Affirmed,Rating Outlook Stable,,
2026-09-25,Dexco S.A.,https://www.fitchratings.com/entity/duratex-sa-80614501,National Long Term Rating,AAA(bra),2025-12-18,Review - No Action,Rating Outlook Stable,,
2026-09-25,Oceanica Engenharia e Consultoria S.A.,https://www.fitchratings.com/entity/oceanica-engenharia-e-consultoria-sa-97617499,Long Term Issuer Default Rating,B-,2026-02-27,Affirmed,Rating Outlook Stable,,
2026-09-25,Oceanica Engenharia e Consultoria S.A.,https://www.fitchratings.com/entity/oceanica-engenharia-e-consultoria-sa-97617499,Local Currency Long Term Issuer Default Rating,B-,2026-02-27,Affirmed,Rating Outlook Stable,,
2026-09-25,PRIO S.A.,https://www.fitchratings.com/entity/petro-rio-sa-97010821,Long Term Issuer Default Rating,BB+,2026-02-26,Affirmed,Rating Outlook Stable,,
2026-09-25,PRIO S.A.,https://www.fitchratings.com/entity/petro-rio-sa-97010821,Local Currency Long Term Issuer Default Rating,BB+,2026-02-26,Affirmed,Rating Outlook Stable,,
2026-09-25,PRIO S.A.,https://www.fitchratings.com/entity/petro-rio-sa-97010821,National Long Term Rating,AAA(bra),2025-11-14,Affirmed,Rating Outlook Stable,,
2026-09-25,Ache Laboratorios Farmaceuticos S.A.,https://www.fitchratings.com/entity/ache-laboratorios-farmaceuticos-sa-90982911,Long Term Issuer Default Rating,BB+,2026-02-13,Affirmed,Rating Outlook Stable,,
2026-09-25,Ache Laboratorios Farmaceuticos S.A.,https://www.fitchratings.com/entity/ache-laboratorios-farmaceuticos-sa-90982911,Local Currency Long Term Issuer Default Rating,BB+,2026-02-13,Affirmed,Rating Outlook Stable,,
2026-09-25,Ache Laboratorios Farmaceuticos S.A.,https://www.fitchratings.com/entity/ache-laboratorios-farmaceuticos-sa-90982911,National Long Term Rating,AAA(bra),2025-12-19,Affirmed,Rating Outlook Stable,,
2026-09-25,Tupy S.A.,https://www.fitchratings.com/entity/tupy-sa-94298109,Long Term Issuer Default Rating,BB-,2026-02-13,Affirmed,Rating Outlook Stable,,
2026-09-25,Tupy S.A.,https://www.fitchratings.com/entity/tupy-sa-94298109,Local Currency Long Term Issuer Default Rating,BB-,2026-02-13,Affirmed,Rating Outlook Stable,,
2026-09-25,Tupy S.A.,https://www.fitchratings.com/entity/tupy-sa-94298109,National Long Term Rating,AA(bra),2025-11-13,Downgrade,Rating Outlook Stable,,
2026-09-25,EMAE - Empresa Metropolitana de Aguas e Energia S.A.,https://www.fitchratings.com/entity/emae-empresa-metropolitana-de-aguas-e-energia-sa-97685292,National Long Term Rating,AAA(bra),2026-02-10,Upgrade,Rating Outlook Stable,,
2026-09-25,VPorts Autoridade Portuaria S.A.,https://www.fitchratings.com/entity/vports-autoridade-portuaria-sa-97598385,National Long Term Rating,AAA(bra),2026-02-06,Affirmed,Rating Outlook Stable,,
2026-09-25,Let's Rent a Car S.A.,https://www.fitchratings.com/entity/let-rent-car-sa-97516487,National Long Term Rating,AA-(bra),2026-02-05,Affirmed,Rating Outlook Positive,,
2026-09-25,VIX Logistica S.A.,https://www.fitchratings.com/entity/vix-logistica-sa-96174956,National Long Term Rating,AA-(bra),2026-02-05,Affirmed,Rating Outlook Positive,,
2026-09-25,Companhia de Gas da Bahia - Bahiagas,https://www.fitchratings.com/entity/companhia-de-gas-da-bahia-bahiagas-96617901,National Long Term Rating,AA+(bra),2026-02-05,Affirmed,Rating Outlook Stable,,
2026-09-25,J&F S.A.,https://www.fitchratings.com/entity/j-f-sa-91849894,Long Term Issuer Default Rating,BB+,2026-02-03,Publish,Rating Outlook Stable,,
2026-09-25,J&F S.A.,https://www.fitchratings.com/entity/j-f-sa-91849894,Local Currency Long Term Issuer Default Rating,BB+,2026-02-03,Publish,Rating Outlook Stable,,
2026-09-25,J&F S.A.,https://www.fitchratings.com/entity/j-f-sa-91849894,National Long Term Rating,AAA(bra),2026-02-03,Publish,Rating Outlook Stable,,
2026-09-25,Reag Asset Management Ltda.,https://www.fitchratings.com/entity/reag-gestora-de-recursos-ltda-96552069,Investment Management Quality Rating,WD,2026-01-30,Withdrawn,,,
2026-09-25,Elekeiroz S/A,https://www.fitchratings.com/entity/elekeiroz-s-a-97577951,National Long Term Rating,WD(bra),2026-01-30,Withdrawn,,,
2026-09-25,Sicredi Asset Management,https://www.fitchratings.com/entity/sicredi-asset-management-96720179,Investment Management Quality Rating,Strong,2026-01-23,Affirmed,Rating Outlook Stable,,
2026-09-25,RC Holding S.A.,https://www.fitchratings.com/entity/reag-capital-holding-sa-97502100,National Long Term Rating,WD(bra),2026-01-21,Withdrawn,,,
2026-09-25,RC Holding S.A.,https://www.fitchratings.com/entity/reag-capital-holding-sa-97502100,National Short Term Rating,WD(bra),2026-01-21,Withdrawn,,,
2026-09-25,BRK Ambiental Participacoes S.A.,https://www.fitchratings.com/entity/brk-ambiental-participacoes-sa-96495926,National Long Term Rating,WD(bra),2026-01-19,Withdrawn,,,
2026-09-25,Guararapes Confeccoes S.A.,https://www.fitchratings.com/entity/guararapes-confeccoes-sa-95232490,National Long Term Rating,AA-(bra),2026-01-19,Upgrade,Rating Outlook Stable,,
2026-09-25,Municipality of Niteroi,https://www.fitchratings.com/entity/municipality-of-niteroi-96700906,Long Term Issuer Default Rating,BB,2026-01-13,Affirmed,Rating Outlook Stable,,
2026-09-25,Municipality of Niteroi,https://www.fitchratings.com/entity/municipality-of-niteroi-96700906,Short Term Issuer Default Rating,B,2026-01-13,Affirmed,,,
2026-09-25,Municipality of Niteroi,https://www.fitchratings.com/entity/municipality-of-niteroi-96700906,Local Currency Long Term Issuer Default Rating,BB,2026-01-13,Affirmed,Rating Outlook Stable,,
2026-09-25,Municipality of Niteroi,https://www.fitchratings.com/entity/municipality-of-niteroi-96700906,Standalone Credit Profile,a,2026-01-13,Affirmed,,,
2026-09-25,Municipality of Niteroi,https://www.fitchratings.com/entity/municipality-of-niteroi-96700906,National Long Term Rating,AAA(bra),2026-01-13,Affirmed,Rating Outlook Stable,,
2026-09-25,Municipality of Niteroi,https://www.fitchratings.com/entity/municipality-of-niteroi-96700906,Local Currency Short Term Issuer Default Rating,B,2026-01-13,Affirmed,,,
2026-09-25,Municipality of Niteroi,https://www.fitchratings.com/entity/municipality-of-niteroi-96700906,National Short Term Rating,F1+(bra),2026-01-13,Affirmed,,,
2026-09-25,TECP - Transmissora de Energia Central Paulistana S.A.,https://www.fitchratings.com/entity/tecp-transmissora-de-energia-central-paulistana-sa-97814493,National Long Term Rating,AAA(bra),2026-01-09,New Rating,Rating Outlook Stable,,
2026-09-25,PBG S/A,https://www.fitchratings.com/entity/pbg-s-a-97027261,National Long Term Rating,BBB(bra),2026-01-09,Review - No Action,Rating Outlook Stable,,
2026-09-25,Bradespar S.A.,https://www.fitchratings.com/entity/bradespar-sa-87072170,National Long Term Rating,AAA(bra),2026-01-06,Affirmed,Rating Outlook Stable,,
2026-09-25,AETE - Amazonia Empresa Transmissora de Energia S.A.,https://www.fitchratings.com/entity/aete-amazonia-empresa-transmissora-de-energia-sa-97129815,National Long Term Rating,WD(bra),2025-12-23,Withdrawn,,,
2026-09-25,Foz do Rio Claro Energia S.A.,https://www.fitchratings.com/entity/foz-do-rio-claro-energia-sa-97281038,National Long Term Rating,WD(bra),2025-12-23,Withdrawn,,,
2026-09-25,BNP Paribas Asset Management Brasil Ltda.,https://www.fitchratings.com/entity/bnp-paribas-asset-management-brasil-ltda-95356890,Investment Management Quality Rating,Excellent,2025-12-22,Affirmed,Rating Outlook Stable,,
2026-09-25,BNP Paribas Asset Management Brasil Ltda.,https://www.fitchratings.com/entity/bnp-paribas-asset-management-brasil-ltda-95356890,Asset Manager Rating,WD,2017-03-06,Withdrawn,,,
2026-09-25,Tucano Holding III S.A.,https://www.fitchratings.com/entity/tucano-holdings-iii-sa-97282626,National Long Term Rating,AA+(bra),2025-12-19,Affirmed,Rating Outlook Positive,,
2026-09-25,Fisia Comercio de Produtos Esportivos S.A.,https://www.fitchratings.com/entity/fisia-comercio-de-produtos-esportivos-sa-97462128,National Long Term Rating,AA(bra),2025-12-19,Upgrade,Rating Outlook Stable,,
2026-09-25,SBF Comercio de Produtos Esportivos S.A.,https://www.fitchratings.com/entity/sbf-comercio-de-produtos-esportivos-sa-97028200,National Long Term Rating,AA(bra),2025-12-19,Upgrade,Rating Outlook Stable,,
2026-09-25,Grupo SBF S.A.,https://www.fitchratings.com/entity/grupo-sbf-sa-96660728,National Long Term Rating,AA(bra),2025-12-19,Upgrade,Rating Outlook Stable,,
2026-09-25,C&A Modas S.A.,https://www.fitchratings.com/entity/c-a-modas-sa-97131987,National Long Term Rating,AA(bra),2025-12-19,Upgrade,Rating Outlook Stable,,
2026-09-25,Vinci Energia Sustentavel Fundo de Investimento em Direitos Creditorios,https://www.fitchratings.com/entity/vinci-energia-sustentavel-fundo-de-investimento-em-direitos-creditorios-96577741,National Fund Credit Quality Rating,AAf(bra),2025-12-19,Affirmed,,,
2026-09-25,Vinci Credito Infra Institucional Fundo Incentivado de Investimento em Infraestrutura Renda Fixa,https://www.fitchratings.com/entity/vinci-credito-infra-institucional-fundo-incentivado-de-investimento-em-infraestrutura-renda-fixa-97432394,National Fund Credit Quality Rating,AAf(bra),2025-12-19,Affirmed,,,
2026-09-25,"Portoseg S.A. - Credito, Financiamento e Investimento",https://www.fitchratings.com/entity/portoseg-sa-credito-financiamento-e-investimento-96477909,National Short Term Rating,F1+(bra),2025-12-18,Affirmed,,,
2026-09-25,"Portoseg S.A. - Credito, Financiamento e Investimento",https://www.fitchratings.com/entity/portoseg-sa-credito-financiamento-e-investimento-96477909,National Long Term Rating,AAA(bra),2025-12-18,Upgrade,Rating Outlook Stable,,
2026-09-25,Estado de Alagoas,https://www.fitchratings.com/entity/estado-de-alagoas-97074243,Long Term Issuer Default Rating,BB,2025-12-17,Affirmed,Rating Outlook Stable,,
2026-09-25,Estado de Alagoas,https://www.fitchratings.com/entity/estado-de-alagoas-97074243,Short Term Issuer Default Rating,B,2025-12-17,Affirmed,,,
2026-09-25,Estado de Alagoas,https://www.fitchratings.com/entity/estado-de-alagoas-97074243,National Long Term Rating,AAA(bra),2025-12-17,Affirmed,Rating Outlook Stable,,
2026-09-25,Estado de Alagoas,https://www.fitchratings.com/entity/estado-de-alagoas-97074243,Local Currency Short Term Issuer Default Rating,B,2025-12-17,Affirmed,,,
2026-09-25,Estado de Alagoas,https://www.fitchratings.com/entity/estado-de-alagoas-97074243,Standalone Credit Profile,b+,2025-12-17,Affirmed,,,
2026-09-25,Estado de Alagoas,https://www.fitchratings.com/entity/estado-de-alagoas-97074243,National Short Term Rating,F1+(bra),2025-12-17,Affirmed,,,
2026-09-25,Estado de Alagoas,https://www.fitchratings.com/entity/estado-de-alagoas-97074243,Local Currency Long Term Issuer Default Rating,BB,2025-12-17,Affirmed,Rating Outlook Stable,,
2026-09-25,Athena Saude Brasil S.A.,https://www.fitchratings.com/entity/athena-saude-brasil-sa-97268134,National Long Term Rating,A(bra),2025-12-16,Affirmed,Rating Outlook Stable,,
2026-09-25,Hapvida Participacoes e Investimentos S.A.,https://www.fitchratings.com/entity/hapvida-participacoes-e-investimentos-sa-96783531,National Long Term Rating,AA+(bra),2025-12-15,Downgrade,Rating Outlook Stable,,
2026-09-25,BancoSeguro S.A.,https://www.fitchratings.com/entity/bancoseguro-sa-97320721,National Long Term Rating,AAA(bra),2025-12-15,New Rating,Rating Outlook Stable,,
2026-09-25,BancoSeguro S.A.,https://www.fitchratings.com/entity/bancoseguro-sa-97320721,National Short Term Rating,F1+(bra),2025-12-15,New Rating,,,
2026-09-25,BTG Pactual Holding S.A.,https://www.fitchratings.com/entity/btg-pactual-holding-sa-92310290,Long Term Issuer Default Rating,BB+,2025-12-12,Upgrade,Rating Outlook Stable,,
2026-09-25,BTG Pactual Holding S.A.,https://www.fitchratings.com/entity/btg-pactual-holding-sa-92310290,Short Term Issuer Default Rating,B,2025-12-12,Affirmed,,,
2026-09-25,BTG Pactual Holding S.A.,https://www.fitchratings.com/entity/btg-pactual-holding-sa-92310290,National Long Term Rating,AAA(bra),2025-12-12,Affirmed,Rating Outlook Stable,,
2026-09-25,BTG Pactual Holding S.A.,https://www.fitchratings.com/entity/btg-pactual-holding-sa-92310290,Local Currency Short Term Issuer Default Rating,B,2025-12-12,Affirmed,,,
2026-09-25,BTG Pactual Holding S.A.,https://www.fitchratings.com/entity/btg-pactual-holding-sa-92310290,Government Support Rating,ns,2025-12-12,Affirmed,,,
2026-09-25,BTG Pactual Holding S.A.,https://www.fitchratings.com/entity/btg-pactual-holding-sa-92310290,Local Currency Long Term Issuer Default Rating,BB+,2025-12-12,Upgrade,Rating Outlook Stable,,
2026-09-25,BTG Pactual Holding S.A.,https://www.fitchratings.com/entity/btg-pactual-holding-sa-92310290,National Short Term Rating,F1+(bra),2025-12-12,Affirmed,,,
2026-09-25,BTG Pactual Holding S.A.,https://www.fitchratings.com/entity/btg-pactual-holding-sa-92310290,Support Rating Floor,WD,2022-06-28,Withdrawn,,,
2026-09-25,BTG Pactual Holding S.A.,https://www.fitchratings.com/entity/btg-pactual-holding-sa-92310290,Support Rating,WD,2022-06-28,Withdrawn,,,
2026-09-25,Banco BTG Pactual S.A.,https://www.fitchratings.com/entity/banco-btg-pactual-sa-80543465,Long Term Issuer Default Rating,BB+,2025-12-12,Upgrade,Rating Outlook Stable,,
2026-09-25,Banco BTG Pactual S.A.,https://www.fitchratings.com/entity/banco-btg-pactual-sa-80543465,Short Term Issuer Default Rating,B,2025-12-12,Affirmed,,,
2026-09-25,Banco BTG Pactual S.A.,https://www.fitchratings.com/entity/banco-btg-pactual-sa-80543465,Viability Rating,bb+,2025-12-12,Upgrade,,,
2026-09-25,Banco BTG Pactual S.A.,https://www.fitchratings.com/entity/banco-btg-pactual-sa-80543465,Local Currency Long Term Issuer Default Rating,BB+,2025-12-12,Upgrade,Rating Outlook Stable,,
2026-09-25,Banco BTG Pactual S.A.,https://www.fitchratings.com/entity/banco-btg-pactual-sa-80543465,National Short Term Rating,F1+(bra),2025-12-12,Affirmed,,,
2026-09-25,Banco BTG Pactual S.A.,https://www.fitchratings.com/entity/banco-btg-pactual-sa-80543465,Government Support Rating,b+,2025-12-12,Upgrade,,,
2026-09-25,Banco BTG Pactual S.A.,https://www.fitchratings.com/entity/banco-btg-pactual-sa-80543465,Local Currency Short Term Issuer Default Rating,B,2025-12-12,Affirmed,,,
2026-09-25,Banco BTG Pactual S.A.,https://www.fitchratings.com/entity/banco-btg-pactual-sa-80543465,National Long Term Rating,AAA(bra),2025-12-12,Affirmed,Rating Outlook Stable,,
2026-09-25,Banco BTG Pactual S.A.,https://www.fitchratings.com/entity/banco-btg-pactual-sa-80543465,Support Rating Floor,WD,2022-06-28,Withdrawn,,,
2026-09-25,Banco BTG Pactual S.A.,https://www.fitchratings.com/entity/banco-btg-pactual-sa-80543465,Support Rating,WD,2022-06-28,Withdrawn,,,
2026-09-25,Banco BTG Pactual S.A.,https://www.fitchratings.com/entity/banco-btg-pactual-sa-80543465,Individual Rating,WD,2012-01-25,Withdrawn,,,
2026-09-25,Itau Unibanco S.A.,https://www.fitchratings.com/entity/itau-unibanco-sa-80089723,Long Term Issuer Default Rating,BB+,2025-12-12,Affirmed,Rating Outlook Stable,,
2026-09-25,Itau Unibanco S.A.,https://www.fitchratings.com/entity/itau-unibanco-sa-80089723,Short Term Issuer Default Rating,B,2025-12-12,Affirmed,,,
2026-09-25,Itau Unibanco S.A.,https://www.fitchratings.com/entity/itau-unibanco-sa-80089723,Local Currency Short Term Issuer Default Rating,B,2025-12-12,Affirmed,,,
2026-09-25,Itau Unibanco S.A.,https://www.fitchratings.com/entity/itau-unibanco-sa-80089723,Government Support Rating,bb-,2025-12-12,Affirmed,,,
2026-09-25,Itau Unibanco S.A.,https://www.fitchratings.com/entity/itau-unibanco-sa-80089723,National Short Term Rating,F1+(bra),2025-12-12,Affirmed,,,
2026-09-25,Itau Unibanco S.A.,https://www.fitchratings.com/entity/itau-unibanco-sa-80089723,National Long Term Rating,AAA(bra),2025-12-12,Affirmed,Rating Outlook Stable,,
2026-09-25,Itau Unibanco S.A.,https://www.fitchratings.com/entity/itau-unibanco-sa-80089723,Viability Rating,bb+,2025-12-12,Affirmed,,,
2026-09-25,Itau Unibanco S.A.,https://www.fitchratings.com/entity/itau-unibanco-sa-80089723,Local Currency Long Term Issuer Default Rating,BB+,2025-12-12,Affirmed,Rating Outlook Stable,,
2026-09-25,Itau Unibanco S.A.,https://www.fitchratings.com/entity/itau-unibanco-sa-80089723,Support Rating,WD,2022-01-24,Withdrawn,,,
2026-09-25,Itau Unibanco S.A.,https://www.fitchratings.com/entity/itau-unibanco-sa-80089723,Support Rating Floor,WD,2022-01-24,Withdrawn,,,
2026-09-25,Itau Unibanco S.A.,https://www.fitchratings.com/entity/itau-unibanco-sa-80089723,Individual Rating,WD,2012-01-25,Withdrawn,,,
2026-09-25,Itau Unibanco Holding S.A.,https://www.fitchratings.com/entity/itau-unibanco-holding-sa-80609415,Long Term Issuer Default Rating,BB+,2025-12-12,Affirmed,Rating Outlook Stable,,
2026-09-25,Itau Unibanco Holding S.A.,https://www.fitchratings.com/entity/itau-unibanco-holding-sa-80609415,Short Term Issuer Default Rating,B,2025-12-12,Affirmed,,,
2026-09-25,Itau Unibanco Holding S.A.,https://www.fitchratings.com/entity/itau-unibanco-holding-sa-80609415,Local Currency Long Term Issuer Default Rating,BB+,2025-12-12,Affirmed,Rating Outlook Stable,,
2026-09-25,Itau Unibanco Holding S.A.,https://www.fitchratings.com/entity/itau-unibanco-holding-sa-80609415,Government Support Rating,bb-,2025-12-12,Affirmed,,,
2026-09-25,Itau Unibanco Holding S.A.,https://www.fitchratings.com/entity/itau-unibanco-holding-sa-80609415,National Short Term Rating,F1+(bra),2025-12-12,Affirmed,,,
2026-09-25,Itau Unibanco Holding S.A.,https://www.fitchratings.com/entity/itau-unibanco-holding-sa-80609415,Viability Rating,bb+,2025-12-12,Affirmed,,,
2026-09-25,Itau Unibanco Holding S.A.,https://www.fitchratings.com/entity/itau-unibanco-holding-sa-80609415,National Long Term Rating,AAA(bra),2025-12-12,Affirmed,Rating Outlook Stable,,
2026-09-25,Itau Unibanco Holding S.A.,https://www.fitchratings.com/entity/itau-unibanco-holding-sa-80609415,Local Currency Short Term Issuer Default Rating,B,2025-12-12,Affirmed,,,
2026-09-25,Itau Unibanco Holding S.A.,https://www.fitchratings.com/entity/itau-unibanco-holding-sa-80609415,Support Rating,WD,2022-01-24,Withdrawn,,,
2026-09-25,Itau Unibanco Holding S.A.,https://www.fitchratings.com/entity/itau-unibanco-holding-sa-80609415,Support Rating Floor,WD,2022-01-24,Withdrawn,,,
2026-09-25,Itau Unibanco Holding S.A.,https://www.fitchratings.com/entity/itau-unibanco-holding-sa-80609415,Individual Rating,WD,2012-01-25,Withdrawn,,,
2026-09-25,Banco Bradesco S.A.,https://www.fitchratings.com/entity/banco-bradesco-sa-80089720,Long Term Issuer Default Rating,BB+,2025-12-12,Affirmed,Rating Outlook Stable,,
2026-09-25,Banco Bradesco S.A.,https://www.fitchratings.com/entity/banco-bradesco-sa-80089720,Short Term Issuer Default Rating,B,2025-12-12,Affirmed,,,
2026-09-25,Banco Bradesco S.A.,https://www.fitchratings.com/entity/banco-bradesco-sa-80089720,National Short Term Rating,F1+(bra),2025-12-12,Affirmed,,,
2026-09-25,Banco Bradesco S.A.,https://www.fitchratings.com/entity/banco-bradesco-sa-80089720,Government Support Rating,bb-,2025-12-12,Affirmed,,,
2026-09-25,Banco Bradesco S.A.,https://www.fitchratings.com/entity/banco-bradesco-sa-80089720,Viability Rating,bb+,2025-12-12,Affirmed,,,
2026-09-25,Banco Bradesco S.A.,https://www.fitchratings.com/entity/banco-bradesco-sa-80089720,Local Currency Short Term Issuer Default Rating,B,2025-12-12,Affirmed,,,
2026-09-25,Banco Bradesco S.A.,https://www.fitchratings.com/entity/banco-bradesco-sa-80089720,Local Currency Long Term Issuer Default Rating,BB+,2025-12-12,Affirmed,Rating Outlook Stable,,
2026-09-25,Banco Bradesco S.A.,https://www.fitchratings.com/entity/banco-bradesco-sa-80089720,National Long Term Rating,AAA(bra),2025-12-12,Affirmed,Rating Outlook Stable,,
2026-09-25,Banco Bradesco S.A.,https://www.fitchratings.com/entity/banco-bradesco-sa-80089720,Support Rating,WD,2022-01-24,Withdrawn,,,
2026-09-25,Banco Bradesco S.A.,https://www.fitchratings.com/entity/banco-bradesco-sa-80089720,Support Rating Floor,WD,2022-01-24,Withdrawn,,,
2026-09-25,Banco Bradesco S.A.,https://www.fitchratings.com/entity/banco-bradesco-sa-80089720,Individual Rating,WD,2012-01-25,Withdrawn,,,
2026-09-25,Banco do Brasil S.A.,https://www.fitchratings.com/entity/banco-do-brasil-sa-80089721,Long Term Issuer Default Rating,BB,2025-12-12,Affirmed,Rating Outlook Stable,,
2026-09-25,Banco do Brasil S.A.,https://www.fitchratings.com/entity/banco-do-brasil-sa-80089721,Short Term Issuer Default Rating,B,2025-12-12,Affirmed,,,
2026-09-25,Banco do Brasil S.A.,https://www.fitchratings.com/entity/banco-do-brasil-sa-80089721,National Long Term Rating,AAA(bra),2025-12-12,Affirmed,Rating Outlook Stable,,
2026-09-25,Banco do Brasil S.A.,https://www.fitchratings.com/entity/banco-do-brasil-sa-80089721,Government Support Rating,bb,2025-12-12,Affirmed,,,
2026-09-25,Banco do Brasil S.A.,https://www.fitchratings.com/entity/banco-do-brasil-sa-80089721,Local Currency Short Term Issuer Default Rating,B,2025-12-12,Affirmed,,,
2026-09-25,Banco do Brasil S.A.,https://www.fitchratings.com/entity/banco-do-brasil-sa-80089721,Local Currency Long Term Issuer Default Rating,BB,2025-12-12,Affirmed,Rating Outlook Stable,,
2026-09-25,Banco do Brasil S.A.,https://www.fitchratings.com/entity/banco-do-brasil-sa-80089721,Viability Rating,bb,2025-12-12,Affirmed,,,
2026-09-25,Banco do Brasil S.A.,https://www.fitchratings.com/entity/banco-do-brasil-sa-80089721,National Short Term Rating,F1+(bra),2025-12-12,Affirmed,,,
2026-09-25,Banco do Brasil S.A.,https://www.fitchratings.com/entity/banco-do-brasil-sa-80089721,Support Rating Floor,WD,2022-06-01,Withdrawn,,,
2026-09-25,Banco do Brasil S.A.,https://www.fitchratings.com/entity/banco-do-brasil-sa-80089721,Support Rating,WD,2022-06-01,Withdrawn,,,
2026-09-25,Banco do Brasil S.A.,https://www.fitchratings.com/entity/banco-do-brasil-sa-80089721,Individual Rating,WD,2012-01-25,Withdrawn,,,
2026-09-25,TOTVS S.A.,https://www.fitchratings.com/entity/totvs-sa-96738486,National Long Term Rating,AAA(bra),2025-12-12,Affirmed,Rating Outlook Stable,,
2026-09-25,Grupo Fartura de Hortifrut S.A.,https://www.fitchratings.com/entity/grupo-fartura-de-hortifrut-sa-97263297,National Long Term Rating,A-(bra),2025-12-11,Review - No Action,Rating Outlook Stable,,
2026-09-25,Nova Transportadora do Sudeste S.A. - NTS,https://www.fitchratings.com/entity/nova-transportadora-do-sudeste-sa-nts-96606450,National Long Term Rating,AAA(bra),2025-12-11,Affirmed,Rating Outlook Stable,,
2026-09-25,Verene Transmissao Subholding S.A.,https://www.fitchratings.com/entity/equatorial-transmissao-sa-97153792,National Long Term Rating,AAA(bra),2025-12-05,Upgrade,Rating Outlook Stable,,
2026-09-25,Unipar Carbocloro S.A.,https://www.fitchratings.com/entity/unipar-carbocloro-sa-96594045,National Long Term Rating,AA+(bra),2025-12-05,Affirmed,Rating Outlook Positive,,
2026-09-25,"B3 S.A. Brasil, Bolsa, Balcao",https://www.fitchratings.com/entity/b3-sa-brasil-bolsa-balcao-97156065,Long Term Issuer Default Rating,BB+,2025-12-05,Affirmed,Rating Outlook Stable,,
2026-09-25,"B3 S.A. Brasil, Bolsa, Balcao",https://www.fitchratings.com/entity/b3-sa-brasil-bolsa-balcao-97156065,Short Term Issuer Default Rating,B,2025-12-05,Affirmed,,,
2026-09-25,"B3 S.A. Brasil, Bolsa, Balcao",https://www.fitchratings.com/entity/b3-sa-brasil-bolsa-balcao-97156065,National Long Term Rating,AAA(bra),2025-12-05,Affirmed,Rating Outlook Stable,,
2026-09-25,"B3 S.A. Brasil, Bolsa, Balcao",https://www.fitchratings.com/entity/b3-sa-brasil-bolsa-balcao-97156065,Local Currency Short Term Issuer Default Rating,B,2025-12-05,Affirmed,,,
2026-09-25,"B3 S.A. Brasil, Bolsa, Balcao",https://www.fitchratings.com/entity/b3-sa-brasil-bolsa-balcao-97156065,National Short Term Rating,F1+(bra),2025-12-05,Affirmed,,,
2026-09-25,"B3 S.A. Brasil, Bolsa, Balcao",https://www.fitchratings.com/entity/b3-sa-brasil-bolsa-balcao-97156065,Local Currency Long Term Issuer Default Rating,BB+,2025-12-05,Affirmed,Rating Outlook Stable,,
2026-09-25,Lar Cooperativa Agroindustrial,https://www.fitchratings.com/entity/lar-cooperativa-agroindustrial-97224267,National Long Term Rating,A(bra),2025-12-04,Affirmed,Rating Outlook Stable,,
2026-09-25,Saneamento de Goias S.A. (Saneago),https://www.fitchratings.com/entity/saneamento-de-goias-sa-saneago-80361245,National Long Term Rating,AA(bra),2025-12-04,Affirmed,Rating Outlook Stable,,
2026-09-25,Saneamento de Goias S.A. (Saneago),https://www.fitchratings.com/entity/saneamento-de-goias-sa-saneago-80361245,National Short Term Rating,NR,2003-03-26,Withdrawn,,,
2026-09-25,GSH Corp Participacoes S.A.,https://www.fitchratings.com/entity/gsh-corp-participacoes-sa-97344983,National Long Term Rating,A+(bra),2025-11-26,Downgrade,Rating Outlook Stable,,
2026-09-25,Ser Educacional S.A.,https://www.fitchratings.com/entity/ser-educacional-sa-96163650,National Long Term Rating,AA(bra),2025-11-25,Affirmed,Rating Outlook Stable,,
2026-09-25,Vertera Holding S.A.,https://www.fitchratings.com/entity/vertera-holding-sa-97587318,National Short Term Rating,F1+(bra),2025-11-24,Publish,,,
2026-09-25,Vertera Holding S.A.,https://www.fitchratings.com/entity/vertera-holding-sa-97587318,National Long Term Rating,A+(bra),2025-11-24,Publish,Rating Outlook Positive,,
2026-09-25,Origem Energia S.A,https://www.fitchratings.com/entity/origem-energia-sa-97554715,National Long Term Rating,A(bra),2025-11-24,Affirmed,Rating Outlook Stable,,
2026-09-25,Banco Andbank (Brasil) S.A.,https://www.fitchratings.com/entity/banco-andbank-brasil-sa-97051967,National Long Term Rating,WD(bra),2025-11-21,Withdrawn,,,
2026-09-25,Banco Andbank (Brasil) S.A.,https://www.fitchratings.com/entity/banco-andbank-brasil-sa-97051967,National Short Term Rating,WD(bra),2025-11-21,Withdrawn,,,
2026-09-25,Banco Master S.A.,https://www.fitchratings.com/entity/banco-master-sa-97092715,Local Currency Short Term Issuer Default Rating,WD,2025-11-19,Withdrawn,,,
2026-09-25,Banco Master S.A.,https://www.fitchratings.com/entity/banco-master-sa-97092715,Long Term Issuer Default Rating,WD,2025-11-19,Withdrawn,,,
2026-09-25,Banco Master S.A.,https://www.fitchratings.com/entity/banco-master-sa-97092715,Viability Rating,WD,2025-11-19,Withdrawn,,,
2026-09-25,Banco Master S.A.,https://www.fitchratings.com/entity/banco-master-sa-97092715,National Short Term Rating,WD(bra),2025-11-19,Withdrawn,,,
2026-09-25,Banco Master S.A.,https://www.fitchratings.com/entity/banco-master-sa-97092715,National Long Term Rating,WD(bra),2025-11-19,Withdrawn,,,
2026-09-25,Banco Master S.A.,https://www.fitchratings.com/entity/banco-master-sa-97092715,Government Support Rating,WD,2025-11-19,Withdrawn,,,
2026-09-25,Banco Master S.A.,https://www.fitchratings.com/entity/banco-master-sa-97092715,Short Term Issuer Default Rating,WD,2025-11-19,Withdrawn,,,
2026-09-25,Banco Master S.A.,https://www.fitchratings.com/entity/banco-master-sa-97092715,Local Currency Long Term Issuer Default Rating,WD,2025-11-19,Withdrawn,,,
2026-09-25,Sicoob Distribuidora de Titulos e Valores Mobiliarios Ltda.,https://www.fitchratings.com/entity/bancoob-distribuidora-de-titulos-e-valores-mobiliarios-ltda-94430690,Investment Management Quality Rating,Strong,2025-11-19,Affirmed,Rating Outlook Stable,,
2026-09-25,Sicoob Distribuidora de Titulos e Valores Mobiliarios Ltda.,https://www.fitchratings.com/entity/bancoob-distribuidora-de-titulos-e-valores-mobiliarios-ltda-94430690,Asset Manager Rating,WD,2017-03-06,Withdrawn,,,
2026-09-25,Prio Forte S.A.,https://www.fitchratings.com/entity/prio-forte-sa-97708380,National Long Term Rating,AAA(bra),2025-11-14,Affirmed,Rating Outlook Stable,,
2026-09-25,Bradesco Asset Management,https://www.fitchratings.com/entity/bram-bradesco-asset-management-sa-distribuidora-de-titulos-e-valores-mobiliarios-96509631,Investment Management Quality Rating,Excellent,2025-11-04,Affirmed,Rating Outlook Stable,,
2026-09-25,Motiva Infraestrutura de Mobilidade S.A.,https://www.fitchratings.com/entity/ccr-sa-80614467,National Long Term Rating,AAA(bra),2025-10-31,Affirmed,Rating Outlook Stable,,
2026-09-25,Igua Saneamento S.A.,https://www.fitchratings.com/entity/igua-saneamento-sa-92892096,National Long Term Rating,A+(bra),2025-10-30,New Rating,Rating Outlook Stable,,
2026-09-25,Itausa S.A.,https://www.fitchratings.com/entity/itausa-sa-97407242,National Long Term Rating,AAA(bra),2025-10-30,Affirmed,Rating Outlook Stable,,
2026-09-25,Itausa S.A.,https://www.fitchratings.com/entity/itausa-sa-97407242,National Short Term Rating,F1+(bra),2025-10-30,Affirmed,,,
2026-09-25,Companhia de Agua e Esgoto do Ceara - CAGECE,https://www.fitchratings.com/entity/companhia-de-agua-e-esgoto-do-ceara-cagece-97073066,National Long Term Rating,AA-(bra),2025-10-30,Affirmed,Rating Outlook Stable,,
2026-09-25,"Mercado Credito Sociedade de Credito, Financiamento e Investimento S.A.",https://www.fitchratings.com/entity/mercado-credito-sociedade-de-credito-financiamento-e-investimento-sa-97173030,National Short Term Rating,F1+(bra),2025-10-29,Affirmed,,,
2026-09-25,"Mercado Credito Sociedade de Credito, Financiamento e Investimento S.A.",https://www.fitchratings.com/entity/mercado-credito-sociedade-de-credito-financiamento-e-investimento-sa-97173030,National Long Term Rating,AAA(bra),2025-10-29,Affirmed,Rating Outlook Stable,,
2026-09-25,Mercado Pago Instituicao de Pagamento Ltda.,https://www.fitchratings.com/entity/mercadopagocom-representacoes-ltda-97074397,National Short Term Rating,F1+(bra),2025-10-29,New Rating,,,
2026-09-25,Mercado Pago Instituicao de Pagamento Ltda.,https://www.fitchratings.com/entity/mercadopagocom-representacoes-ltda-97074397,National Long Term Rating,AAA(bra),2025-10-29,Affirmed,Rating Outlook Stable,,
2026-09-25,Centrais Eletricas de Santa Catarina S.A.,https://www.fitchratings.com/entity/centrais-eletricas-de-santa-catarina-sa-88576124,National Long Term Rating,AA(bra),2025-10-27,Affirmed,Rating Outlook Stable,,
2026-09-25,Celesc Distribuicao S.A,https://www.fitchratings.com/entity/celesc-distribuicao-sa-90866490,National Long Term Rating,AA(bra),2025-10-27,Affirmed,Rating Outlook Stable,,
2026-09-25,Celesc Geracao S.A.,https://www.fitchratings.com/entity/celesc-geracao-sa-96258686,National Long Term Rating,AA(bra),2025-10-27,Affirmed,Rating Outlook Stable,,
2026-09-25,Veste S.A. Estilo,https://www.fitchratings.com/entity/restoque-comercio-e-confeccoes-de-roupas-sa-93935490,National Long Term Rating,BBB(bra),2025-10-24,Affirmed,Rating Outlook Negative,,
2026-09-25,CPX Distribuidora S.A.,https://www.fitchratings.com/entity/cpx-distribuidora-sa-97294988,National Long Term Rating,A-(bra),2025-10-24,Affirmed,Rating Outlook Positive,,
2026-09-25,CP Comercial S.A.,https://www.fitchratings.com/entity/cp-comercial-sa-97294985,National Long Term Rating,A-(bra),2025-10-24,Affirmed,Rating Outlook Positive,,
2026-09-25,ITR Comercio de Pneus e Pecas S.A.,https://www.fitchratings.com/entity/itr-comercio-de-pneus-e-pecas-sa-97295033,National Long Term Rating,A-(bra),2025-10-24,Affirmed,Rating Outlook Positive,,
2026-09-25,MercadoLivre.com Atividades de Internet Ltda.,https://www.fitchratings.com/entity/mercadolivrecom-atividades-de-internet-ltda-97074420,National Long Term Rating,AAA(bra),2025-10-23,Affirmed,Rating Outlook Stable,,
2026-09-25,Banco Cooperativo Sicredi S.A.,https://www.fitchratings.com/entity/banco-cooperativo-sicredi-sa-93581090,National Long Term Rating,AAA(bra),2025-10-20,Affirmed,Rating Outlook Stable,,
2026-09-25,Banco Cooperativo Sicredi S.A.,https://www.fitchratings.com/entity/banco-cooperativo-sicredi-sa-93581090,National Short Term Rating,F1+(bra),2025-10-20,Affirmed,,,
2026-09-25,Companhia de Aguas e Esgotos do Rio Grande do Norte,https://www.fitchratings.com/entity/companhia-de-aguas-e-esgotos-do-rio-grande-do-norte-97435040,National Long Term Rating,A+(bra),2025-10-17,Affirmed,Rating Outlook Stable,,
2026-09-25,Banco Rendimento S.A.,https://www.fitchratings.com/entity/banco-rendimento-sa-80543471,National Short Term Rating,F1+(bra),2025-10-09,Affirmed,,,
2026-09-25,Banco Rendimento S.A.,https://www.fitchratings.com/entity/banco-rendimento-sa-80543471,National Long Term Rating,AA-(bra),2025-10-09,Affirmed,Rating Outlook Stable,,
2026-09-25,Banco Rendimento S.A.,https://www.fitchratings.com/entity/banco-rendimento-sa-80543471,Support Rating,WD,2011-12-15,Withdrawn,,,
2026-09-25,Vitru Educacao S.A.,https://www.fitchratings.com/entity/vitru-brasil-empreendimentos-participacoes-e-comercio-sa-97548344,National Long Term Rating,AA(bra),2025-10-08,Review - No Action,Rating Outlook Stable,,
2026-09-25,"Parana, State of",https://www.fitchratings.com/entity/parana-state-of-91781290,Long Term Issuer Default Rating,BB,2025-10-08,Affirmed,Rating Outlook Stable,,
2026-09-25,"Parana, State of",https://www.fitchratings.com/entity/parana-state-of-91781290,Short Term Issuer Default Rating,B,2025-10-08,Affirmed,,,
2026-09-25,"Parana, State of",https://www.fitchratings.com/entity/parana-state-of-91781290,National Short Term Rating,F1+(bra),2025-10-08,Affirmed,,,
2026-09-25,"Parana, State of",https://www.fitchratings.com/entity/parana-state-of-91781290,Standalone Credit Profile,bbb,2025-10-08,Affirmed,,,
2026-09-25,"Parana, State of",https://www.fitchratings.com/entity/parana-state-of-91781290,National Long Term Rating,AAA(bra),2025-10-08,Affirmed,Rating Outlook Stable,,
2026-09-25,"Parana, State of",https://www.fitchratings.com/entity/parana-state-of-91781290,Local Currency Long Term Issuer Default Rating,BB,2025-10-08,Affirmed,Rating Outlook Stable,,
2026-09-25,"Parana, State of",https://www.fitchratings.com/entity/parana-state-of-91781290,Local Currency Short Term Issuer Default Rating,B,2025-10-08,Affirmed,,,
2026-09-25,Acucareira Quata S.A.,https://www.fitchratings.com/entity/acucareira-quata-sa-96624023,National Long Term Rating,A+(bra),2025-10-06,Upgrade,Rating Outlook Stable,,
2026-09-25,BB Gestao de Recursos - Distribuidora de Titulos e Valores Mobiliarios S.A.,https://www.fitchratings.com/entity/bb-gestao-de-recursos-distribuidora-de-titulos-e-valores-mobiliarios-sa-96221299,Investment Management Quality Rating,Excellent,2025-10-01,Affirmed,Rating Outlook Stable,,
2026-09-25,ESSENTIA PCHs S.A.,https://www.fitchratings.com/entity/contour-global-do-brasil-participacoes-sa-96630805,National Long Term Rating,WD(bra),2025-09-03,Withdrawn,,,
2026-09-25,General Shopping Finance Limited (GSF),https://www.fitchratings.com/entity/general-shopping-finance-limited-gsf-89880061,Long Term Issuer Default Rating,WD,2014-10-21,Withdrawn,,,
2026-09-25,General Shopping Investment Limited,https://www.fitchratings.com/entity/general-shopping-investment-limited-90748293,Long Term Issuer Default Rating,WD,2014-10-21,Withdrawn,,,
2026-09-25,iCred Chopin INSS FIDC,https://www.fitchratings.com/entity/icred-chopin-inss-fidc-97829083#issues,National Long Term Rating,CCCsf(bra),2026-09-25,New Rating,,certificates ser 4,BR0QP2CTF017
2026-09-25,iCred Chopin INSS FIDC,https://www.fitchratings.com/entity/icred-chopin-inss-fidc-97829083#issues,National Long Term Rating,AAAsf(bra),2026-09-25,New Rating,Rating Outlook Stable,certificates ser 4,BR0QP2CTF009
2026-09-25,iCred Chopin INSS FIDC,https://www.fitchratings.com/entity/icred-chopin-inss-fidc-97829083#issues,National Long Term Rating,NRsf,2026-09-25,New Rating,,certificates ser 4,BR0QP2CTF033
2026-09-25,iCred Chopin INSS FIDC,https://www.fitchratings.com/entity/icred-chopin-inss-fidc-97829083#issues,National Long Term Rating,NRsf,2026-09-25,New Rating,,certificates ser 4,BR0QP2CTF025
2026-09-25,iCred INSS III FIDC,https://www.fitchratings.com/entity/icred-inss-iii-fidc-97870993#issues,National Long Term Rating,NRsf,2026-09-25,New Rating,,notes ser 4,BR0RQACTF021
2026-09-25,iCred INSS III FIDC,https://www.fitchratings.com/entity/icred-inss-iii-fidc-97870993#issues,National Long Term Rating,AAAsf(bra),2026-09-25,New Rating,Rating Outlook Stable,notes ser 4,BR0RQACTF005
2026-09-25,iCred INSS III FIDC,https://www.fitchratings.com/entity/icred-inss-iii-fidc-97870993#issues,National Long Term Rating,AAA(EXP)sf(bra),2026-09-25,Expected Rating,Rating Outlook Stable,notes ser 4,
2026-09-25,iCred INSS III FIDC,https://www.fitchratings.com/entity/icred-inss-iii-fidc-97870993#issues,National Long Term Rating,BB+sf(bra),2026-09-25,New Rating,Rating Outlook Stable,notes ser 4,BR0RQACTF013
2026-09-25,iCred INSS III FIDC,https://www.fitchratings.com/entity/icred-inss-iii-fidc-97870993#issues,National Long Term Rating,NR(EXP)sf(bra),2026-09-25,Expected Rating,,notes ser 4,
2026-09-25,iCred INSS III FIDC,https://www.fitchratings.com/entity/icred-inss-iii-fidc-97870993#issues,National Long Term Rating,BB+(EXP)sf(bra),2026-09-25,Expected Rating,Rating Outlook Stable,notes ser 4,
2026-09-25,iCred INSS III FIDC,https://www.fitchratings.com/entity/icred-inss-iii-fidc-97870993#issues,National Long Term Rating,NRsf,2026-09-25,New Rating,,notes ser 4,
2026-09-25,"Riza Securitizadora 2025-263-1,2,3 (JBS)",https://www.fitchratings.com/entity/virgo-cia-de-securitizacao-2025-263-1-2-3-jbs-97705190#issues,National Long Term Rating,AAAsf(bra),2026-09-24,Affirmed,Rating Outlook Stable,securities ser 3,BRIMWLCRAAG7
2026-09-25,"Riza Securitizadora 2025-263-1,2,3 (JBS)",https://www.fitchratings.com/entity/virgo-cia-de-securitizacao-2025-263-1-2-3-jbs-97705190#issues,National Long Term Rating,AAAsf(bra),2026-09-24,Affirmed,Rating Outlook Stable,securities ser 3,BRIMWLCRAAD4
2026-09-25,"Riza Securitizadora 2025-263-1,2,3 (JBS)",https://www.fitchratings.com/entity/virgo-cia-de-securitizacao-2025-263-1-2-3-jbs-97705190#issues,National Long Term Rating,AAAsf(bra),2026-09-24,Affirmed,Rating Outlook Stable,securities ser 3,BRIMWLCRAAF9
2026-09-25,"Riza Securitizadora 2024-218-1,2,3 (JBS)",https://www.fitchratings.com/entity/virgo-cia-de-securitizacao-2024-218-1-2-3-jbs-97652090#issues,National Long Term Rating,AAAsf(bra),2026-09-24,Affirmed,Rating Outlook Stable,notes ser 3,BRIMWLCRA8R6
2026-09-25,"Riza Securitizadora 2024-218-1,2,3 (JBS)",https://www.fitchratings.com/entity/virgo-cia-de-securitizacao-2024-218-1-2-3-jbs-97652090#issues,National Long Term Rating,AAAsf(bra),2026-09-24,Affirmed,Rating Outlook Stable,notes ser 3,BRIMWLCRA8S4
2026-09-25,"Riza Securitizadora 2024-218-1,2,3 (JBS)",https://www.fitchratings.com/entity/virgo-cia-de-securitizacao-2024-218-1-2-3-jbs-97652090#issues,National Long Term Rating,AAAsf(bra),2026-09-24,Affirmed,Rating Outlook Stable,notes ser 3,BRIMWLCRA8Q8
2026-09-25,"Eco Securitizadora 2026-466-1,2,3,4 (BRF)",https://www.fitchratings.com/entity/eco-securitizadora-2026-466-1-2-3-4-brf-97948122#issues,National Long Term Rating,AAAsf(bra),2026-09-24,New Rating,Rating Outlook Stable,notes ser 4,BRECOACRANF2
2026-09-25,"Eco Securitizadora 2026-466-1,2,3,4 (BRF)",https://www.fitchratings.com/entity/eco-securitizadora-2026-466-1-2-3-4-brf-97948122#issues,National Long Term Rating,AAAsf(bra),2026-09-24,New Rating,Rating Outlook Stable,notes ser 4,BRECOACRANH8
2026-09-25,"Eco Securitizadora 2026-466-1,2,3,4 (BRF)",https://www.fitchratings.com/entity/eco-securitizadora-2026-466-1-2-3-4-brf-97948122#issues,National Long Term Rating,AAAsf(bra),2026-09-24,New Rating,Rating Outlook Stable,notes ser 4,BRECOACRANI6
2026-09-25,"Eco Securitizadora 2026-466-1,2,3,4 (BRF)",https://www.fitchratings.com/entity/eco-securitizadora-2026-466-1-2-3-4-brf-97948122#issues,National Long Term Rating,AAAsf(bra),2026-09-24,New Rating,Rating Outlook Stable,notes ser 4,BRECOACRANG0
2026-09-25,Companhia de Gas do Estado do Rio Grande do Sul,https://www.fitchratings.com/entity/companhia-de-gas-do-estado-do-rio-grande-do-sul-97787579#issues,National Long Term Rating,AA(bra),2026-09-23,Affirmed,Rating Watch Off,BRL 200M 1st Debentures due 2029,BRSULGDBS001
2026-09-25,UHE Sao Simao Energia S.A.,https://www.fitchratings.com/entity/uhe-sao-simao-energia-sa-97786623#issues,National Long Term Rating,AAA(bra),2026-09-23,New Rating,,"BRL 1.05 bln bond/note IPCA + 5,8198%",
2026-09-25,Spic Brasil Energia Participacoes S.A.,https://www.fitchratings.com/entity/spic-brasil-energia-participacoes-sa-97786085#issues,National Long Term Rating,AAA(bra),2026-09-23,Affirmed,,Spic Br_2nd NC Issuance_BRL470mln_2030,BRSPICNCM014
2026-09-25,AXIA Energia S.A.,https://www.fitchratings.com/entity/centrais-eletricas-brasileiras-sa-eletrobras-80464173#issues,National Long Term Rating,AAA(bra),2026-09-23,New Rating,,13th Deb Issue  BRL 1500 mln Floating CDI (Brazil) bond/note 15-Sep-2033,
2026-09-25,CPFL Geracao de Energia S.A.,https://www.fitchratings.com/entity/cpfl-geracao-de-energia-sa-94139890#issues,National Long Term Rating,AAA(bra),2026-09-22,Review - No Action,,BRL 482 mln Floating CDI (Brazil) 0.49% bond/note 26-Aug-2031,
2026-09-25,Companhia Piratininga de Forca e Luz,https://www.fitchratings.com/entity/cia-piratininga-de-forca-e-luz-sa-91549891#issues,National Long Term Rating,AAA(bra),2026-09-22,Review - No Action,,BRL 198 mln bond/note 28-Jun-2028,BRCPFPDBS0I9
2026-09-25,Companhia Piratininga de Forca e Luz,https://www.fitchratings.com/entity/cia-piratininga-de-forca-e-luz-sa-91549891#issues,National Long Term Rating,AAA(bra),2026-09-22,Review - No Action,,BRL 304 mln Floating CDI (Brazil) 0.49% Series B8 bond/note 10-Sep-2031,BRCPFPDBS0O7
2026-09-25,Companhia Piratininga de Forca e Luz,https://www.fitchratings.com/entity/cia-piratininga-de-forca-e-luz-sa-91549891#issues,National Long Term Rating,AAA(bra),2026-09-22,Review - No Action,,19th issuance BRL 300 mln Floating IPCA (Brazil) 6.7% bond/note 15-Feb-2035,
2026-09-25,Companhia Jaguari de Energia,https://www.fitchratings.com/entity/companhia-jaguari-de-energia-97453053#issues,National Long Term Rating,AAA(bra),2026-09-22,Review - No Action,,8th Deb Issue  BRL 312 mln Floating IPCA (Brazil) 5.9% IPCA bond/note 15-Mar-2030,
2026-09-25,Companhia Jaguari de Energia,https://www.fitchratings.com/entity/companhia-jaguari-de-energia-97453053#issues,National Long Term Rating,AAA(bra),2026-09-22,Review - No Action,,BRL 225 mln Floating IPCA (Brazil) 6.7% bond/note 15-Feb-2035,
2026-09-25,Companhia Jaguari de Energia,https://www.fitchratings.com/entity/companhia-jaguari-de-energia-97453053#issues,National Long Term Rating,AAA(bra),2026-09-22,Review - No Action,,BRL 300 mln Floating CDI (Brazil) 0.49% bond/note 26-Aug-2031,
2026-09-25,Companhia Paulista de Forca e Luz (CPFL),https://www.fitchratings.com/entity/companhia-paulista-de-forca-e-luz-cpfl-80614495#issues,National Long Term Rating,AAA(bra),2026-09-22,Review - No Action,,16th issuance 2nd tranche BRL 792 mln Floating IPCA (Brazil) 6.7% bond/note 15-Feb-2035,BRPALFDBS0M7
2026-09-25,Companhia Paulista de Forca e Luz (CPFL),https://www.fitchratings.com/entity/companhia-paulista-de-forca-e-luz-cpfl-80614495#issues,National Long Term Rating,AAA(bra),2026-09-22,Review - No Action,,BRL 43 mln 5.05% bond/note 15-Sep-2027,BRPALFDBS0C8
2026-09-25,Companhia Paulista de Forca e Luz (CPFL),https://www.fitchratings.com/entity/companhia-paulista-de-forca-e-luz-cpfl-80614495#issues,National Long Term Rating,AAA(bra),2026-09-22,Review - No Action,,BRL 750 mln Floating CDI (Brazil) 0.49% bond/note 26-Aug-2031,
2026-09-25,Companhia Paulista de Forca e Luz (CPFL),https://www.fitchratings.com/entity/companhia-paulista-de-forca-e-luz-cpfl-80614495#issues,National Long Term Rating,AAA(bra),2026-09-22,Review - No Action,,BRL 1.02 bln bond/note 28-Sep-2027*,
2026-09-25,Companhia Paulista de Forca e Luz (CPFL),https://www.fitchratings.com/entity/companhia-paulista-de-forca-e-luz-cpfl-80614495#issues,National Long Term Rating,AAA(bra),2026-09-22,Review - No Action,,16th issuance 1st tranche BRL 2.4 bln Floating CDI (Brazil) 0.59% bond/note 15-Feb-2030,BRPALFDBS0L9
2026-09-25,RGE Sul Distribuidora de Energia S.A.,https://www.fitchratings.com/entity/rge-sul-distribuidora-de-energia-sa-96554699#issues,National Long Term Rating,AAA(bra),2026-09-22,Review - No Action,,BRL 603 mln Floating CDI (Brazil) 0.49% bond/note 10-Sep-2029,BRAESLDBS0T0
2026-09-25,RGE Sul Distribuidora de Energia S.A.,https://www.fitchratings.com/entity/rge-sul-distribuidora-de-energia-sa-96554699#issues,National Long Term Rating,AAA(bra),2026-09-22,Review - No Action,,BRL 449 mln bond/note 28-Feb-2031,BRAESLDBS0Q6
2026-09-25,RGE Sul Distribuidora de Energia S.A.,https://www.fitchratings.com/entity/rge-sul-distribuidora-de-energia-sa-96554699#issues,National Long Term Rating,AAA(bra),2026-09-22,Review - No Action,,21st Deb Issue 1st tranche BRL 1103 mln Floating IPCA (Brazil) 6.0% IPCA bond/note 15-Mar-2030,
2026-09-25,RGE Sul Distribuidora de Energia S.A.,https://www.fitchratings.com/entity/rge-sul-distribuidora-de-energia-sa-96554699#issues,National Long Term Rating,AAA(bra),2026-09-22,Review - No Action,,21st Deb Issue 2nd tranche BRL 1103 mln Floating IPCA (Brazil) 5.9% IPCA bond/note 15-Mar-2030,
2026-09-25,CPFL Transmissao S.A.,https://www.fitchratings.com/entity/companhia-estadual-de-transmissao-de-energia-eletrica-ceee-t-97453517#issues,National Long Term Rating,AAA(bra),2026-09-22,Review - No Action,,BRL 260 mln Floating CDI (Brazil) 0.49% bond/note 26-Aug-2031,
2026-09-25,CPFL Transmissao S.A.,https://www.fitchratings.com/entity/companhia-estadual-de-transmissao-de-energia-eletrica-ceee-t-97453517#issues,National Long Term Rating,AAA(bra),2026-09-22,Review - No Action,,14th issuance BRL 300 mln Floating IPCA (Brazil) 6.7% bond/note 15-Feb-2035,BREEELDBS0B0
2026-09-25,Localiza Fleet S.A.,https://www.fitchratings.com/entity/localiza-fleet-sa-96673245#issues,National Long Term Rating,AAA(bra),2026-09-21,Affirmed,,14ª Debentures (Série Única),BRTFLEDBS0E6
2026-09-25,Localiza Fleet S.A.,https://www.fitchratings.com/entity/localiza-fleet-sa-96673245#issues,National Long Term Rating,AAA(bra),2026-09-21,Affirmed,,9ª Debentures (Série Única),BRTFLEDBS088
2026-09-25,Localiza Fleet S.A.,https://www.fitchratings.com/entity/localiza-fleet-sa-96673245#issues,National Long Term Rating,AAA(bra),2026-09-21,Affirmed,,21ª Debentures (Série Única),BRTFLEDBS0N7
2026-09-25,Localiza Fleet S.A.,https://www.fitchratings.com/entity/localiza-fleet-sa-96673245#issues,National Long Term Rating,AAA(bra),2026-09-21,Affirmed,,18ª Debentures (Série Única),BRTFLEDBS0J5
2026-09-25,Localiza Rent a Car S.A.,https://www.fitchratings.com/entity/localiza-rent-car-sa-90199061#issues,National Long Term Rating,AAA(bra),2026-09-21,Affirmed,,48ª Debentures (Série Única),BRRENTDBS1N9
2026-09-25,Localiza Rent a Car S.A.,https://www.fitchratings.com/entity/localiza-rent-car-sa-90199061#issues,National Long Term Rating,AAA(bra),2026-09-21,Affirmed,,42ª Debentures (Série 2),BRRENTDBS1F5
2026-09-25,Localiza Rent a Car S.A.,https://www.fitchratings.com/entity/localiza-rent-car-sa-90199061#issues,National Long Term Rating,AAA(bra),2026-09-21,Affirmed,,47ª Debentures (Série Única),BRRENTDBS1M1
2026-09-25,Localiza Rent a Car S.A.,https://www.fitchratings.com/entity/localiza-rent-car-sa-90199061#issues,National Long Term Rating,AAA(bra),2026-09-21,Affirmed,,34ª Debentures (Série Única),BRRENTDBS113
2026-09-25,Localiza Rent a Car S.A.,https://www.fitchratings.com/entity/localiza-rent-car-sa-90199061#issues,National Long Term Rating,AAA(bra),2026-09-21,Affirmed,,42ª Debentures (Série 1),BRRENTDBS1E8
2026-09-25,Localiza Rent a Car S.A.,https://www.fitchratings.com/entity/localiza-rent-car-sa-90199061#issues,National Long Term Rating,AAA(bra),2026-09-21,Affirmed,,39ª Debentures (3 séries),"BRRENTDBS196, BRRENTDBS1A6, BRRENTDBS1B4"
2026-09-25,Usina Termeletrica Pampa Sul S.A.,https://www.fitchratings.com/entity/usina-termeletrica-pampa-sul-sa-97037338#issues,National Long Term Rating,AA(bra),2026-09-21,Affirmed,Rating Outlook Negative,2nd Issuance 2nd Serie,BRUTPSDBS039
2026-09-25,Usina Termeletrica Pampa Sul S.A.,https://www.fitchratings.com/entity/usina-termeletrica-pampa-sul-sa-97037338#issues,National Long Term Rating,AA(bra),2026-09-21,Affirmed,Rating Outlook Negative,1st Issuance 2nd Serie,BRUTPSDBS013
2026-09-25,Usina Termeletrica Pampa Sul S.A.,https://www.fitchratings.com/entity/usina-termeletrica-pampa-sul-sa-97037338#issues,National Long Term Rating,AA(bra),2026-09-21,Affirmed,Rating Outlook Negative,2nd Issuance 1st serie,BRUTPSDBS021
2026-09-25,Usina Termeletrica Pampa Sul S.A.,https://www.fitchratings.com/entity/usina-termeletrica-pampa-sul-sa-97037338#issues,National Long Term Rating,AA(bra),2026-09-21,Affirmed,Rating Outlook Negative,1st Issuance 1st serie,BRUTPSDBS005
2026-09-25,Opea Securitizadora S.A. 2020-1-268 (JSL),https://www.fitchratings.com/entity/rb-capital-cia-de-securitizacao-2020-268-jsl-97043536#issues,National Long Term Rating,AAsf(bra),2026-09-21,Affirmed,Rating Outlook Stable,notes ser 268,BRRBRACRI6S2
2026-09-25,Opea Securitizadora S.A. 2020-1-261 (JSL),https://www.fitchratings.com/entity/rb-capital-cia-de-securitizacao-2020-261-jsl-97043282#issues,National Long Term Rating,AAsf(bra),2026-09-21,Affirmed,Rating Outlook Stable,notes ser 261,BRRBRACRI6R4
2026-09-25,Nova Transportadora do Sudeste S.A. - NTS,https://www.fitchratings.com/entity/nova-transportadora-do-sudeste-sa-nts-96606450#issues,National Long Term Rating,AAA(bra),2026-09-21,New Rating,,13th Debenture - BRL 1.5 bln bond/note,
2026-09-25,Hidrovias do Brasil S.A.,https://www.fitchratings.com/entity/hidrovias-do-brasil-sa-96584762#issues,National Long Term Rating,WD(bra),2026-09-18,Withdrawn,,2nd Debentures Issuance BRL 500 mln bond/note 21-Jul-2029,BRHBSADBS036
2026-09-25,Concessionaria do Aeroporto Internacional de Guarulhos SA,https://www.fitchratings.com/entity/concessionaria-do-aeroporto-internacional-de-guarulhos-sa-91824291#issues,National Long Term Rating,A+(bra),2026-09-18,Affirmed,Rating Outlook Stable,2a Emissão - Série Unica,BRAGRUDBS048
2026-09-25,Highline do Brasil II Infraestrutura de Telecomunicacoes S.A.,https://www.fitchratings.com/entity/highline-do-brasil-ii-infraestrutura-de-telecomunicacoes-sa-97294139#issues,National Long Term Rating,A-(bra),2026-09-18,Affirmed,,BRL 1.15 bln Floating IPCA (Brazil) 8.5% bond/note 15-Oct-2034  credit agreement dated as of 25-Oct-2024,BRHGLBDBS038
2026-09-25,Highline do Brasil II Infraestrutura de Telecomunicacoes S.A.,https://www.fitchratings.com/entity/highline-do-brasil-ii-infraestrutura-de-telecomunicacoes-sa-97294139#issues,National Long Term Rating,A-(bra),2026-09-18,Affirmed,,BRL 1.15 bln Floating CDI (Brazil) 3% bond/note 15-Oct-2034  credit agreement dated as of 25-Oct-2024,BRHGLBDBS020
2026-09-25,Cimed & Co. S.A.,https://www.fitchratings.com/entity/cimed-co-sa-97629249#issues,National Long Term Rating,AA(bra),2026-09-18,New Rating,,6ª Emissão de Debêntures de BRL 200 milhões  e vencimento em2031,BRCMEDDBS053
2026-09-25,Alianca Geracao de Energia S.A.,https://www.fitchratings.com/entity/alianca-geracao-de-energia-sa-96605787#issues,National Long Term Rating,AAA(bra),2026-09-17,Affirmed,,6th Debentures Issuance BRL 340 mln Floating IPCA (Brazil) 5.88% bond/note 15-Nov-2037,BRALGEDBS052
2026-09-25,Alianca Geracao de Energia S.A.,https://www.fitchratings.com/entity/alianca-geracao-de-energia-sa-96605787#issues,National Long Term Rating,AAA(bra),2026-09-17,Affirmed,,BRL 185 mln 4.% bond/note 15-Feb-2035,BRALGEDBS029
2026-09-25,Alianca Geracao de Energia S.A.,https://www.fitchratings.com/entity/alianca-geracao-de-energia-sa-96605787#issues,National Long Term Rating,AAA(bra),2026-09-17,Affirmed,,BRL 35 mln Hybrid 3.65% bond/note 15-Dec-2029,BRALGEDBS011
2026-09-25,Alianca Geracao de Energia S.A.,https://www.fitchratings.com/entity/alianca-geracao-de-energia-sa-96605787#issues,National Long Term Rating,AAA(bra),2026-09-17,Affirmed,,BRL 240 mln 6.13% Series 15 bond/note 15-Apr-2036,BRALGEDBS045
2026-09-25,Concessao Metroviaria do Rio de Janeiro S.A. - MetroRio,https://www.fitchratings.com/entity/concessao-metroviaria-do-rio-de-janeiro-sa-metrorio-91062690#issues,National Long Term Rating,AAA(bra),2026-09-16,Affirmed,Rating Outlook Stable,BRL 2.8 bln 7.887% bond/note 15-Mar-2042,BRMGPRDBS076
2026-09-25,"Opea Securitizadora S.A. 2022-72-1,2,3 (Assai)",https://www.fitchratings.com/entity/true-securitizadora-2022-1-2-3-assai-97419780#issues,National Long Term Rating,PIFsf(bra),2026-09-15,Paid In Full,,notes ser 3,BRAPCSCRIEI5
2026-09-25,Cielo S.A. - Instituicao de Pagamento,https://www.fitchratings.com/entity/cielo-sa-90377667#issues,National Long Term Rating,AAA(bra),2026-09-15,New Rating,,10a Debentures (Serie Unica) BRL 2.5 bln Floating CDI (Brazil) bond/note,
2026-09-25,FIDC Opea Agro Sumitomo Chemical,https://www.fitchratings.com/entity/fundo-de-investimento-em-direitos-creditorios-opea-agro-sumitomo-chemical-97384354#issues,National Long Term Rating,PIFsf(bra),2026-09-14,Paid In Full,,notes ser 3,BR0DG5CTF016
2026-09-25,Oi S.A.,https://www.fitchratings.com/entity/oi-sa-80090797#issues,Long Term Rating,WD,2026-09-11,Withdrawn,,USD 1.46 bln 8.5% bond/note 31-Dec-2028  credit agreement dated as of 08-Aug-2024,"US67117EAM03, US67117EAG35, USP7354FAG11"
2026-09-25,Oi S.A.,https://www.fitchratings.com/entity/oi-sa-80090797#issues,Long Term Rating,WD,2026-09-11,Withdrawn,,USD 699.66 mln 10% bond/note 30-Jun-2027,"US67117EAF51, US67117EAE86, USP7354FAD89"
2026-09-25,Totalenergies Dracena Participacoes S.A.,https://www.fitchratings.com/entity/eren-dracena-participacoes-sa-96799550#issues,National Long Term Rating,AAA(bra),2026-09-11,Affirmed,Rating Outlook Negative,BRL 143 mln bond/note 15-Sep-2037,BRERENDBS065
2026-09-25,Totalenergies Dracena Participacoes S.A.,https://www.fitchratings.com/entity/eren-dracena-participacoes-sa-96799550#issues,National Long Term Rating,AAA(bra),2026-09-11,Affirmed,Rating Outlook Negative,BRL 43 mln bond/note 15-Sep-2037,BRERENDBS073
2026-09-25,TOTVS S.A.,https://www.fitchratings.com/entity/totvs-sa-96738486#issues,National Long Term Rating,WD(bra),2026-09-11,Withdrawn,,BRL 1.5 bln Floating CDI (Brazil) 0.95% bond/note 19-Jul-2031,BRTOTSDBS042
2026-09-25,Copel Distribuicao S.A.,https://www.fitchratings.com/entity/copel-distribuicao-sa-96382097#issues,National Long Term Rating,WD(bra),2026-09-11,Withdrawn,,BRL 1.6 bln Floating bond/note 15-Jun-2028,BRCPLDDBS0D6
2026-09-25,Empreendimentos Pague Menos S.A.,https://www.fitchratings.com/entity/empreendimentos-pague-menos-sa-91480690#issues,National Long Term Rating,WD(bra),2026-09-11,Withdrawn,,BRL350 mln / 6th debenture / tranche 2 / NOV.2028,BRPGMNDBS067
2026-09-25,Empresa de Energia Cachoeira Caldeirao S.A.,https://www.fitchratings.com/entity/empresa-de-energia-cachoeira-caldeirao-sa-95535290#issues,National Long Term Rating,A-(bra),2026-09-11,Affirmed,Rating Outlook Stable,BRL 56 mln Floating bond/note 15-Jun-2030,BRCADRDBS027
2026-09-25,TRSP - Terminal de Regaseificacao de GNL de Sao Paulo S.A,https://www.fitchratings.com/entity/trsp-terminal-de-regaseificacao-de-gnl-de-sao-paulo-sa-97692746#issues,National Long Term Rating,AA(bra),2026-09-10,Affirmed,Rating Watch Off,2a Emissao - 1a serie -  BRL 800 mln Floating IPCA (Brazil) 7.437% bond/note 15-Jan-2033,BRTRRGDBS010
2026-09-25,Compass Gas e Energia S.A.,https://www.fitchratings.com/entity/compass-gas-e-energia-sa-97270144#issues,National Long Term Rating,AA(bra),2026-09-10,Affirmed,Rating Watch Off,BRL 1.5 bln bond/note 08-Mar-2029,BRPASSDBS033
2026-09-25,Compass Gas e Energia S.A.,https://www.fitchratings.com/entity/compass-gas-e-energia-sa-97270144#issues,National Long Term Rating,AA(bra),2026-09-10,Affirmed,Rating Watch Off,BRL 1.7 mln Floating CDI (Brazil) 0.70% bond/note 2nd serie  4th debenture maturity in the 6th and 7th years,BRPASSDBS058
2026-09-25,Compass Gas e Energia S.A.,https://www.fitchratings.com/entity/compass-gas-e-energia-sa-97270144#issues,National Long Term Rating,AA(bra),2026-09-10,Affirmed,Rating Watch Off,BRL 1.5 bln Floating CDI (Brazil) 0.65% bond/note 1st serie 4th debenture maturity 5 years bullet,BRPASSDBS041
2026-09-25,Compass Gas e Energia S.A.,https://www.fitchratings.com/entity/compass-gas-e-energia-sa-97270144#issues,National Long Term Rating,AA(bra),2026-09-10,Affirmed,Rating Watch Off,BRL 1.5 bln 2nd Debenture 2030,BRPASSDBS017
2026-09-25,DMCard Securitizadora S.A.,https://www.fitchratings.com/entity/dmcard-securitizadora-sa-96858758#issues,National Long Term Rating,PIFsf(bra),2026-09-10,Paid In Full,,notes ser 1,BRDMCSDBS004
2026-09-25,"Armac Locacao, Logistica e Servicos S.A.",https://www.fitchratings.com/entity/armac-locacao-logistica-e-servicos-sa-97292519#issues,National Long Term Rating,AA-(bra),2026-09-09,Affirmed,,3rd Debentures Issuance - BRL 300 mln Floating CDI (Brazil) 2.25% bond/note 04-Nov-2029,BRARMLDBS029
2026-09-25,"Armac Locacao, Logistica e Servicos S.A.",https://www.fitchratings.com/entity/armac-locacao-logistica-e-servicos-sa-97292519#issues,National Long Term Rating,AA-(bra),2026-09-09,Affirmed,,6th Debentures Issuance - 2nd Series - BRL 250 mln Floating CDI (Brazil) 1.55% bond/note 05-Nov-2030,BRARMLDBS078
2026-09-25,"Armac Locacao, Logistica e Servicos S.A.",https://www.fitchratings.com/entity/armac-locacao-logistica-e-servicos-sa-97292519#issues,National Long Term Rating,AA-(bra),2026-09-09,Affirmed,,5th Debentures Issuance - BRL 1 bln Floating CDI (Brazil) 1.35% bond/note 25-Sep-2034,"BRARMLDBS045, BRARMLDBS052"
2026-09-25,"Armac Locacao, Logistica e Servicos S.A.",https://www.fitchratings.com/entity/armac-locacao-logistica-e-servicos-sa-97292519#issues,National Long Term Rating,AA-(bra),2026-09-09,Affirmed,,4th Debentures Issuance - BRL 694.35 mln Floating CDI (Brazil) 1.9% bond/note 15-Mar-2032,BRARMLDBS037
2026-09-25,"Armac Locacao, Logistica e Servicos S.A.",https://www.fitchratings.com/entity/armac-locacao-logistica-e-servicos-sa-97292519#issues,National Long Term Rating,AA-(bra),2026-09-09,Affirmed,,6th Debentures Issuance - 1st Series - BRL 250 mln Floating CDI (Brazil) 1.55% bond/note 05-Nov-2030,BRARMLDBS060
2026-09-25,Cielo S.A. - Instituicao de Pagamento,https://www.fitchratings.com/entity/cielo-sa-90377667#issues,National Long Term Rating,AAA(bra),2026-09-09,Affirmed,,6a Debentures (Serie Unica) BRL 3 bln bond/note,BRCIELDBS021
2026-09-25,Cielo S.A. - Instituicao de Pagamento,https://www.fitchratings.com/entity/cielo-sa-90377667#issues,National Long Term Rating,AAA(bra),2026-09-09,Affirmed,,8a Debentures (Serie Unica) BRL 3 bln Floating CDI (Brazil) 0.54% bond/note 08-May-2029,BRCIELDBS047
2026-09-25,Cielo S.A. - Instituicao de Pagamento,https://www.fitchratings.com/entity/cielo-sa-90377667#issues,National Long Term Rating,AAA(bra),2026-09-09,Affirmed,,9a Debentures (Serie Unica) BRL 2.5 bln Floating CDI (Brazil) bond/note-20-Oct-2028,BRCIELDBS054
2026-09-25,Cielo S.A. - Instituicao de Pagamento,https://www.fitchratings.com/entity/cielo-sa-90377667#issues,National Long Term Rating,AAA(bra),2026-09-09,Affirmed,,7a Debentures (Serie Unica) BRL 4.5 bln bond/note Dec-2027,BRCIELDBS039
2026-09-25,Companhia Estadual de Geracao De Energia Eletrica - Ceee-G,https://www.fitchratings.com/entity/companhia-estadual-de-geracao-de-energia-eletrica-ceee-g-97686013#issues,National Long Term Rating,CCC+(bra),2026-09-08,Downgrade,Rating Watch Negative,BRL 397 mln 8.722% bond/note 14-Dec-2041,BRCGEEDBS038
2026-09-25,Companhia Estadual de Geracao De Energia Eletrica - Ceee-G,https://www.fitchratings.com/entity/companhia-estadual-de-geracao-de-energia-eletrica-ceee-g-97686013#issues,National Long Term Rating,CCC+(bra),2026-09-08,Downgrade,Rating Watch Negative,BRL 793 mln 8.722% bond/note 15-Dec-2041,BRCGEEDBS046
2026-09-25,Natura Cosmeticos S.A.,https://www.fitchratings.com/entity/natura-cosmeticos-sa-90714090#issues,National Long Term Rating,AAA(bra),2026-09-03,New Rating,,14th debentures BRL 700 mln Floating CDI (Brazil) 1.1% bond/note 09-Sep-2031,BRNATUDBS0J8
2026-09-25,Opea Securitizadora S.A. 2022-91-1.2 (Mega Moda),https://www.fitchratings.com/entity/true-securitizadora-2022-1-2-mega-moda-97432791#issues,National Long Term Rating,AAsf(bra),2026-09-02,Rating Watch On,Rating Watch Negative,notes ser 1,BRAPCSCRIGG4
2026-09-25,FIDC Santander Auto Loans II Segmento Financeiro - Responsabilidade Limitada,https://www.fitchratings.com/entity/fidc-santander-auto-loans-ii-segmento-financeiro-responsabilidade-limitada-97909228#issues,National Long Term Rating,AA(EXP)sf(bra),2026-09-01,Expected Rating,Rating Outlook Stable,notes ser 3,
2026-09-25,FIDC Santander Auto Loans II Segmento Financeiro - Responsabilidade Limitada,https://www.fitchratings.com/entity/fidc-santander-auto-loans-ii-segmento-financeiro-responsabilidade-limitada-97909228#issues,National Long Term Rating,NR(EXP)sf(bra),2026-09-01,Expected Rating,,notes ser 3,
2026-09-25,FIDC Santander Auto Loans II Segmento Financeiro - Responsabilidade Limitada,https://www.fitchratings.com/entity/fidc-santander-auto-loans-ii-segmento-financeiro-responsabilidade-limitada-97909228#issues,National Long Term Rating,AA+(EXP)sf(bra),2026-09-01,Expected Rating,Rating Outlook Stable,notes ser 3,
2026-09-25,FIDC Santander Auto Loans II Segmento Financeiro - Responsabilidade Limitada,https://www.fitchratings.com/entity/fidc-santander-auto-loans-ii-segmento-financeiro-responsabilidade-limitada-97909228#issues,National Long Term Rating,AAA(EXP)sf(bra),2026-09-01,Expected Rating,Rating Outlook Stable,notes ser 3,
2026-09-25,FIDC Santander Auto Loans II Segmento Financeiro - Responsabilidade Limitada,https://www.fitchratings.com/entity/fidc-santander-auto-loans-ii-segmento-financeiro-responsabilidade-limitada-97909228#issues,National Long Term Rating,NR(EXP)sf(bra),2026-09-01,Expected Rating,,notes ser 3,
2026-09-25,V2i Energia S.A.,https://www.fitchratings.com/entity/v2i-energia-sa-97576213#issues,National Long Term Rating,A(bra),2026-09-01,Affirmed,,BRL 330 mln bond/note 15-Jan-2028,"BRVDIEDBS010, BRVDIEDBS028"
2026-09-25,Ferrovia Norte Sul S.A.,https://www.fitchratings.com/entity/ferrovia-norte-sul-sa-97592975#issues,National Long Term Rating,AAA(bra),2026-09-01,Affirmed,,2ª Debentures (Série Única),BRFENSDBS011
2026-09-25,Ultrafertil S.A.,https://www.fitchratings.com/entity/ultrafertil-sa-96174694#issues,National Long Term Rating,AAA(bra),2026-09-01,Affirmed,,BRL 13 mln Floating IPCA (Brazil) 9.06% bond/note 15-Jun-2027,BRULFTDBS001
2026-09-25,Ultrafertil S.A.,https://www.fitchratings.com/entity/ultrafertil-sa-96174694#issues,National Long Term Rating,AAA(bra),2026-09-01,Affirmed,,3a Debentures (Serie Unica),BRULFTDBS027
2026-09-25,Ultrafertil S.A.,https://www.fitchratings.com/entity/ultrafertil-sa-96174694#issues,National Long Term Rating,AAA(bra),2026-09-01,Affirmed,,4a Debentures (Serie Unica),BRULFTDBS035
2026-09-25,VLI Multimodal S.A.,https://www.fitchratings.com/entity/vli-multimodal-sa-96166129#issues,National Long Term Rating,AAA(bra),2026-09-01,Affirmed,,5ª Debentures (Serie 2),BRVLIMDBS057
2026-09-25,VLI Multimodal S.A.,https://www.fitchratings.com/entity/vli-multimodal-sa-96166129#issues,National Long Term Rating,AAA(bra),2026-09-01,Affirmed,,4ª Debentures (Serie Unica),BRVLIMDBS032
2026-09-25,VLI Multimodal S.A.,https://www.fitchratings.com/entity/vli-multimodal-sa-96166129#issues,National Long Term Rating,AAA(bra),2026-09-01,Affirmed,,6ª Debentures (Serie 2),BRVLIMDBS081
2026-09-25,VLI Multimodal S.A.,https://www.fitchratings.com/entity/vli-multimodal-sa-96166129#issues,National Long Term Rating,AAA(bra),2026-09-01,Affirmed,,6ª Debentures (Serie 1),BRVLIMDBS073
2026-09-25,VLI Multimodal S.A.,https://www.fitchratings.com/entity/vli-multimodal-sa-96166129#issues,National Long Term Rating,AAA(bra),2026-09-01,Affirmed,,8th Debentures (Serie 2),BRVLIMDBS0C3
2026-09-25,VLI Multimodal S.A.,https://www.fitchratings.com/entity/vli-multimodal-sa-96166129#issues,National Long Term Rating,AAA(bra),2026-09-01,Affirmed,,8th Debentures (Serie 1),BRVLIMDBS0B5
2026-09-25,VLI Multimodal S.A.,https://www.fitchratings.com/entity/vli-multimodal-sa-96166129#issues,National Long Term Rating,AAA(bra),2026-09-01,Affirmed,,5ª Debentures (Serie 1),BRVLIMDBS040
2026-09-25,Brazil,https://www.fitchratings.com/entity/brazil-80442191#issues,Long Term Rating,NR,2026-09-01,Matured,,BRL 177 bln Floating bond/note 01-Sep-2026,BRSTNCLF1RF7
2026-09-25,Votorantim Cimentos S.A. (VCSA),https://www.fitchratings.com/entity/votorantim-cimentos-sa-vcsa-90449272#issues,National Long Term Rating,AAA(bra),2026-08-31,Review - No Action,,19a Debenture Issuance BRL 1 bln Floating CDI (Brazil) bond/note 25-Jan-2033,BRVEBMDBS0D7
2026-09-25,Votorantim Cimentos S.A. (VCSA),https://www.fitchratings.com/entity/votorantim-cimentos-sa-vcsa-90449272#issues,National Long Term Rating,AAA(bra),2026-08-31,Review - No Action,,20a Debenture Issuance BRL 650 mln Floating bond/note 2033,BRVEBMDBS0E5
2026-09-25,Votorantim Cimentos S.A. (VCSA),https://www.fitchratings.com/entity/votorantim-cimentos-sa-vcsa-90449272#issues,National Long Term Rating,AAA(bra),2026-08-31,Review - No Action,,18a Debentures Issuance BRL 1 bln Floating CDI +0.67% bond/note 15-Apr-2032,BRVEBMDBS0C9
2026-09-25,Votorantim Cimentos S.A. (VCSA),https://www.fitchratings.com/entity/votorantim-cimentos-sa-vcsa-90449272#issues,National Long Term Rating,AAA(bra),2026-08-31,Review - No Action,,17a Debentures Issuance BRL1.1billion Series A7 Floating CDI + 0.58% 05-Sep-2031,BRVEBMDBS0B1
2026-09-25,UTE Gna II Geracao de Energia S.A.,https://www.fitchratings.com/entity/ute-gna-ii-geracao-de-energia-sa-97588044#issues,National Long Term Rating,AA-(bra),2026-08-31,Rating Watch On,Rating Watch Negative,1a serie - 2nd Debenture  BRL 375 mln bond/note 15-Dec-2045,BRUTEGDBS038
2026-09-25,UTE Gna II Geracao de Energia S.A.,https://www.fitchratings.com/entity/ute-gna-ii-geracao-de-energia-sa-97588044#issues,National Long Term Rating,AA-(bra),2026-08-31,Rating Watch On,Rating Watch Negative,2a serie - 2nd Debenture  BRL 375 mln bond/note 01-Dec-2042,BRUTEGDBS046
2026-09-25,Nexa Resources S.A.,https://www.fitchratings.com/entity/nexa-resources-sa-96494566#issues,Long Term Rating,BBB-,2026-08-31,Rating Watch On,Rating Watch Negative,USD 600 mln 6.75% bond/note 09-Apr-2034,"US65290DAB91, USL67359AB21"
2026-09-25,Nexa Resources S.A.,https://www.fitchratings.com/entity/nexa-resources-sa-96494566#issues,Long Term Rating,BBB-,2026-08-31,Rating Watch On,Rating Watch Negative,USD 500 mln 6.5% bond/note 18-Jan-2028,"US65290DAA19, USL67359AA48"
2026-09-25,Nexa Resources S.A.,https://www.fitchratings.com/entity/nexa-resources-sa-96494566#issues,Long Term Rating,BBB-,2026-08-31,Rating Watch On,Rating Watch Negative,USD 500 mln 6.6% bond/note 08-Apr-2037,"US65290DAC74, USL67359AC04"
2026-09-25,Aquapolo Ambiental S.A.,https://www.fitchratings.com/entity/aquapolo-ambiental-sa-89478661#issues,National Long Term Rating,BB+(bra),2026-08-28,Downgrade,Rating Watch Negative,BRL 326.7 mln Floating bond/note 01-Aug-2029,
2026-09-25,ViaRondon Concessionaria de Rodovia S.A.,https://www.fitchratings.com/entity/viarondon-concessionaria-de-rodovia-sa-96366671#issues,National Long Term Rating,AA-(bra),2026-08-28,Affirmed,Rating Outlook Stable,BRL 635 mln Floating bond/note 15-Dec-2034 credit agreement dated as of 15-Feb-2020,BRVRDNDBS012
2026-09-25,BR Malls Participacoes S.A.,https://www.fitchratings.com/entity/br-malls-participacoes-sa-87213182#issues,National Long Term Rating,AAA(bra),2026-08-28,Affirmed,,BRL 641.83 mln Floating CDI (Brazil) 0.75% Series A1 bond/note 20-Aug-2031,BRBRMLDBS0B8
2026-09-25,BR Malls Participacoes S.A.,https://www.fitchratings.com/entity/br-malls-participacoes-sa-87213182#issues,National Long Term Rating,AAA(bra),2026-08-28,Affirmed,,BRL 1.858 bln Floating CDI (Brazil) 0.95% Series B1 bond/note 20-Aug-2034,BRBRMLDBS0C6
2026-09-25,Multiplan Empreendimentos Imobiliarios S.A.,https://www.fitchratings.com/entity/multiplan-empreendimentos-imobiliarios-sa-96177986#issues,National Long Term Rating,AAA(bra),2026-08-27,Affirmed,,14th debentures- 1a seire -BRL 500 mln Floating CDI (Brazil) 0.65% bond/note 03-Jul-2031,BRMULTDBS0B3
2026-09-25,Multiplan Empreendimentos Imobiliarios S.A.,https://www.fitchratings.com/entity/multiplan-empreendimentos-imobiliarios-sa-96177986#issues,National Long Term Rating,AAA(bra),2026-08-27,Affirmed,,BRL 300 mln 11th debentures 10-Jan-2028,BRMULTDBS098
2026-09-25,Multiplan Empreendimentos Imobiliarios S.A.,https://www.fitchratings.com/entity/multiplan-empreendimentos-imobiliarios-sa-96177986#issues,National Long Term Rating,AAA(bra),2026-08-27,Affirmed,,BRL 450 mln 10th debentures due 2028,BRMULTDBS080
2026-09-25,Multiplan Empreendimentos Imobiliarios S.A.,https://www.fitchratings.com/entity/multiplan-empreendimentos-imobiliarios-sa-96177986#issues,National Long Term Rating,AAA(bra),2026-08-27,Affirmed,,15th debentures -1a serie- BRL 600 mln Floating CDI (Brazil) 0.55% Series A5 bond/note 15-Oct-2031,BRMULTDBS0C1
2026-09-25,Multiplan Empreendimentos Imobiliarios S.A.,https://www.fitchratings.com/entity/multiplan-empreendimentos-imobiliarios-sa-96177986#issues,National Long Term Rating,AAA(bra),2026-08-27,Affirmed,,15th debentures - 2a serie- BRL 1.2 bln Floating CDI (Brazil) 0.8% bond/note 15-Oct-2034,BRMULTDBS0D9
2026-09-25,EPR Iguacu S.A.,https://www.fitchratings.com/entity/epr-iguacu-sa-97883966#issues,National Long Term Rating,AA(bra),2026-08-27,New Rating,Rating Outlook Stable,Debentures,
2026-09-25,TGR Subholding 7 S.A.,https://www.fitchratings.com/entity/tgr-subholding-7-sa-97783132#issues,National Long Term Rating,AAA(bra),2026-08-26,Affirmed,,1st Deb Issue 2nd tranche BRL 79 mln Floating IPCA (Brazil) 6.5% bond/note 1-Sep-2040,BRTGR7DBS018
2026-09-25,TGR Subholding 7 S.A.,https://www.fitchratings.com/entity/tgr-subholding-7-sa-97783132#issues,National Long Term Rating,AAA(bra),2026-08-26,Affirmed,,BRL 144 mln Floating bond/note 01-Sep-2035,BRTGR7DBS000
2026-09-25,TGR Subholding 7 S.A.,https://www.fitchratings.com/entity/tgr-subholding-7-sa-97783132#issues,National Long Term Rating,AAA(bra),2026-08-26,Affirmed,,1st Deb Issue 3rd tranche BRL 142 mln Floating IPCA (Brazil) 6.7% bond/note 1-Sep-2047,BRTGR7DBS026
2026-09-25,Rumo S.A.,https://www.fitchratings.com/entity/rumo-sa-80614433#issues,National Long Term Rating,AAA(bra),2026-08-26,Affirmed,Rating Watch Off,15ª Debentures (Serie 2),BRRAILDBS076
2026-09-25,Rumo S.A.,https://www.fitchratings.com/entity/rumo-sa-80614433#issues,National Long Term Rating,AAA(bra),2026-08-26,Affirmed,Rating Watch Off,15ª Debentures (Serie 1),BRRAILDBS068
2026-09-25,Rumo S.A.,https://www.fitchratings.com/entity/rumo-sa-80614433#issues,National Long Term Rating,AAA(bra),2026-08-26,Affirmed,Rating Watch Off,14ª  Debentures (Serie Unica),BRRAILDBS050
2026-09-25,Rumo S.A.,https://www.fitchratings.com/entity/rumo-sa-80614433#issues,National Long Term Rating,AAA(bra),2026-08-26,Affirmed,Rating Watch Off,17ª Debentures (Serie 1)  A7,BRRAILDBS0A7
2026-09-25,Rumo S.A.,https://www.fitchratings.com/entity/rumo-sa-80614433#issues,National Long Term Rating,AAA(bra),2026-08-26,Affirmed,Rating Watch Off,16a Debentures (Serie 2),BRRAILDBS092
2026-09-25,Rumo S.A.,https://www.fitchratings.com/entity/rumo-sa-80614433#issues,National Long Term Rating,AAA(bra),2026-08-26,Affirmed,Rating Watch Off,16ª Debentures  (Serie 1),BRRAILDBS084
2026-09-25,Rumo S.A.,https://www.fitchratings.com/entity/rumo-sa-80614433#issues,National Long Term Rating,AAA(bra),2026-08-26,Affirmed,Rating Watch Off,17ª Debentures (Serie 2)  B7,BRRAILDBS0B5
2026-09-25,Rumo S.A.,https://www.fitchratings.com/entity/rumo-sa-80614433#issues,National Long Term Rating,AAA(bra),2026-08-26,Affirmed,Rating Watch Off,13ª Debentures (Serie 1),BRRAILDBS035
2026-09-25,Rumo S.A.,https://www.fitchratings.com/entity/rumo-sa-80614433#issues,National Long Term Rating,AAA(bra),2026-08-26,Affirmed,Rating Watch Off,13ª Debentures (Serie 2),BRRAILDBS043
2026-09-25,Rumo Malha Paulista S.A.,https://www.fitchratings.com/entity/rumo-malha-paulista-sa-87217976#issues,National Long Term Rating,AAA(bra),2026-08-26,Affirmed,Rating Watch Off,6ª Debentures (Serie 1),BRGASCDBS085
2026-09-25,Rumo Malha Paulista S.A.,https://www.fitchratings.com/entity/rumo-malha-paulista-sa-87217976#issues,National Long Term Rating,AAA(bra),2026-08-26,Affirmed,Rating Watch Off,6ª Debentures (Serie 2),BRGASCDBS093
2026-09-25,Rumo Malha Paulista S.A.,https://www.fitchratings.com/entity/rumo-malha-paulista-sa-87217976#issues,National Long Term Rating,AAA(bra),2026-08-26,Affirmed,Rating Watch Off,5ª Debentures (Serie 15),BRGASCDBS069
2026-09-25,Rumo Malha Paulista S.A.,https://www.fitchratings.com/entity/rumo-malha-paulista-sa-87217976#issues,National Long Term Rating,AAA(bra),2026-08-26,Affirmed,Rating Watch Off,9ª Debentures (Série Única) BRL 1bln Floating CDI (Brazil) bond/note 15-Sep-2040,BRGASCDBS0E1
2026-09-25,Rumo Malha Paulista S.A.,https://www.fitchratings.com/entity/rumo-malha-paulista-sa-87217976#issues,National Long Term Rating,AAA(bra),2026-08-26,Affirmed,Rating Watch Off,3ª Debentures (Serie 2),BRGASCDBS044
2026-09-25,Rumo Malha Paulista S.A.,https://www.fitchratings.com/entity/rumo-malha-paulista-sa-87217976#issues,National Long Term Rating,AAA(bra),2026-08-26,Affirmed,Rating Watch Off,5ª Debentures (Serie 25),BRGASCDBS077
2026-09-25,Companhia de Saneamento de Minas Gerais COPASA MG,https://www.fitchratings.com/entity/companhia-de-saneamento-de-minas-gerais-copasa-94017690#issues,National Long Term Rating,AAA(bra),2026-08-26,New Rating,,23rd Debenture BRL 1.2 bln Floating CDI (Brazil) 0.34% bond/note,
2026-09-25,3R Lux S.a.r.l.,https://www.fitchratings.com/entity/3r-lux-sarl-97387748#issues,Long Term Rating,BB,2026-08-25,Upgrade,Rating Watch Off,USD 500 mln 9.75% bond/note 05-Feb-2031,"US88563PAA66, USL9R621AA97"
2026-09-25,FIDC Cielo,https://www.fitchratings.com/entity/fundo-de-investimento-em-direitos-creditorios-cielo-96522351#issues,National Long Term Rating,AAAsf(bra),2026-08-25,Affirmed,Rating Outlook Stable,notes ser 2017-1,BRFCLOCTF043
2026-09-25,Cemig Distribuicao S.A.,https://www.fitchratings.com/entity/cemig-distribuicao-sa-83827065#issues,National Long Term Rating,AAA(bra),2026-08-25,Affirmed,,BRL 500 mln Floating IPCA (Brazil) 6.105% bond/note,BRCMGDDBS0B0
2026-09-25,Cemig Distribuicao S.A.,https://www.fitchratings.com/entity/cemig-distribuicao-sa-83827065#issues,National Long Term Rating,AAA(bra),2026-08-25,Affirmed,,BRL 1.6 bln Floating IPCA (Brazil) 6.105% bond/note 15-Feb-2034,BRCMGDDBS0E4
2026-09-25,Cemig Distribuicao S.A.,https://www.fitchratings.com/entity/cemig-distribuicao-sa-83827065#issues,National Long Term Rating,AAA(bra),2026-08-25,Affirmed,,Cemig D_13a Deb Issuance (2a Series)_BRL500mln_2032 15-Mar-2032,
2026-09-25,Cemig Distribuicao S.A.,https://www.fitchratings.com/entity/cemig-distribuicao-sa-83827065#issues,National Long Term Rating,AAA(bra),2026-08-25,Affirmed,,Cemig D_16a Deb Issuance (1st Series)_BRL1 bln_ 15-Aug-2036,
2026-09-25,Cemig Distribuicao S.A.,https://www.fitchratings.com/entity/cemig-distribuicao-sa-83827065#issues,National Long Term Rating,AAA(bra),2026-08-25,Affirmed,,Cemig D_16a Deb Issuance (2nd Series)_BRL1 bln_ 15-Aug-2038,
2026-09-25,Cemig Distribuicao S.A.,https://www.fitchratings.com/entity/cemig-distribuicao-sa-83827065#issues,National Long Term Rating,AAA(bra),2026-08-25,Affirmed,,Cemig D_12a Deb Issuance (2nd Series) BRL 860 mln 15-Mar-2040,BRCMGDDBS0H7
2026-09-25,Cemig Distribuicao S.A.,https://www.fitchratings.com/entity/cemig-distribuicao-sa-83827065#issues,National Long Term Rating,AAA(bra),2026-08-25,Affirmed,,Cemig D_13a Deb Issuance (1st Series)_BRL1 bln_ 15-Apr-2030,
2026-09-25,Cemig Distribuicao S.A.,https://www.fitchratings.com/entity/cemig-distribuicao-sa-83827065#issues,National Long Term Rating,AAA(bra),2026-08-25,Affirmed,,BRL 500 mln Floating CDI (Brazil) 1.35% bond/note 15-Jun-2027,BRCMGDDBS0A2
2026-09-25,Cemig Distribuicao S.A.,https://www.fitchratings.com/entity/cemig-distribuicao-sa-83827065#issues,National Long Term Rating,AAA(bra),2026-08-25,Affirmed,,BRL 400 mln Floating CDI (Brazil) 0.8% bond/note 15-Feb-2034,BRCMGDDBS0D6
2026-09-25,Cemig Distribuicao S.A.,https://www.fitchratings.com/entity/cemig-distribuicao-sa-83827065#issues,National Long Term Rating,AAA(bra),2026-08-25,Affirmed,,Cemig D_12a Deb Issuance (1st Series)_BRL1 bln_2034,
2026-09-25,Cemig Geracao e Transmissao S.A.,https://www.fitchratings.com/entity/cemig-geracao-e-transmissao-sa-84963873#issues,National Long Term Rating,AAA(bra),2026-08-25,Affirmed,,Cemig GT_10a Deb Issuance_BRL500mln_2030,BRCMGTDBS0H9
2026-09-25,Cemig Geracao e Transmissao S.A.,https://www.fitchratings.com/entity/cemig-geracao-e-transmissao-sa-84963873#issues,National Long Term Rating,AAA(bra),2026-08-25,Affirmed,,BRL 1.3 bln Floating IPCA (Brazil) 7.625% bond/note 15-Dec-2029,BRCMGTDBS0G1
2026-09-25,Cemig Geracao e Transmissao S.A.,https://www.fitchratings.com/entity/cemig-geracao-e-transmissao-sa-84963873#issues,National Long Term Rating,AAA(bra),2026-08-25,Affirmed,,Cemig GT_12a deb issuance_BRL 1.5 bln_2031,BRCMGTDBS0K3
2026-09-25,Cemig Geracao e Transmissao S.A.,https://www.fitchratings.com/entity/cemig-geracao-e-transmissao-sa-84963873#issues,National Long Term Rating,AAA(bra),2026-08-25,Affirmed,,Cemig GT_9th Debenture Issuance_BRL 1.3 bln_2029,BRCMGTDBS0F3
2026-09-25,Cemig Geracao e Transmissao S.A.,https://www.fitchratings.com/entity/cemig-geracao-e-transmissao-sa-84963873#issues,National Long Term Rating,AAA(bra),2026-08-25,Affirmed,,Cemig GT_13a Deb Issuance_BRL1 bln_ 15-Aug-2031,
2026-09-25,FIDC Medici I,https://www.fitchratings.com/entity/fidc-medici-i-97788752#issues,National Long Term Rating,AAAsf(bra),2026-08-25,Affirmed,Rating Outlook Stable,notes ser 2,BR0PCHCTF038
2026-09-25,FIDC Medici I,https://www.fitchratings.com/entity/fidc-medici-i-97788752#issues,National Long Term Rating,AAAsf(bra),2026-08-25,Affirmed,Rating Outlook Stable,securities ser 2,BR0PCHCTF020
2026-09-25,FIDC Medici I,https://www.fitchratings.com/entity/fidc-medici-i-97788752#issues,National Long Term Rating,AAAsf(bra),2026-08-25,New Rating,Rating Outlook Stable,securities ser 2,BR0PCHCTF053
2026-09-25,FIDC Consig Premium II - Responsabilidade Limitada,https://www.fitchratings.com/entity/fidc-consig-premium-ii-responsabilidade-limitada-97936914#issues,National Long Term Rating,AA+sf(bra),2026-08-24,New Rating,Rating Outlook Stable,certificates ser 4,BR0T2HCTF017
2026-09-25,FIDC Consig Premium II - Responsabilidade Limitada,https://www.fitchratings.com/entity/fidc-consig-premium-ii-responsabilidade-limitada-97936914#issues,National Long Term Rating,AAAsf(bra),2026-08-24,New Rating,Rating Outlook Stable,certificates ser 4,BR0T2HCTF009
2026-09-25,FIDC Consig Premium II - Responsabilidade Limitada,https://www.fitchratings.com/entity/fidc-consig-premium-ii-responsabilidade-limitada-97936914#issues,National Long Term Rating,NRsf,2026-08-24,New Rating,,certificates ser 4,BR0T2HCTF033
2026-09-25,FIDC Consig Premium II - Responsabilidade Limitada,https://www.fitchratings.com/entity/fidc-consig-premium-ii-responsabilidade-limitada-97936914#issues,National Long Term Rating,NRsf,2026-08-24,New Rating,,certificates ser 4,BR0T2HCTF025
2026-09-25,Thopen Solar 07 S.A,https://www.fitchratings.com/entity/thopen-solar-07-sa-97699063#issues,National Long Term Rating,D(bra),2026-08-24,Downgrade,,BRL 90 mln 10.775% bond/note 15-Oct-2040,BRRZKSDBS009
2026-09-25,TSM -Transmissora Serra da Mantiqueira S.A.,https://www.fitchratings.com/entity/tsm-transmissora-serra-da-mantiqueira-sa-96829712#issues,National Long Term Rating,AAA(bra),2026-08-24,Affirmed,Rating Outlook Stable,BRL 490 mln Variable 4.5% bond/note 15-Dec-2044,BRTSMMDBS009
2026-09-25,Emergencia Participacoes S.A.,https://www.fitchratings.com/entity/emergencia-participacoes-sa-97417637#issues,National Long Term Rating,D(bra),2026-08-24,Review - No Action,,BRL 188 mln Floating IGP-DI (Brazil) 2.65% bond/note 20-Sep-2028,BREMGPDBS017
2026-09-25,Emergencia Participacoes S.A.,https://www.fitchratings.com/entity/emergencia-participacoes-sa-97417637#issues,National Long Term Rating,D(bra),2026-08-24,Review - No Action,,3a Debenture - BRL 200 mln 2.75% bond/note 30-Sep-2029,BREMGPDBS025
2026-09-25,Ambipar Participacoes e Empreendimentos S.A.,https://www.fitchratings.com/entity/ambipar-participacoes-e-empreendimentos-sa-97338527#issues,National Long Term Rating,D(bra),2026-08-24,Review - No Action,,BRL 300 mln commercial paper 21-Jan-2028,
2026-09-25,Ambipar Participacoes e Empreendimentos S.A.,https://www.fitchratings.com/entity/ambipar-participacoes-e-empreendimentos-sa-97338527#issues,National Long Term Rating,D(bra),2026-08-24,Review - No Action,,5th Debentures BRL 300M,BRAMBPDBS040
2026-09-25,Ambipar Participacoes e Empreendimentos S.A.,https://www.fitchratings.com/entity/ambipar-participacoes-e-empreendimentos-sa-97338527#issues,National Long Term Rating,D(bra),2026-08-24,Review - No Action,,6th Debentures BRL 1 bln Floating Series 16 bond/note 25-Apr-2029,BRAMBPDBS065
2026-09-25,Environmental ESG Participacoes S.A.,https://www.fitchratings.com/entity/environmental-esg-participacoes-sa-97452640#issues,National Long Term Rating,D(bra),2026-08-24,Review - No Action,,Environmental_3rd Debentures,BREESGDBS034
2026-09-25,Ambipar Lux S.a.r.l.,https://www.fitchratings.com/entity/ambipar-lux-sarl-97575992#issues,Long Term Rating,C,2026-08-24,Review - No Action,,USD 493 mln 10.875% bond/note 05-Feb-2033,"US02319WAB72, USL0183EAB13"
2026-09-25,Ambipar Lux S.a.r.l.,https://www.fitchratings.com/entity/ambipar-lux-sarl-97575992#issues,Long Term Rating,C,2026-08-24,Review - No Action,,USD 750 mln 9.875% bond/note 06-Feb-2031,"US02319WAA99, USL0183EAA30"
2026-09-25,Empresa Sudeste de Transmissao de Energia S.A.,https://www.fitchratings.com/entity/empresa-sudeste-de-transmissao-de-energia-sa-96858544#issues,National Long Term Rating,AAA(bra),2026-08-21,Affirmed,Rating Outlook Stable,BRL 401 mln 4.5% bond/note 15-Dec-2044,BREPSDDBS003
2026-09-25,ESSENTIA PCHs S.A.,https://www.fitchratings.com/entity/contour-global-do-brasil-participacoes-sa-96630805#issues,National Long Term Rating,AA+(bra),2026-08-21,Affirmed,Rating Outlook Stable,BRL 668 mln Floating IGP-DI (Brazil) bond/note 25-Mar-2032,BRCGBPDBS022
2026-09-25,Cosan S.A.,https://www.fitchratings.com/entity/cosan-sa-88173461#issues,National Long Term Rating,A+(bra),2026-08-20,Affirmed,Rating Watch Off,BRL 2 bln bond/note 15-Aug-2031,"BRCSANDBS040, BRCSANDBS057"
2026-09-25,Cosan S.A.,https://www.fitchratings.com/entity/cosan-sa-88173461#issues,National Long Term Rating,A+(bra),2026-08-20,Affirmed,Rating Watch Off,BRL 1.25  8th Debentures_due 2031,BRCSANDBS0D4
2026-09-25,Cosan S.A.,https://www.fitchratings.com/entity/cosan-sa-88173461#issues,National Long Term Rating,A+(bra),2026-08-20,Affirmed,Rating Watch Off,BRL 500 mln Floating Series C1 bond/note 08-Jan-2035,BRCSANDBS0L7
2026-09-25,Cosan S.A.,https://www.fitchratings.com/entity/cosan-sa-88173461#issues,National Long Term Rating,A+(bra),2026-08-20,Affirmed,Rating Watch Off,BRL 1.5 bln 12th Debentures Series A2  1a Serie 27-Jan-2029,BRCSANDBS0M5
2026-09-25,Cosan S.A.,https://www.fitchratings.com/entity/cosan-sa-88173461#issues,National Long Term Rating,A+(bra),2026-08-20,Affirmed,Rating Watch Off,BRL 500 mln 12th Debentures Series C2  27-Mar-2032 - 3a serie,BRCSANDBS0O1
2026-09-25,Cosan S.A.,https://www.fitchratings.com/entity/cosan-sa-88173461#issues,National Long Term Rating,A+(bra),2026-08-20,Affirmed,Rating Watch Off,BRL 400 mln Floating CDI (Brazil) 1.9% bond/note 30-Apr-2032,BRCSANDBS073
2026-09-25,Cosan S.A.,https://www.fitchratings.com/entity/cosan-sa-88173461#issues,National Long Term Rating,A+(bra),2026-08-20,Affirmed,Rating Watch Off,BRL 750M 10th debentures 2nd serie,BRCSANDBS0I3
2026-09-25,Cosan S.A.,https://www.fitchratings.com/entity/cosan-sa-88173461#issues,National Long Term Rating,A+(bra),2026-08-20,Affirmed,Rating Watch Off,BRL 500 mln Floating Series B1 bond/note 08-Jan-2030,BRCSANDBS0K9
2026-09-25,Cosan S.A.,https://www.fitchratings.com/entity/cosan-sa-88173461#issues,National Long Term Rating,A+(bra),2026-08-20,Affirmed,Rating Watch Off,BRL 500 mln 12th Debentures Series B2  27-Mar-2030- 2a Serie,BRCSANDBS0N3
2026-09-25,Cosan S.A.,https://www.fitchratings.com/entity/cosan-sa-88173461#issues,National Long Term Rating,A+(bra),2026-08-20,Affirmed,Rating Watch Off,BRL 750M 10th debentures 1st serie,BRCSANDBS0H5
2026-09-25,Cosan S.A.,https://www.fitchratings.com/entity/cosan-sa-88173461#issues,National Long Term Rating,A+(bra),2026-08-20,Affirmed,Rating Watch Off,BRL 1 bln Floating Series 15 bond/note 20-Apr-2028,BRCSANDBS099
2026-09-25,Cosan Overseas Limited,https://www.fitchratings.com/entity/cosan-overseas-limited-89893064#issues,Long Term Rating,BB-,2026-08-20,Affirmed,Rating Watch Off,Perpetual Notes,XS0556373347
2026-09-25,Athon Geracao Distribuida S/A,https://www.fitchratings.com/entity/athon-geracao-distribuida-s-a-97623839#issues,National Long Term Rating,AAA(bra),2026-08-20,Affirmed,Rating Outlook Stable,BRL 184 mln bond/note 15-Sep-2041,BRAHGDDBS011
2026-09-25,Athon Geracao Distribuida III S.A.,https://www.fitchratings.com/entity/athon-geracao-distribuida-iii-sa-97646856#issues,National Long Term Rating,AAA(bra),2026-08-20,Affirmed,Rating Outlook Stable,BRL 166 mln bond/note 15-Sep-2041,BRATHTDBS002
2026-09-25,Athon Geracao Distribuida II S.A.,https://www.fitchratings.com/entity/athon-geracao-distribuida-ii-sa-97646848#issues,National Long Term Rating,AAA(bra),2026-08-20,Affirmed,Rating Outlook Stable,BRL 201 mln bond/note 15-Sep-2041,BRATIIDBS011
2026-09-25,Porto Primavera Transmissora de Energia S.A.,https://www.fitchratings.com/entity/porto-primavera-transmissora-de-energia-sa-96704406#issues,National Long Term Rating,AAA(bra),2026-08-20,Affirmed,Rating Outlook Stable,BRL 112.31 mln Floating IPCA (Brazil) 4.45% bond/note 15-Feb-2029,BRPPTEDBS005
2026-09-25,"Vamos Locacao de Caminhoes, Maquinas e Equipamentos S.A.",https://www.fitchratings.com/entity/vamos-locacao-de-caminhoes-maquinas-e-equipamentos-sa-96704030#issues,National Long Term Rating,NR,2026-08-20,Matured,,2ªEmissao Debentures Series 22 BRL 417.5 mln Floating bond/note 20-Aug-2026,BRVAMODBS017
2026-09-25,Argo VI Transmissao de Energia S.A.,https://www.fitchratings.com/entity/esperanza-transmissora-de-energia-sa-96549959#issues,National Long Term Rating,AAA(bra),2026-08-19,Affirmed,Rating Outlook Stable,BRL 33 mln 6.797% bond/note 15-Sep-2030,BRSPRZDBS008
2026-09-25,Argo V Transmissao de Energia S.A.,https://www.fitchratings.com/entity/odoya-transmissora-de-energia-sa-96546310#issues,National Long Term Rating,AAA(bra),2026-08-19,Affirmed,Rating Outlook Stable,BRL 33 mln 6.797% bond/note 15-Sep-2031,BRODYADBS002
2026-09-25,Opea Securitizadora S.A. 2017-1-165 (Rede D'Or),https://www.fitchratings.com/entity/rb-capital-companhia-de-securitizacao-2017-165-rede-d-or-96786358#issues,National Long Term Rating,AAAsf(bra),2026-08-18,Affirmed,Rating Outlook Stable,certificates ser 2017-165,BRRBRACRI4G2
2026-09-25,Opea Securitizadora S.A. 2019-1-214 (Rede D'Or),https://www.fitchratings.com/entity/true-securitizadora-2019-214-rede-dor-96786360#issues,National Long Term Rating,AAAsf(bra),2026-08-18,Affirmed,Rating Outlook Stable,securities ser 2019-214,BRAPCSCRI5T2
2026-09-25,Sendas Distribuidora S/A,https://www.fitchratings.com/entity/sendas-distribuidora-s-a-97205339#issues,National Long Term Rating,AAA(bra),2026-08-18,Affirmed,,"8th debenture serie 1, BRL400MM, CDI+1,85% - 22-DEC-2027",BRASAIDBS069
2026-09-25,Sendas Distribuidora S/A,https://www.fitchratings.com/entity/sendas-distribuidora-s-a-97205339#issues,National Long Term Rating,AAA(bra),2026-08-18,Affirmed,,12th debenture BRL 800 mln Floating CDI (Brazil) 1.25% bond/note 09-Dec-2029,BRASAIDBS0B7
2026-09-25,Sendas Distribuidora S/A,https://www.fitchratings.com/entity/sendas-distribuidora-s-a-97205339#issues,National Long Term Rating,AAA(bra),2026-08-18,Affirmed,,"10th debenture, BRL 1.8 bln, CDI+1.25% - 28-May-2029",BRASAIDBS093
2026-09-25,Sendas Distribuidora S/A,https://www.fitchratings.com/entity/sendas-distribuidora-s-a-97205339#issues,National Long Term Rating,AAA(bra),2026-08-18,Affirmed,,"9th debenture, BRL 500MM, CDI+1.25% - 29-MAR-2029",BRASAIDBS085
2026-09-25,Sendas Distribuidora S/A,https://www.fitchratings.com/entity/sendas-distribuidora-s-a-97205339#issues,National Long Term Rating,AAA(bra),2026-08-18,Affirmed,,"8th debenture serie 2, BRL400MM, CDI+1,95% - 22-DEC-2028",BRASAIDBS077
2026-09-25,Sendas Distribuidora S/A,https://www.fitchratings.com/entity/sendas-distribuidora-s-a-97205339#issues,National Long Term Rating,AAA(bra),2026-08-18,Affirmed,,BRL 660 mln Floating bond/note 20-May-2028,BRASAIDBS044
2026-09-25,Sendas Distribuidora S/A,https://www.fitchratings.com/entity/sendas-distribuidora-s-a-97205339#issues,National Long Term Rating,AAA(bra),2026-08-18,Affirmed,,11th debenture BRL 2.8 bln CDI+1.25% Series 11 due 25-Sep-2029,BRASAIDBS0A9
2026-09-25,Sendas Distribuidora S/A,https://www.fitchratings.com/entity/sendas-distribuidora-s-a-97205339#issues,National Long Term Rating,AAA(bra),2026-08-18,Affirmed,,13th debenture BRL 1.5 bln Floating CDI (Brazil) 1.2% bond/note 05-Jun-2029,BRASAIDBS0C5
2026-09-25,Eneva S.A.,https://www.fitchratings.com/entity/eneva-sa-96740180#issues,National Long Term Rating,AAA(bra),2026-08-17,Affirmed,,13rd Issuance 1st serie BRL 838.07 mln Floating CDI (Brazil) 0.9% bond/note 15-Dec-2029,BRENEVDBS0U7
2026-09-25,Eneva S.A.,https://www.fitchratings.com/entity/eneva-sa-96740180#issues,National Long Term Rating,AAA(bra),2026-08-17,Affirmed,,Eneva_14th Deb Issuance (1st Series)_BRL 1 bln_2036,BRENEVDBS0W3
2026-09-25,Eneva S.A.,https://www.fitchratings.com/entity/eneva-sa-96740180#issues,National Long Term Rating,AAA(bra),2026-08-17,Affirmed,,Eneva_14th Deb Issuance_BRL 1 bln_2041,
2026-09-25,Eneva S.A.,https://www.fitchratings.com/entity/eneva-sa-96740180#issues,National Long Term Rating,AAA(bra),2026-08-17,Affirmed,,BRL 1.9 bln Floating IPCA (Brazil) 6.9% bond/note,"BRENEVDBS0K8, BRENEVDBS0M4, BRENEVDBS0L6"
2026-09-25,Light Energia S.A.,https://www.fitchratings.com/entity/light-energia-sa-91019690#issues,Long Term Rating,WD,2026-08-17,Withdrawn,,USD 210.75 mln 4.375% bond/note 18-Jun-2026,US531959AA29
2026-09-25,"MagaluPay - Sociedade de Credito, Financiamento e Investimento S.A.",https://www.fitchratings.com/entity/magalupay-sociedade-de-credito-financiamento-e-investimento-sa-97825456#issues,National Long Term Rating,AA-(bra),2026-08-17,New Rating,,BRL 100 mln CDI + 2.3% bond/note 28-Aug-2028,BRMGPYLFI002
2026-09-25,CSCF Vert-5,https://www.fitchratings.com/entity/cscf-vert-5-97301961#issues,National Long Term Rating,PIFsf(bra),2026-08-17,Paid In Full,,notes ser 2,BR5VRTDBS029
2026-09-25,Brazil,https://www.fitchratings.com/entity/brazil-80442191#issues,Long Term Rating,NR,2026-08-15,Matured,,BRL 244 bln 6.% bond/note 15-Aug-2026,BRSTNCNTB4U6
2026-09-25,Braskem S.A.,https://www.fitchratings.com/entity/braskem-sa-80092141#issues,National Long Term Rating,C(bra),2026-08-14,Affirmed,,BRL 96.25 mln Floating Series B8 bond/note 9-Nov-2032,BRBRKMDBS0E3
2026-09-25,Braskem S.A.,https://www.fitchratings.com/entity/braskem-sa-80092141#issues,National Long Term Rating,C(bra),2026-08-14,Affirmed,,BRL 1.1 bln Floating Series A81 bond/note 09-Nov-2029,BRBRKMDBS0D5
2026-09-25,Minerva S.A.,https://www.fitchratings.com/entity/minerva-sa-84533869#issues,National Long Term Rating,AAA(bra),2026-08-14,Affirmed,,21 Debentures_1 serie_BRL 750 mln_2029,BRBEEFDBS065
2026-09-25,Minerva S.A.,https://www.fitchratings.com/entity/minerva-sa-84533869#issues,National Long Term Rating,AAA(bra),2026-08-14,Affirmed,,21 Debentures_2 serie_BRL 750 mln_2031,BRBEEFDBS073
2026-09-25,Concessionaria Ponte Rio-Niteroi S.A. - ECOPONTE,https://www.fitchratings.com/entity/concessionaria-ponte-rio-niteroi-sa-ecoponte-96735368#issues,National Long Term Rating,AA(bra),2026-08-13,Affirmed,Rating Outlook Stable,BRL 230 mln bond/note 15-Oct-2034,BRECPNDBS006
2026-09-25,TOTVS S.A.,https://www.fitchratings.com/entity/totvs-sa-96738486#issues,National Long Term Rating,AAA(bra),2026-08-13,New Rating,,BRL 1.5 bln Floating CDI (Brazil) bond/note,BRTOTSDBS067
2026-09-25,FIDC Opea Agro Sumitomo Chemical,https://www.fitchratings.com/entity/fundo-de-investimento-em-direitos-creditorios-opea-agro-sumitomo-chemical-97384354#issues,National Long Term Rating,PIFsf(bra),2026-08-12,Paid In Full,,notes ser 3,BR0DG5CTF008
2026-09-25,AXIA Energia S.A.,https://www.fitchratings.com/entity/centrais-eletricas-brasileiras-sa-eletrobras-80464173#issues,Long Term Rating,BB,2026-08-11,Upgrade,,USD 750 mln 4.625% bond/note 04-Feb-2030,"US15236FAB67, USP22835AB13"
2026-09-25,AXIA Energia Nordeste S.A.,https://www.fitchratings.com/entity/companhia-hidro-eletrica-do-sao-francisco-sa-95763491#issues,National Long Term Rating,AAA(bra),2026-08-11,Upgrade,,BRL 55 mln 7.029% bond/note 15-Jan-2029,BREXTZDBS008
2026-09-25,Concessionaria dos Aeroportos da Amazonia S.A,https://www.fitchratings.com/entity/concessionaria-dos-aeroportos-da-amazonia-sa-97418720#issues,National Long Term Rating,AA(bra),2026-08-11,Affirmed,Rating Outlook Negative,BRL 600 mln bond/note,"BRAEAMDBS020, BRAEAMDBS038"
2026-09-25,Entrevias Concessionaria de Rodovias S.A.,https://www.fitchratings.com/entity/entrevias-concessionaria-de-rodovias-sa-96579400#issues,Long Term Rating,BB,2026-08-11,Affirmed,Rating Outlook Stable,BRL 1 bln bond/note 15-Dec-2030,BRENTVDBS008
2026-09-25,Entrevias Concessionaria de Rodovias S.A.,https://www.fitchratings.com/entity/entrevias-concessionaria-de-rodovias-sa-96579400#issues,National Long Term Rating,AA+(bra),2026-08-11,Affirmed,Rating Outlook Stable,BRL 1 bln bond/note 15-Dec-2030,BRENTVDBS008
2026-09-25,Entrevias Concessionaria de Rodovias S.A.,https://www.fitchratings.com/entity/entrevias-concessionaria-de-rodovias-sa-96579400#issues,National Long Term Rating,AA+(bra),2026-08-11,Affirmed,Rating Outlook Stable,BRL 1.64 bln bond/note 15-Dec-2036,BRENTVDBS016
2026-09-25,Saneamento de Goias S.A. (Saneago),https://www.fitchratings.com/entity/saneamento-de-goias-sa-saneago-80361245#issues,National Long Term Rating,NR,2026-08-11,Matured,,BRL 7 mln bond/note 11-Aug-2026,BRSNGODBS0K9
2026-09-25,Opea Securitizadora S.A. 2016-5-26 (Alianca do Brasil Seguros),https://www.fitchratings.com/entity/gaia-securitizadora-sa-96275335#issues,National Long Term Rating,AAAsf(bra),2026-08-10,Affirmed,Rating Outlook Stable,certificates ser 2016-26,BRGAIACRI261
2026-09-25,Engie Brasil Energia S.A.,https://www.fitchratings.com/entity/engie-brasil-energia-sa-80090870#issues,National Long Term Rating,AAA(bra),2026-08-10,Affirmed,,EBE_14th Deb issuance (2nd Series)_BRL1 bln_2032,
2026-09-25,Engie Brasil Energia S.A.,https://www.fitchratings.com/entity/engie-brasil-energia-sa-80090870#issues,National Long Term Rating,AAA(bra),2026-08-10,Affirmed,,"EBE - 9th deb issuance - 2nd, 4th series","BREGIEDBS084, BREGIEDBS0A5"
2026-09-25,Engie Brasil Energia S.A.,https://www.fitchratings.com/entity/engie-brasil-energia-sa-80090870#issues,National Long Term Rating,AAA(bra),2026-08-10,Affirmed,,EBE_15th Deb issuance (1a Series)_BRL0.75_2035,BREGIEDBS0O6
2026-09-25,Engie Brasil Energia S.A.,https://www.fitchratings.com/entity/engie-brasil-energia-sa-80090870#issues,National Long Term Rating,AAA(bra),2026-08-10,Affirmed,,EBE_14th Deb issuance (1st Series)_BRL1 bln_2032,
2026-09-25,Engie Brasil Energia S.A.,https://www.fitchratings.com/entity/engie-brasil-energia-sa-80090870#issues,National Long Term Rating,AAA(bra),2026-08-10,Affirmed,,12th Issuance 3rd Tranche Floating IPCA (Brazil) 6% bond/note 15-Jun-2039,
2026-09-25,Engie Brasil Energia S.A.,https://www.fitchratings.com/entity/engie-brasil-energia-sa-80090870#issues,National Long Term Rating,AAA(bra),2026-08-10,Affirmed,,BRL 1.5 bln bond/note 25-Sep-2030,
2026-09-25,Engie Brasil Energia S.A.,https://www.fitchratings.com/entity/engie-brasil-energia-sa-80090870#issues,National Long Term Rating,AAA(bra),2026-08-10,Affirmed,,"EBE - 7th deb issuance - 1st, 2nd series","BREGIEDBS035, BREGIEDBS043"
2026-09-25,Engie Brasil Energia S.A.,https://www.fitchratings.com/entity/engie-brasil-energia-sa-80090870#issues,National Long Term Rating,AAA(bra),2026-08-10,Affirmed,,EBE_16th Deb Issuance_BRL2.0bi_FEB.2038,BREGIEDBS0Q1
2026-09-25,Engie Brasil Energia S.A.,https://www.fitchratings.com/entity/engie-brasil-energia-sa-80090870#issues,National Long Term Rating,AAA(bra),2026-08-10,Affirmed,,EBE_15th Deb issuance (2nd Series)_BRL1.45 bln_2035,BREGIEDBS0P3
2026-09-25,Engie Brasil Energia S.A.,https://www.fitchratings.com/entity/engie-brasil-energia-sa-80090870#issues,National Long Term Rating,AAA(bra),2026-08-10,Affirmed,,12th Issuance 2nd Tranche Floating IPCA (Brazil) 6% bond/note 15-Jun-2034,
2026-09-25,Engie Brasil Energia S.A.,https://www.fitchratings.com/entity/engie-brasil-energia-sa-80090870#issues,National Long Term Rating,AAA(bra),2026-08-10,Affirmed,,12th Issuance 1st Tranche Floating CDI (Brazil) 0.1% bond/note 15-Aug-2029,
2026-09-25,Engie Brasil Energia S.A.,https://www.fitchratings.com/entity/engie-brasil-energia-sa-80090870#issues,National Long Term Rating,AAA(bra),2026-08-10,Affirmed,,BRL 366 mln 5.716% bond/note 17-Sep-2046,BREGIEDBS0B3
2026-09-25,Engie Brasil Energia S.A.,https://www.fitchratings.com/entity/engie-brasil-energia-sa-80090870#issues,National Long Term Rating,AAA(bra),2026-08-10,Affirmed,,"EBE - 11th deb issuance - 1st, 2nd, 3rs, 4th and 5th serires","BREGIEDBS0D9, BREGIEDBS0E7, BREGIEDBS0G2"
2026-09-25,Befly FIDC,https://www.fitchratings.com/entity/befly-fidc-rl-97716854#issues,National Long Term Rating,AAAsf(bra),2026-08-10,Rating Watch On,Rating Watch Negative,notes ser 2,BR0NG1CTF005
2026-09-25,Eolica Serra das Vacas Holding II S.A.,https://www.fitchratings.com/entity/eolica-serra-das-vacas-holding-ii-sa-96558619#issues,National Long Term Rating,BBB+(bra),2026-08-07,Downgrade,Rating Outlook Negative,BRL 30 mln bond/note 15-Jun-2031,BRESVHDBS002
2026-09-25,General Shopping Finance Limited (GSF),https://www.fitchratings.com/entity/general-shopping-finance-limited-gsf-89880061#issues,Long Term Rating,WD,2026-08-07,Withdrawn,,USD 58 mln 10.% bond/note,"US370835AB62, USG3812BAB65"
2026-09-25,General Shopping Investment Limited,https://www.fitchratings.com/entity/general-shopping-investment-limited-90748293#issues,Long Term Rating,WD,2026-08-07,Withdrawn,,USD 34.42 mln 10% bond/note 10-Aug-2026,"US370837AB29, USG3812TAB73"
2026-09-25,Elfa Medicamentos S.A.,https://www.fitchratings.com/entity/elfa-medicamentos-sa-97629129#issues,National Long Term Rating,C(bra),2026-08-07,Downgrade,,BRL 700 mln Floating CDI (Brazil) 3.4% bond/note 13-Dec-2028,
2026-09-25,Samarco Mineracao S.A.,https://www.fitchratings.com/entity/samarco-mineracao-sa-80089959#issues,Long Term Rating,B,2026-08-06,Affirmed,,USD 4.54 bln 9.5% bond/note 30-Jun-2031,"USP8405QAB51, USP8405QAA78, US79588YAA73"
2026-09-25,Empreendimentos Pague Menos S.A.,https://www.fitchratings.com/entity/empreendimentos-pague-menos-sa-91480690#issues,National Long Term Rating,AA-(bra),2026-08-06,New Rating,,BRL 350 mln Floating CDI (Brazil) 1.4% bond/note 05-Aug-2030,
2026-09-25,Concessionaria Rodovias do Triangulo SPE S.A.,https://www.fitchratings.com/entity/concessionaria-rodovias-do-triangulo-spe-sa-97597242#issues,National Long Term Rating,A+(bra),2026-08-06,Affirmed,Rating Outlook Stable,BRL 1.3 bln 7.32% bond/note 15-Aug-2041,BRCRTRDBS027
2026-09-25,Diagnosticos da America S.A.,https://www.fitchratings.com/entity/diagnosticos-da-america-sa-dasa-86681525#issues,National Long Term Rating,WD(bra),2026-08-05,Withdrawn,,"15ª Emissão de Debêntures 3 Séries totalizando BRL2,0 bilhões e vencimento final em 2031","BRDASADBS0K3, BRDASADBS0M9, BRDASADBS0L1"
2026-09-25,Riza Securitizadora 2022-4-417 (CSN Cimentos),https://www.fitchratings.com/entity/virgo-companhia-de-securitizacao-2022-417-csn-cimentos-97341305#issues,National Long Term Rating,CCC+sf(bra),2026-08-05,Downgrade,Rating Watch Negative,notes ser 1,BRIMWLCRIAN6
2026-09-25,"Vert Cia Securitizadora 2026-42-1,2,3,4,5 (J&F)",https://www.fitchratings.com/entity/vert-cia-securitizadora-2026-42-1-2-3-4-5-j-f-97895258#issues,National Long Term Rating,AAAsf(bra),2026-08-04,New Rating,Rating Outlook Stable,notes,BRVERTDBS1X8
2026-09-25,"Vert Cia Securitizadora 2026-42-1,2,3,4,5 (J&F)",https://www.fitchratings.com/entity/vert-cia-securitizadora-2026-42-1-2-3-4-5-j-f-97895258#issues,National Long Term Rating,AAAsf(bra),2026-08-04,New Rating,Rating Outlook Stable,notes,BRVERTDBS1W0
2026-09-25,"Vert Cia Securitizadora 2026-42-1,2,3,4,5 (J&F)",https://www.fitchratings.com/entity/vert-cia-securitizadora-2026-42-1-2-3-4-5-j-f-97895258#issues,National Long Term Rating,NRsf,2026-08-04,New Rating,,notes,BRVERTDBS207
2026-09-25,"Vert Cia Securitizadora 2026-42-1,2,3,4,5 (J&F)",https://www.fitchratings.com/entity/vert-cia-securitizadora-2026-42-1-2-3-4-5-j-f-97895258#issues,National Long Term Rating,NRsf,2026-08-04,New Rating,,notes,BRVERTDBS1Z3
2026-09-25,"Vert Cia Securitizadora 2026-42-1,2,3,4,5 (J&F)",https://www.fitchratings.com/entity/vert-cia-securitizadora-2026-42-1-2-3-4-5-j-f-97895258#issues,National Long Term Rating,NRsf,2026-08-04,New Rating,,notes,BRVERTDBS1Y6
2026-09-25,Companhia de Gas de Sao Paulo - COMGAS,https://www.fitchratings.com/entity/companhia-de-gas-de-sao-paulo-comgas-91325765#issues,National Long Term Rating,AAA(bra),2026-08-04,Affirmed,,14th Debenture BRL 300 mln 6.8% bond/note 15-Sep-2037,BRCGASDBS0J0
2026-09-25,Companhia de Gas de Sao Paulo - COMGAS,https://www.fitchratings.com/entity/companhia-de-gas-de-sao-paulo-comgas-91325765#issues,National Long Term Rating,AAA(bra),2026-08-04,Affirmed,,BRL 300 mln bond/note 17-Dec-2039 - 2a serie,
2026-09-25,Companhia de Gas de Sao Paulo - COMGAS,https://www.fitchratings.com/entity/companhia-de-gas-de-sao-paulo-comgas-91325765#issues,National Long Term Rating,AAA(bra),2026-08-04,Affirmed,,7th debentures,BRCGASDBS093
2026-09-25,Companhia de Gas de Sao Paulo - COMGAS,https://www.fitchratings.com/entity/companhia-de-gas-de-sao-paulo-comgas-91325765#issues,National Long Term Rating,AAA(bra),2026-08-04,Affirmed,,BRL 600 mln 7.173% 1a serie bond/note 15-Dec-2036,BRCGASDBS0G6
2026-09-25,Companhia de Gas de Sao Paulo - COMGAS,https://www.fitchratings.com/entity/companhia-de-gas-de-sao-paulo-comgas-91325765#issues,National Long Term Rating,AAA(bra),2026-08-04,Affirmed,,13th Debenture BRL1.5 bln Floating CDI (Brazil) 0.45% bond/note 14-Apr-2028,
2026-09-25,OZN Health SPE S.A.,https://www.fitchratings.com/entity/ozn-health-spe-sa-97757731#issues,National Long Term Rating,A(bra),2026-08-04,Affirmed,,1ª Emissao Debentures - 2031,
2026-09-25,Pirapora Solar Holding S.A.,https://www.fitchratings.com/entity/pirapora-solar-holding-sa-96601674#issues,Long Term Rating,A+,2026-08-03,Affirmed,Rating Outlook Stable,BRL 220 mln bond/note 15-Aug-2034,BRPRASDBS001
2026-09-25,Pirapora Solar Holding S.A.,https://www.fitchratings.com/entity/pirapora-solar-holding-sa-96601674#issues,National Long Term Rating,AAA(bra),2026-08-03,Affirmed,Rating Outlook Stable,BRL 220 mln bond/note 15-Aug-2034,BRPRASDBS001
2026-09-25,Eolica Serra das Vacas Holding S.A.,https://www.fitchratings.com/entity/eolica-serra-das-vacas-holding-sa-96337693#issues,National Long Term Rating,BBB(bra),2026-08-03,Affirmed,Rating Outlook Negative,BRL 7 mln bond/note 01-Jun-2028,BREOVCDBS002
2026-09-25,Eolica Serra das Vacas Holding S.A.,https://www.fitchratings.com/entity/eolica-serra-das-vacas-holding-sa-96337693#issues,National Long Term Rating,BBB(bra),2026-08-03,Affirmed,Rating Outlook Negative,BRL 34 mln bond/note 01-Jun-2030,BREOVCDBS010
2026-09-25,Iguatemi Empresa de Shopping Centers S.A.,https://www.fitchratings.com/entity/iguatemi-empresa-de-shopping-centers-sa-91834892#issues,National Long Term Rating,AAA(bra),2026-08-03,Affirmed,,BRL 400 mln 10th debentures 25-Sep-2027,BRIGTADBS0A2
2026-09-25,Iguatemi Empresa de Shopping Centers S.A.,https://www.fitchratings.com/entity/iguatemi-empresa-de-shopping-centers-sa-91834892#issues,National Long Term Rating,AAA(bra),2026-08-03,Affirmed,,BRL 300 mln 13th debentures Series A3 issuance due 20-Sep-2030,BRIGTADBS0D6
2026-09-25,CSN Inova Ventures,https://www.fitchratings.com/entity/csn-islands-xi-corp-89679471#issues,Long Term Rating,CCC+,2026-07-31,New Rating,Rating Watch Negative,USD 698.33 mln 11% bond/note 12-Aug-2030,"US22946GAA31, USG2585KAA54"
2026-09-25,CSN Mineracao S.A.,https://www.fitchratings.com/entity/csn-mineracao-sa-97398072#issues,National Long Term Rating,B(bra),2026-07-31,Downgrade,Rating Watch Negative,BRL 655 mln 7.067% bond/note 15-Jul-2037,BRCMINDBS038
2026-09-25,CSN Mineracao S.A.,https://www.fitchratings.com/entity/csn-mineracao-sa-97398072#issues,National Long Term Rating,B(bra),2026-07-31,Downgrade,Rating Watch Negative,BRL 745 mln 6.8798% Series 12 bond/note 15-Jul-2032,BRCMINDBS020
2026-09-25,Companhia Siderurgica Nacional (CSN),https://www.fitchratings.com/entity/companhia-siderurgica-nacional-csn-80091767#issues,National Long Term Rating,CCC+(bra),2026-07-31,Downgrade,Rating Watch Negative,BRL 320 mln 6.5% Series A1 14a Debentures Issuance due in 15-Jul-2030,BRCSNADBS0H5
2026-09-25,Companhia Siderurgica Nacional (CSN),https://www.fitchratings.com/entity/companhia-siderurgica-nacional-csn-80091767#issues,National Long Term Rating,CCC+(bra),2026-07-31,Downgrade,Rating Watch Negative,BRL 800 mln 1a/2a Series 15a Debentures Issuance due in 15-Apr-2039,"BRCSNADBS0K9, BRCSNADBS0L7"
2026-09-25,Companhia Siderurgica Nacional (CSN),https://www.fitchratings.com/entity/companhia-siderurgica-nacional-csn-80091767#issues,National Long Term Rating,CCC+(bra),2026-07-31,Downgrade,Rating Watch Negative,BRL 1.5 bln Floating Series A1 11a Debentures Issuance due in 10-Nov-2028,BRCSNADBS0E2
2026-09-25,Companhia Siderurgica Nacional (CSN),https://www.fitchratings.com/entity/companhia-siderurgica-nacional-csn-80091767#issues,National Long Term Rating,CCC+(bra),2026-07-31,Downgrade,Rating Watch Negative,BRL 1.5 bln Floating Series A1 12a Debentures Issuance due in 20-Dec-2027,BRCSNADBS0F9
2026-09-25,Companhia Siderurgica Nacional (CSN),https://www.fitchratings.com/entity/companhia-siderurgica-nacional-csn-80091767#issues,National Long Term Rating,CCC+(bra),2026-07-31,Downgrade,Rating Watch Negative,BRL 62.585 mln 2a serie 16a Debentures Issuance due 2039,BRCSNADBS0N3
2026-09-25,Companhia Siderurgica Nacional (CSN),https://www.fitchratings.com/entity/companhia-siderurgica-nacional-csn-80091767#issues,National Long Term Rating,CCC+(bra),2026-07-31,Downgrade,Rating Watch Negative,BRL 200 mln 7% Series A3 14a Debentures Issuance due in 15-Jul-2038,BRCSNADBS0J1
2026-09-25,Companhia Siderurgica Nacional (CSN),https://www.fitchratings.com/entity/companhia-siderurgica-nacional-csn-80091767#issues,National Long Term Rating,CCC+(bra),2026-07-31,Downgrade,Rating Watch Negative,BRL 437.415 mln 1a Serie 16a Debentures Issuance due 2034,BRCSNADBS0M5
2026-09-25,Companhia Siderurgica Nacional (CSN),https://www.fitchratings.com/entity/companhia-siderurgica-nacional-csn-80091767#issues,National Long Term Rating,CCC+(bra),2026-07-31,Downgrade,Rating Watch Negative,BRL 180 mln 6.8% Series A2 14a Debentures Issuance due in 15-Jul-2033,BRCSNADBS0I3
2026-09-25,Zamp S.A.,https://www.fitchratings.com/entity/bk-brasil-operacao-e-assessoria-restaurantes-sa-96269281#issues,National Long Term Rating,AA(bra),2026-07-31,Affirmed,,BRL 350 mln bond/note 24-Apr-2027,BRBKBRDBS063
2026-09-25,Rede D'Or Sao Luiz S.A.,https://www.fitchratings.com/entity/rede-dor-sao-luiz-sa-96193829#issues,National Long Term Rating,WD(bra),2026-07-30,Withdrawn,,29th Local Debentures of BRL6.7 bln maturing in 2031,BRRDORDBS0K9
2026-09-25,Trusthub Securitizadora 2022-2 (Debenture SRM),https://www.fitchratings.com/entity/trusthub-securitizadora-2022-2-debenture-srm-97422627#issues,National Long Term Rating,BBBsf(bra),2026-07-27,Rating Watch Maintained,Rating Watch Negative,commercial paper ser 4,BRTRUHDBS046
2026-09-25,Smartfit Escola de Ginastica e Danca S.A.,https://www.fitchratings.com/entity/smartfit-escola-de-ginastica-e-danca-sa-96173422#issues,National Long Term Rating,AA+(bra),2026-07-27,New Rating,,"15th, tranche 2- BRL Floating CDI (Brazil) 0.75% bond/note 20-Aug-2033",BRSMFTDBS0L4
2026-09-25,Smartfit Escola de Ginastica e Danca S.A.,https://www.fitchratings.com/entity/smartfit-escola-de-ginastica-e-danca-sa-96173422#issues,National Long Term Rating,AA+(bra),2026-07-27,New Rating,,"15th, tranche 3 - BRL Floating CDI (Brazil) 1.05% bond/note 20-Aug-2036",BRSMFTDBS0M2
2026-09-25,Smartfit Escola de Ginastica e Danca S.A.,https://www.fitchratings.com/entity/smartfit-escola-de-ginastica-e-danca-sa-96173422#issues,National Long Term Rating,AA+(bra),2026-07-27,New Rating,,"15th, tranche 1 - BRL Floating CDI (Brazil) 0.65% bond/note 20-Aug-2031",BRSMFTDBS0K6
2026-09-25,GBS Participacoes S.A.,https://www.fitchratings.com/entity/gbs-participacoes-sa-97320752#issues,National Long Term Rating,D(bra),2026-07-27,Affirmed,,BRL 568 mln Floating bond/note 15-Mar-2044 credit agreement dated as of 15-Mar-2022,BRGBSPDBS002
2026-09-25,Dollar Diversified Payment Rights Finance Company,https://www.fitchratings.com/entity/dollar-diversified-payment-rights-finance-company-96767316#issues,Long Term Rating,BBB,2026-07-27,Affirmed,Rating Outlook Stable,notes,
2026-09-25,Dollar Diversified Payment Rights Finance Company,https://www.fitchratings.com/entity/dollar-diversified-payment-rights-finance-company-96767316#issues,Long Term Rating,BBB,2026-07-27,Affirmed,Rating Outlook Stable,notes,
2026-09-25,Althaia S.A. Industria Farmaceutica,https://www.fitchratings.com/entity/althaia-sa-industria-farmaceutica-97666556#issues,National Long Term Rating,WD(bra),2026-07-24,Withdrawn,,BRL 150 mln Floating CDI (Brazil) 2.3% bond/note,BRALTFDBS003
2026-09-25,MC Brazil Downstream Trading S.a.r.l.,https://www.fitchratings.com/entity/mc-brazil-downstream-trading-sarl-97258479#issues,Long Term Rating,BB-,2026-07-24,Upgrade,,USD 2 bln 7.25% bond/note 30-Jun-2031,"US55292WAA80, USL626A6AA24"
2026-09-25,Anima Holding S.A.,https://www.fitchratings.com/entity/anima-holding-sa-94141490#issues,National Long Term Rating,AA(bra),2026-07-24,Affirmed,,7th debentures  BRL 150 mln Floating CDI (Brazil) 1.6% bond/note 15-May-2029,BRANIMDBS065
2026-09-25,Anima Holding S.A.,https://www.fitchratings.com/entity/anima-holding-sa-94141490#issues,National Long Term Rating,AA(bra),2026-07-24,Affirmed,,8th debentures BRL 300 mln bond/note 15-Oct-2029,BRANIMDBS073
2026-09-25,Opea Securitizadora S.A. 2024-301-1 (Almeida Junior),https://www.fitchratings.com/entity/opea-securitizadora-sa-2024-301-1-almeida-junior-97635401#issues,National Long Term Rating,AAsf(bra),2026-07-21,Upgrade,Rating Outlook Stable,notes ser 1,BRRBRACRIP13
2026-09-25,"Opea Securitizadora S.A. 2025-539-1,2 (Almeida Junior)",https://www.fitchratings.com/entity/opea-securitizadora-sa-2025-539-1-2-almeida-junior-97818673#issues,National Long Term Rating,AAsf(bra),2026-07-21,Upgrade,Rating Outlook Stable,notes ser 2,BRRBRACRIZ78
2026-09-25,"Opea Securitizadora S.A. 2025-539-1,2 (Almeida Junior)",https://www.fitchratings.com/entity/opea-securitizadora-sa-2025-539-1-2-almeida-junior-97818673#issues,National Long Term Rating,AAsf(bra),2026-07-21,Upgrade,Rating Outlook Stable,notes ser 2,BRRBRACRIZ60
2026-09-25,Opea Securitizadora S.A. 2023-65-1 (Klabin),https://www.fitchratings.com/entity/true-securitizadora-sa-2023-1-klabin-97512311#issues,National Long Term Rating,PIFsf(bra),2026-07-20,Paid In Full,,certificates ser 1,BRAPCSCRA1T9
2026-09-25,"Opea Securitizadora S.A. 2023-249-1,2,3 (Ache)",https://www.fitchratings.com/entity/true-securitizadora-2023-1-2-3-ache-97559536#issues,National Long Term Rating,AAAsf(bra),2026-07-20,Affirmed,Rating Outlook Stable,"bonds ser 2022-1,2,3",BRAPCSCRIL82
2026-09-25,"Opea Securitizadora S.A. 2023-249-1,2,3 (Ache)",https://www.fitchratings.com/entity/true-securitizadora-2023-1-2-3-ache-97559536#issues,National Long Term Rating,AAAsf(bra),2026-07-20,Affirmed,Rating Outlook Stable,"bonds ser 2022-1,2,3",BRAPCSCRIL90
2026-09-25,"Opea Securitizadora S.A. 2023-249-1,2,3 (Ache)",https://www.fitchratings.com/entity/true-securitizadora-2023-1-2-3-ache-97559536#issues,National Long Term Rating,AAAsf(bra),2026-07-20,Affirmed,Rating Outlook Stable,"bonds ser 2022-1,2,3",BRAPCSCRIL74
2026-09-25,Octante Securitizadora S.A. 2021-30-1 (FS),https://www.fitchratings.com/entity/octante-securitizadora-sa-97301621#issues,National Long Term Rating,Asf(bra),2026-07-20,Downgrade,Rating Outlook Stable,loans ser 2,BROCTSCRA3A5
2026-09-25,"Eco Securitizadora 2022-140-1,2 (FS)",https://www.fitchratings.com/entity/eco-securitizadora-2022-1-2-fs-97340470#issues,National Long Term Rating,Asf(bra),2026-07-20,Downgrade,Rating Outlook Stable,loans ser 2,BRECOACRA986
2026-09-25,"Eco Securitizadora 2023-243-1,2 (FS)",https://www.fitchratings.com/entity/eco-securitizadora-2023-1-2-fs-97478869#issues,National Long Term Rating,Asf(bra),2026-07-20,Downgrade,Rating Outlook Stable,notes ser 2,BRECOACRACY6
2026-09-25,"Eco Securitizadora 2023-243-1,2 (FS)",https://www.fitchratings.com/entity/eco-securitizadora-2023-1-2-fs-97478869#issues,National Long Term Rating,Asf(bra),2026-07-20,Downgrade,Rating Outlook Stable,notes ser 2,BRECOACRACZ3
2026-09-25,"Eco Securitizadora 2023-297-1,2,3,4 (FS)",https://www.fitchratings.com/entity/eco-securitizadora-2023-1-2-3-4-fs-97550365#issues,National Long Term Rating,Asf(bra),2026-07-20,Downgrade,Rating Outlook Stable,notes ser 4,BRECOACRAEY2
2026-09-25,"Eco Securitizadora 2023-297-1,2,3,4 (FS)",https://www.fitchratings.com/entity/eco-securitizadora-2023-1-2-3-4-fs-97550365#issues,National Long Term Rating,Asf(bra),2026-07-20,Downgrade,Rating Outlook Stable,notes ser 4,BRECOACRAEX4
2026-09-25,"Eco Securitizadora 2023-297-1,2,3,4 (FS)",https://www.fitchratings.com/entity/eco-securitizadora-2023-1-2-3-4-fs-97550365#issues,National Long Term Rating,Asf(bra),2026-07-20,Downgrade,Rating Outlook Stable,notes ser 4,BRECOACRAEZ9
2026-09-25,"Eco Securitizadora 2023-297-1,2,3,4 (FS)",https://www.fitchratings.com/entity/eco-securitizadora-2023-1-2-3-4-fs-97550365#issues,National Long Term Rating,Asf(bra),2026-07-20,Downgrade,Rating Outlook Stable,notes ser 4,BRECOACRAF02
2026-09-25,"Eco Securitizadora 2024-331-1,2 (FS)",https://www.fitchratings.com/entity/eco-securitizadora-2024-331-1-2-fs-97612157#issues,National Long Term Rating,Asf(bra),2026-07-20,Downgrade,Rating Outlook Stable,certificates ser 2,BRECOACRAGZ4
2026-09-25,"Eco Securitizadora 2024-331-1,2 (FS)",https://www.fitchratings.com/entity/eco-securitizadora-2024-331-1-2-fs-97612157#issues,National Long Term Rating,Asf(bra),2026-07-20,Downgrade,Rating Outlook Stable,certificates ser 2,BRECOACRAH00
2026-09-25,"Eco Securitizadora 2025-384-1,2,3 (FS)",https://www.fitchratings.com/entity/eco-securitizadora-2025-384-1-2-3-fs-97712862#issues,National Long Term Rating,Asf(bra),2026-07-20,Downgrade,Rating Outlook Stable,certificates ser 3,BRECOACRAII6
2026-09-25,"Eco Securitizadora 2025-384-1,2,3 (FS)",https://www.fitchratings.com/entity/eco-securitizadora-2025-384-1-2-3-fs-97712862#issues,National Long Term Rating,Asf(bra),2026-07-20,Downgrade,Rating Outlook Stable,certificates ser 3,BRECOACRAIJ4
2026-09-25,"Eco Securitizadora 2025-384-1,2,3 (FS)",https://www.fitchratings.com/entity/eco-securitizadora-2025-384-1-2-3-fs-97712862#issues,National Long Term Rating,Asf(bra),2026-07-20,Downgrade,Rating Outlook Stable,certificates ser 3,BRECOACRAIK2
2026-09-25,Eco Securitizadora 2022-167-2 (FS),https://www.fitchratings.com/entity/eco-securitizadora-2022-167-2-fs-agri-97377838#issues,National Long Term Rating,Asf(bra),2026-07-20,Downgrade,Rating Outlook Stable,loans ser 1,BRECOACRA9U7
2026-09-25,"Eco Securitizadora 2023-264-1,2 (FS)",https://www.fitchratings.com/entity/eco-securitizadora-2023-264-1-2-fs-97506356#issues,National Long Term Rating,Asf(bra),2026-07-20,Downgrade,Rating Outlook Stable,certificates ser 2,BRECOACRADC0
2026-09-25,"Eco Securitizadora 2023-264-1,2 (FS)",https://www.fitchratings.com/entity/eco-securitizadora-2023-264-1-2-fs-97506356#issues,National Long Term Rating,Asf(bra),2026-07-20,Downgrade,Rating Outlook Stable,certificates ser 2,BRECOACRADD8
2026-09-25,"Eco Securitizadora 2024-310-1,2,3,4 (FS)",https://www.fitchratings.com/entity/eco-securitizadora-2024-310-1-2-3-4-fs-97571861#issues,National Long Term Rating,Asf(bra),2026-07-20,Downgrade,Rating Outlook Stable,notes ser 4,BRECOACRAFU7
2026-09-25,"Eco Securitizadora 2024-310-1,2,3,4 (FS)",https://www.fitchratings.com/entity/eco-securitizadora-2024-310-1-2-3-4-fs-97571861#issues,National Long Term Rating,Asf(bra),2026-07-20,Downgrade,Rating Outlook Stable,notes ser 4,BRECOACRAFV5
2026-09-25,"Eco Securitizadora 2024-310-1,2,3,4 (FS)",https://www.fitchratings.com/entity/eco-securitizadora-2024-310-1-2-3-4-fs-97571861#issues,National Long Term Rating,Asf(bra),2026-07-20,Downgrade,Rating Outlook Stable,notes ser 4,BRECOACRAFS1
2026-09-25,"Eco Securitizadora 2024-310-1,2,3,4 (FS)",https://www.fitchratings.com/entity/eco-securitizadora-2024-310-1-2-3-4-fs-97571861#issues,National Long Term Rating,Asf(bra),2026-07-20,Downgrade,Rating Outlook Stable,notes ser 4,BRECOACRAFT9
2026-09-25,SE Vineyards Transmissao de Energia S.A.,https://www.fitchratings.com/entity/se-vineyards-transmissao-de-energia-sa-96798394#issues,National Long Term Rating,AAA(bra),2026-07-20,Affirmed,Rating Outlook Stable,BRL 212 mln 5.238% bond/note 15-Jul-2042,BRVNYDDBS018
2026-09-25,Geometrica Par Investimentos S.A.,https://www.fitchratings.com/entity/prumo-participacoes-e-investimentos-s-a-96158821#issues,Long Term Rating,BB+,2026-07-20,Affirmed,Rating Outlook Stable,USD 217 mln 7.5% bond/note 31-Dec-2031,"US74444JAE73, USP7922DAB03"
2026-09-25,"Opea Securitizadora S.A. 2015-1-61,62 (Havan)",https://www.fitchratings.com/entity/true-securitizadora-sa-96221293#issues,National Long Term Rating,AAAsf(bra),2026-07-20,Affirmed,Rating Outlook Stable,certificates,BRAPCSCRI1X3
2026-09-25,Concessionaria das Rodovias do Leste MS S.A.,https://www.fitchratings.com/entity/concessionaria-das-rodovias-do-leste-ms-sa-97540794#issues,National Long Term Rating,AA(bra),2026-07-17,Affirmed,Rating Outlook Negative,BRL 600 mln 8.1674% Series 13 bond/note 15-Jul-2045 -1a serie,BRRLMSDBS047
2026-09-25,Concessionaria das Rodovias do Leste MS S.A.,https://www.fitchratings.com/entity/concessionaria-das-rodovias-do-leste-ms-sa-97540794#issues,National Long Term Rating,AA(bra),2026-07-17,Affirmed,Rating Outlook Negative,BRL 180 mln 8.57% Series 33 bond/note 15-Jul-2045- 3a serie,BRRLMSDBS062
2026-09-25,Concessionaria das Rodovias do Leste MS S.A.,https://www.fitchratings.com/entity/concessionaria-das-rodovias-do-leste-ms-sa-97540794#issues,National Long Term Rating,AA(bra),2026-07-17,Affirmed,Rating Outlook Negative,BRL 220 mln 8.57% Series 23 bond/note 15-Jul-2045- 2a serie,BRRLMSDBS054
2026-09-25,Isa Energia Brasil S.A.,https://www.fitchratings.com/entity/companhia-de-transmissao-de-energia-eletrica-paulista-sa-cteep-87797443#issues,National Long Term Rating,AAA(bra),2026-07-17,New Rating,,ISA BR_24th Deb Issuance_BRL1.0 bi_2030,
2026-09-25,Eco Securitizadora 2024-349-1 (Amaggi),https://www.fitchratings.com/entity/eco-securitizadora-2024-349-1-amaggi-97646656#issues,National Long Term Rating,Asf(bra),2026-07-17,Downgrade,Rating Outlook Stable,notes ser 1,BRECOACRAHA5
2026-09-25,Brazil,https://www.fitchratings.com/entity/brazil-80442191#issues,Long Term Rating,BB,2026-07-16,New Rating,,BRL 31 bln Zero treasury bills/notes/bonds 01-Oct-2028,BRSTNCLTN8N0
2026-09-25,Ampla Energia e Servicos S.A.,https://www.fitchratings.com/entity/ampla-energia-e-servicos-sa-96591706#issues,National Long Term Rating,WD(bra),2026-07-16,Withdrawn,,11th Notes Issue BRL1.8 bln 25-Feb-2031,BRCBEEDBS0E8
2026-09-25,"Opea Securitizadora S.A. 2023-192-1,2,3 (Assai)",https://www.fitchratings.com/entity/true-securitizadora-2023-1-2-3-assai-97511042#issues,National Long Term Rating,PIFsf(bra),2026-07-15,Paid In Full,,notes ser 3,BRAPCSCRIIR7
2026-09-25,MV24 Capital B.V.,https://www.fitchratings.com/entity/mv24-capital-bv-96723498#issues,Long Term Rating,BBB-,2026-07-15,Upgrade,Rating Outlook Stable,notes ser Senior Secured Notes,"US55388RAA41, USN53766AA41"
2026-09-25,Engie Brasil Energia S.A.,https://www.fitchratings.com/entity/engie-brasil-energia-sa-80090870#issues,National Long Term Rating,NR,2026-07-15,Matured,,EBE - 6th deb issuance - 2nd serie,BREGIEDBS027
2026-09-25,Engie Brasil Energia S.A.,https://www.fitchratings.com/entity/engie-brasil-energia-sa-80090870#issues,National Long Term Rating,NR,2026-07-15,Matured,,"EBE - 9th deb issuance  - 1st, 3rd serires","BREGIEDBS076, BREGIEDBS092"
2026-09-25,T V V - Terminal de Vila Velha S.A.,https://www.fitchratings.com/entity/t-v-v-terminal-de-vila-velha-sa-97292252#issues,National Long Term Rating,AA+(bra),2026-07-15,Affirmed,Rating Outlook Stable,1ª Debentures BRL 240 mln 6.86% Series 11 bond/note 15-Nov-2033,BRTVVHDBS004
2026-09-25,Marlim Azul Energia SA,https://www.fitchratings.com/entity/marlim-azul-energia-sa-97543758#issues,National Long Term Rating,AA(bra),2026-07-14,New Rating,Rating Outlook Stable,BRL 415 mln Floating IPCA (Brazil) bond/note 15-Mar-2039,BRMRZLDBS000
2026-09-25,Guara Norte S.a r.l.,https://www.fitchratings.com/entity/guara-norte-sa-rl-97044825#issues,Long Term Rating,BBB-,2026-07-14,Affirmed,Rating Outlook Stable,notes,"US400666AA13, USL4R02QAA86"
2026-09-25,Globo Comunicacao e Participacoes S.A.,https://www.fitchratings.com/entity/globo-comunicacao-e-participacoes-sa-87246572#issues,Long Term Rating,BB+,2026-07-14,Affirmed,,USD 200 mln 5.125% bond/note 31-Mar-2027,"US37959DAA28, USP47777AA86"
2026-09-25,Globo Comunicacao e Participacoes S.A.,https://www.fitchratings.com/entity/globo-comunicacao-e-participacoes-sa-87246572#issues,Long Term Rating,BB+,2026-07-14,Affirmed,,USD 400 mln 5.5% bond/note 14-Jan-2032,"US37959DAC83, USP47777AC43"
2026-09-25,Brazil,https://www.fitchratings.com/entity/brazil-80442191#issues,Long Term Rating,BB,2026-07-13,New Rating,,BRL 261 bln Zero treasury bills/notes/bonds 01-Sep-2032,BRSTNCLF1S24
2026-09-25,Alares Internet Participacoes S.A.,https://www.fitchratings.com/entity/alares-internet-participacoes-s-a-97182126#issues,National Long Term Rating,A(bra),2026-07-13,Affirmed,,BRL 280 mln Floating IPCA (Brazil) +11.866% bond/note 15-Oct-2032,BRALARDBS024
2026-09-25,Usiminas International S.a r.l.,https://www.fitchratings.com/entity/usiminas-international-sa-rl-96787973#issues,Long Term Rating,BB,2026-07-13,Affirmed,,USD 500 mln 7.5% bond/note 27-Jan-2032,"US91734JAB61, USL95806AB88"
2026-09-25,Opea Securitizadora S.A. 2012-1-69 (Vibra Energia),https://www.fitchratings.com/entity/rb-capital-companhia-de-securitizacao-91840491#issues,National Long Term Rating,Dsf(bra),2026-07-13,Affirmed,,certificates ser 2012-69,BRRBRACRI1X3
2026-09-25,Companhia de Gas de Minas Gerais - Gasmig,https://www.fitchratings.com/entity/companhia-de-gas-de-minas-gerais-gasmig-96692279#issues,National Long Term Rating,AA+(bra),2026-07-13,Affirmed,,BRL 300 mln 6.5% bond/note 15-Nov-2035,BRGASMDBS092
2026-09-25,Companhia de Gas de Minas Gerais - Gasmig,https://www.fitchratings.com/entity/companhia-de-gas-de-minas-gerais-gasmig-96692279#issues,National Long Term Rating,AA+(bra),2026-07-13,Affirmed,,BRL 200 mln bond/note 15-Dec-2029,BRGASMDBS084
2026-09-25,Companhia de Gas de Minas Gerais - Gasmig,https://www.fitchratings.com/entity/companhia-de-gas-de-minas-gerais-gasmig-96692279#issues,National Long Term Rating,AA+(bra),2026-07-13,Affirmed,,BRL 565 mln 5.27% bond/note 15-Aug-2031,BRGASMDBS076
2026-09-25,Copel Distribuicao S.A.,https://www.fitchratings.com/entity/copel-distribuicao-sa-96382097#issues,National Long Term Rating,AAA(bra),2026-07-10,New Rating,,12th Deb Issue  BRL 1300 mln Floating CDI (Brazil) 0.25% CDI bond/note 15-Jul-2028,
2026-09-25,Opea Securitizadora S.A. 2021-14-1 (Eldorado),https://www.fitchratings.com/entity/rb-sec-companhia-de-securitizacao-2021-14-eldorado-brasil-97291861#issues,National Long Term Rating,PIFsf(bra),2026-07-10,Paid In Full,,securities ser 14,BRRBRACRA0Z8
2026-09-25,Potengi Holdings S.A.,https://www.fitchratings.com/entity/potengi-holdings-sa-97542650#issues,National Long Term Rating,AAA(bra),2026-07-10,Affirmed,,BRL 171 mln Floating IPCA (Brazil) 5.9% bond/note,BRPOTEDBS016
2026-09-25,Potengi Holdings S.A.,https://www.fitchratings.com/entity/potengi-holdings-sa-97542650#issues,National Long Term Rating,AAA(bra),2026-07-10,Affirmed,,BRL 270 mln bond/note 31-Dec-2041,BRPOTEDBS008
2026-09-25,Veleiros Holdings S.A.,https://www.fitchratings.com/entity/veleiros-holdings-sa-97542659#issues,National Long Term Rating,AAA(bra),2026-07-10,Affirmed,,BRL 180 mln bond/note 31-Dec-2047,BRVELHDBS015
2026-09-25,AES Tucano Holding II S.A.,https://www.fitchratings.com/entity/aes-tucano-holding-ii-sa-97281834#issues,National Long Term Rating,AAA(bra),2026-07-10,Affirmed,,BRL 258 mln 6.059% bond/note 27-Sep-2041,BRTCIIDBS009
2026-09-25,Ventos de Santa Tereza 07 Energias Renovaveis S.A.,https://www.fitchratings.com/entity/ventos-de-santa-tereza-07-energias-renovaveis-sa-97591492#issues,National Long Term Rating,AAA(bra),2026-07-10,Affirmed,,BRL 546.96 mln Floating bond/note,BRSTRZDBS000
2026-09-25,Auren Operacoes S.A.,https://www.fitchratings.com/entity/aes-brasil-operacoes-sa-97379391#issues,National Long Term Rating,AAA(bra),2026-07-10,New Rating,,BRL 1.15 bln Floating IPCA (Brazil) bond/note,BRAURPDBS031
2026-09-25,Auren Energia S.A.,https://www.fitchratings.com/entity/vtrm-energia-participacoes-sa-97036543#issues,National Long Term Rating,AAA(bra),2026-07-10,Affirmed,,BRL 2.5 bln Floating CDI (Brazil) 0.55% bond/note 10-Oct-2031,BRAUREDBS027
2026-09-25,Auren Energia S.A.,https://www.fitchratings.com/entity/vtrm-energia-participacoes-sa-97036543#issues,National Long Term Rating,AAA(bra),2026-07-10,Affirmed,,BRL 400 mln Floating IPCA (Brazil) 5% bond/note,
2026-09-25,CESP - Companhia Energetica de Sao Paulo,https://www.fitchratings.com/entity/cesp-companhia-energetica-de-sao-paulo-97003909#issues,National Long Term Rating,AAA(bra),2026-07-10,Affirmed,,CESP_14th Deb Issue_BRL 2.1 bln Floating CDI (Brazil) 0.62% bond/note 14-Aug-2032,
2026-09-25,CESP - Companhia Energetica de Sao Paulo,https://www.fitchratings.com/entity/cesp-companhia-energetica-de-sao-paulo-97003909#issues,National Long Term Rating,AAA(bra),2026-07-10,Affirmed,,BRL 1.5 bln Floating bond/note 15-Aug-2030,BRCESPDBS2B8
2026-09-25,CESP - Companhia Energetica de Sao Paulo,https://www.fitchratings.com/entity/cesp-companhia-energetica-de-sao-paulo-97003909#issues,National Long Term Rating,AAA(bra),2026-07-10,Affirmed,,BRL 1.1 bln Floating IPCA (Brazil) 5.75% bond/note 15-Mar-2034,BRCESPDBS2C6
2026-09-25,Auren Participacoes S.A.,https://www.fitchratings.com/entity/aes-brasil-energia-sa-97281499#issues,National Long Term Rating,WD(bra),2026-07-10,Withdrawn,,BRL 1.15 bln Floating IPCA (Brazil) bond/note 15-Jul-2037,
2026-09-25,"Multiplike Securitizadora S.A. 2024-15-1,2,3 (Debentures Multiplike)",https://www.fitchratings.com/entity/multiplike-securitizadora-sa-2024-15-1-2-3-97681046#issues,National Long Term Rating,AAAsf(bra),2026-07-10,Review - No Action,Rating Outlook Stable,notes ser 3,BRMTPKDBS017
2026-09-25,"Multiplike Securitizadora S.A. 2024-15-1,2,3 (Debentures Multiplike)",https://www.fitchratings.com/entity/multiplike-securitizadora-sa-2024-15-1-2-3-97681046#issues,National Long Term Rating,A-sf(bra),2026-07-10,Review - No Action,Rating Outlook Positive,notes ser 3,BRMTPKDBS025
2026-09-25,Hapvida Participacoes e Investimentos S.A.,https://www.fitchratings.com/entity/hapvida-participacoes-e-investimentos-sa-96783531#issues,National Long Term Rating,NR,2026-07-10,Matured,,"1a Emissao de Debentures de BRL2,0 bilhoes e vencimento em julho de 2026","BRHAPVDBS006, BRHAPVDBS014"
2026-09-25,FS I Industria de Etanol S.A,https://www.fitchratings.com/entity/fs-i-industria-de-etanol-sa-97809918#issues,National Long Term Rating,A(bra),2026-07-10,Downgrade,,4a Emissao - BRL 500 mln 9.145% bond/note 15-Jan-2033,BRFSIIDBS020
2026-09-25,Iguatemi Empresa de Shopping Centers S.A.,https://www.fitchratings.com/entity/iguatemi-empresa-de-shopping-centers-sa-91834892#issues,National Long Term Rating,WD(bra),2026-07-09,Withdrawn,,BRL 500 mln 11th debentures due 2028,BRIGTADBS0C8
2026-09-25,TESC -Terminal Santa Catarina S.A.,https://www.fitchratings.com/entity/tesc-terminal-santa-catarina-sa-97201281#issues,National Long Term Rating,AA-(bra),2026-07-08,Rating Watch On,Rating Watch Negative,BRL 316 mln bond/note 01-Dec-2035,BRCJENDBS009
2026-09-25,Unipar Carbocloro S.A.,https://www.fitchratings.com/entity/unipar-carbocloro-sa-96594045#issues,National Long Term Rating,NR,2026-07-08,Matured,,BRL 200 mln commercial paper 08-Jul-2026,"BRUNIPNPM0D5, BRUNIPNPM0E3"
2026-09-25,QMC Telecom do Brasil Cessao de Infraestrutura S.A.,https://www.fitchratings.com/entity/qmc-telecom-do-brasil-cessao-de-infraestrutura-sa-97527625#issues,National Long Term Rating,AA-(bra),2026-07-08,Upgrade,,BRL 400 mln Floating CDI (Brazil) 2.2% bond/note 15-Aug-2030,
2026-09-25,QMC Telecom do Brasil Cessao de Infraestrutura S.A.,https://www.fitchratings.com/entity/qmc-telecom-do-brasil-cessao-de-infraestrutura-sa-97527625#issues,National Long Term Rating,AA-(bra),2026-07-08,Upgrade,,BRL 400 mln Floating CDI (Brazil) 2.75% bond/note 15-Aug-2032,
2026-09-25,QMC Telecom do Brasil Cessao de Infraestrutura S.A.,https://www.fitchratings.com/entity/qmc-telecom-do-brasil-cessao-de-infraestrutura-sa-97527625#issues,National Long Term Rating,AA-(bra),2026-07-08,Upgrade,,BRL 800 mln Floating IPCA (Brazil) 9.48% bond/note 15-Aug-2035,
2026-09-25,Isa Energia Brasil S.A.,https://www.fitchratings.com/entity/companhia-de-transmissao-de-energia-eletrica-paulista-sa-cteep-87797443#issues,National Long Term Rating,AAA(bra),2026-07-03,New Rating,,ISA BR_23th Deb Issuance_BRL1.5 bi_2030,
2026-09-25,Winity S.A.,https://www.fitchratings.com/entity/winity-sa-97772836#issues,National Long Term Rating,AA+(bra),2026-07-03,Affirmed,Rating Outlook Stable,BRL 320 mln Floating IPCA (Brazil) bond/note 15-Aug-2035,BRWNTYDBS020
2026-09-25,Diagnosticos da America S.A.,https://www.fitchratings.com/entity/diagnosticos-da-america-sa-dasa-86681525#issues,National Long Term Rating,AA(bra),2026-07-02,New Rating,,BRL 700 mln bond/note 02-Jul-2028,
2026-09-25,Yinson Bergenia Production B.V.,https://www.fitchratings.com/entity/yinson-bergenia-production-bv-97746196#issues,Long Term Rating,BB+,2026-07-02,Affirmed,Rating Outlook Stable,notes,"US98585VAA61, USN97336AA49"
2026-09-25,Gerdau S.A.,https://www.fitchratings.com/entity/gerdau-sa-82273687#issues,National Long Term Rating,AAA(bra),2026-07-02,Affirmed,,BRL 1.5 bln Floating 1a serie (A8) bond/note 10-Dec-2028,BRGGBRDBS078
2026-09-25,Gerdau S.A.,https://www.fitchratings.com/entity/gerdau-sa-82273687#issues,National Long Term Rating,AAA(bra),2026-07-02,Affirmed,,BRL 1.38 bln Floating Series A9 bond/note 04-Jun-2032,BRGGBRDBS094
2026-09-25,Natura &Co Luxembourg Holdings S.a r.l.,https://www.fitchratings.com/entity/natura-co-luxembourg-holdings-sa-rl-97375551#issues,Long Term Rating,BB+,2026-07-02,Affirmed,,USD 1 bln 4.125% legacy bond/note 03-May-2028,"US63883KAB17, USP7088CAC03"
2026-09-25,Natura &Co Luxembourg Holdings S.a r.l.,https://www.fitchratings.com/entity/natura-co-luxembourg-holdings-sa-rl-97375551#issues,Long Term Rating,BB+,2026-07-02,Affirmed,,USD 600 mln 6% bond/note 19-Apr-2029,"US63884WAA62, USL6S52VAA02"
2026-09-25,Natura Cosmeticos S.A.,https://www.fitchratings.com/entity/natura-cosmeticos-sa-90714090#issues,National Long Term Rating,AAA(bra),2026-07-02,Affirmed,,"13th debentures, BRL 1.33 bln Floating CDI (Brazil) 1.2% bond/note 15-Jun-2029",BRNATUDBS0I0
2026-09-25,Borborema Transmissao de Energia S.A.,https://www.fitchratings.com/entity/borborema-transmissao-de-energia-sa-97273640#issues,National Long Term Rating,AA+(bra),2026-07-01,Downgrade,Rating Outlook Negative,BRL 48 mln 6.1% bond/note 15-Jan-2045,BRBBRMDBS002
2026-09-25,Opea Securitizadora S.A. 2017-1-169 (Localiza),https://www.fitchratings.com/entity/rb-capital-companhia-de-securitizacao-2017-169-localiza-96576289#issues,National Long Term Rating,AAAsf(bra),2026-07-01,Affirmed,Rating Outlook Stable,certificates ser 2017-169,BRRBRACRI4L2
2026-09-25,Brazil,https://www.fitchratings.com/entity/brazil-80442191#issues,Long Term Rating,NR,2026-07-01,Matured,,BRL 216 bln Zero treasury bills/notes/bonds 01-Jul-2026,BRSTNCLTN848
2026-09-25,Athon Geracao Distribuida VI S.A.,https://www.fitchratings.com/entity/athon-geracao-distribuida-vi-sa-97739854#issues,National Long Term Rating,AAA(bra),2026-06-30,Affirmed,Rating Outlook Stable,BRL 194 mln 7.897% bond/note 15-Jun-2040,BRATHDDBS006
2026-09-25,iCred FGTS Fundo de Investimento em Direitos Creditorios,https://www.fitchratings.com/entity/icred-fgts-fundo-de-investimento-em-direitos-creditorios-97587883#issues,National Long Term Rating,AAAsf(bra),2026-06-30,Affirmed,Rating Outlook Stable,notes ser 2,BR0J23CTF042
2026-09-25,iCred FGTS Fundo de Investimento em Direitos Creditorios,https://www.fitchratings.com/entity/icred-fgts-fundo-de-investimento-em-direitos-creditorios-97587883#issues,National Long Term Rating,AAAsf(bra),2026-06-30,Affirmed,Rating Outlook Stable,notes ser 2,BR0J23CTF026
2026-09-25,iCred FGTS Fundo de Investimento em Direitos Creditorios,https://www.fitchratings.com/entity/icred-fgts-fundo-de-investimento-em-direitos-creditorios-97587883#issues,National Long Term Rating,AAAsf(bra),2026-06-30,Affirmed,Rating Outlook Stable,notes ser 2,BR0J23CTF000
2026-09-25,FIDC Consig Premium I - Responsabilidade Limitada,https://www.fitchratings.com/entity/fundo-de-investimento-em-direitos-creditorios-consig-premium-i-responsabilidade-limitada-97877954#issues,National Long Term Rating,AA+sf(bra),2026-06-30,New Rating,Rating Outlook Stable,certificates ser 4,BR0SIGCTF023
2026-09-25,FIDC Consig Premium I - Responsabilidade Limitada,https://www.fitchratings.com/entity/fundo-de-investimento-em-direitos-creditorios-consig-premium-i-responsabilidade-limitada-97877954#issues,National Long Term Rating,AAAsf(bra),2026-06-30,New Rating,Rating Outlook Stable,certificates ser 4,BR0SIGCTF007
2026-09-25,FIDC Consig Premium I - Responsabilidade Limitada,https://www.fitchratings.com/entity/fundo-de-investimento-em-direitos-creditorios-consig-premium-i-responsabilidade-limitada-97877954#issues,National Long Term Rating,NRsf,2026-06-30,New Rating,,certificates ser 4,BR0SIGCTF031
2026-09-25,FIDC Consig Premium I - Responsabilidade Limitada,https://www.fitchratings.com/entity/fundo-de-investimento-em-direitos-creditorios-consig-premium-i-responsabilidade-limitada-97877954#issues,National Long Term Rating,NRsf,2026-06-30,New Rating,,certificates ser 4,BR0SIGCTF015
2026-09-25,MEZ 3 Energia S.A.,https://www.fitchratings.com/entity/mez-3-energia-sa-97510966#issues,National Long Term Rating,AA-(bra),2026-06-29,Downgrade,Rating Outlook Negative,BRL 36.5 mln bond/note 15-Apr-2044,BRMEZ3DBS008
2026-09-25,"Eco Securitizadora 2026-454-1,2,3,4 (JBS)",https://www.fitchratings.com/entity/eco-securitizadora-2026-454-1-2-3-4-jbs-97909478#issues,National Long Term Rating,AAAsf(bra),2026-06-29,New Rating,Rating Outlook Stable,notes,BRECOACRAMT5
2026-09-25,"Eco Securitizadora 2026-454-1,2,3,4 (JBS)",https://www.fitchratings.com/entity/eco-securitizadora-2026-454-1-2-3-4-jbs-97909478#issues,National Long Term Rating,AAAsf(bra),2026-06-29,New Rating,Rating Outlook Stable,notes,BRECOACRAMU3
2026-09-25,"Eco Securitizadora 2026-454-1,2,3,4 (JBS)",https://www.fitchratings.com/entity/eco-securitizadora-2026-454-1-2-3-4-jbs-97909478#issues,National Long Term Rating,AAAsf(bra),2026-06-29,New Rating,Rating Outlook Stable,notes,BRECOACRAMV1
2026-09-25,"Eco Securitizadora 2026-454-1,2,3,4 (JBS)",https://www.fitchratings.com/entity/eco-securitizadora-2026-454-1-2-3-4-jbs-97909478#issues,National Long Term Rating,AAAsf(bra),2026-06-29,New Rating,Rating Outlook Stable,notes,BRECOACRAMW9
2026-09-25,Solaris Transmissao de Energia S.A.,https://www.fitchratings.com/entity/solaris-transmissao-de-energia-sa-97273655#issues,National Long Term Rating,AAA(bra),2026-06-29,Affirmed,Rating Outlook Negative,BRL 150 mln 6.403% Series 11 bond/note 15-Aug-2045,BRSOTEDBS002
2026-09-25,Riza Securitizadora 2022-98-1 (JBS),https://www.fitchratings.com/entity/virgo-cia-de-securitizacao-2022-1-jbs-97357187#issues,National Long Term Rating,PIFsf(bra),2026-06-26,Paid In Full,,notes ser 1,BRIMWLCRA3R7
2026-09-25,Riza Securitizadora 2022-98-2 (JBS),https://www.fitchratings.com/entity/virgo-cia-de-securitizaco-2022-2-97358348#issues,National Long Term Rating,PIFsf(bra),2026-06-26,Paid In Full,,notes ser 1,BRIMWLCRA3S5
2026-09-25,Riza Securitizadora 2022-98-3 (JBS),https://www.fitchratings.com/entity/virgo-cia-de-securitizacao-2022-3-97358349#issues,National Long Term Rating,PIFsf(bra),2026-06-26,Paid In Full,,notes ser 1,BRIMWLCRA3T3
2026-09-25,Ventos de Sao Joao XXIII Energias Renovaveis S.A.,https://www.fitchratings.com/entity/ventos-de-sao-joao-xxiii-energias-renovaveis-sa-97393068#issues,National Long Term Rating,AA(bra),2026-06-26,Affirmed,Rating Outlook Stable,BRL 93 mln 8.085% bond/note 15-Jul-2042 credit agreement dated as of 01-Aug-2022,BRVSJXDBS008
2026-09-25,Isa Energia Brasil S.A.,https://www.fitchratings.com/entity/companhia-de-transmissao-de-energia-eletrica-paulista-sa-cteep-87797443#issues,National Long Term Rating,AAA(bra),2026-06-26,Affirmed,,"ISA BR_20th Deb Issuance_1st Series_BRL1,0 bi_2037",BRISAEDBS0M0
2026-09-25,Isa Energia Brasil S.A.,https://www.fitchratings.com/entity/companhia-de-transmissao-de-energia-eletrica-paulista-sa-cteep-87797443#issues,National Long Term Rating,AAA(bra),2026-06-26,Affirmed,,BRL 1.05 bln 6.712% Series A7 bond/note 15-Oct-2036,BRISAEDBS0B3
2026-09-25,Isa Energia Brasil S.A.,https://www.fitchratings.com/entity/companhia-de-transmissao-de-energia-eletrica-paulista-sa-cteep-87797443#issues,National Long Term Rating,AAA(bra),2026-06-26,Affirmed,,BRL 700 mln Floating CDI (Brazil) 1.75% bond/note 15-Apr-2032,BRTRPLDBS0I0
2026-09-25,Isa Energia Brasil S.A.,https://www.fitchratings.com/entity/companhia-de-transmissao-de-energia-eletrica-paulista-sa-cteep-87797443#issues,National Long Term Rating,AAA(bra),2026-06-26,Affirmed,,BRL 950 mln 5.864% bond/note 15-Oct-2039,BRTRPLDBS0G4
2026-09-25,Isa Energia Brasil S.A.,https://www.fitchratings.com/entity/companhia-de-transmissao-de-energia-eletrica-paulista-sa-cteep-87797443#issues,National Long Term Rating,AAA(bra),2026-06-26,Affirmed,,BRL 800 mln Floating CDI Series 19(Brazil) 2.83% bond/note 15-Nov-2028,BRTRPLDBS0C3
2026-09-25,Isa Energia Brasil S.A.,https://www.fitchratings.com/entity/companhia-de-transmissao-de-energia-eletrica-paulista-sa-cteep-87797443#issues,National Long Term Rating,AAA(bra),2026-06-26,Affirmed,,16th issuance 1a serie BRL 1 bln Floating CDI (Brazil) 0.8% bond/note 20-May-2031,BRISAEDBS0A5
2026-09-25,Isa Energia Brasil S.A.,https://www.fitchratings.com/entity/companhia-de-transmissao-de-energia-eletrica-paulista-sa-cteep-87797443#issues,National Long Term Rating,AAA(bra),2026-06-26,Affirmed,,BRL 800 mln Floating IPCA (Brazil) 5.3% bond/note,BRTRPLDBS0D1
2026-09-25,Isa Energia Brasil S.A.,https://www.fitchratings.com/entity/companhia-de-transmissao-de-energia-eletrica-paulista-sa-cteep-87797443#issues,National Long Term Rating,AAA(bra),2026-06-26,Affirmed,,18th issuance 1st tranche BRL 500 mln Floating IPCA (Brazil) 7.2% bond/note 15-Jun-2033,BRISAEDBS0H0
2026-09-25,Isa Energia Brasil S.A.,https://www.fitchratings.com/entity/companhia-de-transmissao-de-energia-eletrica-paulista-sa-cteep-87797443#issues,National Long Term Rating,AAA(bra),2026-06-26,Affirmed,,BRL 1.2 bln Floating CDI (Brazil) 0.83% bond/note*,
2026-09-25,Isa Energia Brasil S.A.,https://www.fitchratings.com/entity/companhia-de-transmissao-de-energia-eletrica-paulista-sa-cteep-87797443#issues,National Long Term Rating,AAA(bra),2026-06-26,Affirmed,,ISA BR_22th Deb Issuance_2nd Series_BRL250 mln_2041,BRISAEDBS0U3
2026-09-25,Isa Energia Brasil S.A.,https://www.fitchratings.com/entity/companhia-de-transmissao-de-energia-eletrica-paulista-sa-cteep-87797443#issues,National Long Term Rating,AAA(bra),2026-06-26,Affirmed,,BRL 750 mln 6.605% Series B7 bond/note 15-Oct-2039,BRISAEDBS0C1
2026-09-25,Isa Energia Brasil S.A.,https://www.fitchratings.com/entity/companhia-de-transmissao-de-energia-eletrica-paulista-sa-cteep-87797443#issues,National Long Term Rating,AAA(bra),2026-06-26,Affirmed,,ISA BR_21th Deb Issuance_2nd Series_BRL695 mln_2031,BRISAEDBS0R9
2026-09-25,Isa Energia Brasil S.A.,https://www.fitchratings.com/entity/companhia-de-transmissao-de-energia-eletrica-paulista-sa-cteep-87797443#issues,National Long Term Rating,AAA(bra),2026-06-26,Affirmed,,ISA BR_21th Deb Issuance_3rd Series_BRL2.25 bi_2035,BRISAEDBS0S7
2026-09-25,Isa Energia Brasil S.A.,https://www.fitchratings.com/entity/companhia-de-transmissao-de-energia-eletrica-paulista-sa-cteep-87797443#issues,National Long Term Rating,AAA(bra),2026-06-26,Affirmed,,"ISA BR_20th Deb Issuance_2nd Series_BRL1,0 bi_2040",BRISAEDBS0N8
2026-09-25,Isa Energia Brasil S.A.,https://www.fitchratings.com/entity/companhia-de-transmissao-de-energia-eletrica-paulista-sa-cteep-87797443#issues,National Long Term Rating,AAA(bra),2026-06-26,Affirmed,,14th issuance -2a serie BRL 1.9 bln 5.73% bond/note 15-Oct-2038,BRISAEDBS053
2026-09-25,Isa Energia Brasil S.A.,https://www.fitchratings.com/entity/companhia-de-transmissao-de-energia-eletrica-paulista-sa-cteep-87797443#issues,National Long Term Rating,AAA(bra),2026-06-26,Affirmed,,ISA BR_19th Deb Issuance_1st Serires_BRL500 mln_20235,BRISAEDBS0L2
2026-09-25,Isa Energia Brasil S.A.,https://www.fitchratings.com/entity/companhia-de-transmissao-de-energia-eletrica-paulista-sa-cteep-87797443#issues,National Long Term Rating,AAA(bra),2026-06-26,Affirmed,,BRL 672.5 mln Floating IPCA (Brazil) 5.07% bond/note 15-Jul-2044,BRTRPLDBS0E9
2026-09-25,Isa Energia Brasil S.A.,https://www.fitchratings.com/entity/companhia-de-transmissao-de-energia-eletrica-paulista-sa-cteep-87797443#issues,National Long Term Rating,AAA(bra),2026-06-26,Affirmed,,ISA BR_21th Deb Issuance_1st Series_BRL840 mln_2030,BRISAEDBS0Q1
2026-09-25,Isa Energia Brasil S.A.,https://www.fitchratings.com/entity/companhia-de-transmissao-de-energia-eletrica-paulista-sa-cteep-87797443#issues,National Long Term Rating,AAA(bra),2026-06-26,Affirmed,,ISA BR_19th Deb Issuance_2nd Serires_BRL80 mln_20235,
2026-09-25,Isa Energia Brasil S.A.,https://www.fitchratings.com/entity/companhia-de-transmissao-de-energia-eletrica-paulista-sa-cteep-87797443#issues,National Long Term Rating,AAA(bra),2026-06-26,Affirmed,,BRL 550 mln Floating CDI (Brazil) 1.5% bond/note 15-Mar-2030,BRTRPLDBS0K6
2026-09-25,Isa Energia Brasil S.A.,https://www.fitchratings.com/entity/companhia-de-transmissao-de-energia-eletrica-paulista-sa-cteep-87797443#issues,National Long Term Rating,AAA(bra),2026-06-26,Affirmed,,ISA BR_22th Deb Issuance_1st Series_BRL750 mln_2041,BRISAEDBS0T5
2026-09-25,Isa Energia Brasil S.A.,https://www.fitchratings.com/entity/companhia-de-transmissao-de-energia-eletrica-paulista-sa-cteep-87797443#issues,National Long Term Rating,AAA(bra),2026-06-26,Affirmed,,BRL 400 mln Floating bond/note 15-Dec-2029,BRTRPLDBS089
2026-09-25,Isa Energia Brasil S.A.,https://www.fitchratings.com/entity/companhia-de-transmissao-de-energia-eletrica-paulista-sa-cteep-87797443#issues,National Long Term Rating,AAA(bra),2026-06-26,Affirmed,,18th issuance 2nd tranche BRL 900 mln Floating IPCA (Brazil) 7.2% bond/note 15-Mar-2033,BRISAEDBS0K4
2026-09-25,Mata de Santa Genebra Transmissao S.A.,https://www.fitchratings.com/entity/mata-de-santa-genebra-transmissao-sa-96675404#issues,National Long Term Rating,AA(bra),2026-06-25,Affirmed,Rating Outlook Stable,BRL 210 mln Floating IPCA (Brazil) 4.95% bond/note 15-Nov-2030,BRMSGTDBS035
2026-09-25,Rio Oil Finance Trust,https://www.fitchratings.com/entity/rio-oil-finance-trust-94216093#issues,Long Term Rating,BB,2026-06-25,Affirmed,Rating Outlook Stable,notes,"US76716XAC65, USU76673AC39"
2026-09-25,Rio Oil Finance Trust,https://www.fitchratings.com/entity/rio-oil-finance-trust-94216093#issues,Long Term Rating,BB,2026-06-25,Affirmed,Rating Outlook Stable,notes,US76716XAB82
2026-09-25,Rio Oil Finance Trust,https://www.fitchratings.com/entity/rio-oil-finance-trust-94216093#issues,Long Term Rating,BB,2026-06-25,Affirmed,Rating Outlook Stable,notes,USU76673AB55
2026-09-25,Credito Universitario Fundo de Investimento em Direitos Creditorios,https://www.fitchratings.com/entity/credito-universitario-fundo-de-investimento-em-direitos-creditorios-96969819#issues,National Long Term Rating,AAAsf(bra),2026-06-25,Affirmed,Rating Outlook Stable,notes,BRIDLQCTF0X3
2026-09-25,Credito Universitario Fundo de Investimento em Direitos Creditorios,https://www.fitchratings.com/entity/credito-universitario-fundo-de-investimento-em-direitos-creditorios-96969819#issues,National Long Term Rating,AAAsf(bra),2026-06-25,Affirmed,Rating Outlook Stable,notes,BRIDLQCTF131
2026-09-25,Credito Universitario Fundo de Investimento em Direitos Creditorios,https://www.fitchratings.com/entity/credito-universitario-fundo-de-investimento-em-direitos-creditorios-96969819#issues,National Long Term Rating,AA+sf(bra),2026-06-25,Affirmed,Rating Outlook Stable,notes,BRIDLQCTF115
2026-09-25,Credito Universitario Fundo de Investimento em Direitos Creditorios,https://www.fitchratings.com/entity/credito-universitario-fundo-de-investimento-em-direitos-creditorios-96969819#issues,National Long Term Rating,AA+sf(bra),2026-06-25,Affirmed,Rating Outlook Stable,notes,BRIDLQCTF1H4
2026-09-25,Credito Universitario Fundo de Investimento em Direitos Creditorios,https://www.fitchratings.com/entity/credito-universitario-fundo-de-investimento-em-direitos-creditorios-96969819#issues,National Long Term Rating,AAsf(bra),2026-06-25,Affirmed,Rating Outlook Stable,notes,BRIDLQCTF1D3
2026-09-25,Credito Universitario Fundo de Investimento em Direitos Creditorios,https://www.fitchratings.com/entity/credito-universitario-fundo-de-investimento-em-direitos-creditorios-96969819#issues,National Long Term Rating,AA+sf(bra),2026-06-25,Affirmed,Rating Outlook Stable,notes,BRIDLQCTF1A9
2026-09-25,Credito Universitario Fundo de Investimento em Direitos Creditorios,https://www.fitchratings.com/entity/credito-universitario-fundo-de-investimento-em-direitos-creditorios-96969819#issues,National Long Term Rating,AAAsf(bra),2026-06-25,Affirmed,Rating Outlook Stable,notes,BRIDLQCTF1E1
2026-09-25,Credito Universitario Fundo de Investimento em Direitos Creditorios,https://www.fitchratings.com/entity/credito-universitario-fundo-de-investimento-em-direitos-creditorios-96969819#issues,National Long Term Rating,AAAsf(bra),2026-06-25,Affirmed,Rating Outlook Stable,notes,BRIDLQCTF0R5
2026-09-25,Credito Universitario Fundo de Investimento em Direitos Creditorios,https://www.fitchratings.com/entity/credito-universitario-fundo-de-investimento-em-direitos-creditorios-96969819#issues,National Long Term Rating,AAAsf(bra),2026-06-25,Affirmed,Rating Outlook Stable,notes,BRIDLQCTF198
2026-09-25,Credito Universitario Fundo de Investimento em Direitos Creditorios,https://www.fitchratings.com/entity/credito-universitario-fundo-de-investimento-em-direitos-creditorios-96969819#issues,National Long Term Rating,AAAsf(bra),2026-06-25,Affirmed,Rating Outlook Stable,notes,BRIDLQCTF164
2026-09-25,Credito Universitario Fundo de Investimento em Direitos Creditorios,https://www.fitchratings.com/entity/credito-universitario-fundo-de-investimento-em-direitos-creditorios-96969819#issues,National Long Term Rating,AAAsf(bra),2026-06-25,Affirmed,Rating Outlook Stable,notes,BRIDLQCTF123
2026-09-25,Credito Universitario Fundo de Investimento em Direitos Creditorios,https://www.fitchratings.com/entity/credito-universitario-fundo-de-investimento-em-direitos-creditorios-96969819#issues,National Long Term Rating,AA+sf(bra),2026-06-25,Affirmed,Rating Outlook Stable,notes,BRIDLQCTF1B7
2026-09-25,Credito Universitario Fundo de Investimento em Direitos Creditorios,https://www.fitchratings.com/entity/credito-universitario-fundo-de-investimento-em-direitos-creditorios-96969819#issues,National Long Term Rating,AAsf(bra),2026-06-25,Affirmed,Rating Outlook Stable,notes,BRIDLQCTF1F8
2026-09-25,Credito Universitario Fundo de Investimento em Direitos Creditorios,https://www.fitchratings.com/entity/credito-universitario-fundo-de-investimento-em-direitos-creditorios-96969819#issues,National Long Term Rating,AAAsf(bra),2026-06-25,Affirmed,Rating Outlook Stable,notes,BRIDLQCTF107
2026-09-25,Credito Universitario Fundo de Investimento em Direitos Creditorios,https://www.fitchratings.com/entity/credito-universitario-fundo-de-investimento-em-direitos-creditorios-96969819#issues,National Long Term Rating,AAAsf(bra),2026-06-25,Affirmed,Rating Outlook Stable,notes,BRIDLQCTF1G6
2026-09-25,Credito Universitario Fundo de Investimento em Direitos Creditorios,https://www.fitchratings.com/entity/credito-universitario-fundo-de-investimento-em-direitos-creditorios-96969819#issues,National Long Term Rating,AA+sf(bra),2026-06-25,Affirmed,Rating Outlook Stable,notes,BRIDLQCTF0S3
2026-09-25,Credito Universitario Fundo de Investimento em Direitos Creditorios,https://www.fitchratings.com/entity/credito-universitario-fundo-de-investimento-em-direitos-creditorios-96969819#issues,National Long Term Rating,AAsf(bra),2026-06-25,Affirmed,Rating Outlook Stable,notes,BRIDLQCTF1C5
2026-09-25,Credito Universitario Fundo de Investimento em Direitos Creditorios,https://www.fitchratings.com/entity/credito-universitario-fundo-de-investimento-em-direitos-creditorios-96969819#issues,National Long Term Rating,AAsf(bra),2026-06-25,Affirmed,Rating Outlook Stable,notes,BRIDLQCTF1I2
2026-09-25,Credito Universitario Fundo de Investimento em Direitos Creditorios,https://www.fitchratings.com/entity/credito-universitario-fundo-de-investimento-em-direitos-creditorios-96969819#issues,National Long Term Rating,AA+sf(bra),2026-06-25,Affirmed,Rating Outlook Stable,notes,BRIDLQCTF149
2026-09-25,Credito Universitario Fundo de Investimento em Direitos Creditorios,https://www.fitchratings.com/entity/credito-universitario-fundo-de-investimento-em-direitos-creditorios-96969819#issues,National Long Term Rating,AA+sf(bra),2026-06-25,Affirmed,Rating Outlook Stable,notes,BRIDLQCTF0Y1
2026-09-25,Credito Universitario Fundo de Investimento em Direitos Creditorios,https://www.fitchratings.com/entity/credito-universitario-fundo-de-investimento-em-direitos-creditorios-96969819#issues,National Long Term Rating,AAAsf(bra),2026-06-25,Affirmed,Rating Outlook Stable,notes,BRIDLQCTF0Z8
2026-09-25,"Opea Securitizadora S.A. 2022-72-1,2,3 (Assai)",https://www.fitchratings.com/entity/true-securitizadora-2022-1-2-3-assai-97419780#issues,National Long Term Rating,AAAsf(bra),2026-06-24,Affirmed,Rating Outlook Stable,notes ser 3,BRAPCSCRIEK1
2026-09-25,"Opea Securitizadora S.A. 2022-72-1,2,3 (Assai)",https://www.fitchratings.com/entity/true-securitizadora-2022-1-2-3-assai-97419780#issues,National Long Term Rating,AAAsf(bra),2026-06-24,Affirmed,Rating Outlook Stable,notes ser 3,BRAPCSCRIEJ3
2026-09-25,Opea Securitizadora S.A. 2022-1-508 (Rede D'Or),https://www.fitchratings.com/entity/opea-securitizadora-sa-2022-508-rede-d-or-97370848#issues,National Long Term Rating,AAAsf(bra),2026-06-24,Affirmed,Rating Outlook Stable,notes ser 1,BRRBRACRIBX0
2026-09-25,"Opea Securitizadora S.A. 2023-192-1,2,3 (Assai)",https://www.fitchratings.com/entity/true-securitizadora-2023-1-2-3-assai-97511042#issues,National Long Term Rating,AAAsf(bra),2026-06-24,Affirmed,Rating Outlook Stable,notes ser 3,BRAPCSCRIIS5
2026-09-25,"Opea Securitizadora S.A. 2023-192-1,2,3 (Assai)",https://www.fitchratings.com/entity/true-securitizadora-2023-1-2-3-assai-97511042#issues,National Long Term Rating,AAAsf(bra),2026-06-24,Affirmed,Rating Outlook Stable,notes ser 3,BRAPCSCRIIT3
2026-09-25,Opea Securitizadora S.A. 2022-1-509 (Rede D'Or),https://www.fitchratings.com/entity/opea-securitizadora-sa-2022-509-rede-d-or-97370854#issues,National Long Term Rating,AAAsf(bra),2026-06-24,Affirmed,Rating Outlook Stable,notes ser 1,BRRBRACRIBY8
2026-09-25,Opea Securitizadora S.A. 2022-18-1 (Selmi),https://www.fitchratings.com/entity/true-securitizadora-2022-18-selmi-97329355#issues,National Long Term Rating,AA-sf(bra),2026-06-24,Affirmed,Rating Outlook Stable,securities ser 1,BRAPCSCRA108
2026-09-25,"Opea Securitizadora S.A. 2022-50-1,2,3 (Rede D'Or)",https://www.fitchratings.com/entity/opea-securitizadora-sa-2022-1-2-3-rede-d-or-97412406#issues,National Long Term Rating,AAAsf(bra),2026-06-24,Affirmed,Rating Outlook Stable,notes ser 3,BRRBRACRIDU2
2026-09-25,"Opea Securitizadora S.A. 2022-50-1,2,3 (Rede D'Or)",https://www.fitchratings.com/entity/opea-securitizadora-sa-2022-1-2-3-rede-d-or-97412406#issues,National Long Term Rating,AAAsf(bra),2026-06-24,Affirmed,Rating Outlook Stable,notes ser 3,BRRBRACRIDW8
2026-09-25,"Opea Securitizadora S.A. 2022-50-1,2,3 (Rede D'Or)",https://www.fitchratings.com/entity/opea-securitizadora-sa-2022-1-2-3-rede-d-or-97412406#issues,National Long Term Rating,AAAsf(bra),2026-06-24,Affirmed,Rating Outlook Stable,notes ser 3,BRRBRACRIDV0
2026-09-25,"Opea Securitizadora S.A. 2022-83-1,2,3,4 (Rede D'Or)",https://www.fitchratings.com/entity/opea-securitizadora-2022-1-2-3-4-rede-d-or-97438680#issues,National Long Term Rating,AAAsf(bra),2026-06-24,Affirmed,Rating Outlook Stable,notes ser 4,BRRBRACRIF72
2026-09-25,"Opea Securitizadora S.A. 2022-83-1,2,3,4 (Rede D'Or)",https://www.fitchratings.com/entity/opea-securitizadora-2022-1-2-3-4-rede-d-or-97438680#issues,National Long Term Rating,AAAsf(bra),2026-06-24,Affirmed,Rating Outlook Stable,notes ser 4,BRRBRACRIF80
2026-09-25,"Opea Securitizadora S.A. 2022-83-1,2,3,4 (Rede D'Or)",https://www.fitchratings.com/entity/opea-securitizadora-2022-1-2-3-4-rede-d-or-97438680#issues,National Long Term Rating,AAAsf(bra),2026-06-24,Affirmed,Rating Outlook Stable,notes ser 4,BRRBRACRIF64
2026-09-25,"Opea Securitizadora S.A. 2022-83-1,2,3,4 (Rede D'Or)",https://www.fitchratings.com/entity/opea-securitizadora-2022-1-2-3-4-rede-d-or-97438680#issues,National Long Term Rating,AAAsf(bra),2026-06-24,Affirmed,Rating Outlook Stable,notes ser 4,BRRBRACRIF98
2026-09-25,"Opea Securitizadora S.A. 2023-176-1,2,3 (Rede D'Or)",https://www.fitchratings.com/entity/opea-securitizadora-sa-2023-1-2-3-rede-d-or-97519281#issues,National Long Term Rating,AAAsf(bra),2026-06-24,Affirmed,Rating Outlook Stable,notes ser 3,BRRBRACRIIN6
2026-09-25,"Opea Securitizadora S.A. 2023-176-1,2,3 (Rede D'Or)",https://www.fitchratings.com/entity/opea-securitizadora-sa-2023-1-2-3-rede-d-or-97519281#issues,National Long Term Rating,AAAsf(bra),2026-06-24,Affirmed,Rating Outlook Stable,notes ser 3,BRRBRACRIIO4
2026-09-25,"Opea Securitizadora S.A. 2023-176-1,2,3 (Rede D'Or)",https://www.fitchratings.com/entity/opea-securitizadora-sa-2023-1-2-3-rede-d-or-97519281#issues,National Long Term Rating,AAAsf(bra),2026-06-24,Affirmed,Rating Outlook Stable,notes ser 3,BRRBRACRIIP1
2026-09-25,"Opea Securitizadora S.A. 2023-245-1,2 (Rede D'Or)",https://www.fitchratings.com/entity/opea-securitizadora-sa-2023-1-2-rede-d-or-97568079#issues,National Long Term Rating,AAAsf(bra),2026-06-24,Affirmed,Rating Outlook Stable,"bonds ser 2023-1,2",BRRBRACRILB5
2026-09-25,"Opea Securitizadora S.A. 2023-245-1,2 (Rede D'Or)",https://www.fitchratings.com/entity/opea-securitizadora-sa-2023-1-2-rede-d-or-97568079#issues,National Long Term Rating,AAAsf(bra),2026-06-24,Affirmed,Rating Outlook Stable,"bonds ser 2023-1,2",BRRBRACRILC3
2026-09-25,"Opea Securitizadora S.A. 2025-490-1,2 (Rede D'Or)",https://www.fitchratings.com/entity/opea-securitizadora-sa-2025-490-1-2-rede-d-or-97786050#issues,National Long Term Rating,AAAsf(bra),2026-06-24,Affirmed,Rating Outlook Stable,notes ser 2,BRRBRACRIX88
2026-09-25,"Opea Securitizadora S.A. 2025-490-1,2 (Rede D'Or)",https://www.fitchratings.com/entity/opea-securitizadora-sa-2025-490-1-2-rede-d-or-97786050#issues,National Long Term Rating,AAAsf(bra),2026-06-24,Affirmed,Rating Outlook Stable,notes ser 2,BRRBRACRIX96
2026-09-25,"Riza Securitizadora 2022-56-1,2 (Smartfit)",https://www.fitchratings.com/entity/virgo-companhia-de-securitizacao-2022-1-2-smartfit-97430829#issues,National Long Term Rating,AA+sf(bra),2026-06-24,Affirmed,Rating Outlook Stable,securities ser 1,BRIMWLCRIEM0
2026-09-25,"Opea Securitizadora S.A. 2025-192-1,2,3 (Eldorado)",https://www.fitchratings.com/entity/opea-securitizadora-2025-192-1-2-3-eldorado-97787851#issues,National Long Term Rating,AA+sf(bra),2026-06-24,Affirmed,Rating Outlook Stable,notes ser 3,BRRBRACRA7O7
2026-09-25,"Opea Securitizadora S.A. 2025-192-1,2,3 (Eldorado)",https://www.fitchratings.com/entity/opea-securitizadora-2025-192-1-2-3-eldorado-97787851#issues,National Long Term Rating,AA+sf(bra),2026-06-24,Affirmed,Rating Outlook Stable,notes ser 3,BRRBRACRA7N9
2026-09-25,"Opea Securitizadora S.A. 2025-192-1,2,3 (Eldorado)",https://www.fitchratings.com/entity/opea-securitizadora-2025-192-1-2-3-eldorado-97787851#issues,National Long Term Rating,AA+sf(bra),2026-06-24,Affirmed,Rating Outlook Stable,notes ser 3,BRRBRACRA7P4
2026-09-25,Opea Securitizadora S.A. 2021-1-397 (Rede D'Or),https://www.fitchratings.com/entity/rb-sec-companhia-de-securitizacao-2021-397-rede-d-or-97298488#issues,National Long Term Rating,AAAsf(bra),2026-06-24,Affirmed,Rating Outlook Stable,securities ser 2021-397,BRRBRACRI9W8
2026-09-25,Bari Securitizadora 2024-35-1 (RNI),https://www.fitchratings.com/entity/bari-securitizadora-2024-35-1-rni-97669954#issues,National Long Term Rating,A-sf(bra),2026-06-24,Affirmed,Rating Outlook Stable,notes ser 1,BRASTECRI3L8
2026-09-25,"Eco Securitizadora 2026-447-1,2,3,4 (BRF)",https://www.fitchratings.com/entity/eco-securitizadora-2026-447-1-2-3-4-brf-97884510#issues,National Long Term Rating,AAAsf(bra),2026-06-24,Affirmed,Rating Outlook Stable,notes ser 4,BRECOACRAML2
2026-09-25,"Eco Securitizadora 2026-447-1,2,3,4 (BRF)",https://www.fitchratings.com/entity/eco-securitizadora-2026-447-1-2-3-4-brf-97884510#issues,National Long Term Rating,AAAsf(bra),2026-06-24,Affirmed,Rating Outlook Stable,notes ser 4,BRECOACRAMN8
2026-09-25,"Eco Securitizadora 2026-447-1,2,3,4 (BRF)",https://www.fitchratings.com/entity/eco-securitizadora-2026-447-1-2-3-4-brf-97884510#issues,National Long Term Rating,AAAsf(bra),2026-06-24,Affirmed,Rating Outlook Stable,notes ser 4,BRECOACRAMK4
2026-09-25,"Eco Securitizadora 2026-447-1,2,3,4 (BRF)",https://www.fitchratings.com/entity/eco-securitizadora-2026-447-1-2-3-4-brf-97884510#issues,National Long Term Rating,AAAsf(bra),2026-06-24,Affirmed,Rating Outlook Stable,notes ser 4,BRECOACRAMM0
2026-09-25,Opea Securitizadora S.A. 2021-1-396 (Rede D'Or),https://www.fitchratings.com/entity/rb-sec-companhia-de-securitizacao-2021-396-rede-d-or-97297984#issues,National Long Term Rating,AAAsf(bra),2026-06-24,Affirmed,Rating Outlook Stable,securities ser 2021-396,BRRBRACRI9V0
2026-09-25,"Opea Securitizadora S.A. 2021-1-428,429 (Assai)",https://www.fitchratings.com/entity/true-securitizadora-2021-428-429-assai-97278113#issues,National Long Term Rating,AAAsf(bra),2026-06-24,Affirmed,Rating Outlook Stable,notes ser 2,BRAPCSCRIAP8
2026-09-25,"Opea Securitizadora S.A. 2021-1-428,429 (Assai)",https://www.fitchratings.com/entity/true-securitizadora-2021-428-429-assai-97278113#issues,National Long Term Rating,AAAsf(bra),2026-06-24,Affirmed,Rating Outlook Stable,notes ser 2,BRAPCSCRIAQ6
2026-09-25,"Opea Securitizadora S.A. 2026-588-1,2,3 (Allos)",https://www.fitchratings.com/entity/opea-securitizadora-sa-2026-588-1-2-3-allos-97871091#issues,National Long Term Rating,AAAsf(bra),2026-06-24,Affirmed,Rating Outlook Stable,notes,BRRBRACIR2E1
2026-09-25,"Opea Securitizadora S.A. 2026-588-1,2,3 (Allos)",https://www.fitchratings.com/entity/opea-securitizadora-sa-2026-588-1-2-3-allos-97871091#issues,National Long Term Rating,AAAsf(bra),2026-06-24,Affirmed,Rating Outlook Stable,notes,BRRBRACIR2D3
2026-09-25,"Opea Securitizadora S.A. 2026-588-1,2,3 (Allos)",https://www.fitchratings.com/entity/opea-securitizadora-sa-2026-588-1-2-3-allos-97871091#issues,National Long Term Rating,AAAsf(bra),2026-06-24,Affirmed,Rating Outlook Stable,notes,BRRBRACIR2C5
2026-09-25,Vert Cia Securitizadora 2020-46-1 (BRF),https://www.fitchratings.com/entity/vert-companhia-securitizadora-2020-1-brf-97009515#issues,National Long Term Rating,AAAsf(bra),2026-06-24,Affirmed,Rating Outlook Stable,notes ser 1,BRVERTCRA1Y9
2026-09-25,Riza Securitizadora 2021-4-378 (Hapvida),https://www.fitchratings.com/entity/virgo-cia-de-securitizacao-2021-378-hapvida-97300765#issues,National Long Term Rating,AA+sf(bra),2026-06-24,Affirmed,Rating Outlook Stable,securities ser 378,BRIMWLCRI9U0
2026-09-25,Opea Securitizadora S.A. 2022-49-3 (Cogna),https://www.fitchratings.com/entity/true-securitizadora-2022-3-cogna-97402940#issues,National Long Term Rating,AA+sf(bra),2026-06-24,Affirmed,Rating Outlook Positive,notes ser 2022-3,BRAPCSCRIE08
2026-09-25,"Opea Securitizadora S.A. 2023-159-1,2,3 (Movida)",https://www.fitchratings.com/entity/movida-participacoes-sa-97502173#issues,National Long Term Rating,AAsf(bra),2026-06-24,Affirmed,Rating Outlook Stable,certificates ser 3,BRRBRACRIHS7
2026-09-25,"Opea Securitizadora S.A. 2023-159-1,2,3 (Movida)",https://www.fitchratings.com/entity/movida-participacoes-sa-97502173#issues,National Long Term Rating,AAsf(bra),2026-06-24,Affirmed,Rating Outlook Stable,certificates ser 3,BRRBRACRIHT5
2026-09-25,Eco Securitizadora 2022-188-1 (Armac),https://www.fitchratings.com/entity/eco-securitizadora-2022-1-armac-97396408#issues,National Long Term Rating,AA-sf(bra),2026-06-24,Affirmed,Rating Outlook Stable,notes ser 1,BRECOACRAAN3
2026-09-25,Opea Securitizadora S.A. 2022-49-2 (Cogna),https://www.fitchratings.com/entity/true-securitizadora-2022-2-cogna-97402939#issues,National Long Term Rating,AA+sf(bra),2026-06-24,Affirmed,Rating Outlook Positive,notes ser 2022-2,BRAPCSCRIDZ1
2026-09-25,"Opea Securitizadora S.A. 2022-52-1,2 (Mercado Livre)",https://www.fitchratings.com/entity/true-securitizadora-2022-2-mercado-livre-97410838#issues,National Long Term Rating,AAAsf(bra),2026-06-24,Affirmed,Rating Outlook Stable,notes ser 1,BRAPCSCRIEN5
2026-09-25,"Opea Securitizadora S.A. 2022-52-1,2 (Mercado Livre)",https://www.fitchratings.com/entity/true-securitizadora-2022-2-mercado-livre-97410838#issues,National Long Term Rating,AAAsf(bra),2026-06-24,Affirmed,Rating Outlook Stable,notes ser 1,BRAPCSCRIEM7
2026-09-25,"Opea Securitizadora S.A. 2023-134-1,2 (Allos)",https://www.fitchratings.com/entity/opea-securitizadora-sa-2023-1-2-aliansce-97471052#issues,National Long Term Rating,AAAsf(bra),2026-06-24,Affirmed,Rating Outlook Stable,loans ser 1,BRRBRACRIGS9
2026-09-25,"Opea Securitizadora S.A. 2023-134-1,2 (Allos)",https://www.fitchratings.com/entity/opea-securitizadora-sa-2023-1-2-aliansce-97471052#issues,National Long Term Rating,AAAsf(bra),2026-06-24,Affirmed,Rating Outlook Stable,loans ser 1,BRRBRACRIGT7
2026-09-25,Eco Securitizadora 2022-188-2 (Armac),https://www.fitchratings.com/entity/eco-securitizadora-2022-2-armac-97398158#issues,National Long Term Rating,AA-sf(bra),2026-06-24,Affirmed,Rating Outlook Stable,notes ser 2,BRECOACRAAO1
2026-09-25,Riza Securitizadora 2022-62-3 (Hapvida),https://www.fitchratings.com/entity/virgo-companhia-de-securitizacao-2022-3-bcbf-97435474#issues,National Long Term Rating,AA+sf(bra),2026-06-24,Affirmed,Rating Outlook Stable,notes ser 2022-3,BRHAPVCRI021
2026-09-25,"Opea Securitizadora S.A. 2023-189-1,2,3,4 (Iguatemi)",https://www.fitchratings.com/entity/opea-securitizadora-sa-2023-1-2-3-4-iguatemi-97534657#issues,National Long Term Rating,AAAsf(bra),2026-06-24,Affirmed,Rating Outlook Stable,notes ser 4,BRRBRACRIJH6
2026-09-25,"Opea Securitizadora S.A. 2023-189-1,2,3,4 (Iguatemi)",https://www.fitchratings.com/entity/opea-securitizadora-sa-2023-1-2-3-4-iguatemi-97534657#issues,National Long Term Rating,AAAsf(bra),2026-06-24,Affirmed,Rating Outlook Stable,notes ser 4,BRRBRACRIJJ2
2026-09-25,"Opea Securitizadora S.A. 2023-189-1,2,3,4 (Iguatemi)",https://www.fitchratings.com/entity/opea-securitizadora-sa-2023-1-2-3-4-iguatemi-97534657#issues,National Long Term Rating,AAAsf(bra),2026-06-24,Affirmed,Rating Outlook Stable,notes ser 4,BRRBRACRIJI4
2026-09-25,"Opea Securitizadora S.A. 2023-189-1,2,3,4 (Iguatemi)",https://www.fitchratings.com/entity/opea-securitizadora-sa-2023-1-2-3-4-iguatemi-97534657#issues,National Long Term Rating,AAAsf(bra),2026-06-24,Affirmed,Rating Outlook Stable,notes ser 4,BRRBRACRIJG8
2026-09-25,Vert Cia Securitizadora 2021-60-1 (BRF),https://www.fitchratings.com/entity/vert-companhia-securitizadora-2021-1-brf-97228641#issues,National Long Term Rating,AAAsf(bra),2026-06-24,Affirmed,Rating Outlook Stable,debt ser 1,BRVERTCRA2C3
2026-09-25,"Riza Securitizadora 2024-188-1,2,3 (Zamp)",https://www.fitchratings.com/entity/virgo-companhia-de-securitizacao-97569652#issues,National Long Term Rating,AAsf(bra),2026-06-24,Affirmed,Rating Outlook Stable,notes ser 3,BRIMWLCRA7I7
2026-09-25,"Riza Securitizadora 2024-188-1,2,3 (Zamp)",https://www.fitchratings.com/entity/virgo-companhia-de-securitizacao-97569652#issues,National Long Term Rating,AAsf(bra),2026-06-24,Affirmed,Rating Outlook Stable,notes ser 3,BRIMWLCRA7G1
2026-09-25,"Riza Securitizadora 2024-188-1,2,3 (Zamp)",https://www.fitchratings.com/entity/virgo-companhia-de-securitizacao-97569652#issues,National Long Term Rating,AAsf(bra),2026-06-24,Affirmed,Rating Outlook Stable,notes ser 3,BRIMWLCRA7H9
2026-09-25,"Opea Securitizadora S.A. 2021-16-1,2 (Marfrig)",https://www.fitchratings.com/entity/rb-sec-companhia-de-securitizacao-2021-1-2-marfrig-97239333#issues,National Long Term Rating,AAAsf(bra),2026-06-24,Affirmed,Rating Outlook Stable,securities ser 2,BRRBRACRA0V7
2026-09-25,"Opea Securitizadora S.A. 2021-16-1,2 (Marfrig)",https://www.fitchratings.com/entity/rb-sec-companhia-de-securitizacao-2021-1-2-marfrig-97239333#issues,National Long Term Rating,AAAsf(bra),2026-06-24,Affirmed,Rating Outlook Stable,securities ser 2,BRRBRACRA0W5
2026-09-25,Riza Securitizadora 2021-25-1 (M. Dias Branco),https://www.fitchratings.com/entity/isec-securitizadora-2021-1-m-dias-branco-97123815#issues,National Long Term Rating,AAAsf(bra),2026-06-24,Affirmed,Rating Outlook Stable,notes ser 1,BRIMWLCRA0Z6
2026-09-25,"Opea Securitizadora S.A. 2024-262-1,2,3 (Allos)",https://www.fitchratings.com/entity/opea-securitizadora-sa-2024-262-1-2-3-allos-97585637#issues,National Long Term Rating,AAAsf(bra),2026-06-24,Affirmed,Rating Outlook Stable,notes ser 3,BRRBRACRIMO6
2026-09-25,"Opea Securitizadora S.A. 2024-262-1,2,3 (Allos)",https://www.fitchratings.com/entity/opea-securitizadora-sa-2024-262-1-2-3-allos-97585637#issues,National Long Term Rating,AAAsf(bra),2026-06-24,Affirmed,Rating Outlook Stable,notes ser 3,BRRBRACRIMN8
2026-09-25,"Opea Securitizadora S.A. 2024-262-1,2,3 (Allos)",https://www.fitchratings.com/entity/opea-securitizadora-sa-2024-262-1-2-3-allos-97585637#issues,National Long Term Rating,AAAsf(bra),2026-06-24,Affirmed,Rating Outlook Stable,notes ser 3,BRRBRACRIMP3
2026-09-25,Riza Securitizadora 2024-167-1 (Multiplan),https://www.fitchratings.com/entity/virgo-cia-de-securitizacao-2024-167-1-multiplan-97612066#issues,National Long Term Rating,AAAsf(bra),2026-06-24,Affirmed,Rating Outlook Stable,securities ser 1,BRIMWLCRII36
2026-09-25,"Eco Securitizadora 2024-332-1,2,3 (BRF)",https://www.fitchratings.com/entity/eco-securitizadora-2024-332-1-2-3-brf-97618528#issues,National Long Term Rating,AAAsf(bra),2026-06-24,Affirmed,Rating Outlook Stable,notes ser 3,BRECOACRAGW1
2026-09-25,"Eco Securitizadora 2024-332-1,2,3 (BRF)",https://www.fitchratings.com/entity/eco-securitizadora-2024-332-1-2-3-brf-97618528#issues,National Long Term Rating,AAAsf(bra),2026-06-24,Affirmed,Rating Outlook Stable,notes ser 3,BRECOACRAGY7
2026-09-25,"Eco Securitizadora 2024-332-1,2,3 (BRF)",https://www.fitchratings.com/entity/eco-securitizadora-2024-332-1-2-3-brf-97618528#issues,National Long Term Rating,AAAsf(bra),2026-06-24,Affirmed,Rating Outlook Stable,notes ser 3,BRECOACRAGX9
2026-09-25,"Opea Securitizadora S.A. 2023-190-1,2 (VCSA)",https://www.fitchratings.com/entity/opea-securitizadora-sa-2023-1-2-vcsa-97533356#issues,National Long Term Rating,AAAsf(bra),2026-06-24,Affirmed,Rating Outlook Stable,notes ser 2,BRRBRACRIKN2
2026-09-25,"Opea Securitizadora S.A. 2023-190-1,2 (VCSA)",https://www.fitchratings.com/entity/opea-securitizadora-sa-2023-1-2-vcsa-97533356#issues,National Long Term Rating,AAAsf(bra),2026-06-24,Affirmed,Rating Outlook Stable,notes ser 2,BRRBRACRIJD5
2026-09-25,Eco Securitizadora 2023-308-1 (Dexco),https://www.fitchratings.com/entity/eco-securitizadora-2023-308-1-dexco-97569197#issues,National Long Term Rating,AAAsf(bra),2026-06-24,Affirmed,Rating Outlook Stable,bonds ser 2023-1,BRECOACRAFR3
2026-09-25,"Opea Securitizadora S.A. 2024-298-1,2 (Iguatemi Shopping)",https://www.fitchratings.com/entity/opea-securitizadora-sa-2024-298-1-2-iguatemi-empresa-de-shopping-centers-sa-97620833#issues,National Long Term Rating,AAAsf(bra),2026-06-24,Affirmed,Rating Outlook Stable,notes ser 2,BRRBRACRIOA1
2026-09-25,"Opea Securitizadora S.A. 2024-298-1,2 (Iguatemi Shopping)",https://www.fitchratings.com/entity/opea-securitizadora-sa-2024-298-1-2-iguatemi-empresa-de-shopping-centers-sa-97620833#issues,National Long Term Rating,AAAsf(bra),2026-06-24,Affirmed,Rating Outlook Stable,notes ser 2,BRRBRACRIOB9
2026-09-25,Eco Securitizadora 2024-343-1 (Marfrig),https://www.fitchratings.com/entity/eco-securitizadora-2024-343-1-marfrig-97633970#issues,National Long Term Rating,AAAsf(bra),2026-06-24,Affirmed,Rating Outlook Stable,notes ser 1,BRMRFGCRA008
2026-09-25,"Eco Securitizadora 2025-405-1,2,3,4 (Lar)",https://www.fitchratings.com/entity/eco-securitizadora-2025-405-1-2-3-4-lar-97771682#issues,National Long Term Rating,Asf(bra),2026-06-24,Affirmed,Rating Outlook Stable,notes ser 4,BRECOACRAK88
2026-09-25,"Eco Securitizadora 2025-405-1,2,3,4 (Lar)",https://www.fitchratings.com/entity/eco-securitizadora-2025-405-1-2-3-4-lar-97771682#issues,National Long Term Rating,Asf(bra),2026-06-24,Affirmed,Rating Outlook Stable,notes ser 4,BRECOACRAK62
2026-09-25,"Eco Securitizadora 2025-405-1,2,3,4 (Lar)",https://www.fitchratings.com/entity/eco-securitizadora-2025-405-1-2-3-4-lar-97771682#issues,National Long Term Rating,Asf(bra),2026-06-24,Affirmed,Rating Outlook Stable,notes ser 4,BRECOACRAK70
2026-09-25,"Eco Securitizadora 2025-405-1,2,3,4 (Lar)",https://www.fitchratings.com/entity/eco-securitizadora-2025-405-1-2-3-4-lar-97771682#issues,National Long Term Rating,Asf(bra),2026-06-24,Affirmed,Rating Outlook Stable,notes ser 4,BRECOACRAK54
2026-09-25,Opea Securitizadora S.A. 2022-3-1 (Grupo Mateus),https://www.fitchratings.com/entity/true-securitizadora-2022-1-mateus-97381497#issues,National Long Term Rating,AAAsf(bra),2026-06-24,Affirmed,Rating Outlook Stable,notes ser 1,BRAPCSCRICE8
2026-09-25,"Eco Securitizadora 2022-187-1,2 (Dexco)",https://www.fitchratings.com/entity/eco-securitizadora-de-direitos-creditorios-do-agronegocio-sa-2022-1-2-dexco-97396008#issues,National Long Term Rating,AAAsf(bra),2026-06-24,Affirmed,Rating Outlook Stable,notes ser 2,BRECOACRAAC6
2026-09-25,"Eco Securitizadora 2022-187-1,2 (Dexco)",https://www.fitchratings.com/entity/eco-securitizadora-de-direitos-creditorios-do-agronegocio-sa-2022-1-2-dexco-97396008#issues,National Long Term Rating,AAAsf(bra),2026-06-24,Affirmed,Rating Outlook Stable,notes ser 2,BRECOACRAAD4
2026-09-25,"Vert Cia Securitizadora 2022-94-1,2,3 (Dasa)",https://www.fitchratings.com/entity/vert-companhia-securitizadora-2022-1-2-dasa-97421532#issues,National Long Term Rating,AAsf(bra),2026-06-24,Affirmed,Rating Outlook Stable,notes ser 3,BRVERTCRI4I8
2026-09-25,"Vert Cia Securitizadora 2022-94-1,2,3 (Dasa)",https://www.fitchratings.com/entity/vert-companhia-securitizadora-2022-1-2-dasa-97421532#issues,National Long Term Rating,AAsf(bra),2026-06-24,Affirmed,Rating Outlook Stable,notes ser 3,BRVERTCRI4J6
2026-09-25,"Vert Cia Securitizadora 2022-94-1,2,3 (Dasa)",https://www.fitchratings.com/entity/vert-companhia-securitizadora-2022-1-2-dasa-97421532#issues,National Long Term Rating,AAsf(bra),2026-06-24,Affirmed,Rating Outlook Stable,notes ser 3,BRVERTCRI4Z2
2026-09-25,Opea Securitizadora S.A. 2022-1-463 (Havan),https://www.fitchratings.com/entity/opea-securitizadora-sa-2022-463-havan-97344099#issues,National Long Term Rating,AAAsf(bra),2026-06-24,Affirmed,Rating Outlook Stable,debt ser 1,BRRBRACRIB19
2026-09-25,"Riza Securitizadora 2022-95-1,2,3 (Norsa)",https://www.fitchratings.com/entity/virgo-cia-de-securitizacao-2022-1-2-3-norsa-97354020#issues,National Long Term Rating,AAAsf(bra),2026-06-24,Affirmed,Rating Outlook Stable,notes ser 3,BRIMWLCRA408
2026-09-25,"Riza Securitizadora 2022-95-1,2,3 (Norsa)",https://www.fitchratings.com/entity/virgo-cia-de-securitizacao-2022-1-2-3-norsa-97354020#issues,National Long Term Rating,AAAsf(bra),2026-06-24,Affirmed,Rating Outlook Stable,notes ser 3,BRIMWLCRA416
2026-09-25,"Riza Securitizadora 2022-95-1,2,3 (Norsa)",https://www.fitchratings.com/entity/virgo-cia-de-securitizacao-2022-1-2-3-norsa-97354020#issues,National Long Term Rating,AAAsf(bra),2026-06-24,Affirmed,Rating Outlook Stable,notes ser 3,BRIMWLCRA424
2026-09-25,"Opea Securitizadora S.A. 2025-416-1,2 (Iguatemi Shopping)",https://www.fitchratings.com/entity/opea-securitizadora-sa-2025-416-1-2-iguatemi-shopping-97715042#issues,National Long Term Rating,AAAsf(bra),2026-06-24,Affirmed,Rating Outlook Stable,notes ser 2,BRRBRACRITJ1
2026-09-25,"Opea Securitizadora S.A. 2025-416-1,2 (Iguatemi Shopping)",https://www.fitchratings.com/entity/opea-securitizadora-sa-2025-416-1-2-iguatemi-shopping-97715042#issues,National Long Term Rating,AAAsf(bra),2026-06-24,Affirmed,Rating Outlook Stable,notes ser 2,BRRBRACRITK9
2026-09-25,"Eco Securitizadora 2025-390-1,2,3,4 (BRF)",https://www.fitchratings.com/entity/eco-securitizadora-2025-390-1-2-3-4-brf-97725128#issues,National Long Term Rating,AAAsf(bra),2026-06-24,Affirmed,Rating Outlook Stable,notes ser 4,BRECOACRAIX5
2026-09-25,"Eco Securitizadora 2025-390-1,2,3,4 (BRF)",https://www.fitchratings.com/entity/eco-securitizadora-2025-390-1-2-3-4-brf-97725128#issues,National Long Term Rating,AAAsf(bra),2026-06-24,Affirmed,Rating Outlook Stable,notes ser 4,BRECOACRAIY3
2026-09-25,"Eco Securitizadora 2025-390-1,2,3,4 (BRF)",https://www.fitchratings.com/entity/eco-securitizadora-2025-390-1-2-3-4-brf-97725128#issues,National Long Term Rating,AAAsf(bra),2026-06-24,Affirmed,Rating Outlook Stable,notes ser 4,BRECOACRAIW7
2026-09-25,"Eco Securitizadora 2025-390-1,2,3,4 (BRF)",https://www.fitchratings.com/entity/eco-securitizadora-2025-390-1-2-3-4-brf-97725128#issues,National Long Term Rating,AAAsf(bra),2026-06-24,Affirmed,Rating Outlook Stable,notes ser 4,BRECOACRAIZ0
2026-09-25,Vert Cia Securitizadora 2019-30-1 (Klabin),https://www.fitchratings.com/entity/vert-companhia-securitizadora-96764451#issues,National Long Term Rating,AAAsf(bra),2026-06-24,Affirmed,Rating Outlook Stable,certificates ser 2019-30,BRVERTCRA1H4
2026-09-25,Riza Securitizadora 2022-62-1 (Hapvida),https://www.fitchratings.com/entity/virgo-companhia-de-securitizacao-2022-1-bcbf-97435461#issues,National Long Term Rating,AA+sf(bra),2026-06-24,Affirmed,Rating Outlook Stable,notes ser 2022-1,BRHAPVCRI005
2026-09-25,"Vert Cia Securitizadora 2024-124-1,2,3,4,5 (Dasa)",https://www.fitchratings.com/entity/vert-companhia-securitizadora-2024-124-1-2-3-4-5-dasa-97566585#issues,National Long Term Rating,AAsf(bra),2026-06-24,Affirmed,Rating Outlook Stable,securities ser 5,BRVERTCRI7Q4
2026-09-25,"Vert Cia Securitizadora 2024-124-1,2,3,4,5 (Dasa)",https://www.fitchratings.com/entity/vert-companhia-securitizadora-2024-124-1-2-3-4-5-dasa-97566585#issues,National Long Term Rating,AAsf(bra),2026-06-24,Affirmed,Rating Outlook Stable,securities ser 5,BRVERTCRI7S0
2026-09-25,"Vert Cia Securitizadora 2024-124-1,2,3,4,5 (Dasa)",https://www.fitchratings.com/entity/vert-companhia-securitizadora-2024-124-1-2-3-4-5-dasa-97566585#issues,National Long Term Rating,AAsf(bra),2026-06-24,Affirmed,Rating Outlook Stable,securities ser 5,BRVERTCRI7P6
2026-09-25,"Vert Cia Securitizadora 2024-124-1,2,3,4,5 (Dasa)",https://www.fitchratings.com/entity/vert-companhia-securitizadora-2024-124-1-2-3-4-5-dasa-97566585#issues,National Long Term Rating,AAsf(bra),2026-06-24,Affirmed,Rating Outlook Stable,securities ser 5,BRVERTCRI7R2
2026-09-25,"Vert Cia Securitizadora 2024-124-1,2,3,4,5 (Dasa)",https://www.fitchratings.com/entity/vert-companhia-securitizadora-2024-124-1-2-3-4-5-dasa-97566585#issues,National Long Term Rating,AAsf(bra),2026-06-24,Affirmed,Rating Outlook Stable,securities ser 5,BRVERTCRI7O9
2026-09-25,"Eco Securitizadora 2024-318-1,2,3 (Marfrig)",https://www.fitchratings.com/entity/eco-securitizadora-2024-318-1-2-3-marfrig-97586433#issues,National Long Term Rating,AAAsf(bra),2026-06-24,Affirmed,Rating Outlook Stable,notes ser 3,BRECOACRAG76
2026-09-25,"Eco Securitizadora 2024-318-1,2,3 (Marfrig)",https://www.fitchratings.com/entity/eco-securitizadora-2024-318-1-2-3-marfrig-97586433#issues,National Long Term Rating,AAAsf(bra),2026-06-24,Affirmed,Rating Outlook Stable,notes ser 3,BRECOACRAG68
2026-09-25,"Eco Securitizadora 2024-318-1,2,3 (Marfrig)",https://www.fitchratings.com/entity/eco-securitizadora-2024-318-1-2-3-marfrig-97586433#issues,National Long Term Rating,AAAsf(bra),2026-06-24,Affirmed,Rating Outlook Stable,notes ser 3,BRECOACRAG50
2026-09-25,"Opea Securitizadora S.A. 2024-272-1,2,3 (Grupo Salta)",https://www.fitchratings.com/entity/opea-securitizadora-sa-2024-272-1-2-3-grupo-salta-97593456#issues,National Long Term Rating,AA-sf(bra),2026-06-24,Affirmed,Rating Outlook Positive,notes ser 3,BRRBRADBS0I1
2026-09-25,"Opea Securitizadora S.A. 2024-272-1,2,3 (Grupo Salta)",https://www.fitchratings.com/entity/opea-securitizadora-sa-2024-272-1-2-3-grupo-salta-97593456#issues,National Long Term Rating,AA-sf(bra),2026-06-24,Affirmed,Rating Outlook Positive,notes ser 3,BRRBRADBS0H3
2026-09-25,"Opea Securitizadora S.A. 2024-272-1,2,3 (Grupo Salta)",https://www.fitchratings.com/entity/opea-securitizadora-sa-2024-272-1-2-3-grupo-salta-97593456#issues,National Long Term Rating,AA-sf(bra),2026-06-24,Affirmed,Rating Outlook Positive,notes ser 3,BRRBRADBS0G5
2026-09-25,Opea Securitizadora S.A. 2023-211-1 (CLI),https://www.fitchratings.com/entity/opea-securitizadora-2023-1-cli-97548411#issues,National Long Term Rating,AAAsf(bra),2026-06-24,Affirmed,Rating Outlook Stable,bonds ser 1,BRRBRACRIKE1
2026-09-25,"Eco Securitizadora 2024-319-1,2,3 (Lar)",https://www.fitchratings.com/entity/eco-securitizadora-2024-319-1-2-3-lar-97588422#issues,National Long Term Rating,Asf(bra),2026-06-24,Affirmed,Rating Outlook Stable,certificates ser 3,BRECOACRAGD1
2026-09-25,"Eco Securitizadora 2024-319-1,2,3 (Lar)",https://www.fitchratings.com/entity/eco-securitizadora-2024-319-1-2-3-lar-97588422#issues,National Long Term Rating,Asf(bra),2026-06-24,Affirmed,Rating Outlook Stable,certificates ser 3,BRECOACRAGC3
2026-09-25,"Eco Securitizadora 2024-319-1,2,3 (Lar)",https://www.fitchratings.com/entity/eco-securitizadora-2024-319-1-2-3-lar-97588422#issues,National Long Term Rating,Asf(bra),2026-06-24,Affirmed,Rating Outlook Stable,certificates ser 3,BRECOACRAGB5
2026-09-25,Opea Securitizadora S.A. 2025-494-1 (Multiplan),https://www.fitchratings.com/entity/opea-securitizadora-sa-2025-494-1-multiplan-97787769#issues,National Long Term Rating,AAAsf(bra),2026-06-24,Affirmed,Rating Outlook Stable,securities ser 2025-1,BRRBRACRIXA2
2026-09-25,"Eco Securitizadora 2025-404-1,2,3 (Mantiqueira)",https://www.fitchratings.com/entity/eco-securitizadora-2025-404-1-2-3-mantiqueira-97780236#issues,National Long Term Rating,AA+sf(bra),2026-06-24,Affirmed,Rating Outlook Stable,notes ser 3,BRECOACRAKD3
2026-09-25,"Eco Securitizadora 2025-404-1,2,3 (Mantiqueira)",https://www.fitchratings.com/entity/eco-securitizadora-2025-404-1-2-3-mantiqueira-97780236#issues,National Long Term Rating,AA+sf(bra),2026-06-24,Affirmed,Rating Outlook Stable,notes ser 3,BRECOACRAKE1
2026-09-25,"Eco Securitizadora 2025-404-1,2,3 (Mantiqueira)",https://www.fitchratings.com/entity/eco-securitizadora-2025-404-1-2-3-mantiqueira-97780236#issues,National Long Term Rating,AA+sf(bra),2026-06-24,Affirmed,Rating Outlook Stable,notes ser 3,BRECOACRAKF8
2026-09-25,"Eco Securitizadora 2026-442-1,2,3,4 (Lar)",https://www.fitchratings.com/entity/eco-securitizadora-2026-442-1-2-3-4-lar-97866647#issues,National Long Term Rating,Asf(bra),2026-06-24,Affirmed,Rating Outlook Stable,notes ser 4,BRECOACRAME7
2026-09-25,"Eco Securitizadora 2026-442-1,2,3,4 (Lar)",https://www.fitchratings.com/entity/eco-securitizadora-2026-442-1-2-3-4-lar-97866647#issues,National Long Term Rating,Asf(bra),2026-06-24,Affirmed,Rating Outlook Stable,notes ser 4,BRECOACRAMD9
2026-09-25,"Eco Securitizadora 2026-442-1,2,3,4 (Lar)",https://www.fitchratings.com/entity/eco-securitizadora-2026-442-1-2-3-4-lar-97866647#issues,National Long Term Rating,Asf(bra),2026-06-24,Affirmed,Rating Outlook Stable,notes ser 4,BRECOACRAMG2
2026-09-25,"Eco Securitizadora 2026-442-1,2,3,4 (Lar)",https://www.fitchratings.com/entity/eco-securitizadora-2026-442-1-2-3-4-lar-97866647#issues,National Long Term Rating,Asf(bra),2026-06-24,Affirmed,Rating Outlook Stable,notes ser 4,BRECOACRAMF4
2026-09-25,"Eco Securitizadora 2024-369-1,2,3,4 (Marfrig)",https://www.fitchratings.com/entity/eco-secutirizadora-2024-369-1-2-3-4-marfrig-97667697#issues,National Long Term Rating,AAAsf(bra),2026-06-24,Affirmed,Rating Outlook Stable,notes ser 4,BRECOACRAHO6
2026-09-25,"Eco Securitizadora 2024-369-1,2,3,4 (Marfrig)",https://www.fitchratings.com/entity/eco-secutirizadora-2024-369-1-2-3-4-marfrig-97667697#issues,National Long Term Rating,AAAsf(bra),2026-06-24,Affirmed,Rating Outlook Stable,notes ser 4,BRECOACRAHL2
2026-09-25,"Eco Securitizadora 2024-369-1,2,3,4 (Marfrig)",https://www.fitchratings.com/entity/eco-secutirizadora-2024-369-1-2-3-4-marfrig-97667697#issues,National Long Term Rating,AAAsf(bra),2026-06-24,Affirmed,Rating Outlook Stable,notes ser 4,BRECOACRAHM0
2026-09-25,"Eco Securitizadora 2024-369-1,2,3,4 (Marfrig)",https://www.fitchratings.com/entity/eco-secutirizadora-2024-369-1-2-3-4-marfrig-97667697#issues,National Long Term Rating,AAAsf(bra),2026-06-24,Affirmed,Rating Outlook Stable,notes ser 4,BRECOACRAHN8
2026-09-25,"Eco Securitizadora 2025-403-1,2,3,4,5 (BRF)",https://www.fitchratings.com/entity/eco-securitizadora-2025-403-1-2-3-4-5-brf-97768689#issues,National Long Term Rating,AAAsf(bra),2026-06-24,Affirmed,Rating Outlook Stable,notes ser 5,BRECOACRAK05
2026-09-25,"Eco Securitizadora 2025-403-1,2,3,4,5 (BRF)",https://www.fitchratings.com/entity/eco-securitizadora-2025-403-1-2-3-4-5-brf-97768689#issues,National Long Term Rating,AAAsf(bra),2026-06-24,Affirmed,Rating Outlook Stable,notes ser 5,BRECOACRAJZ8
2026-09-25,"Eco Securitizadora 2025-403-1,2,3,4,5 (BRF)",https://www.fitchratings.com/entity/eco-securitizadora-2025-403-1-2-3-4-5-brf-97768689#issues,National Long Term Rating,AAAsf(bra),2026-06-24,Affirmed,Rating Outlook Stable,notes ser 5,BRECOACRAK21
2026-09-25,"Eco Securitizadora 2025-403-1,2,3,4,5 (BRF)",https://www.fitchratings.com/entity/eco-securitizadora-2025-403-1-2-3-4-5-brf-97768689#issues,National Long Term Rating,AAAsf(bra),2026-06-24,Affirmed,Rating Outlook Stable,notes ser 5,BRECOACRAK13
2026-09-25,"Eco Securitizadora 2025-403-1,2,3,4,5 (BRF)",https://www.fitchratings.com/entity/eco-securitizadora-2025-403-1-2-3-4-5-brf-97768689#issues,National Long Term Rating,AAAsf(bra),2026-06-24,Affirmed,Rating Outlook Stable,notes ser 5,BRECOACRAJY1
2026-09-25,Riza Securitizadora 2021-25-2 (M. Dias Branco),https://www.fitchratings.com/entity/isec-securitizadora-2021-2-m-dias-branco-97123816#issues,National Long Term Rating,AAAsf(bra),2026-06-24,Affirmed,Rating Outlook Stable,notes ser 1,BRIMWLCRA101
2026-09-25,"Eco Securitizadora 2022-153-1,2,3 (Marfrig)",https://www.fitchratings.com/entity/eco-securitizadora-2022-1-2-3-97343669#issues,National Long Term Rating,AAAsf(bra),2026-06-24,Affirmed,Rating Outlook Stable,"securities ser 1,2,3",BRECOACRA9E1
2026-09-25,"Eco Securitizadora 2022-153-1,2,3 (Marfrig)",https://www.fitchratings.com/entity/eco-securitizadora-2022-1-2-3-97343669#issues,National Long Term Rating,AAAsf(bra),2026-06-24,Affirmed,Rating Outlook Stable,"securities ser 1,2,3",BRECOACRA9D3
2026-09-25,"Vert Cia Securitizadora 2022-89-1,2 (Mercado Livre)",https://www.fitchratings.com/entity/vert-companhia-securitizadora-2022-1-mercado-livre-97410809#issues,National Long Term Rating,AAAsf(bra),2026-06-24,Affirmed,Rating Outlook Stable,notes ser 2022-1,BRVERTCRI4L2
2026-09-25,"Vert Cia Securitizadora 2022-89-1,2 (Mercado Livre)",https://www.fitchratings.com/entity/vert-companhia-securitizadora-2022-1-mercado-livre-97410809#issues,National Long Term Rating,AAAsf(bra),2026-06-24,Affirmed,Rating Outlook Stable,notes ser 2022-1,BRVERTCRI4K4
2026-09-25,Opea Securitizadora S.A. 2019-1-233 (VCSA),https://www.fitchratings.com/entity/rb-capital-companhia-de-securitizacao-2019-232-233-vci-96808579#issues,National Long Term Rating,AAAsf(bra),2026-06-24,Affirmed,Rating Outlook Stable,notes ser 1,BRRBRACRI630
2026-09-25,Opea Securitizadora S.A. 2022-49-1 (Cogna),https://www.fitchratings.com/entity/true-securitizadora-2022-1-cogna-97402909#issues,National Long Term Rating,AA+sf(bra),2026-06-24,Affirmed,Rating Outlook Positive,notes ser 2022-1,BRAPCSCRIDY4
2026-09-25,Eco Securitizadora 2023-285-1 (Dexco),https://www.fitchratings.com/entity/eco-securitizadora-de-direitos-creditorio-do-agronegocio-sa-2023-1-dexco-97538242#issues,National Long Term Rating,AAAsf(bra),2026-06-24,Affirmed,Rating Outlook Stable,notes ser 1,BRECOACRAEF1
2026-09-25,"Riza Securitizadora 2023-182-1,2,3,4 (Norsa)",https://www.fitchratings.com/entity/virgo-cia-de-securitizacao-2023-1-2-3-4-norsa-97545488#issues,National Long Term Rating,AAAsf(bra),2026-06-24,Affirmed,Rating Outlook Stable,certificates ser 3,BRIMWLCRA705
2026-09-25,"Riza Securitizadora 2023-182-1,2,3,4 (Norsa)",https://www.fitchratings.com/entity/virgo-cia-de-securitizacao-2023-1-2-3-4-norsa-97545488#issues,National Long Term Rating,AAAsf(bra),2026-06-24,Affirmed,Rating Outlook Stable,certificates ser 3,BRIMWLCRA721
2026-09-25,"Riza Securitizadora 2023-182-1,2,3,4 (Norsa)",https://www.fitchratings.com/entity/virgo-cia-de-securitizacao-2023-1-2-3-4-norsa-97545488#issues,National Long Term Rating,AAAsf(bra),2026-06-24,Affirmed,Rating Outlook Stable,certificates ser 3,BRIMWLCRA739
2026-09-25,"Riza Securitizadora 2023-182-1,2,3,4 (Norsa)",https://www.fitchratings.com/entity/virgo-cia-de-securitizacao-2023-1-2-3-4-norsa-97545488#issues,National Long Term Rating,AAAsf(bra),2026-06-24,Affirmed,Rating Outlook Stable,certificates ser 3,BRIMWLCRA713
2026-09-25,"Riza Securitizadora 2023-123-1,2,3 (Multiplan)",https://www.fitchratings.com/entity/virgo-cia-de-securitizacao-2023-1-2-3-multiplan-97544009#issues,National Long Term Rating,AAAsf(bra),2026-06-24,Affirmed,Rating Outlook Stable,notes ser 3,BRIMWLCRIGS2
2026-09-25,"Riza Securitizadora 2023-123-1,2,3 (Multiplan)",https://www.fitchratings.com/entity/virgo-cia-de-securitizacao-2023-1-2-3-multiplan-97544009#issues,National Long Term Rating,AAAsf(bra),2026-06-24,Affirmed,Rating Outlook Stable,notes ser 3,BRIMWLCRIGT0
2026-09-25,"Riza Securitizadora 2023-123-1,2,3 (Multiplan)",https://www.fitchratings.com/entity/virgo-cia-de-securitizacao-2023-1-2-3-multiplan-97544009#issues,National Long Term Rating,AAAsf(bra),2026-06-24,Affirmed,Rating Outlook Stable,notes ser 3,BRIMWLCRIGR4
2026-09-25,Opea Securitizadora S.A. 2021-1-347 (Allos),https://www.fitchratings.com/entity/rb-sec-companhia-de-securitizacao-2021-347-aliansce-97233576#issues,National Long Term Rating,AAAsf(bra),2026-06-24,Affirmed,Rating Outlook Stable,certificates ser 1,BRARBRCRI002
2026-09-25,Vert Cia Securitizadora 2020-46-2 (BRF),https://www.fitchratings.com/entity/vert-companhia-securitizadora-2020-2-brf-97013158#issues,National Long Term Rating,AAAsf(bra),2026-06-24,Affirmed,Rating Outlook Stable,notes ser 1,BRVERTCRA1Z6
2026-09-25,"Opea Securitizadora S.A. 2025-395-1,2 (BR Malls)",https://www.fitchratings.com/entity/opea-securitizadora-sa-2025-395-1-2-br-malls-97695820#issues,National Long Term Rating,AAAsf(bra),2026-06-24,Affirmed,Rating Outlook Stable,securities ser 2,BRRBRACRIT01
2026-09-25,"Opea Securitizadora S.A. 2025-395-1,2 (BR Malls)",https://www.fitchratings.com/entity/opea-securitizadora-sa-2025-395-1-2-br-malls-97695820#issues,National Long Term Rating,AAAsf(bra),2026-06-24,Affirmed,Rating Outlook Stable,securities ser 2,BRRBRACRISZ9
2026-09-25,Opea Securitizadora S.A. 2022-31-1 (Dexco),https://www.fitchratings.com/entity/true-securitizadora-sa-2022-1-duratex-97396005#issues,National Long Term Rating,AAAsf(bra),2026-06-24,Affirmed,Rating Outlook Stable,notes ser 1,BRAPCSCRA165
2026-09-25,"Habitasec 2022-17-1,2 (Lar)",https://www.fitchratings.com/entity/habitasec-2022-1-lar-97435851#issues,National Long Term Rating,Asf(bra),2026-06-24,Affirmed,Rating Outlook Stable,notes ser 2,BRHBSCCRI9X5
2026-09-25,"Habitasec 2022-17-1,2 (Lar)",https://www.fitchratings.com/entity/habitasec-2022-1-lar-97435851#issues,National Long Term Rating,Asf(bra),2026-06-24,Affirmed,Rating Outlook Stable,notes ser 1,BRHBSCCRI9W7
2026-09-25,Riza Securitizadora 2022-62-2 (Hapvida),https://www.fitchratings.com/entity/virgo-companhia-de-securitizacao-2022-2-bcbf-97435470#issues,National Long Term Rating,AA+sf(bra),2026-06-24,Affirmed,Rating Outlook Stable,notes ser 2022-2,BRHAPVCRI013
2026-09-25,"Riza Securitizadora 2023-166-1,2 (J. Macedo)",https://www.fitchratings.com/entity/virgo-companhia-de-securitizacao-2023-1-2-j-macedo-97483386#issues,National Long Term Rating,AAsf(bra),2026-06-24,Affirmed,Rating Outlook Stable,notes ser 2,BRIMWLCRA6F5
2026-09-25,"Riza Securitizadora 2023-166-1,2 (J. Macedo)",https://www.fitchratings.com/entity/virgo-companhia-de-securitizacao-2023-1-2-j-macedo-97483386#issues,National Long Term Rating,AAsf(bra),2026-06-24,Affirmed,Rating Outlook Stable,notes ser 2,BRIMWLCRA6G3
2026-09-25,"Eco Securitizadora 2025-434-1,2,3,5 (BRF)",https://www.fitchratings.com/entity/eco-securitizadora-2025-434-1-2-3-4-5-brf-97825988#issues,National Long Term Rating,AAAsf(bra),2026-06-24,Affirmed,Rating Outlook Stable,notes ser 4,BRECOACRALO8
2026-09-25,"Eco Securitizadora 2025-434-1,2,3,5 (BRF)",https://www.fitchratings.com/entity/eco-securitizadora-2025-434-1-2-3-4-5-brf-97825988#issues,National Long Term Rating,AAAsf(bra),2026-06-24,Affirmed,Rating Outlook Stable,notes ser 4,BRECOACRALP5
2026-09-25,"Eco Securitizadora 2025-434-1,2,3,5 (BRF)",https://www.fitchratings.com/entity/eco-securitizadora-2025-434-1-2-3-4-5-brf-97825988#issues,National Long Term Rating,AAAsf(bra),2026-06-24,Affirmed,Rating Outlook Stable,notes ser 4,BRECOACRALS9
2026-09-25,"Eco Securitizadora 2025-434-1,2,3,5 (BRF)",https://www.fitchratings.com/entity/eco-securitizadora-2025-434-1-2-3-4-5-brf-97825988#issues,National Long Term Rating,AAAsf(bra),2026-06-24,Affirmed,Rating Outlook Stable,notes ser 4,BRECOACRALQ3
2026-09-25,Opea Securitizadora S.A. 2021-1-325 (VCSA),https://www.fitchratings.com/entity/rb-capital-companhia-de-securitizacao-2021-325-vci-97136915#issues,National Long Term Rating,AAAsf(bra),2026-06-24,Affirmed,Rating Outlook Stable,certificates ser 1,BRRBRACRI7X0
2026-09-25,Cosan S.A.,https://www.fitchratings.com/entity/cosan-sa-88173461#issues,National Long Term Rating,WD(bra),2026-06-23,Withdrawn,,BRL 1.5 bln Floating Series A1 bond/note 08-Jan-2028,BRCSANDBS0J1
2026-09-25,Hidrovias do Brasil S.A.,https://www.fitchratings.com/entity/hidrovias-do-brasil-sa-96584762#issues,National Long Term Rating,AAA(bra),2026-06-23,Affirmed,,1st Debentures Issuance (Serie 1),BRHBSADBS002
2026-09-25,Hidrovias do Brasil S.A.,https://www.fitchratings.com/entity/hidrovias-do-brasil-sa-96584762#issues,National Long Term Rating,AAA(bra),2026-06-23,Affirmed,,1st Debentures Iassuance (Serie 2),BRHBSADBS010
2026-09-25,Empresa de Energia Sao Manoel S.A.,https://www.fitchratings.com/entity/empresa-de-energia-sao-manoel-sa-96667132#issues,National Long Term Rating,AA+(bra),2026-06-22,Upgrade,Rating Outlook Stable,BRL 169 mln bond/note 15-Jun-2033,BRESAMDBS030
2026-09-25,Opea Securitizadora S.A. 2026-608-1 (Iguatemi),https://www.fitchratings.com/entity/opea-securitizadora-sa-2026-608-1-iguatemi-97904782#issues,National Long Term Rating,AAAsf(bra),2026-06-22,New Rating,Rating Outlook Stable,notes,BRRBRACIR3P5
2026-09-25,Unidas Locacoes E Servicos S/A,https://www.fitchratings.com/entity/ouro-verde-locacao-e-servico-sa-88650059#issues,National Long Term Rating,NR,2026-06-20,Matured,,10th Debentures Issuance - BRL 300 mln Floating CDI (Brazil) 2.40% bond/note 20-Jun-2026,BROVSADBS0E8
2026-09-25,Concessionaria Rodovia dos Tamoios S.A.,https://www.fitchratings.com/entity/concessionaria-rodovia-dos-tamoios-sa-97339005#issues,National Long Term Rating,AAA(bra),2026-06-19,Affirmed,Rating Outlook Stable,BRL 100 mln 7.808% bond/note 15-May-2032,BRRODTDBS014
2026-09-25,Tibagi Energia SPE S.A.,https://www.fitchratings.com/entity/tibagi-energia-spe-sa-96795630#issues,National Long Term Rating,AAA(bra),2026-06-18,Affirmed,Rating Outlook Stable,BRL 151 mln Variable 5.32% bond/note 15-Jul-2035,BRTBEGDBS004
2026-09-25,Credito Universitario III FIDC,https://www.fitchratings.com/entity/credito-universitario-iii-fidc-97848777#issues,National Long Term Rating,AAAsf(bra),2026-06-18,New Rating,Rating Outlook Stable,notes ser 3,BR05DCCTF0A7
2026-09-25,Credito Universitario III FIDC,https://www.fitchratings.com/entity/credito-universitario-iii-fidc-97848777#issues,National Long Term Rating,AA+sf(bra),2026-06-18,New Rating,Rating Outlook Stable,notes ser 3,BR05DCCTF090
2026-09-25,Credito Universitario III FIDC,https://www.fitchratings.com/entity/credito-universitario-iii-fidc-97848777#issues,National Long Term Rating,NRsf,2026-06-18,New Rating,,notes ser 3,
2026-09-25,Barreiras Holding S.A.,https://www.fitchratings.com/entity/barreiras-holding-sa-97585626#issues,National Long Term Rating,AA+(bra),2026-06-17,Affirmed,,BRL 859 mln bond/note 15-Mar-2044,BRBHSADBS002
2026-09-25,Echoenergia Participacoes S.A.,https://www.fitchratings.com/entity/echoenergia-participacoes-sa-96662850#issues,National Long Term Rating,AA(bra),2026-06-17,Affirmed,,BRL 122 mln Floating bond/note 15-Jun-2030,BRECHPDBS008
2026-09-25,Echoenergia Participacoes S.A.,https://www.fitchratings.com/entity/echoenergia-participacoes-sa-96662850#issues,National Long Term Rating,AA(bra),2026-06-17,Affirmed,,Echoenergia_2a deb issuance_BRL 140 mln bond/note 30-Nov-2030,"BRECHPDBS016, BRECHPDBS024"
2026-09-25,Ribeiro Goncalves Energia Solar S.A.,https://www.fitchratings.com/entity/ribeiro-goncalves-energia-solar-spe-sa-97544021#issues,National Long Term Rating,AA+(bra),2026-06-17,Affirmed,,BRL 100 mln bond/note 15-Nov-2041,BRRBGEDBS008
2026-09-25,GSH Corp Participacoes S.A.,https://www.fitchratings.com/entity/gsh-corp-participacoes-sa-97344983#issues,National Long Term Rating,A+(bra),2026-06-16,New Rating,,8a Emissão de Debêntures BRL150 milhões e vencimento final em 2031,BRGSHCDBS049
2026-09-25,Elea Digital Infraestrutura e Redes de Telecomunicacoes S.A.,https://www.fitchratings.com/entity/drammen-rj-infraestrutura-e-redes-de-telecomunicacoes-sa-97272267#issues,National Long Term Rating,A-(bra),2026-06-16,Upgrade,Rating Watch Off,BRL 754 mln Floating CDI (Brazil) bond/note 25-Aug-2032,BRDMRJDBS035
2026-09-25,Brazil,https://www.fitchratings.com/entity/brazil-80442191#issues,Long Term Rating,BB,2026-06-16,Affirmed,,USD 2.7 bln 8.25% bond/note 20-Jan-2034,US105756BB58
2026-09-25,Brazil,https://www.fitchratings.com/entity/brazil-80442191#issues,Long Term Rating,BB,2026-06-16,Affirmed,,BRL 228 bln 6.% bond/note 15-May-2035,BRSTNCNTB0O7
2026-09-25,Brazil,https://www.fitchratings.com/entity/brazil-80442191#issues,Long Term Rating,BB,2026-06-16,Affirmed,,USD 3 bln 5.625% bond/note 21-Feb-2047,US105756BY51
2026-09-25,Brazil,https://www.fitchratings.com/entity/brazil-80442191#issues,Long Term Rating,BB,2026-06-16,Affirmed,,BRL 95 bln 10.% bond/note 01-Jan-2035,BRSTNCNTF238
2026-09-25,Brazil,https://www.fitchratings.com/entity/brazil-80442191#issues,Long Term Rating,BB,2026-06-16,Affirmed,,BRL 218 bln 6.% bond/note 15-Aug-2028,BRSTNCNTB4X0
2026-09-25,Brazil,https://www.fitchratings.com/entity/brazil-80442191#issues,Long Term Rating,BB,2026-06-16,Affirmed,,USD 4.5 bln 6.625% bond/note 15-Mar-2035,US105756CL22
2026-09-25,Brazil,https://www.fitchratings.com/entity/brazil-80442191#issues,Long Term Rating,BB,2026-06-16,Affirmed,,BRL 125 bln 6.% bond/note 15-Aug-2040,BRSTNCNTB3C6
2026-09-25,Brazil,https://www.fitchratings.com/entity/brazil-80442191#issues,Long Term Rating,BB,2026-06-16,Affirmed,,USD 3 bln 4.625% bond/note 13-Jan-2028,US105756BZ27
2026-09-25,Brazil,https://www.fitchratings.com/entity/brazil-80442191#issues,Long Term Rating,BB,2026-06-16,Affirmed,,BRL 100 bln Zero bond/note 01-Jan-2032,BRSTNCLTN8J8
2026-09-25,Brazil,https://www.fitchratings.com/entity/brazil-80442191#issues,Long Term Rating,BB,2026-06-16,Affirmed,,USD 3.5 bln 7.25% bond/note 12-Jan-2056,US105756CN87
2026-09-25,Brazil,https://www.fitchratings.com/entity/brazil-80442191#issues,Long Term Rating,BB,2026-06-16,Affirmed,,BRL 29 bln Zero treasury bills/notes/bonds 01-Apr-2028,BRSTNCLTN8M2
2026-09-25,Brazil,https://www.fitchratings.com/entity/brazil-80442191#issues,Long Term Rating,BB,2026-06-16,Affirmed,,BRL 24 bln 6.% bond/note 15-May-2031,BRSTNCNTB7X3
2026-09-25,Brazil,https://www.fitchratings.com/entity/brazil-80442191#issues,Long Term Rating,BB,2026-06-16,Affirmed,,BRL 23 bln 6.% bond/note 15-May-2037,BRSTNCNTB7Y1
2026-09-25,Brazil,https://www.fitchratings.com/entity/brazil-80442191#issues,Long Term Rating,BB,2026-06-16,Affirmed,,USD 3.5 bln 6.25% bond/note 22-May-2036,US105756CQ19
2026-09-25,Brazil,https://www.fitchratings.com/entity/brazil-80442191#issues,Long Term Rating,BB,2026-06-16,Affirmed,,USD 2 bln 6.25% Global bond/note 18-Mar-2031,US105756CG37
2026-09-25,Brazil,https://www.fitchratings.com/entity/brazil-80442191#issues,Long Term Rating,BB,2026-06-16,Affirmed,,BRL 129 bln Zero treasury bills/notes/bonds 01-Jan-2028,BRSTNCLTN897
2026-09-25,Brazil,https://www.fitchratings.com/entity/brazil-80442191#issues,Long Term Rating,BB,2026-06-16,Affirmed,,BRL 501 bln Floating bond/note 01-Sep-2027,BRSTNCLF1RH3
2026-09-25,Brazil,https://www.fitchratings.com/entity/brazil-80442191#issues,Long Term Rating,BB,2026-06-16,Affirmed,,BRL 231 bln Floating treasury bills/notes/bonds 01-Mar-2031,BRSTNCLF1RU6
2026-09-25,Brazil,https://www.fitchratings.com/entity/brazil-80442191#issues,Long Term Rating,BB,2026-06-16,Affirmed,,BRL 39 bln 10.% bond/note 01-Jan-2037,BRSTNCNTF2K7
2026-09-25,Brazil,https://www.fitchratings.com/entity/brazil-80442191#issues,Long Term Rating,BB,2026-06-16,Affirmed,,EUR 2 bln 4% bond/note 23-Apr-2030,XS3344411486
2026-09-25,Brazil,https://www.fitchratings.com/entity/brazil-80442191#issues,Long Term Rating,BB,2026-06-16,Affirmed,,EUR 1.5 bln 5.5% bond/note 23-Apr-2036,XS3344411726
2026-09-25,Brazil,https://www.fitchratings.com/entity/brazil-80442191#issues,Long Term Rating,BB,2026-06-16,Affirmed,,USD 3.03 bln 7.125% bond/note 20-Jan-2037,US105756BK57
2026-09-25,Brazil,https://www.fitchratings.com/entity/brazil-80442191#issues,Long Term Rating,BB,2026-06-16,Affirmed,,BRL 11.53 bln 12% bond/note 01-Jan-2031,BRSTNCNTC0K4
2026-09-25,Brazil,https://www.fitchratings.com/entity/brazil-80442191#issues,Long Term Rating,BB,2026-06-16,Affirmed,,USD 3.55 bln 5% bond/note 27-Jan-2045,US105756BW95
2026-09-25,Brazil,https://www.fitchratings.com/entity/brazil-80442191#issues,Long Term Rating,BB,2026-06-16,Affirmed,,BRL 112 bln 10.% bond/note 01-Jan-2027,BRSTNCNTF1P8
2026-09-25,Brazil,https://www.fitchratings.com/entity/brazil-80442191#issues,Long Term Rating,BB,2026-06-16,Affirmed,,BRL 113 bln 10.% bond/note 01-Jan-2029,BRSTNCNTF1Q6
2026-09-25,Brazil,https://www.fitchratings.com/entity/brazil-80442191#issues,Long Term Rating,BB,2026-06-16,Affirmed,,USD 4 bln 4.75% bond/note 14-Jan-2050,US105756CB40
2026-09-25,Brazil,https://www.fitchratings.com/entity/brazil-80442191#issues,Long Term Rating,BB,2026-06-16,Affirmed,,USD 2.25 bln 6.125% bond/note 15-Mar-2034,US105756CH10
2026-09-25,Brazil,https://www.fitchratings.com/entity/brazil-80442191#issues,Long Term Rating,BB,2026-06-16,Affirmed,,BRL 350 bln Floating bond/note 01-Sep-2028,BRSTNCLF1RK7
2026-09-25,Brazil,https://www.fitchratings.com/entity/brazil-80442191#issues,Long Term Rating,BB,2026-06-16,Affirmed,,BRL 130 bln 6.% bond/note 15-May-2027,BRSTNCNTB682
2026-09-25,Brazil,https://www.fitchratings.com/entity/brazil-80442191#issues,Long Term Rating,BB,2026-06-16,Affirmed,,BRL 345 bln Floating bond/note 01-Mar-2028,BRSTNCLF1RI1
2026-09-25,Brazil,https://www.fitchratings.com/entity/brazil-80442191#issues,Long Term Rating,BB,2026-06-16,Affirmed,,BRL 305 bln Zero treasury bills/notes/bonds 01-Jun-2032,BRSTNCLF1S16
2026-09-25,Brazil,https://www.fitchratings.com/entity/brazil-80442191#issues,Long Term Rating,BB,2026-06-16,Affirmed,,BRL 86 bln 10.% bond/note 01-Jan-2033,BRSTNCNTF212
2026-09-25,Brazil,https://www.fitchratings.com/entity/brazil-80442191#issues,Long Term Rating,BB,2026-06-16,Affirmed,,USD 2.25 bln 6% bond/note 20-Oct-2033,US105756CF53
2026-09-25,Brazil,https://www.fitchratings.com/entity/brazil-80442191#issues,Long Term Rating,BB,2026-06-16,Affirmed,,BRL 127 bln Zero treasury bills/notes/bonds 01-Jan-2030,BRSTNCLTN8A7
2026-09-25,Brazil,https://www.fitchratings.com/entity/brazil-80442191#issues,Long Term Rating,BB,2026-06-16,Affirmed,,BRL 23 bln Zero treasury bills/notes/bonds 01-Jul-2028,BRSTNCLTN8F6
2026-09-25,Brazil,https://www.fitchratings.com/entity/brazil-80442191#issues,Long Term Rating,BB,2026-06-16,Affirmed,,BRL 581 bln Floating bond/note 01-Mar-2027,BRSTNCLF1RG5
2026-09-25,Brazil,https://www.fitchratings.com/entity/brazil-80442191#issues,Long Term Rating,BB,2026-06-16,Affirmed,,BRL 140 bln Zero bond/note 01-Apr-2027,BRSTNCLTN8I0
2026-09-25,Brazil,https://www.fitchratings.com/entity/brazil-80442191#issues,Long Term Rating,BB,2026-06-16,Affirmed,,BRL 4.89 bln 10.25% bond/note 10-Jan-2028,US105756BN96
2026-09-25,Brazil,https://www.fitchratings.com/entity/brazil-80442191#issues,Long Term Rating,BB,2026-06-16,Affirmed,,USD 2.92 bln 5.625% bond/note 07-Jan-2041,US105756BR01
2026-09-25,Brazil,https://www.fitchratings.com/entity/brazil-80442191#issues,Long Term Rating,BB,2026-06-16,Affirmed,,BRL 191 bln 6.% bond/note 15-Aug-2050,BRSTNCNTB3D4
2026-09-25,Brazil,https://www.fitchratings.com/entity/brazil-80442191#issues,Long Term Rating,BB,2026-06-16,Affirmed,,USD 2 bln 4.5% bond/note 30-May-2029,US105756CA66
2026-09-25,Brazil,https://www.fitchratings.com/entity/brazil-80442191#issues,Long Term Rating,BB,2026-06-16,Affirmed,,USD 3.5 bln 3.875% bond/note 12-Jun-2030,US105756CC23
2026-09-25,Brazil,https://www.fitchratings.com/entity/brazil-80442191#issues,Long Term Rating,BB,2026-06-16,Affirmed,,USD 1.5 bln 3.75% bond/note 12-Sep-2031,US105756CE88
2026-09-25,Brazil,https://www.fitchratings.com/entity/brazil-80442191#issues,Long Term Rating,BB,2026-06-16,Affirmed,,BRL 77 bln 6.% bond/note 15-May-2033,BRSTNCNTB6B1
2026-09-25,Brazil,https://www.fitchratings.com/entity/brazil-80442191#issues,Long Term Rating,BB,2026-06-16,Affirmed,,BRL 87 bln 6.% bond/note 15-May-2029,BRSTNCNTB716
2026-09-25,Brazil,https://www.fitchratings.com/entity/brazil-80442191#issues,Long Term Rating,BB,2026-06-16,Affirmed,,BRL 92 bln Zero treasury bills/notes/bonds 01-Oct-2026,BRSTNCLTN8G4
2026-09-25,Brazil,https://www.fitchratings.com/entity/brazil-80442191#issues,Long Term Rating,BB,2026-06-16,Affirmed,,BRL 90 bln 6.% bond/note 15-Aug-2060,BRSTNCNTB690
2026-09-25,Brazil,https://www.fitchratings.com/entity/brazil-80442191#issues,Long Term Rating,BB,2026-06-16,Affirmed,,BRL 197 bln Floating treasury bills/notes/bonds 01-Jun-2031,BRSTNCLF1RW2
2026-09-25,Brazil,https://www.fitchratings.com/entity/brazil-80442191#issues,Long Term Rating,BB,2026-06-16,Affirmed,,USD 1.5 bln 5.5% bond/note 04-Feb-2033,US105756CP36
2026-09-25,Brazil,https://www.fitchratings.com/entity/brazil-80442191#issues,Long Term Rating,BB,2026-06-16,Affirmed,,BRL 182 bln Zero treasury bills/notes/bonds 01-Mar-2032,BRSTNCLF1S08
2026-09-25,Brazil,https://www.fitchratings.com/entity/brazil-80442191#issues,Long Term Rating,BB,2026-06-16,Affirmed,,BRL 164 bln 6.% bond/note 15-May-2045,BRSTNCNTB0A6
2026-09-25,Brazil,https://www.fitchratings.com/entity/brazil-80442191#issues,Long Term Rating,BB,2026-06-16,Affirmed,,BRL 103 bln Zero treasury bills/notes/bonds 01-Jul-2027,BRSTNCLTN871
2026-09-25,Brazil,https://www.fitchratings.com/entity/brazil-80442191#issues,Long Term Rating,BB,2026-06-16,Affirmed,,USD 2.25 bln 7.125% bond/note 13-May-2054,US105756CJ75
2026-09-25,Brazil,https://www.fitchratings.com/entity/brazil-80442191#issues,Long Term Rating,BB,2026-06-16,Affirmed,,BRL 371 bln Floating bond/note 01-Mar-2029,BRSTNCLF1RL5
2026-09-25,Brazil,https://www.fitchratings.com/entity/brazil-80442191#issues,Long Term Rating,BB,2026-06-16,Affirmed,,BRL 190 bln Zero bond/note 01-Jan-2029,BRSTNCLTN806
2026-09-25,Brazil,https://www.fitchratings.com/entity/brazil-80442191#issues,Long Term Rating,BB,2026-06-16,Affirmed,,EUR 1.5 bln 4.875% bond/note 23-Apr-2033,XS3344411643
2026-09-25,Brazil,https://www.fitchratings.com/entity/brazil-80442191#issues,Long Term Rating,BB,2026-06-16,Affirmed,,USD 3.5 bln 10.125% bond/note 15-May-2027,US105756AE07
2026-09-25,Brazil,https://www.fitchratings.com/entity/brazil-80442191#issues,Long Term Rating,BB,2026-06-16,Affirmed,,USD 1.6 bln 12.25% bond/note 06-Mar-2030,US105756AL40
2026-09-25,Brazil,https://www.fitchratings.com/entity/brazil-80442191#issues,Long Term Rating,BB,2026-06-16,Affirmed,,BRL 209 bln 6.% bond/note 15-Aug-2030,BRSTNCNTB3B8
2026-09-25,Brazil,https://www.fitchratings.com/entity/brazil-80442191#issues,Long Term Rating,BB,2026-06-16,Affirmed,,BRL 221 bln 10.% bond/note 01-Jan-2031,BRSTNCNTF204
2026-09-25,Brazil,https://www.fitchratings.com/entity/brazil-80442191#issues,Long Term Rating,BB,2026-06-16,Affirmed,,USD 2 bln 6.125% Global bond/note 22-Jan-2032,US105756CK49
2026-09-25,Brazil,https://www.fitchratings.com/entity/brazil-80442191#issues,Long Term Rating,BB,2026-06-16,Affirmed,,BRL 227 bln Floating bond/note 01-Sep-2030,BRSTNCLF1RR2
2026-09-25,Brazil,https://www.fitchratings.com/entity/brazil-80442191#issues,Long Term Rating,BB,2026-06-16,Affirmed,,BRL 101 bln 6.% bond/note 15-Aug-2032,BRSTNCNTB674
2026-09-25,Brazil,https://www.fitchratings.com/entity/brazil-80442191#issues,Long Term Rating,BB,2026-06-16,Affirmed,,BRL 150 bln Floating treasury bills/notes/bonds 01-Dec-2030,BRSTNCLF1RT8
2026-09-25,Brazil,https://www.fitchratings.com/entity/brazil-80442191#issues,Long Term Rating,BB,2026-06-16,Affirmed,,USD 2.25 bln 5.5% bond/note 06-Nov-2030,US105756CM05
2026-09-25,Brazil,https://www.fitchratings.com/entity/brazil-80442191#issues,Long Term Rating,BB,2026-06-16,Affirmed,,BRL 167 bln Zero treasury bills/notes/bonds 01-Sep-2031,BRSTNCLF1RX0
2026-09-25,Brazil,https://www.fitchratings.com/entity/brazil-80442191#issues,Long Term Rating,BB,2026-06-16,Affirmed,,BRL 138 bln Zero treasury bills/notes/bonds 01-Dec-2031,BRSTNCLF1RZ5
2026-09-25,Credito Universitario Fundo de Investimento em Direitos Creditorios,https://www.fitchratings.com/entity/credito-universitario-fundo-de-investimento-em-direitos-creditorios-96969819#issues,National Long Term Rating,PIFsf(bra),2026-06-15,Paid In Full,,notes,BRIDLQCTF156
2026-09-25,Credito Universitario Fundo de Investimento em Direitos Creditorios,https://www.fitchratings.com/entity/credito-universitario-fundo-de-investimento-em-direitos-creditorios-96969819#issues,National Long Term Rating,PIFsf(bra),2026-06-15,Paid In Full,,notes,BRIDLQCTF180
2026-09-25,Credito Universitario Fundo de Investimento em Direitos Creditorios,https://www.fitchratings.com/entity/credito-universitario-fundo-de-investimento-em-direitos-creditorios-96969819#issues,National Long Term Rating,PIFsf(bra),2026-06-15,Paid In Full,,notes,BRIDLQCTF172
2026-09-25,"Opea Securitizadora S.A. 2023-159-1,2,3 (Movida)",https://www.fitchratings.com/entity/movida-participacoes-sa-97502173#issues,National Long Term Rating,PIFsf(bra),2026-06-15,Paid In Full,,certificates ser 3,BRRBRACRIHR9
2026-09-25,Trusthub Securitizadora 2022-2 (Debenture SRM),https://www.fitchratings.com/entity/trusthub-securitizadora-2022-2-debenture-srm-97422627#issues,National Long Term Rating,PIFsf(bra),2026-06-15,Paid In Full,,commercial paper ser 4,BRTRUHDBS038
2026-09-25,Companhia de Saneamento de Minas Gerais COPASA MG,https://www.fitchratings.com/entity/companhia-de-saneamento-de-minas-gerais-copasa-94017690#issues,National Long Term Rating,NR,2026-06-15,Matured,,"14th Debentures, 2nd serie due 2026",BRCSMGDBS0G2
2026-09-25,Engie Brasil Energia S.A.,https://www.fitchratings.com/entity/engie-brasil-energia-sa-80090870#issues,National Long Term Rating,NR,2026-06-15,Matured,,12th Issuance 4th Tranche Floating CDI (Brazil) 0.55% bond/note 15-Jun-2026,
2026-09-25,TIM Brasil Servicos e Participacoes S.A.,https://www.fitchratings.com/entity/tim-brasil-servicos-e-participacoes-sa-97462270#issues,National Long Term Rating,AAA(bra),2026-06-15,Affirmed,,BRL 2.21 bln Floating CDI (Brazil) 0.85% bond/note 23-Jul-2032,BRTBSPDBS039
2026-09-25,TIM Brasil Servicos e Participacoes S.A.,https://www.fitchratings.com/entity/tim-brasil-servicos-e-participacoes-sa-97462270#issues,National Long Term Rating,AAA(bra),2026-06-15,Affirmed,,BRL 2.79 bln Floating CDI (Brazil) 0.7% bond/note 23-Jul-2030,BRTBSPDBS021
2026-09-25,Eletroriver S/A,https://www.fitchratings.com/entity/eletroriver-s-a-97349748#issues,National Long Term Rating,AA(bra),2026-06-12,Affirmed,Rating Outlook Stable,BRL 805 mln 7.04% Series 11 bond/note 15-Apr-2030,BRELRVDBS006
2026-09-25,BSB Energetica S/A,https://www.fitchratings.com/entity/bsb-energetica-s-a-97349757#issues,National Long Term Rating,AA+(bra),2026-06-12,Affirmed,Rating Outlook Positive,BRL 345 mln 7.04% Series 11 bond/note 15-Apr-2030,BRBSBEDBS007
2026-09-25,VIX Logistica S.A.,https://www.fitchratings.com/entity/vix-logistica-sa-96174956#issues,National Long Term Rating,WD(bra),2026-06-12,Withdrawn,,BRL 300 mln bond/note 11-Dec-2029,BRVIXLDBS0B2
2026-09-25,Facta INSS CB FIDC,https://www.fitchratings.com/entity/facta-inss-cb-fidc-97441991#issues,National Long Term Rating,AAAsf(bra),2026-06-12,Rating Watch On,Rating Watch Negative,"bonds ser 2022-1,2,3",BR0E28CTF018
2026-09-25,Facta INSS CB FIDC,https://www.fitchratings.com/entity/facta-inss-cb-fidc-97441991#issues,National Long Term Rating,CCsf(bra),2026-06-12,Downgrade,,"bonds ser 2022-1,2,3",BR0E28CTF026
2026-09-25,Facta INSS CB FIDC,https://www.fitchratings.com/entity/facta-inss-cb-fidc-97441991#issues,National Long Term Rating,AAAsf(bra),2026-06-12,Rating Watch On,Rating Watch Negative,"bonds ser 2022-1,2,3",BR0E28CTF000
2026-09-25,Facta INSS CB FIDC,https://www.fitchratings.com/entity/facta-inss-cb-fidc-97441991#issues,National Long Term Rating,CCsf(bra),2026-06-12,Downgrade,,"bonds ser 2022-1,2,3",BR0E28CTF034
2026-09-25,Eldorado Brasil Celulose S.A.,https://www.fitchratings.com/entity/eldorado-brasil-celulose-sa-96152344#issues,National Long Term Rating,AA+(bra),2026-06-11,Review - No Action,,BRL 1 bln 6.95% bond/note 15-Dec-2040,BRELDCDBS030
2026-09-25,Eldorado Brasil Celulose S.A.,https://www.fitchratings.com/entity/eldorado-brasil-celulose-sa-96152344#issues,National Long Term Rating,AA+(bra),2026-06-11,Review - No Action,,BRL 1.5 bln bond/note 15-Oct-2035,BRELDCDBS022
2026-09-25,Unidas Locacoes E Servicos S/A,https://www.fitchratings.com/entity/ouro-verde-locacao-e-servico-sa-88650059#issues,National Long Term Rating,WD(bra),2026-06-11,Withdrawn,,17th Debentures Issuance - BRL 225 mln Floating CDI (Brazil) 2.40% bond/note 15-Feb-2029,BROVSADBS0K5
2026-09-25,Companhia de Saneamento do Parana - SANEPAR,https://www.fitchratings.com/entity/companhia-de-saneamento-do-parana-sanepar-96358618#issues,National Long Term Rating,NR,2026-06-11,Matured,,9th Debentures_2nd serie due 2026,BRSAPRDBS0H6
2026-09-25,Movida Participacoes S.A.,https://www.fitchratings.com/entity/movida-participacoes-sa-96487716#issues,National Long Term Rating,WD(bra),2026-06-10,Withdrawn,,BRL 750 mln Floating bond/note 25-Jun-2028,BRMVLVDBS0B8
2026-09-25,Movida Participacoes S.A.,https://www.fitchratings.com/entity/movida-participacoes-sa-96487716#issues,National Long Term Rating,WD(bra),2026-06-10,Withdrawn,,Movi Loca_11th Deben_BRL 600 mln Floating CDI (Brazil) 2.9% bond/note 22-Dec-2027,BRMVLVDBS0A0
2026-09-25,Fortbrasil Securitizadora S.A.,https://www.fitchratings.com/entity/fortbrasil-administradora-de-cartoes-de-credito-sa-97172463#issues,National Long Term Rating,PIFsf(bra),2026-06-10,Paid In Full,,notes ser 1,BRFOBRDBS009
2026-09-25,Companhia Riograndense de Saneamento Corsan,https://www.fitchratings.com/entity/companhia-riograndense-de-saneamento-corsan-97071542#issues,National Long Term Rating,AA-(bra),2026-06-09,Downgrade,Rating Watch Off,BRL 335 mln 4.833% Series 44 bond/note 15-Feb-2031,BRRSANDBS055
2026-09-25,Companhia Riograndense de Saneamento Corsan,https://www.fitchratings.com/entity/companhia-riograndense-de-saneamento-corsan-97071542#issues,National Long Term Rating,AA-(bra),2026-06-09,Downgrade,Rating Watch Off,BRL 1.5 bln 2nd serie bond/note 31-Dec-2028,BRRSANDBS071
2026-09-25,Companhia Riograndense de Saneamento Corsan,https://www.fitchratings.com/entity/companhia-riograndense-de-saneamento-corsan-97071542#issues,National Long Term Rating,AA-(bra),2026-06-09,Downgrade,Rating Watch Off,BRL 1.5 bln 1st serie bond/note 31-Dec-2026,BRRSANDBS063
2026-09-25,Companhia Riograndense de Saneamento Corsan,https://www.fitchratings.com/entity/companhia-riograndense-de-saneamento-corsan-97071542#issues,National Long Term Rating,AA-(bra),2026-06-09,Downgrade,Rating Watch Off,BRL 115 mln 4.385% Series 34 bond/note 15-Feb-2028,BRRSANDBS048
2026-09-25,Companhia Riograndense de Saneamento Corsan,https://www.fitchratings.com/entity/companhia-riograndense-de-saneamento-corsan-97071542#issues,National Long Term Rating,AA-(bra),2026-06-09,Downgrade,Rating Watch Off,BRL 1.1 bln Floating IPCA (Brazil) 8% 1st serie bond/note 15-Oct-2045,BRRSANDBS0C9
2026-09-25,Companhia Riograndense de Saneamento Corsan,https://www.fitchratings.com/entity/companhia-riograndense-de-saneamento-corsan-97071542#issues,National Long Term Rating,AA-(bra),2026-06-09,Downgrade,Rating Watch Off,BRL 695 mln Floating IPCA (Brazil) 2nd serie bond/note 15-Oct-2045,BRRSANDBS0D7
2026-09-25,Aguas Guariroba S.A.,https://www.fitchratings.com/entity/aguas-guariroba-sa-89867861#issues,National Long Term Rating,AA-(bra),2026-06-09,Downgrade,Rating Watch Off,Guariroba_4th Debentures_2nd Serie,BRGRRBDBS042
2026-09-25,Aegea Saneamento e Participacoes S.A.,https://www.fitchratings.com/entity/aegea-saneamento-e-participacoes-sa-91565696#issues,National Long Term Rating,A(bra),2026-06-09,Downgrade,Rating Watch Off,9th Debentures BRL 800M,BRAEGPDBS079
2026-09-25,Aguas de Teresina Saneamento SPE S.A.,https://www.fitchratings.com/entity/aguas-de-teresina-saneamento-spe-sa-96568164#issues,National Long Term Rating,AA-(bra),2026-06-09,Downgrade,Rating Watch Negative,Terezina_4th Debentures_BRL600M,BRGSTSDBS032
2026-09-25,Blau Farmaceutica S.A.,https://www.fitchratings.com/entity/blau-farmaceutica-sa-96789775#issues,National Long Term Rating,AA+(bra),2026-06-09,Affirmed,,BRL 233 mln Floating bond/note 25-Sep-2028,BRBLAUDBS026
2026-09-25,MEZ 4 Energia S.A.,https://www.fitchratings.com/entity/mez-4-energia-sa-97510975#issues,National Long Term Rating,AA(bra),2026-06-05,Downgrade,Rating Outlook Negative,BRL 33 mln 7.264% bond/note 17-Jan-2044,BRMEZEDBS003
2026-09-25,Enel Green Power Volta Grande S.A.,https://www.fitchratings.com/entity/enel-green-power-volta-grande-sa-96819597#issues,National Long Term Rating,AAA(bra),2026-06-03,Affirmed,Rating Watch Off,BRL 800 mln bond/note 15-Oct-2029,"BREGVGDBS009, BREGVGDBS017"
2026-09-25,Concessionaria Rota dos Coqueiros S.A.,https://www.fitchratings.com/entity/concessionaria-rota-dos-coqueiros-sa-97385331#issues,National Long Term Rating,AA+(bra),2026-06-03,Upgrade,Rating Outlook Stable,BRL 60 mln bond/note 15-Oct-2037,BRRTCQDBS011
2026-09-25,Concessionaria Rota do Atlantico S.A.,https://www.fitchratings.com/entity/concessionaria-rota-do-atlantico-sa-97285847#issues,National Long Term Rating,AA+(bra),2026-06-03,Upgrade,Rating Outlook Stable,BRL 152 mln Variable 7.17% bond/note 29-Dec-2036,BRRATLDBS008
2026-09-25,Transportadora Associada de Gas S.A. - TAG,https://www.fitchratings.com/entity/transportadora-associada-de-gas-sa-tag-96625934#issues,National Long Term Rating,AAA(bra),2026-06-03,Affirmed,,3rd Debenture BRL 3.0 bln - 2029,BRTSSGDBS024
2026-09-25,Companhia de Saneamento do Parana - SANEPAR,https://www.fitchratings.com/entity/companhia-de-saneamento-do-parana-sanepar-96358618#issues,National Long Term Rating,AAA(bra),2026-06-02,Affirmed,,12th Debentures_due 2032,BRSAPRDBS0P9
2026-09-25,Companhia de Saneamento do Parana - SANEPAR,https://www.fitchratings.com/entity/companhia-de-saneamento-do-parana-sanepar-96358618#issues,National Long Term Rating,AAA(bra),2026-06-02,Affirmed,,11th Debentures_2nd serie due 2029,BRSAPRDBS0L8
2026-09-25,Companhia de Saneamento do Parana - SANEPAR,https://www.fitchratings.com/entity/companhia-de-saneamento-do-parana-sanepar-96358618#issues,National Long Term Rating,AAA(bra),2026-06-02,Affirmed,,11th Debentures_3rd serie due 2031,BRSAPRDBS0M6
2026-09-25,Mez 5 Energia S.A.,https://www.fitchratings.com/entity/mez-5-energia-sa-97285153#issues,National Long Term Rating,AAA(bra),2026-06-01,Rating Watch Maintained,Rating Watch Negative,BRL 353 mln 7.066% bond/note 15-Jan-2046,BRMEZ5DBS003
2026-09-25,JSL S.A.,https://www.fitchratings.com/entity/jsl-sa-90188261#issues,National Long Term Rating,AA(bra),2026-06-01,Affirmed,,BRL 133 mln Floating CDI (Brazil) bond/note 20-Sep-2028,BRJSLGDBS0H4
2026-09-25,JSL S.A.,https://www.fitchratings.com/entity/jsl-sa-90188261#issues,National Long Term Rating,AA(bra),2026-06-01,Affirmed,,17th Deb_BRL300 mm,BRJSLGDBS0N2
2026-09-25,JSL S.A.,https://www.fitchratings.com/entity/jsl-sa-90188261#issues,National Long Term Rating,AA(bra),2026-06-01,Affirmed,,10th Deb_BRL352 mm,BRJSLGDBS0G6
2026-09-25,JSL S.A.,https://www.fitchratings.com/entity/jsl-sa-90188261#issues,National Long Term Rating,AA(bra),2026-06-01,Affirmed,,18th Deb_BRL200 mm,BRJSLGDBS0P7
2026-09-25,JSL S.A.,https://www.fitchratings.com/entity/jsl-sa-90188261#issues,National Long Term Rating,AA(bra),2026-06-01,Affirmed,,12th Deb_BRL600 mm,BRJSLGDBS0I2
2026-09-25,Movida Participacoes S.A.,https://www.fitchratings.com/entity/movida-participacoes-sa-96487716#issues,National Long Term Rating,AA(bra),2026-06-01,Affirmed,,BRL 1 bln Floating bond/note 15-Oct-2026,BRMOVIDBS0L1
2026-09-25,Movida Participacoes S.A.,https://www.fitchratings.com/entity/movida-participacoes-sa-96487716#issues,National Long Term Rating,AA(bra),2026-06-01,Affirmed,,20a Emissao USD 750 mln Floating IGP-DI (Brazil) 2.4% bond/note 20-Sep-2031,BRMOVIDBS0T4
2026-09-25,Movida Participacoes S.A.,https://www.fitchratings.com/entity/movida-participacoes-sa-96487716#issues,National Long Term Rating,AA(bra),2026-06-01,Affirmed,,19a Emissao BRL 600 mln Floating IGP-DI (Brazil) 2.9% bond/note 22-Dec-2027,BRMOVIDBS0S6
2026-09-25,Movida Participacoes S.A.,https://www.fitchratings.com/entity/movida-participacoes-sa-96487716#issues,National Long Term Rating,AA(bra),2026-06-01,Affirmed,,"Movida 7ªEmissao Debenture_1,7 billion BRL bond/note","BRMOVIDBS0F3, BRMOVIDBS0G1, BRMOVIDBS0H9"
2026-09-25,Movida Participacoes S.A.,https://www.fitchratings.com/entity/movida-participacoes-sa-96487716#issues,National Long Term Rating,AA(bra),2026-06-01,Affirmed,,BRL 800 mln Floating bond/note 05-Mar-2027,BRMOVIDBS0M9
2026-09-25,Movida Europe S.A.,https://www.fitchratings.com/entity/movida-europe-97129162#issues,Long Term Rating,BB-,2026-06-01,Affirmed,,USD 500 mln 7.85% bond/note 11-Apr-2029,"US62459LAC37, USL65266AC91"
2026-09-25,Movida Europe S.A.,https://www.fitchratings.com/entity/movida-europe-97129162#issues,Long Term Rating,BB-,2026-06-01,Affirmed,,USD 800 mln 5.25% bond/note 08-Feb-2031,"US62459LAA70, USL65266AA36"
2026-09-25,Simpar S.A.,https://www.fitchratings.com/entity/simpar-sa-97012100#issues,National Long Term Rating,AA(bra),2026-06-01,Affirmed,,Simpar 6th Deb BRL 850 mln Floating Series 16 bond/note 20-Dec-2032,BRSIMHDBS077
2026-09-25,"Vamos Locacao de Caminhoes, Maquinas e Equipamentos S.A.",https://www.fitchratings.com/entity/vamos-locacao-de-caminhoes-maquinas-e-equipamentos-sa-96704030#issues,National Long Term Rating,AA(bra),2026-06-01,Affirmed,,BRL 550 mln Floating bond/note 20-Dec-2028,BRVAMODBS090
2026-09-25,"Vamos Locacao de Caminhoes, Maquinas e Equipamentos S.A.",https://www.fitchratings.com/entity/vamos-locacao-de-caminhoes-maquinas-e-equipamentos-sa-96704030#issues,National Long Term Rating,AA(bra),2026-06-01,Affirmed,,BRL 1.05 bln Floating bond/note 25-Jun-2029,BRVAMODBS0B0
2026-09-25,"Vamos Locacao de Caminhoes, Maquinas e Equipamentos S.A.",https://www.fitchratings.com/entity/vamos-locacao-de-caminhoes-maquinas-e-equipamentos-sa-96704030#issues,National Long Term Rating,AA(bra),2026-06-01,Affirmed,,BRL 500 mln Floating bond/note 21-Feb-2029,BRVAMODBS0A2
2026-09-25,"Vamos Locacao de Caminhoes, Maquinas e Equipamentos S.A.",https://www.fitchratings.com/entity/vamos-locacao-de-caminhoes-maquinas-e-equipamentos-sa-96704030#issues,National Long Term Rating,AA(bra),2026-06-01,Affirmed,,BRL 750 mln bond/note 21-Jun-2028,NC002300GZ52
2026-09-25,"Vamos Locacao de Caminhoes, Maquinas e Equipamentos S.A.",https://www.fitchratings.com/entity/vamos-locacao-de-caminhoes-maquinas-e-equipamentos-sa-96704030#issues,National Long Term Rating,AA(bra),2026-06-01,Affirmed,,BRL 125 mln Floating bond/note 15-Jun-2028,BRVAMODBS082
2026-09-25,Riza Securitizadora 2019-4-64 (Sao Goncalo Shopping),https://www.fitchratings.com/entity/isec-securitizadora-2019-64-sao-goncalo-shopping-97158676#issues,National Long Term Rating,A+sf(bra),2026-06-01,Rating Watch On,Rating Watch Negative,notes ser 1,BRIMWLCRI203
2026-09-25,Via Brasil MT 246 Concessionaria de Rodovias S.A.,https://www.fitchratings.com/entity/via-brasil-mt-246-concessionaria-de-rodovias-sa-97572155#issues,National Long Term Rating,A+(bra),2026-05-28,Downgrade,Rating Outlook Negative,BRL 150 mln bond/note 15-Dec-2043,BRVBMTDBS014
2026-09-25,Uniao Quimica Farmaceutica Nacional S.A.,https://www.fitchratings.com/entity/uniao-quimica-farmaceutica-nacional-sa-90998502#issues,National Long Term Rating,AA-(bra),2026-05-27,Downgrade,,BRL 600 mln Series 14 Floating bond/note 15-Oct-2026,BRUQFNDBS045
2026-09-25,Uniao Quimica Farmaceutica Nacional S.A.,https://www.fitchratings.com/entity/uniao-quimica-farmaceutica-nacional-sa-90998502#issues,National Long Term Rating,AA-(bra),2026-05-27,Downgrade,,BRL 1.5 bln Floating CDI (Brazil) 1.3% bond/note 13-Jun-2031,BRUQFNDBS060
2026-09-25,Guaraciaba Transmissora de Energia (TP Sul) S.A.,https://www.fitchratings.com/entity/guaraciaba-transmissora-de-energia-tp-sul-sa-96573863#issues,National Long Term Rating,AAA(bra),2026-05-22,Review - No Action,Rating Outlook Stable,BRL 65 mln Floating bond/note 15-Dec-2030,BRTPSUDBS013
2026-09-25,Matrincha Transmissora de Energia (TP Norte) S.A.,https://www.fitchratings.com/entity/matrincha-transmissora-de-energia-tp-norte-sa-96276320#issues,National Long Term Rating,AAA(bra),2026-05-22,Review - No Action,Rating Outlook Stable,BRL 128 mln 4.934% bond/note 15-Dec-2038,BRTPNODBS025
2026-09-25,Matrincha Transmissora de Energia (TP Norte) S.A.,https://www.fitchratings.com/entity/matrincha-transmissora-de-energia-tp-norte-sa-96276320#issues,National Long Term Rating,AAA(bra),2026-05-22,Review - No Action,Rating Outlook Stable,BRL 58 mln 7.583% bond/note 15-Jun-2029 ser 1st debentures issue,BRTPNODBS017
2026-09-25,Belo Monte Transmissora de Energia SPE S.A.,https://www.fitchratings.com/entity/belo-monte-transmissora-de-energia-spe-sa-96563152#issues,National Long Term Rating,AAA(bra),2026-05-22,Review - No Action,Rating Outlook Stable,BRL 356 mln bond/note 15-Dec-2031,BRBLMNDBS026
2026-09-25,Argo Transmissao de Energia S.A.,https://www.fitchratings.com/entity/argo-transmissao-de-energia-sa-96643713#issues,National Long Term Rating,AAA(bra),2026-05-22,Review - No Action,Rating Outlook Stable,BRL 257 mln bond/note 15-Dec-2031,BRTRGODBS009
2026-09-25,Arcoverde Transmissao de Energia S.A.,https://www.fitchratings.com/entity/arcoverde-transmissao-de-energia-sa-96798294#issues,National Long Term Rating,AAA(bra),2026-05-22,Review - No Action,Rating Outlook Stable,BRL 34 mln bond/note 15-Jul-2042,BRARCVDBS037
2026-09-25,Vivara Participacoes S.A.,https://www.fitchratings.com/entity/vivara-participacoes-sa-97559261#issues,National Long Term Rating,AAA(bra),2026-05-22,Affirmed,,BRL 300 mln Floating CDI (Brazil) 0.7% bond/note 27-Aug-2030,BRVIVADBS002
2026-09-25,Zamp S.A.,https://www.fitchratings.com/entity/bk-brasil-operacao-e-assessoria-restaurantes-sa-96269281#issues,National Long Term Rating,WD(bra),2026-05-22,Withdrawn,,BRL 600 mln Variable 2.75% bond/note 25-mar-2031,BRZAMPDBS031
2026-09-25,SBF Comercio de Produtos Esportivos S.A.,https://www.fitchratings.com/entity/sbf-comercio-de-produtos-esportivos-sa-97028200#issues,National Long Term Rating,WD(bra),2026-05-22,Withdrawn,,BRL 600 mln Floating CDI (Brazil) bond/note 26-Mar-2031,BRSBFCDBS036
2026-09-25,Delga Industria e Comercio S.A.,https://www.fitchratings.com/entity/delga-industria-e-comercio-sa-97840336#issues,National Long Term Rating,WD(bra),2026-05-20,Withdrawn,,3rd Debentures Issuance - BRL 120 mln Floating CDI (Brazil) 4.50% term loan-19-Dec-2030,
2026-09-25,EDP Transmissao Norte Nordeste II S.A.,https://www.fitchratings.com/entity/edp-transmissao-norte-nordeste-ii-sa-97889713#issues,National Long Term Rating,AAA(bra),2026-05-20,New Rating,Rating Outlook Stable,BRL 685 mln Floating IPCA (Brazil) 6.49% bond/note 15-Sep-2044,BREDSTDBS005
2026-09-25,TGR Subholding 4 S.A.,https://www.fitchratings.com/entity/tgr-subholding-4-sa-97878620#issues,National Long Term Rating,AAA(bra),2026-05-19,New Rating,,BRL 151 mln Floating IPCA (Brazil) bond/note 15-Nov-2038,
2026-09-25,Yinson Boronia Production B.V.,https://www.fitchratings.com/entity/yinson-boronia-production-bv-97599549#issues,Long Term Rating,BB+,2026-05-19,Review - No Action,Rating Outlook Stable,notes,"US98584XAA37, USN9733XAA56"
2026-09-25,Gy Energy Holding III S.A.,https://www.fitchratings.com/entity/gy-energy-holding-iii-sa-97658467#issues,National Long Term Rating,A-(bra),2026-05-18,Downgrade,Rating Watch Negative,BRL 85 mln bond/note 15-Nov-2040,BRGYENDBS009
2026-09-25,ECO050 - Concessionaria de Rodovias S.A.,https://www.fitchratings.com/entity/eco050-concessionaria-de-rodovias-sa-96896274#issues,National Long Term Rating,AA(bra),2026-05-18,Affirmed,Rating Outlook Stable,BRL 63 mln 9.% bond/note 15-Dec-2029,BRRMGGDBS000
2026-09-25,Banco C6 S.A.,https://www.fitchratings.com/entity/banco-c6-sa-97531837#issues,Long Term Rating,WD,2026-05-18,Withdrawn,,USD bond/note*,
2026-09-25,Copel Servicos S.A.,https://www.fitchratings.com/entity/copel-servicos-sa-97607160#issues,National Long Term Rating,AAA(bra),2026-05-15,Affirmed,,BRL 70 mln Floating CDI (Brazil) 1.2% bond/note 15-Apr-2031,
2026-09-25,Copel Distribuicao S.A.,https://www.fitchratings.com/entity/copel-distribuicao-sa-96382097#issues,National Long Term Rating,AAA(bra),2026-05-15,Affirmed,,Copel Dis 9th issuance 1st tranche BRL 750 mln Floating CDI (Brazil) 0.6% bond/note 15-May-2031,BRCPLDDBS0E4
2026-09-25,Copel Distribuicao S.A.,https://www.fitchratings.com/entity/copel-distribuicao-sa-96382097#issues,National Long Term Rating,AAA(bra),2026-05-15,Affirmed,,10th Issue 2nd tranche Series B0 BRL 500 mln floating bond/note 15-Jul-2032,BRCPLDDBS0H7
2026-09-25,Copel Distribuicao S.A.,https://www.fitchratings.com/entity/copel-distribuicao-sa-96382097#issues,National Long Term Rating,AAA(bra),2026-05-15,Affirmed,,10th Issue 1st tranche Series A0 BRL 1.3 bln bond/note 15-Jul-2030,BRCPLDDBS0G9
2026-09-25,Copel Distribuicao S.A.,https://www.fitchratings.com/entity/copel-distribuicao-sa-96382097#issues,National Long Term Rating,AAA(bra),2026-05-15,Affirmed,,10th Issue 3rd tranche BRL 1.2 bln Series C0 bond/note 15-Jul-2037,BRCPLDDBS0I5
2026-09-25,Copel Distribuicao S.A.,https://www.fitchratings.com/entity/copel-distribuicao-sa-96382097#issues,National Long Term Rating,AAA(bra),2026-05-15,Affirmed,,Copel Dis 9th issuance 2nd tranche BRL 1.5 bln Floating IPCA (Brazil) 5.9% bond/note 15-May-2036,BRCPLDDBS0F1
2026-09-25,Copel Distribuicao S.A.,https://www.fitchratings.com/entity/copel-distribuicao-sa-96382097#issues,National Long Term Rating,AAA(bra),2026-05-15,Affirmed,,Copel Dis_11th Deb Issuance_JAN.2038,BRCPLDDBS0J3
2026-09-25,Copel Distribuicao S.A.,https://www.fitchratings.com/entity/copel-distribuicao-sa-96382097#issues,National Long Term Rating,AAA(bra),2026-05-15,Affirmed,,Copel Dis 6th Issuance BRL1.5 bln CDI+1.75% bond/note,BRCPLDDBS085
2026-09-25,Copel Distribuicao S.A.,https://www.fitchratings.com/entity/copel-distribuicao-sa-96382097#issues,National Long Term Rating,AAA(bra),2026-05-15,Affirmed,,BRL 850 mln Floating IPCA (Brazil) 4.2% bond/note 15-Nov-2027,BRCPLDDBS044
2026-09-25,Copel Geracao e Transmissao S.A.,https://www.fitchratings.com/entity/copel-geracao-e-transmissao-sa-96167039#issues,National Long Term Rating,AAA(bra),2026-05-15,Affirmed,,GeT 10th tranche 2 BRL 500 mln Floating CDI (Brazil) 0.59% bond/note,
2026-09-25,Copel Geracao e Transmissao S.A.,https://www.fitchratings.com/entity/copel-geracao-e-transmissao-sa-96167039#issues,National Long Term Rating,AAA(bra),2026-05-15,Affirmed,,BRL 500 mln Floating CDI (Brazil) 0.69% bond/note 15-Sep-2029,
2026-09-25,Copel Geracao e Transmissao S.A.,https://www.fitchratings.com/entity/copel-geracao-e-transmissao-sa-96167039#issues,National Long Term Rating,AAA(bra),2026-05-15,Affirmed,,BRL 800 mln Floating CDI (Brazil) 0.52% bond/note 15-Sep-2029,
2026-09-25,Copel Geracao e Transmissao S.A.,https://www.fitchratings.com/entity/copel-geracao-e-transmissao-sa-96167039#issues,National Long Term Rating,AAA(bra),2026-05-15,Affirmed,,BRL 1.5 bln Floating CDI (Brazil) 1.38% bond/note 15-Oct-2026,BRCPGTDBS073
2026-09-25,Copel Geracao e Transmissao S.A.,https://www.fitchratings.com/entity/copel-geracao-e-transmissao-sa-96167039#issues,National Long Term Rating,AAA(bra),2026-05-15,Affirmed,,BRL 1.3 bln Floating bond/note 25-Dec-2029,BRCPGTDBS0A1
2026-09-25,Copel Geracao e Transmissao S.A.,https://www.fitchratings.com/entity/copel-geracao-e-transmissao-sa-96167039#issues,National Long Term Rating,AAA(bra),2026-05-15,Affirmed,,BRL 1 bln Floating CDI (Brazil) 0.79% bond/note,
2026-09-25,Copel Geracao e Transmissao S.A.,https://www.fitchratings.com/entity/copel-geracao-e-transmissao-sa-96167039#issues,National Long Term Rating,AAA(bra),2026-05-15,Affirmed,,BRL 300 mln Floating CDI (Brazil) 0.95% bond/note 15-Sep-2034,
2026-09-25,Copel Geracao e Transmissao S.A.,https://www.fitchratings.com/entity/copel-geracao-e-transmissao-sa-96167039#issues,National Long Term Rating,AAA(bra),2026-05-15,Affirmed,,Copel GeT_11th Deb Issuance_JAN.2038,BRCPGTDBS0H6
2026-09-25,Copel Geracao e Transmissao S.A.,https://www.fitchratings.com/entity/copel-geracao-e-transmissao-sa-96167039#issues,National Long Term Rating,AAA(bra),2026-05-15,Affirmed,,GeT 10th tranche 1 BRL 500 mln Floating CDI (Brazil) 0.59% bond/note,
2026-09-25,Cutia Empreendimentos Eolicos SA,https://www.fitchratings.com/entity/cutia-empreendimentos-eolicos-sa-96751593#issues,National Long Term Rating,AAA(bra),2026-05-15,Affirmed,,BRL 203 mln Floating bond/note 15-Dec-2031 credit agreement dated as of 20-Mar-2019,BRCTEEDBS007
2026-09-25,Serra do Serido F2 Holding S.A.,https://www.fitchratings.com/entity/serra-do-serido-f2-holding-sa-97582653#issues,National Long Term Rating,AAA(bra),2026-05-15,Affirmed,Rating Outlook Stable,BRL 440 mln Floating IPCA (Brazil) 6.783% bond/note 15-Apr-2042,BRSERIDBS008
2026-09-25,Eco Securitizadora 2022-167-1 (FS),https://www.fitchratings.com/entity/eco-securitizadora-2022-167-1-fs-agri-97376143#issues,National Long Term Rating,PIFsf(bra),2026-05-15,Paid In Full,,loans ser 1,BRECOACRA9T9
2026-09-25,Cemig Distribuicao S.A.,https://www.fitchratings.com/entity/cemig-distribuicao-sa-83827065#issues,National Long Term Rating,NR,2026-05-15,Matured,,Cemig D_9a Deb Issuance_BRL 2 bln_2026,BRCMGDDBS0C8
2026-09-25,Via Brasil MT 320 Concessionaria De Rodovias S.A.,https://www.fitchratings.com/entity/via-brasil-mt-320-concessionaria-de-rodovias-sa-97134673#issues,National Long Term Rating,BB(bra),2026-05-14,Rating Watch Maintained,Rating Watch Negative,BRL 135 mln bond/note 15-Dec-2036,BRVIMTDBS001
2026-09-25,Ampla Energia e Servicos S.A.,https://www.fitchratings.com/entity/ampla-energia-e-servicos-sa-96591706#issues,National Short Term Rating,F1+(bra),2026-05-13,New Rating,,2nd Commercial Notes Issue  BRL 1800 mln Floating CDI (Brazil) 2% CDI bond/note 29-Oct-2030,
2026-09-25,FIDC IV Energisa Centro Oeste,https://www.fitchratings.com/entity/fundo-de-investimento-em-direitos-creditorios-np-energisa-iv-centro-oeste-96219538#issues,National Long Term Rating,AAAsf(bra),2026-05-12,Affirmed,Rating Outlook Stable,securities,BREGCOCTF020
2026-09-25,FIDC IV Energisa Centro Oeste,https://www.fitchratings.com/entity/fundo-de-investimento-em-direitos-creditorios-np-energisa-iv-centro-oeste-96219538#issues,National Long Term Rating,AAAsf(bra),2026-05-12,Affirmed,Rating Outlook Stable,securities,BREGCOCTF004
2026-09-25,FUNDO DE INVESTIMENTO EM DIREITOS CREDITÓRIOS CREDITAS AUTO XII,https://www.fitchratings.com/entity/fundo-de-investimento-em-direitos-creditorios-creditas-auto-xii-97832556#issues,National Long Term Rating,AAAsf(bra),2026-05-07,Affirmed,Rating Outlook Stable,notes ser 9,BR0NYCCTF046
2026-09-25,FUNDO DE INVESTIMENTO EM DIREITOS CREDITÓRIOS CREDITAS AUTO XII,https://www.fitchratings.com/entity/fundo-de-investimento-em-direitos-creditorios-creditas-auto-xii-97832556#issues,National Long Term Rating,AAAsf(bra),2026-05-07,New Rating,Rating Outlook Stable,notes ser 9,
2026-09-25,FUNDO DE INVESTIMENTO EM DIREITOS CREDITÓRIOS CREDITAS AUTO XII,https://www.fitchratings.com/entity/fundo-de-investimento-em-direitos-creditorios-creditas-auto-xii-97832556#issues,National Long Term Rating,AAAsf(bra),2026-05-07,Affirmed,Rating Outlook Stable,notes ser 9,BR0NYCCTF020
2026-09-25,FUNDO DE INVESTIMENTO EM DIREITOS CREDITÓRIOS CREDITAS AUTO XII,https://www.fitchratings.com/entity/fundo-de-investimento-em-direitos-creditorios-creditas-auto-xii-97832556#issues,National Long Term Rating,AA-sf(bra),2026-05-07,Affirmed,Rating Outlook Stable,notes ser 9,BR0NYCCTF053
2026-09-25,FUNDO DE INVESTIMENTO EM DIREITOS CREDITÓRIOS CREDITAS AUTO XII,https://www.fitchratings.com/entity/fundo-de-investimento-em-direitos-creditorios-creditas-auto-xii-97832556#issues,National Long Term Rating,A-sf(bra),2026-05-07,New Rating,Rating Outlook Stable,notes ser 9,
2026-09-25,FUNDO DE INVESTIMENTO EM DIREITOS CREDITÓRIOS CREDITAS AUTO XII,https://www.fitchratings.com/entity/fundo-de-investimento-em-direitos-creditorios-creditas-auto-xii-97832556#issues,National Long Term Rating,A-sf(bra),2026-05-07,Affirmed,Rating Outlook Stable,notes ser 9,BR0NYCCTF004
2026-09-25,FUNDO DE INVESTIMENTO EM DIREITOS CREDITÓRIOS CREDITAS AUTO XII,https://www.fitchratings.com/entity/fundo-de-investimento-em-direitos-creditorios-creditas-auto-xii-97832556#issues,National Long Term Rating,AA-sf(bra),2026-05-07,New Rating,Rating Outlook Stable,notes ser 9,
2026-09-25,FUNDO DE INVESTIMENTO EM DIREITOS CREDITÓRIOS CREDITAS AUTO XII,https://www.fitchratings.com/entity/fundo-de-investimento-em-direitos-creditorios-creditas-auto-xii-97832556#issues,National Long Term Rating,A-sf(bra),2026-05-07,Affirmed,Rating Outlook Stable,notes ser 9,BR0NYCCTF061
2026-09-25,FUNDO DE INVESTIMENTO EM DIREITOS CREDITÓRIOS CREDITAS AUTO XII,https://www.fitchratings.com/entity/fundo-de-investimento-em-direitos-creditorios-creditas-auto-xii-97832556#issues,National Long Term Rating,AA-sf(bra),2026-05-07,Affirmed,Rating Outlook Stable,notes ser 9,BR0NYCCTF012
2026-09-25,"Vert Cia Securitizadora 2023-92-1,2,3,4 (Belagricola)",https://www.fitchratings.com/entity/vert-companhia-securitizadora-2023-92-1-2-3-4-belagricola-97567120#issues,National Long Term Rating,PIFsf(bra),2026-05-06,Paid In Full,,notes ser 4,BRVERTCRA435
2026-09-25,"Vert Cia Securitizadora 2023-91-1,2,3,4 (Belagricola)",https://www.fitchratings.com/entity/vert-companhia-securitizadora-2023-91-1-2-3-4-belagricola-97561692#issues,National Long Term Rating,PIFsf(bra),2026-05-06,Paid In Full,,notes ser 4,BRVERTCRA3Z2
2026-09-25,"Vert Cia Securitizadora 2023-91-1,2,3,4 (Belagricola)",https://www.fitchratings.com/entity/vert-companhia-securitizadora-2023-91-1-2-3-4-belagricola-97561692#issues,National Long Term Rating,PIFsf(bra),2026-05-06,Paid In Full,,notes ser 4,BRVERTCRA3Y5
2026-09-25,Santa Vitoria do Palmar Energias Renovaveis S.A.,https://www.fitchratings.com/entity/santa-vitoria-do-palmar-energias-renovaveis-sa-96512668#issues,National Long Term Rating,AAA(bra),2026-05-04,Affirmed,Rating Outlook Stable,BRL 46 mln bond/note 15-Sep-2031,BRSVTRDBS033
2026-09-25,Aguas do Paraiba S.A.,https://www.fitchratings.com/entity/aguas-do-paraiba-sa-97598672#issues,National Long Term Rating,AAA(bra),2026-05-04,Affirmed,,BRL 153.9 mln debentures due 2044,BRAGPBDBS018
2026-09-25,Aguas da Imperatriz S.A.,https://www.fitchratings.com/entity/aguas-da-imperatriz-sa-97766000#issues,National Long Term Rating,AAA(bra),2026-05-04,Affirmed,,BRL 250 mln 7.732% bond/note 15-Mar-2047,BRAGIZDBS004
2026-09-25,Aguas da Imperatriz S.A.,https://www.fitchratings.com/entity/aguas-da-imperatriz-sa-97766000#issues,National Long Term Rating,AAA(bra),2026-05-04,Affirmed,,BRL 155 mln 8.038% bond/note 15-Mar-2047,BRAGIZDBS012
2026-09-25,Aguas da Imperatriz S.A.,https://www.fitchratings.com/entity/aguas-da-imperatriz-sa-97766000#issues,National Long Term Rating,AAA(bra),2026-05-04,Affirmed,,BRL 95 mln 8.036% bond/note 15-Mar-2047,BRAGIZDBS020
2026-09-25,Concessionaria Aguas de Juturnaiba S.A.,https://www.fitchratings.com/entity/concessionaria-aguas-de-juturnaiba-sa-97070967#issues,National Long Term Rating,AAA(bra),2026-05-04,Affirmed,,BRL 126 mln bond/note,BRCAJSDBS014
2026-09-25,Concessionaria Aguas de Juturnaiba S.A.,https://www.fitchratings.com/entity/concessionaria-aguas-de-juturnaiba-sa-97070967#issues,National Long Term Rating,AAA(bra),2026-05-04,Affirmed,,1st Debentures due 2040_Juturnaiba,BRCAJSDBS006
2026-09-25,Companhia Energetica Sinop S.A.,https://www.fitchratings.com/entity/companhia-energetica-sinop-sa-96152663#issues,National Long Term Rating,AA(bra),2026-05-04,Affirmed,Rating Outlook Positive,BRL 163 mln bond/note 15-Jun-2032,BRCSNPDBS022
2026-09-25,Smartfit Escola de Ginastica e Danca S.A.,https://www.fitchratings.com/entity/smartfit-escola-de-ginastica-e-danca-sa-96173422#issues,National Long Term Rating,AA+(bra),2026-05-04,Affirmed,,BRL 450 mln Floating CDI (Brazil) 1.1% bond/note 18-Jul-2029,BRSMFTDBS0C3
2026-09-25,Smartfit Escola de Ginastica e Danca S.A.,https://www.fitchratings.com/entity/smartfit-escola-de-ginastica-e-danca-sa-96173422#issues,National Long Term Rating,AA+(bra),2026-05-04,Affirmed,,3rd series BRL 200 mln Floating CDI (Brazil) 0.95% bond/note 09-Oct-2035,BRSMFTDBS0H2
2026-09-25,Smartfit Escola de Ginastica e Danca S.A.,https://www.fitchratings.com/entity/smartfit-escola-de-ginastica-e-danca-sa-96173422#issues,National Long Term Rating,AA+(bra),2026-05-04,Affirmed,,2nd series BRL 300 mln Floating CDI (Brazil) 0.68% bond/note 09-Oct-2032,BRSMFTDBS0G4
2026-09-25,Smartfit Escola de Ginastica e Danca S.A.,https://www.fitchratings.com/entity/smartfit-escola-de-ginastica-e-danca-sa-96173422#issues,National Long Term Rating,AA+(bra),2026-05-04,Affirmed,,BRL 300 mln Floating CDI (Brazil) 0.89% bond/note 30-Oct-2029,BRSMFTDBS0D1
2026-09-25,Smartfit Escola de Ginastica e Danca S.A.,https://www.fitchratings.com/entity/smartfit-escola-de-ginastica-e-danca-sa-96173422#issues,National Long Term Rating,AA+(bra),2026-05-04,Affirmed,,BRL 536 mln Floating CDI (Brazil) 0.6% Series A2 bond/note 04-Sep-2030,BRSMFTDBS0E9
2026-09-25,Smartfit Escola de Ginastica e Danca S.A.,https://www.fitchratings.com/entity/smartfit-escola-de-ginastica-e-danca-sa-96173422#issues,National Long Term Rating,AA+(bra),2026-05-04,Affirmed,,BRL 1.12 bln Floating CDI (Brazil) 0.63%  Series A4 bond/note 15-Mar-2031,BRSMFTDBS0I0
2026-09-25,Smartfit Escola de Ginastica e Danca S.A.,https://www.fitchratings.com/entity/smartfit-escola-de-ginastica-e-danca-sa-96173422#issues,National Long Term Rating,AA+(bra),2026-05-04,Affirmed,,BRL 600 mln Floating CDI (Brazil) 1.95% bond/note 20-Oct-2030,BRSMFTDBS094
2026-09-25,Smartfit Escola de Ginastica e Danca S.A.,https://www.fitchratings.com/entity/smartfit-escola-de-ginastica-e-danca-sa-96173422#issues,National Long Term Rating,AA+(bra),2026-05-04,Affirmed,,1st series BRL 500 mln Floating CDI (Brazil) 0.58% bond/note 09-Oct-2030,BRSMFTDBS0F6
2026-09-25,Smartfit Escola de Ginastica e Danca S.A.,https://www.fitchratings.com/entity/smartfit-escola-de-ginastica-e-danca-sa-96173422#issues,National Long Term Rating,AA+(bra),2026-05-04,Affirmed,,BRL 200 mln Floating CDI (Brazil) 0.75% bond/note 15-Mar-2033,BRSMFTDBS0J8
2026-09-25,Energisa S.A.,https://www.fitchratings.com/entity/energisa-sa-83598865#issues,National Long Term Rating,AA+(bra),2026-04-30,Downgrade,,BRL 500 mln bond/note 15-Sep-2029,"BRENGIDBS0X6, BRENGIDBS0Y4"
2026-09-25,Energisa S.A.,https://www.fitchratings.com/entity/energisa-sa-83598865#issues,National Long Term Rating,AA+(bra),2026-04-30,Downgrade,,ESA_13 deb issuance - BRL576mln - 2025,BRENGIDBS0N7
2026-09-25,Energisa S.A.,https://www.fitchratings.com/entity/energisa-sa-83598865#issues,National Long Term Rating,AA+(bra),2026-04-30,Downgrade,,9th debenture  BRL 21.44 mln 5.107% bond/note 15-Oct-2027,BRENGIDBS0G1
2026-09-25,Energisa S.A.,https://www.fitchratings.com/entity/energisa-sa-83598865#issues,National Long Term Rating,AA+(bra),2026-04-30,Downgrade,,BRL 793.44 mln 6.404% Series C0 bond/note 15-Apr-2039,BRENGIDBS168
2026-09-25,Energisa S.A.,https://www.fitchratings.com/entity/energisa-sa-83598865#issues,National Long Term Rating,AA+(bra),2026-04-30,Downgrade,,BRL 1.84 bln bond/note 30-Sep-2033,
2026-09-25,Energisa S.A.,https://www.fitchratings.com/entity/energisa-sa-83598865#issues,National Long Term Rating,AA+(bra),2026-04-30,Downgrade,,BRL 730 mln bond/note 30-Jun-2034,
2026-09-25,Energisa S.A.,https://www.fitchratings.com/entity/energisa-sa-83598865#issues,National Long Term Rating,AA+(bra),2026-04-30,Downgrade,,ESA_21a Deb Issuance Floating Series 21 (1st serie) 04-Sep-2029,BRENGIDBS184
2026-09-25,Energisa S.A.,https://www.fitchratings.com/entity/energisa-sa-83598865#issues,National Long Term Rating,AA+(bra),2026-04-30,Downgrade,,BRL 480 mln bond/note 15-Oct-2027,"BRENGIDBS0O5, BRENGIDBS0P2"
2026-09-25,Energisa S.A.,https://www.fitchratings.com/entity/energisa-sa-83598865#issues,National Long Term Rating,AA+(bra),2026-04-30,Downgrade,,ESA_21a Deb Issuance (2nd serie)_975mln_2034,
2026-09-25,Energisa S.A.,https://www.fitchratings.com/entity/energisa-sa-83598865#issues,National Long Term Rating,AA+(bra),2026-04-30,Downgrade,,ESA_21a Deb Issuance (3rd serie)_975mln_2034,
2026-09-25,Energisa S.A.,https://www.fitchratings.com/entity/energisa-sa-83598865#issues,National Long Term Rating,AA+(bra),2026-04-30,Downgrade,,ESA_23a Deb Issuance (2nd series)_BRL450mln_2030,
2026-09-25,Energisa S.A.,https://www.fitchratings.com/entity/energisa-sa-83598865#issues,National Long Term Rating,AA+(bra),2026-04-30,Downgrade,,ESA_New Deb Issuance_BRL 1.33 bln bond/note,
2026-09-25,Energisa S.A.,https://www.fitchratings.com/entity/energisa-sa-83598865#issues,National Long Term Rating,AA+(bra),2026-04-30,Downgrade,,ESA_23a Deb Issuance (1st series)_BRL450mln_2030,
2026-09-25,Energisa S.A.,https://www.fitchratings.com/entity/energisa-sa-83598865#issues,National Long Term Rating,AA+(bra),2026-04-30,Downgrade,,ESA_24a Deb Issuance (bullet)_BRL3.9bi_2032,
2026-09-25,Energisa S.A.,https://www.fitchratings.com/entity/energisa-sa-83598865#issues,National Long Term Rating,AA+(bra),2026-04-30,Downgrade,,ESA_16a Deb Issuance_BRL 250 mln_2032,"BRENGIDBS0U2, BRENGIDBS0W8"
2026-09-25,Energisa Sergipe - Distribuidora de Energia S/A,https://www.fitchratings.com/entity/energisa-sergipe-distribuidora-de-energia-s-a-83215018#issues,National Long Term Rating,AA+(bra),2026-04-30,Downgrade,,ESE_15th Deb Isuance_1st Serie_BRL100mln_2036,
2026-09-25,Energisa Sergipe - Distribuidora de Energia S/A,https://www.fitchratings.com/entity/energisa-sergipe-distribuidora-de-energia-s-a-83215018#issues,National Long Term Rating,AA+(bra),2026-04-30,Downgrade,,ESE_15th Deb Isuance_2nd Serie_BRL100mln_2041,
2026-09-25,Energisa Sergipe - Distribuidora de Energia S/A,https://www.fitchratings.com/entity/energisa-sergipe-distribuidora-de-energia-s-a-83215018#issues,National Long Term Rating,AA+(bra),2026-04-30,Downgrade,,11a Deb Issuance - BRL 68 mln bond/note,"BRENSEDBS0J5, BRENSEDBS0K3"
2026-09-25,Energisa Sergipe - Distribuidora de Energia S/A,https://www.fitchratings.com/entity/energisa-sergipe-distribuidora-de-energia-s-a-83215018#issues,National Long Term Rating,AA+(bra),2026-04-30,Downgrade,,7th deb issuance BRL 50 mln 2029,BRENSEDBS0D8
2026-09-25,Energisa Minas Rio - Distribuidora de Energia S.A.,https://www.fitchratings.com/entity/energisa-minas-gerais-distribuidora-de-energia-s-a-83598868#issues,National Long Term Rating,AA+(bra),2026-04-30,Downgrade,,BRL 30 mln bond/note 15-Sep-2027,BRFLCLDBS0K3
2026-09-25,Energisa Minas Rio - Distribuidora de Energia S.A.,https://www.fitchratings.com/entity/energisa-minas-gerais-distribuidora-de-energia-s-a-83598868#issues,National Long Term Rating,AA+(bra),2026-04-30,Downgrade,,EMR_18th Deb_2nd Serie_BRL100m_2031,
2026-09-25,Energisa Minas Rio - Distribuidora de Energia S.A.,https://www.fitchratings.com/entity/energisa-minas-gerais-distribuidora-de-energia-s-a-83598868#issues,National Long Term Rating,AA+(bra),2026-04-30,Downgrade,,11th deb issuance BRL 70 mln 2029,"BRFLCLDBS0E6, BRFLCLDBS0F3"
2026-09-25,Energisa Minas Rio - Distribuidora de Energia S.A.,https://www.fitchratings.com/entity/energisa-minas-gerais-distribuidora-de-energia-s-a-83598868#issues,National Long Term Rating,AA+(bra),2026-04-30,Downgrade,,EMR_18th Deb_1st Serie_BRL90m_2029,
2026-09-25,Energisa Minas Rio - Distribuidora de Energia S.A.,https://www.fitchratings.com/entity/energisa-minas-gerais-distribuidora-de-energia-s-a-83598868#issues,National Long Term Rating,AA+(bra),2026-04-30,Downgrade,,EMR_19th Deb Issuance_2nd Serie_BRL130mln_2040,
2026-09-25,Energisa Minas Rio - Distribuidora de Energia S.A.,https://www.fitchratings.com/entity/energisa-minas-gerais-distribuidora-de-energia-s-a-83598868#issues,National Long Term Rating,AA+(bra),2026-04-30,Downgrade,,EMG_1a Notas Comerciais_BRL 100 mln_2026,BRFLCLNCM006
2026-09-25,Energisa Minas Rio - Distribuidora de Energia S.A.,https://www.fitchratings.com/entity/energisa-minas-gerais-distribuidora-de-energia-s-a-83598868#issues,National Long Term Rating,AA+(bra),2026-04-30,Downgrade,,EMR_19th Deb Issuance_1st Serie_BRL135mln_2035,
2026-09-25,Energisa Tocantins - Distribuidora de Energia S/A,https://www.fitchratings.com/entity/energisa-tocantins-distribuidora-de-energia-s-a-96689844#issues,National Long Term Rating,AA+(bra),2026-04-30,Downgrade,,ETO_12th Deb Issuance (2nd Series)_BRL 160 mln_2032,
2026-09-25,Energisa Tocantins - Distribuidora de Energia S/A,https://www.fitchratings.com/entity/energisa-tocantins-distribuidora-de-energia-s-a-96689844#issues,National Long Term Rating,AA+(bra),2026-04-30,Downgrade,,ETO_13th Deb_1st Series_BRL370mln_2035,
2026-09-25,Energisa Tocantins - Distribuidora de Energia S/A,https://www.fitchratings.com/entity/energisa-tocantins-distribuidora-de-energia-s-a-96689844#issues,National Long Term Rating,AA+(bra),2026-04-30,Downgrade,,ETO_13th Deb_2nd Series_BRL30mln_2040,
2026-09-25,Energisa Tocantins - Distribuidora de Energia S/A,https://www.fitchratings.com/entity/energisa-tocantins-distribuidora-de-energia-s-a-96689844#issues,National Long Term Rating,AA+(bra),2026-04-30,Downgrade,,ETO_15th Deb Isuance_2nd Serie_BRL165mln_2041,
2026-09-25,Energisa Tocantins - Distribuidora de Energia S/A,https://www.fitchratings.com/entity/energisa-tocantins-distribuidora-de-energia-s-a-96689844#issues,National Long Term Rating,AA+(bra),2026-04-30,Downgrade,,5th deb issuance BRL 400 mln 2029,"BRCTNSDBS065, BRCTNSDBS073"
2026-09-25,Energisa Tocantins - Distribuidora de Energia S/A,https://www.fitchratings.com/entity/energisa-tocantins-distribuidora-de-energia-s-a-96689844#issues,National Long Term Rating,AA+(bra),2026-04-30,Downgrade,,ETO_14th Deb Issuance_BRL 460 mln_NOV.2045,
2026-09-25,Energisa Tocantins - Distribuidora de Energia S/A,https://www.fitchratings.com/entity/energisa-tocantins-distribuidora-de-energia-s-a-96689844#issues,National Long Term Rating,AA+(bra),2026-04-30,Downgrade,,ETO_15th Deb Isuance_1st Serie_BRL165mln_2036,
2026-09-25,Energisa Tocantins - Distribuidora de Energia S/A,https://www.fitchratings.com/entity/energisa-tocantins-distribuidora-de-energia-s-a-96689844#issues,National Long Term Rating,AA+(bra),2026-04-30,Downgrade,,ETO_12th Deb Issuance (1st Series)_BRL 160 mln_2030,
2026-09-25,Energisa Paraiba - Distribuidora de Energia S/A,https://www.fitchratings.com/entity/energisa-paraiba-distribuidora-de-energia-s-a-83215024#issues,National Long Term Rating,AA+(bra),2026-04-30,Downgrade,,EPB_17th Deb Isuance_1st Serie_BRL250mln_2035,
2026-09-25,Energisa Paraiba - Distribuidora de Energia S/A,https://www.fitchratings.com/entity/energisa-paraiba-distribuidora-de-energia-s-a-83215024#issues,National Long Term Rating,AA+(bra),2026-04-30,Downgrade,,EPB_17th Deb Issuance_2nd Serie_BRL245mln_2040,
2026-09-25,Energisa Paraiba - Distribuidora de Energia S/A,https://www.fitchratings.com/entity/energisa-paraiba-distribuidora-de-energia-s-a-83215024#issues,National Long Term Rating,AA+(bra),2026-04-30,Downgrade,,11a deb issuance - BRL 63 mln counterparty 15-Jan-2030,"BRSAELDBS0E2, BRSAELDBS0F9"
2026-09-25,Energisa Paraiba - Distribuidora de Energia S/A,https://www.fitchratings.com/entity/energisa-paraiba-distribuidora-de-energia-s-a-83215024#issues,National Long Term Rating,AA+(bra),2026-04-30,Downgrade,,EPB_16th Deb Isuance_2nd Serie_BRL100mln_2032,BRSAELDBS0O1
2026-09-25,Energisa Paraiba - Distribuidora de Energia S/A,https://www.fitchratings.com/entity/energisa-paraiba-distribuidora-de-energia-s-a-83215024#issues,National Long Term Rating,AA+(bra),2026-04-30,Downgrade,,EPB_8a deb issuance - BRL147mln - 2025,BRSAELDBS0B8
2026-09-25,Energisa Paraiba - Distribuidora de Energia S/A,https://www.fitchratings.com/entity/energisa-paraiba-distribuidora-de-energia-s-a-83215024#issues,National Long Term Rating,AA+(bra),2026-04-30,Downgrade,,BRL 174.25 mln 6.404% Series 13 bond/note 15-Apr-2039,BRSAELDBS0J1
2026-09-25,Energisa Paraiba - Distribuidora de Energia S/A,https://www.fitchratings.com/entity/energisa-paraiba-distribuidora-de-energia-s-a-83215024#issues,National Long Term Rating,AA+(bra),2026-04-30,Downgrade,,EPB_18th Deb Isuance_2nd Serie_BRL125mln_2041,
2026-09-25,Energisa Paraiba - Distribuidora de Energia S/A,https://www.fitchratings.com/entity/energisa-paraiba-distribuidora-de-energia-s-a-83215024#issues,National Long Term Rating,AA+(bra),2026-04-30,Downgrade,,EPB_14a Deb Issuance Series A4 (1st serie) 04-Sep-2029,BRSAELDBS0L7
2026-09-25,Energisa Paraiba - Distribuidora de Energia S/A,https://www.fitchratings.com/entity/energisa-paraiba-distribuidora-de-energia-s-a-83215024#issues,National Long Term Rating,AA+(bra),2026-04-30,Downgrade,,EPB_16th Deb Isuance_1st Serie_BRL100mln_2030,BRSAELDBS0N3
2026-09-25,Energisa Paraiba - Distribuidora de Energia S/A,https://www.fitchratings.com/entity/energisa-paraiba-distribuidora-de-energia-s-a-83215024#issues,National Long Term Rating,AA+(bra),2026-04-30,Downgrade,,6th deb issuance BRL 120 mln 2029,"BRSAELDBS073, BRSAELDBS081"
2026-09-25,Energisa Paraiba - Distribuidora de Energia S/A,https://www.fitchratings.com/entity/energisa-paraiba-distribuidora-de-energia-s-a-83215024#issues,National Long Term Rating,AA+(bra),2026-04-30,Downgrade,,EPB_14a Deb Issuance (2nd serie)_80 mln_2031,
2026-09-25,Energisa Paraiba - Distribuidora de Energia S/A,https://www.fitchratings.com/entity/energisa-paraiba-distribuidora-de-energia-s-a-83215024#issues,National Long Term Rating,AA+(bra),2026-04-30,Downgrade,,EPB_18th Deb Isuance_1st Serie_BRL125mln_2036,
2026-09-25,Linhas de Taubate Transmissora de Energia S.A.,https://www.fitchratings.com/entity/linhas-de-taubate-transmissora-de-energia-sa-95105090#issues,National Long Term Rating,AA+(bra),2026-04-30,Downgrade,,BRL 410 mln Floating IPCA (Brazil) 5.09% bond/note 15-Oct-2038,BRLTTEDBS048
2026-09-25,Energisa Mato Grosso do Sul - Distribuidora de Energia S.A.,https://www.fitchratings.com/entity/energisa-mato-grosso-do-sul-distribuidora-de-energia-sa-96223276#issues,National Long Term Rating,AA+(bra),2026-04-30,Downgrade,,BRL 270 mln bond/note 15-Sep-2034,BRENERDBS0T5
2026-09-25,Energisa Mato Grosso do Sul - Distribuidora de Energia S.A.,https://www.fitchratings.com/entity/energisa-mato-grosso-do-sul-distribuidora-de-energia-sa-96223276#issues,National Long Term Rating,AA+(bra),2026-04-30,Downgrade,,EMS_26st Deb_2nd Serie_BRL30m_2035,
2026-09-25,Energisa Mato Grosso do Sul - Distribuidora de Energia S.A.,https://www.fitchratings.com/entity/energisa-mato-grosso-do-sul-distribuidora-de-energia-sa-96223276#issues,National Long Term Rating,AA+(bra),2026-04-30,Downgrade,,EMS_26st Deb_3rd Serie_BRL30m_2040,
2026-09-25,Energisa Mato Grosso do Sul - Distribuidora de Energia S.A.,https://www.fitchratings.com/entity/energisa-mato-grosso-do-sul-distribuidora-de-energia-sa-96223276#issues,National Long Term Rating,AA+(bra),2026-04-30,Downgrade,,EMS_23a Deb Issuance (2nd serie)_295mln_2031,
2026-09-25,Energisa Mato Grosso do Sul - Distribuidora de Energia S.A.,https://www.fitchratings.com/entity/energisa-mato-grosso-do-sul-distribuidora-de-energia-sa-96223276#issues,National Long Term Rating,AA+(bra),2026-04-30,Downgrade,,BRL 400 mln bond/note,"BRENERNCM008, BRENERNCM016"
2026-09-25,Energisa Mato Grosso do Sul - Distribuidora de Energia S.A.,https://www.fitchratings.com/entity/energisa-mato-grosso-do-sul-distribuidora-de-energia-sa-96223276#issues,National Long Term Rating,AA+(bra),2026-04-30,Downgrade,,EMS_25st Deb_2nd Serie_BRL100m_2031,
2026-09-25,Energisa Mato Grosso do Sul - Distribuidora de Energia S.A.,https://www.fitchratings.com/entity/energisa-mato-grosso-do-sul-distribuidora-de-energia-sa-96223276#issues,National Long Term Rating,AA+(bra),2026-04-30,Downgrade,,EMS-16a deb issuance -BRL 330 mln bond/note,"BRENERDBS0F4, BRENERDBS0G2"
2026-09-25,Energisa Mato Grosso do Sul - Distribuidora de Energia S.A.,https://www.fitchratings.com/entity/energisa-mato-grosso-do-sul-distribuidora-de-energia-sa-96223276#issues,National Long Term Rating,AA+(bra),2026-04-30,Downgrade,,EMS_26st Deb_1st Serie_BRL350m_2032,
2026-09-25,Energisa Mato Grosso do Sul - Distribuidora de Energia S.A.,https://www.fitchratings.com/entity/energisa-mato-grosso-do-sul-distribuidora-de-energia-sa-96223276#issues,National Long Term Rating,AA+(bra),2026-04-30,Downgrade,,BRL 75 mln bond/note 15-Aug-2027,BRENERDBS0H0
2026-09-25,Energisa Mato Grosso do Sul - Distribuidora de Energia S.A.,https://www.fitchratings.com/entity/energisa-mato-grosso-do-sul-distribuidora-de-energia-sa-96223276#issues,National Long Term Rating,AA+(bra),2026-04-30,Downgrade,,EMS_25st Deb_1st Serie_BRL90m_2029,
2026-09-25,Energisa Mato Grosso do Sul - Distribuidora de Energia S.A.,https://www.fitchratings.com/entity/energisa-mato-grosso-do-sul-distribuidora-de-energia-sa-96223276#issues,National Long Term Rating,AA+(bra),2026-04-30,Downgrade,,EMS_23a Deb Issuance (1st serie)_295mln_2031,
2026-09-25,Energisa Mato Grosso do Sul - Distribuidora de Energia S.A.,https://www.fitchratings.com/entity/energisa-mato-grosso-do-sul-distribuidora-de-energia-sa-96223276#issues,National Long Term Rating,AA+(bra),2026-04-30,Downgrade,,BRL 400 mln bond/note 15-Feb-2031,
2026-09-25,Energisa Mato Grosso - Distribuidora de Energia S.A.,https://www.fitchratings.com/entity/energisa-mato-grosso-distribuidora-de-energia-sa-96223279#issues,National Long Term Rating,AA+(bra),2026-04-30,Downgrade,,EMT_22th Deb Issuance_2nd Serie_BRL100m_ 2031,
2026-09-25,Energisa Mato Grosso - Distribuidora de Energia S.A.,https://www.fitchratings.com/entity/energisa-mato-grosso-distribuidora-de-energia-sa-96223279#issues,National Long Term Rating,AA+(bra),2026-04-30,Downgrade,,BRL 460 mln Floating Series A8 bond/note 15-Apr-2029,BRENMTDBS0K2
2026-09-25,Energisa Mato Grosso - Distribuidora de Energia S.A.,https://www.fitchratings.com/entity/energisa-mato-grosso-distribuidora-de-energia-sa-96223279#issues,National Long Term Rating,AA+(bra),2026-04-30,Downgrade,,EMT_23th Deb Isuance_1st Serie_BRL400mln_2030,
2026-09-25,Energisa Mato Grosso - Distribuidora de Energia S.A.,https://www.fitchratings.com/entity/energisa-mato-grosso-distribuidora-de-energia-sa-96223279#issues,National Long Term Rating,AA+(bra),2026-04-30,Downgrade,,EMT_20a Deb Issuance (1st serie) 04-Sep-2029,BRENMTDBS0P1
2026-09-25,Energisa Mato Grosso - Distribuidora de Energia S.A.,https://www.fitchratings.com/entity/energisa-mato-grosso-distribuidora-de-energia-sa-96223279#issues,National Long Term Rating,AA+(bra),2026-04-30,Downgrade,,EMT_28th Deb Isuance_2nd Serie_BRL500mln_2041,
2026-09-25,Energisa Mato Grosso - Distribuidora de Energia S.A.,https://www.fitchratings.com/entity/energisa-mato-grosso-distribuidora-de-energia-sa-96223279#issues,National Long Term Rating,AA+(bra),2026-04-30,Downgrade,,EMT_22th Deb Issuance_1st Serie_BRL1bi_ 2029,
2026-09-25,Energisa Mato Grosso - Distribuidora de Energia S.A.,https://www.fitchratings.com/entity/energisa-mato-grosso-distribuidora-de-energia-sa-96223279#issues,National Long Term Rating,AA+(bra),2026-04-30,Downgrade,,10th deb issuance BRL 150 mln 2029,"BRENMTDBS064, BRENMTDBS080"
2026-09-25,Energisa Mato Grosso - Distribuidora de Energia S.A.,https://www.fitchratings.com/entity/energisa-mato-grosso-distribuidora-de-energia-sa-96223279#issues,National Long Term Rating,AA+(bra),2026-04-30,Downgrade,,EMT_26th Deb Issuance_1st Serie_BRL165mln_2035,
2026-09-25,Energisa Mato Grosso - Distribuidora de Energia S.A.,https://www.fitchratings.com/entity/energisa-mato-grosso-distribuidora-de-energia-sa-96223279#issues,National Long Term Rating,AA+(bra),2026-04-30,Downgrade,,EMT_24th Deb Isuance_2nd Serie_BRL30mln_2035,
2026-09-25,Energisa Mato Grosso - Distribuidora de Energia S.A.,https://www.fitchratings.com/entity/energisa-mato-grosso-distribuidora-de-energia-sa-96223279#issues,National Long Term Rating,AA+(bra),2026-04-30,Downgrade,,EMT_24th Deb Isuance_3rd Serie_BRL30mln_2040,
2026-09-25,Energisa Mato Grosso - Distribuidora de Energia S.A.,https://www.fitchratings.com/entity/energisa-mato-grosso-distribuidora-de-energia-sa-96223279#issues,National Long Term Rating,AA+(bra),2026-04-30,Downgrade,,EMT_22th Deb Issuance_3rs Serie_BRL80m_ 2034,
2026-09-25,Energisa Mato Grosso - Distribuidora de Energia S.A.,https://www.fitchratings.com/entity/energisa-mato-grosso-distribuidora-de-energia-sa-96223279#issues,National Long Term Rating,AA+(bra),2026-04-30,Downgrade,,EMT_28th Deb Isuance_1st Serie_BRL500mln_2036,
2026-09-25,Energisa Mato Grosso - Distribuidora de Energia S.A.,https://www.fitchratings.com/entity/energisa-mato-grosso-distribuidora-de-energia-sa-96223279#issues,National Long Term Rating,AA+(bra),2026-04-30,Downgrade,,EMT_23th Deb Isuance_2nd Serie_BRL400mln_2032,
2026-09-25,Energisa Mato Grosso - Distribuidora de Energia S.A.,https://www.fitchratings.com/entity/energisa-mato-grosso-distribuidora-de-energia-sa-96223279#issues,National Long Term Rating,AA+(bra),2026-04-30,Downgrade,,EMT_24th Deb Isuance_1st Serie_BRL300mln_2032,
2026-09-25,Energisa Mato Grosso - Distribuidora de Energia S.A.,https://www.fitchratings.com/entity/energisa-mato-grosso-distribuidora-de-energia-sa-96223279#issues,National Long Term Rating,AA+(bra),2026-04-30,Downgrade,,EMT_20a Deb Issuance (2nd serie)_140mln_2031,
2026-09-25,Energisa Mato Grosso - Distribuidora de Energia S.A.,https://www.fitchratings.com/entity/energisa-mato-grosso-distribuidora-de-energia-sa-96223279#issues,National Long Term Rating,AA+(bra),2026-04-30,Downgrade,,EMT_15a Deb Issuance_BRL 260 mln_2032,"BRENMTDBS0F2, BRENMTDBS0G0"
2026-09-25,Energisa Mato Grosso - Distribuidora de Energia S.A.,https://www.fitchratings.com/entity/energisa-mato-grosso-distribuidora-de-energia-sa-96223279#issues,National Long Term Rating,AA+(bra),2026-04-30,Downgrade,,12a deb issuance - BRL 381.35 mln bond/note - 2025,BRENMTDBS0A3
2026-09-25,Energisa Mato Grosso - Distribuidora de Energia S.A.,https://www.fitchratings.com/entity/energisa-mato-grosso-distribuidora-de-energia-sa-96223279#issues,National Long Term Rating,AA+(bra),2026-04-30,Downgrade,,EMT 14a deb issuance - BRL 350 mln bond/note 15-Oct-2031,"BRENMTDBS0D7, BRENMTDBS0E5"
2026-09-25,Energisa Mato Grosso - Distribuidora de Energia S.A.,https://www.fitchratings.com/entity/energisa-mato-grosso-distribuidora-de-energia-sa-96223279#issues,National Long Term Rating,AA+(bra),2026-04-30,Downgrade,,EMT - 13a deb issuance - BRL 130 mln bond/note - 2030,"BRENMTDBS0B1, BRENMTDBS0C9"
2026-09-25,Energisa Mato Grosso - Distribuidora de Energia S.A.,https://www.fitchratings.com/entity/energisa-mato-grosso-distribuidora-de-energia-sa-96223279#issues,National Long Term Rating,AA+(bra),2026-04-30,Downgrade,,EMT_26th Deb Issuance_2nd Serie_BRL165mln_2040,
2026-09-25,Energisa Mato Grosso - Distribuidora de Energia S.A.,https://www.fitchratings.com/entity/energisa-mato-grosso-distribuidora-de-energia-sa-96223279#issues,National Long Term Rating,AA+(bra),2026-04-30,Downgrade,,BRL 400 mln bond/note 15-Feb-2031,
2026-09-25,Energisa Mato Grosso - Distribuidora de Energia S.A.,https://www.fitchratings.com/entity/energisa-mato-grosso-distribuidora-de-energia-sa-96223279#issues,National Long Term Rating,AA+(bra),2026-04-30,Downgrade,,EMT_27th Deb Issuance_BRL 370 mln_NOV.2045,
2026-09-25,Energisa Acre - Distribuidora de Energia S.A.,https://www.fitchratings.com/entity/energisa-acre-distribuidora-de-energia-sa-97096959#issues,National Long Term Rating,AA+(bra),2026-04-30,Downgrade,,BRL 200 mln bond/note,BRCEACNPM037
2026-09-25,Energisa Acre - Distribuidora de Energia S.A.,https://www.fitchratings.com/entity/energisa-acre-distribuidora-de-energia-sa-97096959#issues,National Long Term Rating,AA+(bra),2026-04-30,Downgrade,,EAC_6st Deb_1st Serie_BRL100m_2029,
2026-09-25,Energisa Acre - Distribuidora de Energia S.A.,https://www.fitchratings.com/entity/energisa-acre-distribuidora-de-energia-sa-97096959#issues,National Long Term Rating,AA+(bra),2026-04-30,Downgrade,,EAC_6st Deb_2nd Serie_BRL40m_2031,
2026-09-25,Energisa Acre - Distribuidora de Energia S.A.,https://www.fitchratings.com/entity/energisa-acre-distribuidora-de-energia-sa-97096959#issues,National Long Term Rating,AA+(bra),2026-04-30,Downgrade,,EAC_7th Deb Issuance_BRL 220 mln_NOV.2045,
2026-09-25,Energisa Sul Sudeste - Distribuidora de Energia S/A,https://www.fitchratings.com/entity/energisa-sul-sudeste-distribuidora-de-energia-s-a-96689833#issues,National Long Term Rating,AA+(bra),2026-04-30,Downgrade,,ESS_14a Deb Issuance (1st serie)_170 mln_2035,
2026-09-25,Energisa Sul Sudeste - Distribuidora de Energia S/A,https://www.fitchratings.com/entity/energisa-sul-sudeste-distribuidora-de-energia-s-a-96689833#issues,National Long Term Rating,AA+(bra),2026-04-30,Downgrade,,ESS_14a Deb Issuance (2nd serie)_30 mln_2040,
2026-09-25,Energisa Sul Sudeste - Distribuidora de Energia S/A,https://www.fitchratings.com/entity/energisa-sul-sudeste-distribuidora-de-energia-s-a-96689833#issues,National Long Term Rating,AA+(bra),2026-04-30,Downgrade,,BRL 60 mln bond/note 15-Aug-2027,BRESSDDBS072
2026-09-25,Energisa Sul Sudeste - Distribuidora de Energia S/A,https://www.fitchratings.com/entity/energisa-sul-sudeste-distribuidora-de-energia-s-a-96689833#issues,National Long Term Rating,AA+(bra),2026-04-30,Downgrade,,7a deb issuance - BRL 81 mln bond/note 15-Jan-2032,BRESSDDBS064
2026-09-25,Energisa Sul Sudeste - Distribuidora de Energia S/A,https://www.fitchratings.com/entity/energisa-sul-sudeste-distribuidora-de-energia-s-a-96689833#issues,National Long Term Rating,AA+(bra),2026-04-30,Downgrade,,ESS_15th Deb Issuance_1st Serie_BRL120mln_2035,
2026-09-25,Energisa Sul Sudeste - Distribuidora de Energia S/A,https://www.fitchratings.com/entity/energisa-sul-sudeste-distribuidora-de-energia-s-a-96689833#issues,National Long Term Rating,AA+(bra),2026-04-30,Downgrade,,ESS_15th Deb Issuance_2nd Serie_BRL120mln_2040,
2026-09-25,Energisa Sul Sudeste - Distribuidora de Energia S/A,https://www.fitchratings.com/entity/energisa-sul-sudeste-distribuidora-de-energia-s-a-96689833#issues,National Long Term Rating,AA+(bra),2026-04-30,Downgrade,,ESS_12a Deb Issuance (1st serie)_165 mln_2031,
2026-09-25,Energisa Sul Sudeste - Distribuidora de Energia S/A,https://www.fitchratings.com/entity/energisa-sul-sudeste-distribuidora-de-energia-s-a-96689833#issues,National Long Term Rating,AA+(bra),2026-04-30,Downgrade,,ESS_1a Notas Comerciais_BRL 150 mln_2026,BRESSDNCM007
2026-09-25,Energisa Sul Sudeste - Distribuidora de Energia S/A,https://www.fitchratings.com/entity/energisa-sul-sudeste-distribuidora-de-energia-s-a-96689833#issues,National Long Term Rating,AA+(bra),2026-04-30,Downgrade,,ESS_12a Deb Issuance (2nd serie)_165 mln_2031,
2026-09-25,Alsol Energias Renovaveis S.A.,https://www.fitchratings.com/entity/alsol-energias-renovaveis-96810835#issues,National Long Term Rating,AA+(bra),2026-04-30,Downgrade,,Alsol - 1st deb issuance - BRL100 mln bond/note,"BRALSRDBS000, BRALSRDBS018"
2026-09-25,Linhas de Xingu Transmissora de Energia S.A.,https://www.fitchratings.com/entity/linhas-de-xingu-transmissora-de-energia-sa-97159771#issues,National Long Term Rating,AA+(bra),2026-04-30,Downgrade,,BRL 120 mln Floating IPCA (Brazil) 5.83% bond/note 15-Apr-2036,BRLXINDBS002
2026-09-25,Energisa Rondonia Distribuidora de Energia S.A.,https://www.fitchratings.com/entity/energisa-rondonia-distribuidora-de-energia-sa-97096965#issues,National Long Term Rating,AA+(bra),2026-04-30,Downgrade,,ERO_12st Deb_2nd Serie_BRL200m_2031,
2026-09-25,Energisa Rondonia Distribuidora de Energia S.A.,https://www.fitchratings.com/entity/energisa-rondonia-distribuidora-de-energia-sa-97096965#issues,National Long Term Rating,AA+(bra),2026-04-30,Downgrade,,BRL 100 mln bond/note,BRCERODBS026
2026-09-25,Energisa Rondonia Distribuidora de Energia S.A.,https://www.fitchratings.com/entity/energisa-rondonia-distribuidora-de-energia-sa-97096965#issues,National Long Term Rating,AA+(bra),2026-04-30,Downgrade,,ERO_13th Deb_3rd Series_BRL30mln_2040,
2026-09-25,Energisa Rondonia Distribuidora de Energia S.A.,https://www.fitchratings.com/entity/energisa-rondonia-distribuidora-de-energia-sa-97096965#issues,National Long Term Rating,AA+(bra),2026-04-30,Downgrade,,ERO_14h Deb Issuance_1st Serie_BRL220mln_2035,
2026-09-25,Energisa Rondonia Distribuidora de Energia S.A.,https://www.fitchratings.com/entity/energisa-rondonia-distribuidora-de-energia-sa-97096965#issues,National Long Term Rating,AA+(bra),2026-04-30,Downgrade,,BRL 280 mln bond/note 15-Apr-2031,
2026-09-25,Energisa Rondonia Distribuidora de Energia S.A.,https://www.fitchratings.com/entity/energisa-rondonia-distribuidora-de-energia-sa-97096965#issues,National Long Term Rating,AA+(bra),2026-04-30,Downgrade,,ERO_13th Deb_2nd Series_BRL30mln_2035,
2026-09-25,Energisa Rondonia Distribuidora de Energia S.A.,https://www.fitchratings.com/entity/energisa-rondonia-distribuidora-de-energia-sa-97096965#issues,National Long Term Rating,AA+(bra),2026-04-30,Downgrade,,ERO_14th Deb Issuance_2nd Serie_BRL220mln_2040,
2026-09-25,Energisa Rondonia Distribuidora de Energia S.A.,https://www.fitchratings.com/entity/energisa-rondonia-distribuidora-de-energia-sa-97096965#issues,National Long Term Rating,AA+(bra),2026-04-30,Downgrade,,ERO_13th Deb_1st Series_BRL230mln_2032,
2026-09-25,Energisa Rondonia Distribuidora de Energia S.A.,https://www.fitchratings.com/entity/energisa-rondonia-distribuidora-de-energia-sa-97096965#issues,National Long Term Rating,AA+(bra),2026-04-30,Downgrade,,ERO_12st Deb_1st Serie_BRL200m_2029,
2026-09-25,Ser Educacional S.A.,https://www.fitchratings.com/entity/ser-educacional-sa-96163650#issues,National Long Term Rating,WD(bra),2026-04-30,Withdrawn,,3ª Emissão de Debêntures de BRL200mi e vencimento em 2027,BRSEERDBS049
2026-09-25,BRF S.A.,https://www.fitchratings.com/entity/brf-sa-90455677#issues,National Long Term Rating,NR,2026-04-30,Matured,,BRL 411.73 mln 5.5% Series 31 bond/note 30-Apr-2026,BRBRFSDBS026
2026-09-25,Cogna Educacao S.A.,https://www.fitchratings.com/entity/cogna-educacao-sa-92741290#issues,National Long Term Rating,AA+(bra),2026-04-29,Affirmed,,14th debentures 500 mln due 2029,BRCOGNDBS0G5
2026-09-25,Cogna Educacao S.A.,https://www.fitchratings.com/entity/cogna-educacao-sa-92741290#issues,National Long Term Rating,AA+(bra),2026-04-29,Affirmed,,12th debentures (2nd series) BRL493mln due 2029,BRCOGNDBS0D2
2026-09-25,Cogna Educacao S.A.,https://www.fitchratings.com/entity/cogna-educacao-sa-92741290#issues,National Long Term Rating,AA+(bra),2026-04-29,Affirmed,,15th debentures BRL 1 bln Floating bond/note 17-Nov-2028,BRCOGNDBS0H3
2026-09-25,Ser Educacional S.A.,https://www.fitchratings.com/entity/ser-educacional-sa-96163650#issues,National Long Term Rating,WD(bra),2026-04-29,Withdrawn,,BRL 200 mln bond/note 10-Oct-2028,BRSEERDBS056
2026-09-25,"CSCF Cartoes Consignados II 2022-2-1,2 (BMG 3)",https://www.fitchratings.com/entity/companhia-securitizadora-de-creditos-financeiros-cartoes-consignados-ii-2022-1-2-97405571#issues,National Long Term Rating,AAAsf(bra),2026-04-29,Affirmed,Rating Outlook Stable,bonds ser 2,BRCRCGDBS026
2026-09-25,"CSCF Cartoes Consignados BMG 2022-2-1,2 (BMG 4)",https://www.fitchratings.com/entity/companhia-securitizadora-de-creditos-financeiros-cartoes-consignados-bmg-2022-1-2-97520636#issues,National Long Term Rating,AAAsf(bra),2026-04-29,Affirmed,Rating Outlook Stable,bonds ser 2,BRSCCCDBS023
2026-09-25,"Vert CSCF 2024-5-1,2,3 (BMG 6)",https://www.fitchratings.com/entity/vert-cscf-2024-1-2-3-bmg-6-97613555#issues,National Long Term Rating,AAAsf(bra),2026-04-29,Affirmed,Rating Outlook Stable,"bonds ser 2024-1,2,3",BRVSCFDBS091
2026-09-25,"Vert CSCF 2024-5-1,2,3 (BMG 6)",https://www.fitchratings.com/entity/vert-cscf-2024-1-2-3-bmg-6-97613555#issues,National Long Term Rating,AA-sf(bra),2026-04-29,Affirmed,Rating Outlook Stable,"bonds ser 2024-1,2,3",BRVSCFDBS0A5
2026-09-25,"Vert CSCF 2024-7-1,2,3 (BMG 7)",https://www.fitchratings.com/entity/vert-cscf-2024-7-1-2-3-bmg-7-97645517#issues,National Long Term Rating,AA-sf(bra),2026-04-29,Affirmed,Rating Outlook Stable,bonds ser 3,BRVSCFDBS0F4
2026-09-25,"Vert CSCF 2024-7-1,2,3 (BMG 7)",https://www.fitchratings.com/entity/vert-cscf-2024-7-1-2-3-bmg-7-97645517#issues,National Long Term Rating,AAAsf(bra),2026-04-29,Affirmed,Rating Outlook Stable,bonds ser 3,BRVSCFDBS0E7
2026-09-25,"CSCF Cartoes Consignados II 2023-3-1,2 (BMG 5)",https://www.fitchratings.com/entity/companhia-securitizadora-de-creditos-financeiros-cartoes-consignados-ii-2023-2-bmg5-97537359#issues,National Long Term Rating,AAAsf(bra),2026-04-29,Affirmed,Rating Outlook Stable,notes ser 2023-1,BRCRCGDBS042
2026-09-25,"CSCF Cartoes Consignados II 2025-4-1,2,3 (BMG 8)",https://www.fitchratings.com/entity/cscf-cartoes-consignados-ii-2025-4-1-2-3-bmg-8-97745508#issues,National Long Term Rating,AAAsf(bra),2026-04-29,Affirmed,Rating Outlook Stable,"notes ser 1,2,3",BRCRCGDBS067
2026-09-25,"CSCF Cartoes Consignados II 2025-4-1,2,3 (BMG 8)",https://www.fitchratings.com/entity/cscf-cartoes-consignados-ii-2025-4-1-2-3-bmg-8-97745508#issues,National Long Term Rating,AAsf(bra),2026-04-29,Affirmed,Rating Outlook Stable,"notes ser 1,2,3",BRCRCGDBS075
2026-09-25,Unipar Carbocloro S.A.,https://www.fitchratings.com/entity/unipar-carbocloro-sa-96594045#issues,National Long Term Rating,NR,2026-04-29,Matured,,BRL 350 mln bond/note 29-Apr-2026,BRUNIPDBS066
2026-09-25,Banco do Brasil S.A.,https://www.fitchratings.com/entity/banco-do-brasil-sa-80089721#issues,Long Term Rating,BB,2026-04-27,New Rating,,USD 500 mln 5.625% bond/note 23-Oct-2031,"US05959LAJ26, USP3772WAL65"
2026-09-25,Multiplan Empreendimentos Imobiliarios S.A.,https://www.fitchratings.com/entity/multiplan-empreendimentos-imobiliarios-sa-96177986#issues,National Long Term Rating,NR,2026-04-26,Matured,,BRL 350mln 7th debentures April 2026,BRMULTDBS049
2026-09-25,"Vert Cia Securitizadora 2023-92-1,2,3,4 (Belagricola)",https://www.fitchratings.com/entity/vert-companhia-securitizadora-2023-92-1-2-3-4-belagricola-97567120#issues,National Long Term Rating,PIFsf(bra),2026-04-24,Paid In Full,,notes ser 4,BRVERTCRA427
2026-09-25,"Vert Cia Securitizadora 2023-91-1,2,3,4 (Belagricola)",https://www.fitchratings.com/entity/vert-companhia-securitizadora-2023-91-1-2-3-4-belagricola-97561692#issues,National Long Term Rating,PIFsf(bra),2026-04-24,Paid In Full,,notes ser 4,BRVERTCRA3X7
2026-09-25,Companhia Energetica do Ceara,https://www.fitchratings.com/entity/companhia-energetica-do-ceara-96574578#issues,National Long Term Rating,AA+(bra),2026-04-24,Downgrade,Rating Watch Off,8th debenture issuance BRL 600 mln Floating IPCA (Brazil) 6.214% bond/note 15-May-2032,BRCOCEDBS0E5
2026-09-25,Companhia Energetica do Ceara,https://www.fitchratings.com/entity/companhia-energetica-do-ceara-96574578#issues,National Long Term Rating,AA+(bra),2026-04-24,Downgrade,Rating Watch Off,Enel CE 12th 1st Tranche BRL 500 mln Floating CDI (Brazil) 1.1% bond/note 15-May-2029,BRCOCEDBS0I6
2026-09-25,Companhia Energetica do Ceara,https://www.fitchratings.com/entity/companhia-energetica-do-ceara-96574578#issues,National Long Term Rating,AA+(bra),2026-04-24,Downgrade,Rating Watch Off,Enel CE 12th 2nd Tranche BRL 500 mln Floating IPCA (Brazil) 8.3% bond/note 15-May-2030,BRCOCEDBS0J4
2026-09-25,Ampla Energia e Servicos S.A.,https://www.fitchratings.com/entity/ampla-energia-e-servicos-sa-96591706#issues,National Short Term Rating,F1+(bra),2026-04-24,Affirmed,Rating Watch Off,Notas Comerciais  BRL 1800 mln Floating CDI (Brazil) 0.8% CDI bond/note 30-Apr-2030,
2026-09-25,Enel Green Power Manicoba Eolica S.A.,https://www.fitchratings.com/entity/enel-green-power-manicoba-eolica-sa-96386802#issues,National Long Term Rating,AA+(bra),2026-04-24,Downgrade,Rating Watch Off,BRL 3 mln bond/note 15-Dec-2028,BREGMEDBS003
2026-09-25,Enel Green Power Damascena Eolica S.A.,https://www.fitchratings.com/entity/enel-green-power-damascena-eolica-sa-96386789#issues,National Long Term Rating,AA+(bra),2026-04-24,Downgrade,Rating Watch Off,BRL 4 mln bond/note 15-Jun-2029,BRENDEDBS008
2026-09-25,Eletropaulo Metropolitana Eletricidade de Sao Paulo S.A.,https://www.fitchratings.com/entity/eletropaulo-metropolitana-eletricidade-de-sao-paulo-sa-80464130#issues,National Long Term Rating,AA+(bra),2026-04-24,Downgrade,Rating Watch Off,Enel SP 28th 1st tranche BRL 975 mln Floating CDI (Brazil) 1.1% bond/note 15-May-2028,BRELPLDBS134
2026-09-25,Eletropaulo Metropolitana Eletricidade de Sao Paulo S.A.,https://www.fitchratings.com/entity/eletropaulo-metropolitana-eletricidade-de-sao-paulo-sa-80464130#issues,National Long Term Rating,AA+(bra),2026-04-24,Downgrade,Rating Watch Off,BRL 500 mln 7.496% bond/note 15-Sep-2035,BRELPLDBS159
2026-09-25,Eletropaulo Metropolitana Eletricidade de Sao Paulo S.A.,https://www.fitchratings.com/entity/eletropaulo-metropolitana-eletricidade-de-sao-paulo-sa-80464130#issues,National Long Term Rating,AA+(bra),2026-04-24,Downgrade,Rating Watch Off,BRL 800 mln 6.138% bond/note 20-Apr-2032,BRELPLDBS126
2026-09-25,Eletropaulo Metropolitana Eletricidade de Sao Paulo S.A.,https://www.fitchratings.com/entity/eletropaulo-metropolitana-eletricidade-de-sao-paulo-sa-80464130#issues,National Long Term Rating,AA+(bra),2026-04-24,Downgrade,Rating Watch Off,Enel SP 28th 2nd tranche BRL 375 mln Floating IPCA (Brazil) 8.3% bond/note 15-May-2029,BRELPLDBS142
2026-09-25,Rialma Transmissora de Energia V S.A,https://www.fitchratings.com/entity/rialma-transmissora-de-energia-v-sa-97616184#issues,National Long Term Rating,AAA(bra),2026-04-24,Affirmed,Rating Outlook Stable,BRL 715 mln bond/note 01-Dec-2048 - 2a serie,BRRALMDBS011
2026-09-25,Rialma Transmissora de Energia V S.A,https://www.fitchratings.com/entity/rialma-transmissora-de-energia-v-sa-97616184#issues,National Long Term Rating,AAA(bra),2026-04-24,Affirmed,Rating Outlook Stable,BRL 785 mln bond/note 15-Dec-2048 -1a serie,BRRALMDBS003
2026-09-25,HRZ Transmissao e Participacoes S.A,https://www.fitchratings.com/entity/hrz-transmissao-e-participacoes-sa-97591973#issues,National Long Term Rating,AAA(bra),2026-04-24,Affirmed,Rating Outlook Stable,BRL 352 mln 7.9% bond/note 15-Dec-2035 credit agreement dated as of 15-Dec-2023,BRNVHZDBS008
2026-09-25,Smartfit Escola de Ginastica e Danca S.A.,https://www.fitchratings.com/entity/smartfit-escola-de-ginastica-e-danca-sa-96173422#issues,National Long Term Rating,WD(bra),2026-04-21,Withdrawn,,9th debenture - serie 2 - BRL 600 mln Floating CDI (Brazil) 1.52% bond/note 05-Apr-2031,BRSMFTDBS0B5
2026-09-25,Smartfit Escola de Ginastica e Danca S.A.,https://www.fitchratings.com/entity/smartfit-escola-de-ginastica-e-danca-sa-96173422#issues,National Long Term Rating,WD(bra),2026-04-21,Withdrawn,,9th debenture - serie 1 - BRL 720 mln Floating CDI (Brazil) 1.37% bond/note 05-Apr-2029,BRSMFTDBS0A7
2026-09-25,Localiza Rent a Car S.A.,https://www.fitchratings.com/entity/localiza-rent-car-sa-90199061#issues,National Long Term Rating,WD(bra),2026-04-21,Withdrawn,,19ª Debenture (Série 2),BRRENTDBS0N1
2026-09-25,Rede D'Or Sao Luiz S.A.,https://www.fitchratings.com/entity/rede-dor-sao-luiz-sa-96193829#issues,National Long Term Rating,AAA(bra),2026-04-20,Affirmed,,BRL 3.5 bln Floating bond/note 20-Nov-2035,BRRDORDBS0Z7
2026-09-25,Rede D'Or Sao Luiz S.A.,https://www.fitchratings.com/entity/rede-dor-sao-luiz-sa-96193829#issues,National Long Term Rating,AAA(bra),2026-04-20,Affirmed,,36th Local Debentures 3rd Tranche of BRL558.5 mln Series 16 20-Aug-2040,BRRDORDBS0X2
2026-09-25,Rede D'Or Sao Luiz S.A.,https://www.fitchratings.com/entity/rede-dor-sao-luiz-sa-96193829#issues,National Long Term Rating,AAA(bra),2026-04-20,Affirmed,,36th Local Debentures 1st Tranche of BRL1.16 bln Series G6 20-Aug-2032,BRRDORDBS0V6
2026-09-25,Rede D'Or Sao Luiz S.A.,https://www.fitchratings.com/entity/rede-dor-sao-luiz-sa-96193829#issues,National Long Term Rating,AAA(bra),2026-04-20,Affirmed,,34th Local Debentures 1st Tranche of BRL2.75 bln maturing in 2027,BRRDORDBS0R4
2026-09-25,Rede D'Or Sao Luiz S.A.,https://www.fitchratings.com/entity/rede-dor-sao-luiz-sa-96193829#issues,National Long Term Rating,AAA(bra),2026-04-20,Affirmed,,36th Local Debentures 2nd Tranche of BRL531.4 mln Series H6  20-Aug-2035,BRRDORDBS0W4
2026-09-25,Rede D'Or Sao Luiz S.A.,https://www.fitchratings.com/entity/rede-dor-sao-luiz-sa-96193829#issues,National Long Term Rating,AAA(bra),2026-04-20,Affirmed,,17th Local Debentures 3rd Tranche of BRL1.0 bln maturing in 2029,BRRDORDBS034
2026-09-25,Rede D'Or Sao Luiz S.A.,https://www.fitchratings.com/entity/rede-dor-sao-luiz-sa-96193829#issues,National Long Term Rating,AAA(bra),2026-04-20,Affirmed,,25th Local Debentures 1st and 2nd Tranches totaling BRL600 mln maturing in 2032 BRRDORDBS0H5,"BRRDORDBS0G7, BRRDORDBS0H5"
2026-09-25,Rede D'Or Sao Luiz S.A.,https://www.fitchratings.com/entity/rede-dor-sao-luiz-sa-96193829#issues,National Long Term Rating,AAA(bra),2026-04-20,Affirmed,,34th Local Debentures 3rd Tranche of BRL1.65 bln maturing in 2034,BRRDORDBS0T0
2026-09-25,Rede D'Or Sao Luiz S.A.,https://www.fitchratings.com/entity/rede-dor-sao-luiz-sa-96193829#issues,National Long Term Rating,AAA(bra),2026-04-20,Affirmed,,19th Local Debentures 2nd and 3rd Tranches totaling BRL4.0 bln maturing in 2031 BRRDORDBS0C6,"BRRDORDBS0A0, BRRDORDBS0C6, BRRDORDBS0B8"
2026-09-25,Rede D'Or Sao Luiz S.A.,https://www.fitchratings.com/entity/rede-dor-sao-luiz-sa-96193829#issues,National Long Term Rating,AAA(bra),2026-04-20,Affirmed,,34th Local Debentures 2nd Tranche of BRL1.5 bln maturing in 2031,BRRDORDBS0S2
2026-09-25,Rede D'Or Sao Luiz S.A.,https://www.fitchratings.com/entity/rede-dor-sao-luiz-sa-96193829#issues,National Long Term Rating,AAA(bra),2026-04-20,Affirmed,,23rd Local Debentures 2nd and 3rd Tranches totaling BRL1.475 bln maturing in 2032 BRRDORDBS0F9,"BRRDORDBS0E2, BRRDORDBS0F9"
2026-09-25,Rede D'Or Sao Luiz S.A.,https://www.fitchratings.com/entity/rede-dor-sao-luiz-sa-96193829#issues,National Long Term Rating,AAA(bra),2026-04-20,Affirmed,,33th Local Debentures of BRL2.0 bln maturing in 2034,BRRDORDBS0Q6
2026-09-25,Rede D'Or Sao Luiz S.A.,https://www.fitchratings.com/entity/rede-dor-sao-luiz-sa-96193829#issues,National Long Term Rating,AAA(bra),2026-04-20,Affirmed,,39th Local Debentures BRL 3 bln Floating bond/note 10-Jan-2036,BRRDORDBS109
2026-09-25,Rede D'Or Sao Luiz S.A.,https://www.fitchratings.com/entity/rede-dor-sao-luiz-sa-96193829#issues,National Long Term Rating,AAA(bra),2026-04-20,Affirmed,,27th Local Debentures of BRL1.1 bln maturing in 2030,BRRDORDBS0I3
2026-09-25,Rede D'Or Sao Luiz S.A.,https://www.fitchratings.com/entity/rede-dor-sao-luiz-sa-96193829#issues,National Long Term Rating,AAA(bra),2026-04-20,Affirmed,,35th Local Debentures of BRL1.0 bln maturing in 2033,BRRDORDBS0U8
2026-09-25,Sul America Companhia de Seguro Saude,https://www.fitchratings.com/entity/sul-america-companhia-de-seguro-saude-97288459#issues,National Long Term Rating,AAA(bra),2026-04-20,Affirmed,,1st Local Debentures of BRL1.0 bln maturing in 2033,BRSULSDBS006
2026-09-25,Hospital Esperanca S.A.,https://www.fitchratings.com/entity/hospital-esperanca-sa-97686959#issues,National Long Term Rating,AAA(bra),2026-04-20,Affirmed,,"5ª Emissão de Debênture de BRL1,1 bilhão e vencimento em 2034",BRHSPEDBS038
2026-09-25,"Opea Securitizadora S.A. 2023-232-1,2,3,4 (Oncoclinicas)",https://www.fitchratings.com/entity/true-securitizadora-sa2023-1-2-3-4-oncoclinicas-97544828#issues,National Long Term Rating,WDsf(bra),2026-04-20,Withdrawn,,notes ser 4,BRAPCSCRIKD3
2026-09-25,"Opea Securitizadora S.A. 2023-232-1,2,3,4 (Oncoclinicas)",https://www.fitchratings.com/entity/true-securitizadora-sa2023-1-2-3-4-oncoclinicas-97544828#issues,National Long Term Rating,WDsf(bra),2026-04-20,Withdrawn,,notes ser 4,BRAPCSCRIKE1
2026-09-25,"Opea Securitizadora S.A. 2023-232-1,2,3,4 (Oncoclinicas)",https://www.fitchratings.com/entity/true-securitizadora-sa2023-1-2-3-4-oncoclinicas-97544828#issues,National Long Term Rating,WDsf(bra),2026-04-20,Withdrawn,,notes ser 4,BRAPCSCRIKG6
2026-09-25,"Opea Securitizadora S.A. 2023-232-1,2,3,4 (Oncoclinicas)",https://www.fitchratings.com/entity/true-securitizadora-sa2023-1-2-3-4-oncoclinicas-97544828#issues,National Long Term Rating,WDsf(bra),2026-04-20,Withdrawn,,notes ser 4,BRAPCSCRIKD3
2026-09-25,"Opea Securitizadora S.A. 2023-232-1,2,3,4 (Oncoclinicas)",https://www.fitchratings.com/entity/true-securitizadora-sa2023-1-2-3-4-oncoclinicas-97544828#issues,National Long Term Rating,WDsf(bra),2026-04-20,Withdrawn,,notes ser 4,BRAPCSCRIKE1
2026-09-25,"Opea Securitizadora S.A. 2023-232-1,2,3,4 (Oncoclinicas)",https://www.fitchratings.com/entity/true-securitizadora-sa2023-1-2-3-4-oncoclinicas-97544828#issues,National Long Term Rating,WDsf(bra),2026-04-20,Withdrawn,,notes ser 4,BRAPCSCRIKG6
2026-09-25,"Opea Securitizadora S.A. 2023-232-1,2,3,4 (Oncoclinicas)",https://www.fitchratings.com/entity/true-securitizadora-sa2023-1-2-3-4-oncoclinicas-97544828#issues,National Long Term Rating,WDsf(bra),2026-04-20,Withdrawn,,notes ser 4,BRAPCSCRIKF8
2026-09-25,Eurofarma Laboratorios S.A.,https://www.fitchratings.com/entity/eurofarma-laboratorios-sa-96581229#issues,National Long Term Rating,AAA(bra),2026-04-17,Affirmed,,BRL 3 bln Floating CDI (Brazil) 1.3% bond/note,BREUFADBS063
2026-09-25,Eurofarma Laboratorios S.A.,https://www.fitchratings.com/entity/eurofarma-laboratorios-sa-96581229#issues,National Long Term Rating,AAA(bra),2026-04-17,Affirmed,,BRL 1.45 bln Floating CDI (Brazil) 0.93% Series 18 bond/note 11-Sep-2028,BREUFADBS071
2026-09-25,Eurofarma Laboratorios S.A.,https://www.fitchratings.com/entity/eurofarma-laboratorios-sa-96581229#issues,National Long Term Rating,AAA(bra),2026-04-17,Affirmed,,BRL 500 mln Floating CDI (Brazil) 1.25% bond/note,BREUFADBS055
2026-09-25,Eurofarma Laboratorios S.A.,https://www.fitchratings.com/entity/eurofarma-laboratorios-sa-96581229#issues,National Long Term Rating,AAA(bra),2026-04-17,Affirmed,,BRL 1.85 bln Floating CDI (Brazil) 0.9% bond/note 22-Dec-2031,BREUFADBS089
2026-09-25,Vila Piaui 1 Empreendimentos e Participacoes S.A.,https://www.fitchratings.com/entity/vila-piaui-1-empreendimentos-e-participacoes-sa-97005316#issues,National Long Term Rating,AA+(bra),2026-04-17,Downgrade,Rating Outlook Stable,BRL 24 mln 5.95% bond/note 15-Jun-2035 credit agreement dated as of 15-Jul-2020,BRVP1EDBS000
2026-09-25,Vila Piaui 2 Empreendimentos e Participacoes S.A.,https://www.fitchratings.com/entity/vila-piaui-2-empreendimentos-e-participacoes-sa-97005324#issues,National Long Term Rating,AA+(bra),2026-04-17,Downgrade,Rating Outlook Stable,BRL 25 mln 5.95% bond/note 15-Jun-2035 credit agreement dated as of 15-Jul-2020,BRVP2EDBS008
2026-09-25,Hospital Mater Dei SA,https://www.fitchratings.com/entity/hospital-mater-dei-sa-97281888#issues,National Long Term Rating,AA+(bra),2026-04-17,Affirmed,,BRL 200 mln Floating Series 12 bond/note 15-May-2031,BRMATDDBS014
2026-09-25,Ventos de Sao Clemente Holding S.A.,https://www.fitchratings.com/entity/ventos-de-sao-clemente-holding-sa-96215360#issues,National Long Term Rating,AAA(bra),2026-04-17,Affirmed,Rating Outlook Negative,1a Emissao de Debentures,BRVSCLDBS008
2026-09-25,Ventos de Sao Clemente Holding S.A.,https://www.fitchratings.com/entity/ventos-de-sao-clemente-holding-sa-96215360#issues,National Long Term Rating,AAA(bra),2026-04-17,Affirmed,Rating Outlook Negative,BRL 10 mln 7.059% bond/note 15-Dec-2029,BRVSCLDBS024
2026-09-25,Complexo Morrinhos Energias Renovaveis S.A.,https://www.fitchratings.com/entity/complexo-morrinhos-energias-renovaveis-sa-96183875#issues,National Long Term Rating,AAA(bra),2026-04-16,Affirmed,Rating Outlook Stable,BRL 28 mln 7.06% bond/note 15-Dec-2027,BRCXERDBS001
2026-09-25,Norte Energia S/A,https://www.fitchratings.com/entity/norte-energia-s-a-96811901#issues,National Long Term Rating,A(bra),2026-04-15,Affirmed,Rating Outlook Negative,BRL 504 mln bond/note 15-May-2030,BRNTENDBS005
2026-09-25,"Riza Securitizadora 2022-56-1,2 (Smartfit)",https://www.fitchratings.com/entity/virgo-companhia-de-securitizacao-2022-1-2-smartfit-97430829#issues,National Long Term Rating,PIFsf(bra),2026-04-15,Paid In Full,,securities ser 1,BRIMWLCRIEL2
2026-09-25,Salto do Guassupi Energetica S.A.,https://www.fitchratings.com/entity/salto-do-guassupi-energetica-sa-97007185#issues,National Long Term Rating,CCC(bra),2026-04-15,Affirmed,,BRL 38 mln Floating bond/note 15-Dec-2037,BRGUAPDBS000
2026-09-25,Energisa S.A.,https://www.fitchratings.com/entity/energisa-sa-83598865#issues,National Long Term Rating,NR,2026-04-15,Matured,,11th deb issuance Series 1 BRL 500 mln 4.625% bond/note 15-Apr-2026,"BRENGIDBS0K3, BRENGIDBS0L1"
2026-09-25,Ecorodovias Concessoes e Servicos S.A.,https://www.fitchratings.com/entity/ecorodovias-concessoes-e-servicos-sa-96637229#issues,National Long Term Rating,NR,2026-04-15,Matured,,8th Issuance of Debentures 3rd serie,BRERDVDBS0H1
2026-09-25,Gdpar Sn Participacoes Em Projetos Solares S.A.,https://www.fitchratings.com/entity/gdpar-sn-participacoes-em-projetos-solares-sa-97632989#issues,National Long Term Rating,AA(bra),2026-04-14,Affirmed,Rating Outlook Negative,BRL 415 mln bond/note 15-Dec-2039,
2026-09-25,GDPAR SR Participacoes em Projetos Solares S.A.,https://www.fitchratings.com/entity/gdpar-sr-participacoes-em-projetos-solares-sa-97543495#issues,National Long Term Rating,AA+(bra),2026-04-14,Affirmed,Rating Outlook Negative,BRL 185.06 mln bond/note 15-Oct-2039 - Refi,
2026-09-25,Empreendimentos Pague Menos S.A.,https://www.fitchratings.com/entity/empreendimentos-pague-menos-sa-91480690#issues,National Long Term Rating,AA-(bra),2026-04-14,Affirmed,,BRL 350 mln Floating CDI (Brazil) / 8th debenture /1.6% bond/note 25-Jun-2029,BRPGMNDBS083
2026-09-25,Empreendimentos Pague Menos S.A.,https://www.fitchratings.com/entity/empreendimentos-pague-menos-sa-91480690#issues,National Long Term Rating,AA-(bra),2026-04-14,Affirmed,,BRL 100 mln / 6th debenture / tranche 1 / NOV.2026,BRPGMNDBS059
2026-09-25,Assurua 4 e 5 Holding Energia S.A.,https://www.fitchratings.com/entity/assurua-5-energia-sa-97573719#issues,National Long Term Rating,AA(bra),2026-04-10,Affirmed,Rating Outlook Negative,BRL 171 mln Floating bond/note 15-Jun-2035,BRASSRDBS005
2026-09-25,Assurua 4 e 5 Holding Energia S.A.,https://www.fitchratings.com/entity/assurua-5-energia-sa-97573719#issues,National Long Term Rating,AA(bra),2026-04-10,Affirmed,Rating Outlook Negative,BRL 497 mln Floating bond/note 15-Jun-2041,BRASSRDBS013
2026-09-25,Ventos de Sao Jorge Holding S.A.,https://www.fitchratings.com/entity/ventos-de-sao-jorge-holding-sa-96358472#issues,National Long Term Rating,AA-(bra),2026-04-09,Affirmed,Rating Outlook Stable,BRL 22 mln Variable bond/note 15-Jul-2028,BRVSJHDBS001
2026-09-25,Aguas Guariroba S.A.,https://www.fitchratings.com/entity/aguas-guariroba-sa-89867861#issues,National Long Term Rating,WD(bra),2026-04-09,Withdrawn,,Guariroba_4th Debentures_1st Serie,BRGRRBDBS034
2026-09-25,Fundo de Investimento em Direitos Creditorios Fortbrasil,https://www.fitchratings.com/entity/fidc-fortbrasil-96584612#issues,National Long Term Rating,Asf(bra),2026-04-08,Affirmed,Rating Outlook Stable,notes ser 2018-1,BR000ICTF059
2026-09-25,Oncoclinicas do Brasil Servicos Medicos S.A.,https://www.fitchratings.com/entity/oncoclinicas-do-brasil-servicos-medicos-sa-97385347#issues,National Long Term Rating,C(bra),2026-04-07,Affirmed,,11ª Emissão de Debênture de BRL800 milhões e vencimento final em 2029,BRONCODBS057
2026-09-25,Oncoclinicas do Brasil Servicos Medicos S.A.,https://www.fitchratings.com/entity/oncoclinicas-do-brasil-servicos-medicos-sa-97385347#issues,National Long Term Rating,RD(bra),2026-04-07,Downgrade,,9ª Emissão de Debênture de BRL630 milhões e vencimento final em 2027,BRONCODBS032
2026-09-25,Oncoclinicas do Brasil Servicos Medicos S.A.,https://www.fitchratings.com/entity/oncoclinicas-do-brasil-servicos-medicos-sa-97385347#issues,National Long Term Rating,RD(bra),2026-04-07,Downgrade,,12ª Emissão de Debênture de BRL190 milhões e vencimento final em 2028,BRONCODBS073
2026-09-25,Oncoclinicas do Brasil Servicos Medicos S.A.,https://www.fitchratings.com/entity/oncoclinicas-do-brasil-servicos-medicos-sa-97385347#issues,National Long Term Rating,RD(bra),2026-04-07,Downgrade,,9ª Emissão de Debênture de BRL120 milhões e vencimento final em 2029,BRONCODBS040
2026-09-25,Brazil,https://www.fitchratings.com/entity/brazil-80442191#issues,Long Term Rating,NR,2026-04-07,Matured,,USD 2.5 bln 6% bond/note 07-Apr-2026,US105756BX78
2026-09-25,Pirapora II Solar Holding S.A.,https://www.fitchratings.com/entity/pirapora-ii-solar-holding-sa-96808655#issues,National Long Term Rating,AAA(bra),2026-04-06,Affirmed,Rating Outlook Negative,BRL 82 mln Floating bond/note 15-Dec-2031,BRPRPODBS016
2026-09-25,Nova Transportadora do Sudeste S.A. - NTS,https://www.fitchratings.com/entity/nova-transportadora-do-sudeste-sa-nts-96606450#issues,National Long Term Rating,WD(bra),2026-04-03,Withdrawn,,5th Debenture 2nd serie BRL1.5Bi,BRNTSDDBS048
2026-09-25,Sao Roque Energetica S.A.,https://www.fitchratings.com/entity/sao-roque-energetica-sa-97433578#issues,National Long Term Rating,A(bra),2026-04-02,Downgrade,Rating Outlook Negative,BRL 145 mln 8.255% bond/note 15-Dec-2036,BRSRQEDBS019
2026-09-25,Kora Saude Participacoes S.A.,https://www.fitchratings.com/entity/kora-saude-participacoes-sa-97357794#issues,National Long Term Rating,RD(bra),2026-04-02,Downgrade,,BRL 250 mln local debentures due 2030,BRKRSADBS036
2026-09-25,Kora Saude Participacoes S.A.,https://www.fitchratings.com/entity/kora-saude-participacoes-sa-97357794#issues,National Long Term Rating,RD(bra),2026-04-02,Downgrade,,BRL 1.7 bln local debentures due 2030,BRKRSADBS028
2026-09-25,Kora Saude Participacoes S.A.,https://www.fitchratings.com/entity/kora-saude-participacoes-sa-97357794#issues,National Long Term Rating,C(bra),2026-04-02,Affirmed,,BRL 16.3 mln outsanding local debentures due 2030,
2026-09-25,Kora Saude Participacoes S.A.,https://www.fitchratings.com/entity/kora-saude-participacoes-sa-97357794#issues,National Long Term Rating,C(bra),2026-04-02,Affirmed,,1st Tranche of the 1st Debentures of BRL 70.4 mln due on May-2027,
2026-09-25,VDB F2 Geracao de Energia S.A.,https://www.fitchratings.com/entity/vdb-f2-geracao-de-energia-sa-96763362#issues,National Long Term Rating,AAA(bra),2026-04-02,Affirmed,Rating Outlook Stable,BRL 106 mln bond/note 15-Apr-2033,BRVDBFDBS012
2026-09-25,Companhia de Saneamento de Minas Gerais COPASA MG,https://www.fitchratings.com/entity/companhia-de-saneamento-de-minas-gerais-copasa-94017690#issues,National Long Term Rating,AAA(bra),2026-04-02,Affirmed,,BRL 618 mln bond/note 16-Dec-2029,BRCSMGDBS0K4
2026-09-25,Companhia de Saneamento de Minas Gerais COPASA MG,https://www.fitchratings.com/entity/companhia-de-saneamento-de-minas-gerais-copasa-94017690#issues,National Long Term Rating,AAA(bra),2026-04-02,Affirmed,,1a serie 20th debenture BRL 412 mln bond/note 15-May-2035,BRCSMGDBS0P3
2026-09-25,Companhia de Saneamento de Minas Gerais COPASA MG,https://www.fitchratings.com/entity/companhia-de-saneamento-de-minas-gerais-copasa-94017690#issues,National Long Term Rating,AAA(bra),2026-04-02,Affirmed,,"2a serie 22th debenture BRL1 bilion, due 2036",BRCSMGDBS0U3
2026-09-25,Companhia de Saneamento de Minas Gerais COPASA MG,https://www.fitchratings.com/entity/companhia-de-saneamento-de-minas-gerais-copasa-94017690#issues,National Long Term Rating,AAA(bra),2026-04-02,Affirmed,,2a serie 20th debenture BRL 488 mln bond/note 15-May-2035,BRCSMGDBS0Q1
2026-09-25,Companhia de Saneamento de Minas Gerais COPASA MG,https://www.fitchratings.com/entity/companhia-de-saneamento-de-minas-gerais-copasa-94017690#issues,National Long Term Rating,AAA(bra),2026-04-02,Affirmed,,"1a serie 22th Debenture BRL1 bilion, due 2036",BRCSMGDBS0T5
2026-09-25,iCred INSS FIDC RL,https://www.fitchratings.com/entity/icred-inss-fidc-rl-97675090#issues,National Long Term Rating,AAAsf(bra),2026-04-01,Affirmed,Rating Outlook Stable,notes ser 3,BR0MC7CTF007
2026-09-25,Brazil,https://www.fitchratings.com/entity/brazil-80442191#issues,Long Term Rating,NR,2026-04-01,Matured,,BRL 2 bln Zero treasury bills/notes/bonds 01-Apr-2026,BRSTNCLTN8B5
2026-09-25,Impar Servicos Hospitalares S.A.,https://www.fitchratings.com/entity/impar-servicos-hospitalares-sa-96827709#issues,National Long Term Rating,AA-(bra),2026-03-31,Review - No Action,,"2ª Emissão de Debêntures de BRL3,0 bilhões e vencimento em 2028",BRIMPADBS011
2026-09-25,Diagnosticos da America S.A.,https://www.fitchratings.com/entity/diagnosticos-da-america-sa-dasa-86681525#issues,National Long Term Rating,AA(bra),2026-03-30,Affirmed,,22ª Emissão de Debêntures 1ª Série BRL500 milhões e vencimento em 2030,BRDASADBS0S6
2026-09-25,Diagnosticos da America S.A.,https://www.fitchratings.com/entity/diagnosticos-da-america-sa-dasa-86681525#issues,National Long Term Rating,AA(bra),2026-03-30,Affirmed,,"14ª Emissão de Debêntures 2ª Série BRL124,35 milhões e vencimento em 2027",BRDASADBS0J5
2026-09-25,Diagnosticos da America S.A.,https://www.fitchratings.com/entity/diagnosticos-da-america-sa-dasa-86681525#issues,National Long Term Rating,AA(bra),2026-03-30,Affirmed,,22ª Emissão de Debêntures 2ª Série BRL600 milhões e vencimento em 2030,BRDASADBS0T4
2026-09-25,BRF S.A.,https://www.fitchratings.com/entity/brf-sa-90455677#issues,Long Term Rating,BB+,2026-03-30,Affirmed,,USD 750 mln 4.875% bond/note 24-Jan-2030,"US10552TAG22, USP1905CJX94"
2026-09-25,BRF S.A.,https://www.fitchratings.com/entity/brf-sa-90455677#issues,Long Term Rating,BB+,2026-03-30,Affirmed,,USD 800 mln 5.75% bond/note 21-Sep-2050,"US10552TAH05, USP1905CAJ91"
2026-09-25,Diagnosticos da America S.A.,https://www.fitchratings.com/entity/diagnosticos-da-america-sa-dasa-86681525#issues,National Long Term Rating,WD(bra),2026-03-27,Withdrawn,,11th Debentures BRL400 mln due 2026,BRDASADBS0E6
2026-09-25,SPAR I Subholding S.A.,https://www.fitchratings.com/entity/spar-i-subholding-sa-97877323#issues,National Long Term Rating,AAA(bra),2026-03-27,New Rating,,1st Deb Issue  BRL 580 mln Floating IPCA (Brazil) 6.2% IPCA bond/note 15-Apr-2030,BRVSFEDBS006
2026-09-25,BancoSeguro S.A.,https://www.fitchratings.com/entity/bancoseguro-sa-97320721#issues,National Long Term Rating,AAA(bra),2026-03-27,New Rating,,2a serie- 3a Emissao- BRL 158.05 mln program -CDI + 0.6% medium term note 30-Mar-2029,BRCCDBLFI113
2026-09-25,BancoSeguro S.A.,https://www.fitchratings.com/entity/bancoseguro-sa-97320721#issues,National Long Term Rating,AAA(bra),2026-03-27,New Rating,,1a serie - 3a Emissao  -BRL  694.35 mln CDI+0.5% program - medium term note 09-Apr-2028,BRCCDBLFI121
2026-09-25,BancoSeguro S.A.,https://www.fitchratings.com/entity/bancoseguro-sa-97320721#issues,National Long Term Rating,AAA(bra),2026-03-27,New Rating,,3a serie - 3a Emissao - BRL 216 mln program - CDI+0.7% medium term note 30-Mar-2030,BRCCDBLFI139
2026-09-25,Cimed & Co. S.A.,https://www.fitchratings.com/entity/cimed-co-sa-97629249#issues,National Long Term Rating,AA(bra),2026-03-26,Downgrade,,3ª Emissão de Debêntures de BRL600 milhões e vencimento em 2029,BRCMEDDBS012
2026-09-25,Cimed & Co. S.A.,https://www.fitchratings.com/entity/cimed-co-sa-97629249#issues,National Long Term Rating,AA(bra),2026-03-26,Downgrade,,4ª Emissão de Debêntures de BRL500 milhões e vencimento em 2031,BRCMEDDBS020
2026-09-25,Cimed & Co. S.A.,https://www.fitchratings.com/entity/cimed-co-sa-97629249#issues,National Long Term Rating,AA(bra),2026-03-26,Downgrade,,5ª Emissão de Debêntures de BRL300 milhões e vencimento em 2027,BRCMEDDBS038
2026-09-25,Petroleo Brasileiro S.A. (Petrobras),https://www.fitchratings.com/entity/petroleo-brasileiro-sa-petrobras-80090802#issues,National Long Term Rating,AAA(bra),2026-03-26,Review - No Action,,6th debentures BRL 1.69 bln 4.219% bond/note 15-Jan-2029,BRPETRDBS092
2026-09-25,Petroleo Brasileiro S.A. (Petrobras),https://www.fitchratings.com/entity/petroleo-brasileiro-sa-petrobras-80090802#issues,National Long Term Rating,AAA(bra),2026-03-26,Review - No Action,,1st Nota Comercial BRL 1.8 bln 1.65% bond/note 25-Feb-2030,BRPETRNCM001
2026-09-25,Petroleo Brasileiro S.A. (Petrobras),https://www.fitchratings.com/entity/petroleo-brasileiro-sa-petrobras-80090802#issues,National Long Term Rating,AAA(bra),2026-03-26,Review - No Action,,1st Nota Comercial BRL 1.2 bln 1.9% bond/note 25-Aug-2032,BRPETRNCM019
2026-09-25,Companhia de Saneamento Basico do Estado de Sao Paulo (SABESP),https://www.fitchratings.com/entity/companhia-de-saneamento-basico-do-estado-de-sao-paulo-sabesp-80614473#issues,National Long Term Rating,WD(bra),2026-03-25,Withdrawn,,30a Debenture 2nd serie - BRL 500 mln Floating bond/note 15-Mar-2029,BRSBSPDBS1V3
2026-09-25,Ferreira Gomes Energia S.A.,https://www.fitchratings.com/entity/ferreira-gomes-energia-sa-91842691#issues,National Long Term Rating,AA(bra),2026-03-25,Affirmed,Rating Outlook Stable,BRL 50 mln Floating bond/note 15-Dec-2027,BRFGENDBS024
2026-09-25,Klabin S.A.,https://www.fitchratings.com/entity/klabin-sa-90196280#issues,National Long Term Rating,AAA(bra),2026-03-25,Affirmed,,2a serie - BRL 1.2 bln Floating IPCA (Brazil) 7.16% bond/note 15-Aug-2035,BRKLBNPR0015
2026-09-25,Klabin S.A.,https://www.fitchratings.com/entity/klabin-sa-90196280#issues,National Long Term Rating,AAA(bra),2026-03-25,Affirmed,,BRL 1.5 bln Floating IPCA (Brazil) 6.05% bond/note 15-Aug-2039,BRKLBNDBS087
2026-09-25,Klabin S.A.,https://www.fitchratings.com/entity/klabin-sa-90196280#issues,National Long Term Rating,AAA(bra),2026-03-25,Affirmed,,1a serie - BRL 300 mln Floating CDI (Brazil) 95.5% bond/note 15-Aug-2032,BRKLBNPR0007
2026-09-25,Serena Geracao S.A.,https://www.fitchratings.com/entity/omega-geracao-sa-96480320#issues,National Long Term Rating,WD(bra),2026-03-24,Withdrawn,,3a debenture issuance - Series 13 BRL1.05 bln - 15-Mar-2029,BROMGEDBS069
2026-09-25,"Opea Securitizadora S.A. 2019-6-1,2 (Raizen)",https://www.fitchratings.com/entity/true-securitizadora-series-2019-1-2-raizen-96774362#issues,National Long Term Rating,WDsf(bra),2026-03-23,Withdrawn,,notes ser 2,BRAPCSCRA0M6
2026-09-25,"Opea Securitizadora S.A. 2019-6-1,2 (Raizen)",https://www.fitchratings.com/entity/true-securitizadora-series-2019-1-2-raizen-96774362#issues,National Long Term Rating,WDsf(bra),2026-03-23,Withdrawn,,notes ser 2,BRAPCSCRA0N4
2026-09-25,"Opea Securitizadora S.A. 2020-10-1,2 (Raizen)",https://www.fitchratings.com/entity/true-securitizadora-2020-1-2-raizen-96972514#issues,National Long Term Rating,WDsf(bra),2026-03-23,Withdrawn,,notes ser 2,BRAPCSCRA0T1
2026-09-25,"Opea Securitizadora S.A. 2020-10-1,2 (Raizen)",https://www.fitchratings.com/entity/true-securitizadora-2020-1-2-raizen-96972514#issues,National Long Term Rating,WDsf(bra),2026-03-23,Withdrawn,,notes ser 2,BRAPCSCRA0U9
2026-09-25,"Opea Securitizadora S.A. 2019-2-1,2 (Raizen)",https://www.fitchratings.com/entity/opea-securitizadora-sa-2019-1-2-raizen-97435591#issues,National Long Term Rating,WDsf(bra),2026-03-23,Withdrawn,,notes,BRRBRACRA0F0
2026-09-25,"Opea Securitizadora S.A. 2022-38-1,2 (Raizen)",https://www.fitchratings.com/entity/true-securitizadora-2020-1-2-raizen-97418731#issues,National Long Term Rating,WDsf(bra),2026-03-23,Withdrawn,,"notes ser 2022-1,2",BRAPCSCRA1B7
2026-09-25,"Opea Securitizadora S.A. 2022-38-1,2 (Raizen)",https://www.fitchratings.com/entity/true-securitizadora-2020-1-2-raizen-97418731#issues,National Long Term Rating,WDsf(bra),2026-03-23,Withdrawn,,"bonds ser 2022-1,2",BRAPCSCRA1C5
2026-09-25,"Opea Securitizadora S.A. 2023-73-1,2,3 (Raizen)",https://www.fitchratings.com/entity/true-securitizadora-2023-1-2-3-raizen-97538580#issues,National Long Term Rating,WDsf(bra),2026-03-23,Withdrawn,,notes ser 3,BRAPCSCRA1Z6
2026-09-25,"Opea Securitizadora S.A. 2023-73-1,2,3 (Raizen)",https://www.fitchratings.com/entity/true-securitizadora-2023-1-2-3-raizen-97538580#issues,National Long Term Rating,WDsf(bra),2026-03-23,Withdrawn,,notes ser 3,BRAPCSCRA207
2026-09-25,"Opea Securitizadora S.A. 2023-73-1,2,3 (Raizen)",https://www.fitchratings.com/entity/true-securitizadora-2023-1-2-3-raizen-97538580#issues,National Long Term Rating,WDsf(bra),2026-03-23,Withdrawn,,notes ser 3,BRAPCSCRA1Y9
2026-09-25,Alianca Transmissora de Energia S.A.,https://www.fitchratings.com/entity/edp-transmissao-alianca-sc-sa-96706287#issues,National Long Term Rating,AAA(bra),2026-03-23,Affirmed,Rating Outlook Stable,BRL 1.2 bln Floating bond/note 15-Oct-2044,BREDPADBS001
2026-09-25,Confluencia Energia S/A,https://www.fitchratings.com/entity/confluencia-energia-s-a-97273742#issues,National Long Term Rating,AA-(bra),2026-03-20,Affirmed,Rating Outlook Stable,BRL 215 mln bond/note 15-Nov-2041,BRCONFDBS006
2026-09-25,Itau Unibanco Holding S.A.,https://www.fitchratings.com/entity/itau-unibanco-holding-sa-80609415#issues,Long Term Rating,WD,2026-03-19,Withdrawn,,USD 500 mln Variable bond/note 15-Apr-2031,"US46556L2A19, US46556M2A90"
2026-09-25,"Riza Securitizadora 2023-80-1,2 (CBD)",https://www.fitchratings.com/entity/virgo-cia-de-securitizacao-2023-1-2-cbd-97461877#issues,National Long Term Rating,WDsf(bra),2026-03-18,Withdrawn,,notes ser 1,BRIMWLCRIF88
2026-09-25,"Riza Securitizadora 2023-80-1,2 (CBD)",https://www.fitchratings.com/entity/virgo-cia-de-securitizacao-2023-1-2-cbd-97461877#issues,National Long Term Rating,WDsf(bra),2026-03-18,Withdrawn,,notes ser 1,BRIMWLCRIF70
2026-09-25,Suno Energias Limpas Projetos Maduros S.A,https://www.fitchratings.com/entity/suno-energias-limpas-projetos-maduros-sa-97853010#issues,National Long Term Rating,AA(bra),2026-03-18,New Rating,Rating Outlook Stable,BRL 137 mln Floating bond/note 15-Dec-2040,BRSUN0DBS002
2026-09-25,Transmissora SP-MG S.A.,https://www.fitchratings.com/entity/edp-transmissao-sp-mg-sa-96784533#issues,National Long Term Rating,AAA(bra),2026-03-18,New Rating,Rating Outlook Stable,5th Debenture - 1a serie -BRL 238 mln 8.55% Series 15 bond/note 15-Jun-2036,BRMGSPDBS041
2026-09-25,Transmissora SP-MG S.A.,https://www.fitchratings.com/entity/edp-transmissao-sp-mg-sa-96784533#issues,National Long Term Rating,AAA(bra),2026-03-18,New Rating,Rating Outlook Stable,5th Debenture -2a serie - BRL 238 mln 8.6459% Series 25 bond/note 15-Jun-2041,BRMGSPDBS058
2026-09-25,GDS Subholding S.A.,https://www.fitchratings.com/entity/gds-subholding-sa-97636738#issues,National Long Term Rating,AA(bra),2026-03-17,Affirmed,Rating Outlook Negative,BRL 376 mln bond/note 01-Sep-2043,BRGDSSDBS002
2026-09-25,SPE Transmissora de Energia Linha Verde II S.A.,https://www.fitchratings.com/entity/spe-transmissora-de-energia-linha-verde-ii-sa-96869351#issues,National Long Term Rating,AAA(bra),2026-03-17,Review - No Action,Rating Outlook Stable,BRL 172 mln Floating bond/note 15-Jul-2044 credit agreement dated as of 02-Mar-2020,BRSPLVDBS000
2026-09-25,Transmissora Jose Maria de Macedo de Eletricidade S.A.,https://www.fitchratings.com/entity/transmissora-jose-maria-de-macedo-de-eletricidade-sa-96635611#issues,National Long Term Rating,AAA(bra),2026-03-17,Review - No Action,Rating Outlook Stable,BRL 303 mln Floating bond/note 01-Mar-2036,BRTJMMDBS008
2026-09-25,Apollo 17 Participacoes S.A,https://www.fitchratings.com/entity/apollo-17-participacoes-sa-97115286#issues,National Long Term Rating,AAA(bra),2026-03-17,Review - No Action,Rating Outlook Stable,BRL 75 mln Floating bond/note 29-Apr-2033,BRAPOLDBS003
2026-09-25,Serra do Mel Holding S.A.,https://www.fitchratings.com/entity/serra-do-mel-holding-sa-97125082#issues,National Long Term Rating,AA-(bra),2026-03-17,Downgrade,Rating Outlook Negative,BRL 102 mln Floating bond/note 15-Dec-2035 credit agreement dated as of 15-Mar-2021,BRSDMHDBS003
2026-09-25,Aeris Industria e Comercio de Equipamentos para Geracao de Energia S.A.,https://www.fitchratings.com/entity/aeris-industria-e-comercio-de-equipamentos-para-geracao-de-energia-sa-97108213#issues,National Long Term Rating,WD(bra),2026-03-17,Withdrawn,,BRL 700 mln Floating CDI (Brazil) 3% bond/note 30-Mar-2030,BRAERIDBS022
2026-09-25,Aeris Industria e Comercio de Equipamentos para Geracao de Energia S.A.,https://www.fitchratings.com/entity/aeris-industria-e-comercio-de-equipamentos-para-geracao-de-energia-sa-97108213#issues,National Long Term Rating,WD(bra),2026-03-17,Withdrawn,,BRL 600 mln Floating CDI (Brazil) 3% bond/note 30-Mar-2030,BRAERIDBS006
2026-09-25,Concessionaria Rodovias do Cafe SPE S.A.,https://www.fitchratings.com/entity/concessionaria-rodovias-do-cafe-spe-sa-97680266#issues,National Long Term Rating,AA(bra),2026-03-16,Affirmed,Rating Outlook Stable,BRL 800 mln bond/note 15-Mar-2041,BRCRCFDBS010
2026-09-25,Credito Universitario Fundo de Investimento em Direitos Creditorios,https://www.fitchratings.com/entity/credito-universitario-fundo-de-investimento-em-direitos-creditorios-96969819#issues,National Long Term Rating,PIFsf(bra),2026-03-16,Paid In Full,,notes,BRIDLQCTF0W5
2026-09-25,Credito Universitario Fundo de Investimento em Direitos Creditorios,https://www.fitchratings.com/entity/credito-universitario-fundo-de-investimento-em-direitos-creditorios-96969819#issues,National Long Term Rating,PIFsf(bra),2026-03-16,Paid In Full,,notes,BRIDLQCTF0V7
2026-09-25,Companhia de Saneamento do Parana - SANEPAR,https://www.fitchratings.com/entity/companhia-de-saneamento-do-parana-sanepar-96358618#issues,National Long Term Rating,NR,2026-03-15,Matured,,11th Debentures_1st serie due 2026,BRSAPRDBS0K0
2026-09-25,VIX Logistica S.A.,https://www.fitchratings.com/entity/vix-logistica-sa-96174956#issues,National Long Term Rating,NR,2026-03-15,Matured,,BRL 300 mln Floating 4th issuance Series 14 bond/note 15-Mar-2026,BRVIXLDBS047
2026-09-25,FIDC Tramontina I,https://www.fitchratings.com/entity/fundo-de-investimento-em-direitos-creditorios-tramontina-i-97277721#issues,National Long Term Rating,AAAsf(bra),2026-03-13,Affirmed,Rating Outlook Stable,notes ser 3,BR0AOXCTF016
2026-09-25,Transmissora Alianca de Energia Eletrica S.A.,https://www.fitchratings.com/entity/transmissora-alianca-de-energia-eletrica-sa-90901890#issues,National Long Term Rating,AAA(bra),2026-03-12,New Rating,,Taesa_21th Deb Issuancce (1st Series)_BRL 400 mln_2033,BRTAEEDBS167
2026-09-25,Transmissora Alianca de Energia Eletrica S.A.,https://www.fitchratings.com/entity/transmissora-alianca-de-energia-eletrica-sa-90901890#issues,National Long Term Rating,AAA(bra),2026-03-12,New Rating,,Taesa_21th Deb Issuancce (2nd Series)_BRL 400 mln_2036,BRTAEEDBS175
2026-09-25,Raizen Energia S.A.,https://www.fitchratings.com/entity/raizen-energia-s-a-91300896#issues,National Long Term Rating,C(bra),2026-03-12,Downgrade,,4a Debentures (Serie Unica) BRL 900 mln 3.539% Series 14 bond/note 15-Nov-2029,BRRESADBS039
2026-09-25,Raizen Energia S.A.,https://www.fitchratings.com/entity/raizen-energia-s-a-91300896#issues,National Long Term Rating,C(bra),2026-03-12,Downgrade,,5a Debentures (Serie 2) BRL 169.5 mln Floating IPCA (Brazil) 2.05% bond/note 15-Jun-2030,BRRESADBS054
2026-09-25,Raizen S.A.,https://www.fitchratings.com/entity/raizen-combustiveis-sa-91300899#issues,National Long Term Rating,C(bra),2026-03-12,Downgrade,,4th Debentures Series 14 BRL 850 mln Floating CDI (Brazil) bond/note 15-Jul-2030,BRRESADBS096
2026-09-25,Raizen S.A.,https://www.fitchratings.com/entity/raizen-combustiveis-sa-91300899#issues,National Long Term Rating,C(bra),2026-03-12,Downgrade,,3a debentures (primeira serie) BRL 871 mln Series 13 due 15-Sep-2034,BRRAIZDBS019
2026-09-25,Raizen S.A.,https://www.fitchratings.com/entity/raizen-combustiveis-sa-91300899#issues,National Long Term Rating,C(bra),2026-03-12,Downgrade,,2a Debentures (serie Unica) BRL 1 bln CDI (Brazil) 24-Jun-2031,BRRAIZDBS001
2026-09-25,Raizen S.A.,https://www.fitchratings.com/entity/raizen-combustiveis-sa-91300899#issues,National Long Term Rating,C(bra),2026-03-12,Downgrade,,3a debentures (segunda serie) BRL 629 mln Series 23 due 15-Sep-2039,BRRAIZDBS027
2026-09-25,RDVE Subholding S.A.,https://www.fitchratings.com/entity/rdve-subholding-sa-97349065#issues,National Long Term Rating,AA(bra),2026-03-11,Affirmed,Rating Outlook Stable,BRL 346 mln 7.042% bond/note 15-Apr-2038 credit agreement dated as of 15-Apr-2022,BRRDVEDBS003
2026-09-25,Minerva FIDC II - Credito Mercantil Responsabilidade Limitada,https://www.fitchratings.com/entity/minerva-fidc-ii-credito-mercantil-responsabilidade-limitada-97725378#issues,National Long Term Rating,A-sf(bra),2026-03-11,Affirmed,Rating Outlook Stable,notes ser 2,
2026-09-25,Minerva FIDC II - Credito Mercantil Responsabilidade Limitada,https://www.fitchratings.com/entity/minerva-fidc-ii-credito-mercantil-responsabilidade-limitada-97725378#issues,National Long Term Rating,A-sf(bra),2026-03-11,Affirmed,Rating Outlook Stable,bonds ser 2,BR0O5BCTF018
2026-09-25,Suzano S.A.,https://www.fitchratings.com/entity/suzano-sa-80092054#issues,National Long Term Rating,AAA(bra),2026-03-10,New Rating,,12a Debentures (Serie Unica) BRL 179 mln Floating IPCA (Brazil) bond/note,BRSUZBDBS0B1
2026-09-25,Suzano S.A.,https://www.fitchratings.com/entity/suzano-sa-80092054#issues,National Long Term Rating,AAA(bra),2026-03-09,New Rating,,1a serie -CPR-F BRL 1.5 bln Floating IPCA (Brazil) bond/note,BRSUZBPR0038
2026-09-25,Suzano S.A.,https://www.fitchratings.com/entity/suzano-sa-80092054#issues,National Long Term Rating,AAA(bra),2026-03-09,New Rating,,2a serie- CPR-F BRL 1 bln Floating IPCA (Brazil) bond/note,BRSUZBPR0046
2026-09-25,Companhia de Saneamento Basico do Estado de Sao Paulo (SABESP),https://www.fitchratings.com/entity/companhia-de-saneamento-basico-do-estado-de-sao-paulo-sabesp-80614473#issues,National Long Term Rating,AAA(bra),2026-03-09,Affirmed,,1st serie due to Jan.2029,BRSBSPDBS1W1
2026-09-25,Companhia de Saneamento Basico do Estado de Sao Paulo (SABESP),https://www.fitchratings.com/entity/companhia-de-saneamento-basico-do-estado-de-sao-paulo-sabesp-80614473#issues,National Long Term Rating,AAA(bra),2026-03-09,Affirmed,,37a Debenture 1st serie BRL 3.5 bln Floating CDI (Brazil) 0.69% bond/note 01-nov-2032,
2026-09-25,Companhia de Saneamento Basico do Estado de Sao Paulo (SABESP),https://www.fitchratings.com/entity/companhia-de-saneamento-basico-do-estado-de-sao-paulo-sabesp-80614473#issues,National Long Term Rating,AAA(bra),2026-03-09,Affirmed,,33a Debentures_ BRL 1.4 bln_2nd serie,BRSBSPDBS213
2026-09-25,Companhia de Saneamento Basico do Estado de Sao Paulo (SABESP),https://www.fitchratings.com/entity/companhia-de-saneamento-basico-do-estado-de-sao-paulo-sabesp-80614473#issues,National Long Term Rating,AAA(bra),2026-03-09,Affirmed,,3rd serie due to Jan.2034,BRSBSPDBS1Y7
2026-09-25,Companhia de Saneamento Basico do Estado de Sao Paulo (SABESP),https://www.fitchratings.com/entity/companhia-de-saneamento-basico-do-estado-de-sao-paulo-sabesp-80614473#issues,National Long Term Rating,AAA(bra),2026-03-09,Affirmed,,37a Debenture 2nd serie BRL 1.5 bln Floating CDI (Brazil) 0.9% bond/note 01-nov-2035,
2026-09-25,Companhia de Saneamento Basico do Estado de Sao Paulo (SABESP),https://www.fitchratings.com/entity/companhia-de-saneamento-basico-do-estado-de-sao-paulo-sabesp-80614473#issues,National Long Term Rating,AAA(bra),2026-03-09,Affirmed,,33a Debentures_ BRL 1.3 bln_3rd serie,BRSBSPDBS221
2026-09-25,Companhia de Saneamento Basico do Estado de Sao Paulo (SABESP),https://www.fitchratings.com/entity/companhia-de-saneamento-basico-do-estado-de-sao-paulo-sabesp-80614473#issues,National Long Term Rating,AAA(bra),2026-03-09,Affirmed,,2nd serie due to Jan.2031,BRSBSPDBS1X9
2026-09-25,Companhia de Saneamento Basico do Estado de Sao Paulo (SABESP),https://www.fitchratings.com/entity/companhia-de-saneamento-basico-do-estado-de-sao-paulo-sabesp-80614473#issues,National Long Term Rating,AAA(bra),2026-03-09,Affirmed,,33a Debentures_ BRL 1 bln_1st serie,BRSBSPDBS205
2026-09-25,Companhia de Saneamento Basico do Estado de Sao Paulo (SABESP),https://www.fitchratings.com/entity/companhia-de-saneamento-basico-do-estado-de-sao-paulo-sabesp-80614473#issues,National Long Term Rating,AAA(bra),2026-03-09,Affirmed,,29a Debenture 3rd serie - BRL 150 mln Floating bond/note 15-Dec-2036,BRSBSPDBS1T7
2026-09-25,Serena Geracao S.A.,https://www.fitchratings.com/entity/omega-geracao-sa-96480320#issues,National Long Term Rating,AA(bra),2026-03-06,Affirmed,,Serena G_6th Deb Issuance (2nd Series)_BRL200 mln_2031,BROMGEDBS093
2026-09-25,Serena Geracao S.A.,https://www.fitchratings.com/entity/omega-geracao-sa-96480320#issues,National Long Term Rating,AA(bra),2026-03-06,Affirmed,,Serena G_6th Deb Issuance (3rd Series)_BRL30 mln_2035,BROMGEDBS0A7
2026-09-25,Serena Geracao S.A.,https://www.fitchratings.com/entity/omega-geracao-sa-96480320#issues,National Long Term Rating,AA(bra),2026-03-06,Affirmed,,BRL 52 mln 8.5% bond/note 15-Jun-2028,BRSVITDBS008
2026-09-25,Serena Geracao S.A.,https://www.fitchratings.com/entity/omega-geracao-sa-96480320#issues,National Long Term Rating,AA(bra),2026-03-06,Affirmed,,Serena G_7th Deb Issuance (1st Serie)_BRL 500 mln_2031,
2026-09-25,Serena Geracao S.A.,https://www.fitchratings.com/entity/omega-geracao-sa-96480320#issues,National Long Term Rating,AA(bra),2026-03-06,Affirmed,,Serena G_7th Deb Issuance (2nd Serie)_BRL 500 mln_2033,
2026-09-25,Serena Geracao S.A.,https://www.fitchratings.com/entity/omega-geracao-sa-96480320#issues,National Long Term Rating,AA(bra),2026-03-06,Affirmed,,Serena G_7th Deb Issuance (3rd Serie)_BRL 500 mln_2036,
2026-09-25,Serena Geracao S.A.,https://www.fitchratings.com/entity/omega-geracao-sa-96480320#issues,National Long Term Rating,AA(bra),2026-03-06,Affirmed,,1a Emissao - 4a serie BRL 150 mln 5% bond/note 15-May-2027,BROMGEDBS036
2026-09-25,Serena Geracao S.A.,https://www.fitchratings.com/entity/omega-geracao-sa-96480320#issues,National Long Term Rating,AA(bra),2026-03-06,Affirmed,,Serena G_6th Deb Issuance (1st Series)_BRL215 mln_2030,BROMGEDBS085
2026-09-25,Central Fotovoltaica Sao Pedro IV S.A.,https://www.fitchratings.com/entity/central-fotovoltaica-sao-pedro-iv-ltda-96836831#issues,National Long Term Rating,AAA(bra),2026-03-06,Upgrade,Rating Outlook Stable,BRL 60 mln 4.4% bond/note 15-Dec-2034,BRSPIVDBS006
2026-09-25,Central Fotovoltaica Sao Pedro II S.A.,https://www.fitchratings.com/entity/central-fotovoltaica-sao-pedro-ii-ltda-96836823#issues,National Long Term Rating,AAA(bra),2026-03-06,Upgrade,Rating Outlook Stable,BRL 73 mln 4.4% bond/note 15-Dec-2034,BRFTSPDBS006
2026-09-25,"Vert Cia Securitizadora 2026-36-1,2,3,4,5 (J&F)",https://www.fitchratings.com/entity/vert-cia-securitizadora-2026-36-1-2-3-4-5-j-f-97860304#issues,National Long Term Rating,AAAsf(bra),2026-03-05,New Rating,Rating Outlook Stable,notes,BRVERTDBS1H1
2026-09-25,"Vert Cia Securitizadora 2026-36-1,2,3,4,5 (J&F)",https://www.fitchratings.com/entity/vert-cia-securitizadora-2026-36-1-2-3-4-5-j-f-97860304#issues,National Long Term Rating,AAAsf(bra),2026-03-05,New Rating,Rating Outlook Stable,notes,BRVERTDBS1G3
2026-09-25,"Vert Cia Securitizadora 2026-36-1,2,3,4,5 (J&F)",https://www.fitchratings.com/entity/vert-cia-securitizadora-2026-36-1-2-3-4-5-j-f-97860304#issues,National Long Term Rating,NRsf,2026-03-05,New Rating,,notes,BRVERTDBS1J7
2026-09-25,"Vert Cia Securitizadora 2026-36-1,2,3,4,5 (J&F)",https://www.fitchratings.com/entity/vert-cia-securitizadora-2026-36-1-2-3-4-5-j-f-97860304#issues,National Long Term Rating,NRsf,2026-03-05,New Rating,,notes,BRVERTDBS1K5
2026-09-25,"Vert Cia Securitizadora 2026-36-1,2,3,4,5 (J&F)",https://www.fitchratings.com/entity/vert-cia-securitizadora-2026-36-1-2-3-4-5-j-f-97860304#issues,National Long Term Rating,NRsf,2026-03-05,New Rating,,notes,BRVERTDBS1I9
2026-09-25,Caixa Economica Federal,https://www.fitchratings.com/entity/caixa-economica-federal-80092109#issues,Long Term Rating,BB,2026-03-05,Affirmed,,USD 700 mln 5.625% bond/note 13-May-2030,"US12803Y2A67, US12804DAA28"
2026-09-25,Cruzeiro do Sul Educacional SA,https://www.fitchratings.com/entity/cruzeiro-do-sul-educacional-sa-97709589#issues,National Long Term Rating,AA(bra),2026-03-05,Affirmed,,3rd debentures 2nd series BRL 250 mln bond/note 15-Nov-2032,BRCSEDDBS027
2026-09-25,Cruzeiro do Sul Educacional SA,https://www.fitchratings.com/entity/cruzeiro-do-sul-educacional-sa-97709589#issues,National Long Term Rating,AA(bra),2026-03-05,Affirmed,,2nd debentures BRL300m due 2030,BRCSEDDBS001
2026-09-25,Cruzeiro do Sul Educacional SA,https://www.fitchratings.com/entity/cruzeiro-do-sul-educacional-sa-97709589#issues,National Long Term Rating,AA(bra),2026-03-05,Affirmed,,3rd debentures 1st  series BRL 300 mln bond/note 15-Nov-2030,BRCSEDDBS019
2026-09-25,AZUL Investments LLP,https://www.fitchratings.com/entity/azul-investments-llp-96664012#issues,Long Term Rating,WD,2026-03-04,Withdrawn,,USD 600 mln 7.25% bond/note 15-Jun-2026,"US05502FAC23, USU0551UAB99"
2026-09-25,Ser Educacional S.A.,https://www.fitchratings.com/entity/ser-educacional-sa-96163650#issues,National Long Term Rating,AA(bra),2026-03-04,New Rating,,7th debentures BRL250mln due 2029,BRSEERDBS098
2026-09-25,Ero Copper Corp.,https://www.fitchratings.com/entity/ero-copper-corp-97327617#issues,Long Term Rating,B+,2026-03-04,Affirmed,,USD 400 mln 6.5% bond/note 15-Feb-2030,"US296006AA71, USC3328LAA73"
2026-09-25,Vale S.A.,https://www.fitchratings.com/entity/vale-sa-80090452#issues,Long Term Rating,BBB+,2026-03-04,Affirmed,,USD 1.5 bln 5.625% bond/note 11-Sep-2042,US91912EAA38
2026-09-25,Ventos de Sao Tito Holding S.A.,https://www.fitchratings.com/entity/ventos-de-sao-tito-holding-sa-96203309#issues,National Long Term Rating,AA+(bra),2026-03-02,Affirmed,Rating Outlook Negative,BRL 33 mln Floating bond/note 15-Jun-2028,BRVNTTDBS006
2026-09-25,ASA Branca Holding S.A.,https://www.fitchratings.com/entity/asa-branca-holding-sa-97244274#issues,National Long Term Rating,A-(bra),2026-03-02,Downgrade,Rating Outlook Negative,BRL 315 mln Variable 6.25% bond/note 15-Jun-2033,BRASABDBS007
2026-09-25,Brazil,https://www.fitchratings.com/entity/brazil-80442191#issues,Long Term Rating,NR,2026-03-01,Matured,,BRL 284.85 bln Floating bond/note 01-Mar-2026,BRSTNCLF1RE0
2026-09-25,Nova Transportadora do Sudeste S.A. - NTS,https://www.fitchratings.com/entity/nova-transportadora-do-sudeste-sa-nts-96606450#issues,National Long Term Rating,AAA(bra),2026-02-27,New Rating,,12th Debenture - 3rd Serie BRL 1.3 bln Floating CDI (Brazil) bond/note,
2026-09-25,Nova Transportadora do Sudeste S.A. - NTS,https://www.fitchratings.com/entity/nova-transportadora-do-sudeste-sa-nts-96606450#issues,National Long Term Rating,AAA(bra),2026-02-27,New Rating,,11th Debenture - BRL 900 mln bond/note,
2026-09-25,Nova Transportadora do Sudeste S.A. - NTS,https://www.fitchratings.com/entity/nova-transportadora-do-sudeste-sa-nts-96606450#issues,National Long Term Rating,AAA(bra),2026-02-27,New Rating,,12th Debenture - 1st Serie BRL 1.3 bln Floating CDI (Brazil) bond/note,
2026-09-25,Nova Transportadora do Sudeste S.A. - NTS,https://www.fitchratings.com/entity/nova-transportadora-do-sudeste-sa-nts-96606450#issues,National Long Term Rating,AAA(bra),2026-02-27,New Rating,,12th Debenture - 2nd Serie BRL 1.3 bln Floating CDI (Brazil) bond/note,
2026-09-25,Dollar Diversified Payment Rights Finance Company,https://www.fitchratings.com/entity/dollar-diversified-payment-rights-finance-company-96767316#issues,Long Term Rating,BBB,2026-02-27,Review - No Action,Rating Outlook Stable,notes,
2026-09-25,Copacabana Geracao de Energia e Participacoes S.A.,https://www.fitchratings.com/entity/copacabana-geracao-de-energia-e-participacoes-sa-96609843#issues,National Long Term Rating,PIF(bra),2026-02-26,Paid In Full,,BRL 127.78 mln 8.472% bond/note 15-Oct-2034,BRCGEPDBS000
2026-09-25,Diagnosticos da America S.A.,https://www.fitchratings.com/entity/diagnosticos-da-america-sa-dasa-86681525#issues,National Long Term Rating,WD(bra),2026-02-26,Withdrawn,,10th Debentures BRL800 mln due 2026,"BRDASADBS0A4, BRDASADBS0C0, BRDASADBS0B2"
2026-09-25,Cosan Luxembourg S.A.,https://www.fitchratings.com/entity/cosan-luxembourg-sa-92269690#issues,Long Term Rating,WD,2026-02-26,Withdrawn,,USD 750 mln 5.5% legacy bond/note 20-Sep-2029,"US22113AAB17, USG25343AB36"
2026-09-25,Transmissora SP-MG S.A.,https://www.fitchratings.com/entity/edp-transmissao-sp-mg-sa-96784533#issues,National Long Term Rating,AAA(bra),2026-02-25,Affirmed,Rating Outlook Stable,BRL 525 mln Floating IPCA (Brazil) 6.35% bond/note 15-Nov-2038  credit agreement dated as of 15-Nov-2023,BRMGSPDBS033
2026-09-25,Transmissora SP-MG S.A.,https://www.fitchratings.com/entity/edp-transmissao-sp-mg-sa-96784533#issues,National Long Term Rating,AAA(bra),2026-02-25,Affirmed,Rating Outlook Stable,BRL 660 mln Floating bond/note 15-Jul-2039 credit agreement dated as of 15-Jul-2019,BRMGSPDBS017
2026-09-25,MRS Logistica S.A.,https://www.fitchratings.com/entity/mrs-logistica-sa-mrs-80091464#issues,National Long Term Rating,AAA(bra),2026-02-23,New Rating,,BRL 1.2 bln Floating IPCA (Brazil) bond/note 15-Feb-2041,
2026-09-25,Concessionaria Rota das Bandeiras S.A.,https://www.fitchratings.com/entity/concessionaria-rota-das-bandeiras-sa-91868491#issues,National Long Term Rating,AAA(bra),2026-02-20,Affirmed,Rating Outlook Stable,BRL 237 mln 5.2% bond/note 15-Jul-2034,BRCRBDDBS041
2026-09-25,Concessionaria Rota das Bandeiras S.A.,https://www.fitchratings.com/entity/concessionaria-rota-das-bandeiras-sa-91868491#issues,National Long Term Rating,AAA(bra),2026-02-20,Affirmed,Rating Outlook Stable,BRL 197 mln 5.2% bond/note 15-Jul-2034,BRCRBDDBS066
2026-09-25,Concessionaria Rota das Bandeiras S.A.,https://www.fitchratings.com/entity/concessionaria-rota-das-bandeiras-sa-91868491#issues,National Long Term Rating,AAA(bra),2026-02-20,Affirmed,Rating Outlook Stable,BRL 847 mln 5.% bond/note 15-Jul-2034,BRCRBDDBS025
2026-09-25,Concessionaria Rota das Bandeiras S.A.,https://www.fitchratings.com/entity/concessionaria-rota-das-bandeiras-sa-91868491#issues,National Long Term Rating,AAA(bra),2026-02-20,Affirmed,Rating Outlook Stable,BRL 165 mln 5.2% bond/note 15-Jul-2034,BRCRBDDBS082
2026-09-25,Concessionaria Rota das Bandeiras S.A.,https://www.fitchratings.com/entity/concessionaria-rota-das-bandeiras-sa-91868491#issues,National Long Term Rating,AAA(bra),2026-02-20,Affirmed,Rating Outlook Stable,BRL 583 mln Floating bond/note 15-Jul-2027,BRCRBDDBS033
2026-09-25,PGE - GUARAU GERADORA DE ENERGIA S.A.,https://www.fitchratings.com/entity/pge-guarau-geradora-de-energia-sa-97540663#issues,National Long Term Rating,BBB+(bra),2026-02-20,Affirmed,Rating Outlook Negative,BRL 49 mln bond/note 15-Jul-2036,BRGUGEDBS001
2026-09-25,CRI Bari Securitizadora 2022 - 11 (PGE Cascata),https://www.fitchratings.com/entity/cri-bari-securitizadora-2022-11-pge-cascata-97676882#issues,National Long Term Rating,BBB+sf(bra),2026-02-20,Affirmed,Rating Outlook Negative,BRL 39 mln bond/note 15-Jul-2036,
2026-09-25,Rodovias do Brasil Holding S.A.,https://www.fitchratings.com/entity/rodovias-do-brasil-holding-sa-97193080#issues,National Long Term Rating,AA+(bra),2026-02-20,Upgrade,Rating Outlook Stable,BRL 600 mln bond/note 01-May-2030,BRRODBDBS004
2026-09-25,"Opea Securitizadora S.A. 2015-1-123,124",https://www.fitchratings.com/entity/rb-capital-cia-de-securitizacao-2015-123-97171205#issues,National Long Term Rating,AAAsf(bra),2026-02-20,Affirmed,Rating Outlook Stable,certificates,BRRBRACRI3J8
2026-09-25,Delta 2 Energia S.A.,https://www.fitchratings.com/entity/delta-2-energia-sa-96276236#issues,National Long Term Rating,AA-(bra),2026-02-20,Review - No Action,Rating Outlook Stable,BRL 2 mln 7.375% bond/note 15-Dec-2026,BRPTMIDBS003
2026-09-25,AZUL Investments LLP,https://www.fitchratings.com/entity/azul-investments-llp-96664012#issues,Long Term Rating,NR,2026-02-19,Matured,,USD 400 mln 5.875% bond/note 26-Oct-2024,"US05502FAA66, USU0551UAA17"
2026-09-25,FS I Industria de Etanol S.A,https://www.fitchratings.com/entity/fs-i-industria-de-etanol-sa-97809918#issues,National Long Term Rating,WD(bra),2026-02-19,Withdrawn,,BRL 85 mln bond/note 15-Apr-2030,BRFSIIDBS012
2026-09-25,"Opea Securitizadora S.A. 2019-1-208,209 (Rede D'Or)",https://www.fitchratings.com/entity/rb-capital-companhia-de-securitizacao-2019-208-209-rede-d-or-96786355#issues,National Long Term Rating,PIFsf(bra),2026-02-18,Paid In Full,,debt ser 2,BRRBRACRI5H7
2026-09-25,"Eco Securitizadora 2022-140-1,2 (FS)",https://www.fitchratings.com/entity/eco-securitizadora-2022-1-2-fs-97340470#issues,National Long Term Rating,PIFsf(bra),2026-02-18,Paid In Full,,loans ser 2,BRECOACRA978
2026-09-25,Cosan S.A.,https://www.fitchratings.com/entity/cosan-sa-88173461#issues,National Long Term Rating,WD(bra),2026-02-17,Withdrawn,,6th Debentures BRL1 Bil_due 2028,BRCSANDBS0A0
2026-09-25,Cogna Educacao S.A.,https://www.fitchratings.com/entity/cogna-educacao-sa-92741290#issues,National Long Term Rating,WD(bra),2026-02-17,Withdrawn,,12th debentures (1st series) BRL607mln due 2027,BRCOGNDBS0C4
2026-09-25,Companhia Riograndense de Saneamento Corsan,https://www.fitchratings.com/entity/companhia-riograndense-de-saneamento-corsan-97071542#issues,National Long Term Rating,NR,2026-02-15,Matured,,BRL 150 mln Floating Series 24 bond/note 15-Feb-2026,BRRSANDBS030
2026-09-25,Ventos de Sao Tome Holding S.A.,https://www.fitchratings.com/entity/ventos-de-sao-tome-holding-sa-95253890#issues,National Long Term Rating,AA+(bra),2026-02-13,Affirmed,Rating Outlook Stable,BRL 26 mln Floating bond/note 15-Dec-2027,BRVSTHDBS018
2026-09-25,Banco do Estado do Rio Grande do Sul S.A.,https://www.fitchratings.com/entity/banco-do-estado-do-rio-grande-do-sul-sa-80480833#issues,Long Term Rating,WD,2026-02-12,Withdrawn,,USD 300 mln 5.375%  TIER 2 bond/note 28-Jan-2031,"US05965BAB36, USP12445AC98"
2026-09-25,CRI Opea Securitizadora S.A. (Pacaembu),https://www.fitchratings.com/entity/cri-opea-securitizadora-sa-pacaembu-97837366#issues,National Long Term Rating,AA(bra),2026-02-12,New Rating,Rating Outlook Stable,Senior BRL 275 mln bond/note 22-Dec-2035,
2026-09-25,CRI Opea Securitizadora S.A. (Pacaembu),https://www.fitchratings.com/entity/cri-opea-securitizadora-sa-pacaembu-97837366#issues,National Long Term Rating,A+(bra),2026-02-12,New Rating,Rating Outlook Stable,Subordinada - BRL 75 mln bond/note 22-Dec-2035,
2026-09-25,Nova Securitisation S.A.R.L.,https://www.fitchratings.com/entity/nova-securitisation-sarl-97848895#issues,Long Term Rating,BB+sf,2026-02-11,New Rating,Rating Outlook Stable,notes,"US66984FAA57, USL70906AA73"
2026-09-25,Nova Securitisation S.A.R.L.,https://www.fitchratings.com/entity/nova-securitisation-sarl-97848895#issues,Long Term Rating,BB+sf,2026-02-11,New Rating,Rating Outlook Stable,notes,"US66984FAB31, USL70906AB56"
2026-09-25,Serras Holding S.A.,https://www.fitchratings.com/entity/serras-holding-sa-96362577#issues,National Long Term Rating,A+(bra),2026-02-09,Affirmed,Rating Outlook Stable,BRL 40 mln Floating IPCA (Brazil) bond/note 31-Jul-2032,BRSRRHDBS002
2026-09-25,VPorts Autoridade Portuaria S.A.,https://www.fitchratings.com/entity/vports-autoridade-portuaria-sa-97598385#issues,National Long Term Rating,AAA(bra),2026-02-06,Affirmed,Rating Outlook Stable,BRL 400 mln bond/note 15-Dec-2038,BRCDESDBS001
2026-09-25,VPorts Autoridade Portuaria S.A.,https://www.fitchratings.com/entity/vports-autoridade-portuaria-sa-97598385#issues,National Long Term Rating,AAA(bra),2026-02-06,New Rating,Rating Outlook Stable,BRL 100 mln bond/note 03-Feb-2031,BRCDESDBS019
2026-09-25,Cosan S.A.,https://www.fitchratings.com/entity/cosan-sa-88173461#issues,National Long Term Rating,WD(bra),2026-02-05,Withdrawn,,BRL 1.1 bln Floating CDI (Brazil) 1.55% bond/note 30-Apr-2028,BRCSANDBS065
2026-09-25,Let's Rent a Car S.A.,https://www.fitchratings.com/entity/let-rent-car-sa-97516487#issues,National Long Term Rating,AA-(bra),2026-02-05,Affirmed,,BRL 375 mln Floating CDI (Brazil) 1.25% bond/note DA 8ª (OITAVA) EMISSÃO LRC,BRLETSDBS073
2026-09-25,VIX Logistica S.A.,https://www.fitchratings.com/entity/vix-logistica-sa-96174956#issues,National Long Term Rating,AA-(bra),2026-02-05,Affirmed,,BRL 842.74 mln Floating bond/note 11-Jun-2030- 8ª (OITAVA) EMISSÃO,BRVIXLDBS0C0
2026-09-25,VIX Logistica S.A.,https://www.fitchratings.com/entity/vix-logistica-sa-96174956#issues,National Long Term Rating,AA-(bra),2026-02-05,Affirmed,,5ª Emissao Debentures BRL 775 mln bond/note 26-Oct-2028,"BRVIXLDBS054, BRVIXLDBS062, BRVIXLDBS070, BRVIXLDBS088"
2026-09-25,VIX Logistica S.A.,https://www.fitchratings.com/entity/vix-logistica-sa-96174956#issues,National Long Term Rating,AA-(bra),2026-02-05,Affirmed,,BRL 375 mln Floating CDI (Brazil) 1.25% bond/note 9ª (NONA) EMISSÃO VIX,BRVIXLDBS0D8
2026-09-25,VIX Logistica S.A.,https://www.fitchratings.com/entity/vix-logistica-sa-96174956#issues,National Long Term Rating,AA-(bra),2026-02-05,Affirmed,,BRL 125 mln Floating Series 26 bond/note 29-Sep-2028,BRVIXLDBS0A4
2026-09-25,Companhia de Gas da Bahia - Bahiagas,https://www.fitchratings.com/entity/companhia-de-gas-da-bahia-bahiagas-96617901#issues,National Long Term Rating,AA+(bra),2026-02-05,Affirmed,,1st debenture BRL 200 mln Floating CDI (Brazil) 1% bond/note 30-Sep-2029,BRCBHIDBS009
2026-09-25,Corredor Logistica e Infraestrutura S.A.,https://www.fitchratings.com/entity/corredor-logistica-e-infraestrutura-sa-97484610#issues,National Long Term Rating,AAA(bra),2026-02-04,Affirmed,Rating Outlook Stable,BRL 420 mln bond/note,BRCLIIDBS014
2026-09-25,CLI Sul S.A,https://www.fitchratings.com/entity/cli-sul-sa-97484604#issues,National Long Term Rating,AAA(bra),2026-02-04,Affirmed,Rating Outlook Stable,BRL 800 mln bond/note,BRCLISDBS005
2026-09-25,CLI Sul S.A,https://www.fitchratings.com/entity/cli-sul-sa-97484604#issues,National Long Term Rating,AAA(bra),2026-02-04,Affirmed,Rating Outlook Stable,BRL 300 mln bond/note 15-Aug-2035,BRCLISDBS013
2026-09-25,Albioma Solar Participacoes S.A.,https://www.fitchratings.com/entity/albioma-solar-participacoes-sa-97840464#issues,National Long Term Rating,AA(bra),2026-02-02,New Rating,Rating Outlook Stable,BRL 8 mln bond/note 15-Dec-2042,BRABIODBS009
2026-09-25,Albioma Solar Participacoes S.A.,https://www.fitchratings.com/entity/albioma-solar-participacoes-sa-97840464#issues,National Long Term Rating,AA(bra),2026-02-02,New Rating,Rating Outlook Stable,BRL 110 mln bond/note 15-Dec-2042,BRABIODBS017
2026-09-25,Patria Credito Estruturado FIDC,https://www.fitchratings.com/entity/patria-credito-estruturado-fundo-de-investimento-em-direitos-creditorios-96471866#issues,National Long Term Rating,PIFsf(bra),2026-01-30,Paid In Full,,notes ser 4,BRPTFICTF040
2026-09-25,Patria Credito Estruturado FIDC,https://www.fitchratings.com/entity/patria-credito-estruturado-fundo-de-investimento-em-direitos-creditorios-96471866#issues,National Long Term Rating,PIFsf(bra),2026-01-30,Paid In Full,,notes ser 4,BRPTFICTF016
2026-09-25,Elekeiroz S/A,https://www.fitchratings.com/entity/elekeiroz-s-a-97577951#issues,National Long Term Rating,WD(bra),2026-01-30,Withdrawn,,BRL 600 mln Floating CDI (Brazil) 3.17% bond/note 23-Mar-2031,BRCHMBDBS001
2026-09-25,Pneucash FIDC,https://www.fitchratings.com/entity/pneucash-fidc-97689835#issues,National Long Term Rating,BB-sf(bra),2026-01-29,Affirmed,Rating Outlook Stable,securities ser 6,
2026-09-25,Pneucash FIDC,https://www.fitchratings.com/entity/pneucash-fidc-97689835#issues,National Long Term Rating,BBB-sf(bra),2026-01-29,Affirmed,Rating Outlook Stable,securities ser 6,
2026-09-25,Pneucash FIDC,https://www.fitchratings.com/entity/pneucash-fidc-97689835#issues,National Long Term Rating,A+sf(bra),2026-01-29,Downgrade,Rating Outlook Stable,securities ser 6,
2026-09-25,Pneucash FIDC,https://www.fitchratings.com/entity/pneucash-fidc-97689835#issues,National Long Term Rating,A+sf(bra),2026-01-29,Downgrade,Rating Outlook Stable,securities ser 6,
2026-09-25,FIDC BB Votorantim Highland Infraestrutura RL,https://www.fitchratings.com/entity/fundo-de-investimento-em-direitos-creditorios-bb-votorantim-highland-infraestrutura-93034891#issues,National Long Term Rating,Csf(bra),2026-01-29,Downgrade,,notes,BRBBVHCTF013
2026-09-25,Automotivo FIDC (GM),https://www.fitchratings.com/entity/automotivo-fidc-96708595#issues,National Long Term Rating,WDsf(bra),2026-01-29,Withdrawn,,certificates ser 1,BR00R0CTF007
2026-09-25,Faro Energy Projetos Solares Holding IV S.A.,https://www.fitchratings.com/entity/faro-energy-projetos-solares-holding-iv-sa-97664304#issues,National Long Term Rating,AA+(bra),2026-01-28,Affirmed,Rating Outlook Negative,BRL 197 mln 8.69% bond/note 15-Jan-2040,BRFEPSDBS008
2026-09-25,Atlas Luiz Carlos Comercializadora de Energia S.A,https://www.fitchratings.com/entity/atlas-luiz-carlos-comercializadora-de-energia-sa-97621684#issues,National Long Term Rating,AA(bra),2026-01-28,New Rating,Rating Outlook Negative,BRL 188 mln bond/note 15-Jul-2036,BRACRCDBS003
2026-09-25,Atlas Luiz Carlos Comercializadora de Energia S.A,https://www.fitchratings.com/entity/atlas-luiz-carlos-comercializadora-de-energia-sa-97621684#issues,National Long Term Rating,AA(bra),2026-01-28,Affirmed,Rating Outlook Negative,BRL 538 mln Variable 7.48% bond/note 15-Jul-2044,BRACRCDBS011
2026-09-25,"Kanastra Securitizadora 2024-1-1,2,3,4,5 (Solfacil)",https://www.fitchratings.com/entity/kanastra-securtitzadora-2024-1-1-2-3-4-5-solfacil-97530370#issues,National Long Term Rating,AAAsf(bra),2026-01-28,Upgrade,Rating Outlook Stable,notes ser 5,BRKNSTCRI000
2026-09-25,"Kanastra Securitizadora 2024-1-1,2,3,4,5 (Solfacil)",https://www.fitchratings.com/entity/kanastra-securtitzadora-2024-1-1-2-3-4-5-solfacil-97530370#issues,National Long Term Rating,AA+sf(bra),2026-01-28,Upgrade,Rating Outlook Stable,notes ser 5,BRKNSTCRI018
2026-09-25,IS Green Solfacil III FIDC,https://www.fitchratings.com/entity/green-solfacil-iii-fundo-de-investimento-em-direitos-creditorios-97346867#issues,National Long Term Rating,AAAsf(bra),2026-01-28,Upgrade,Rating Outlook Stable,notes ser 2022,BR0FWRCTF044
2026-09-25,IS Green Solfacil III FIDC,https://www.fitchratings.com/entity/green-solfacil-iii-fundo-de-investimento-em-direitos-creditorios-97346867#issues,National Long Term Rating,BBB+sf(bra),2026-01-28,Upgrade,Rating Outlook Stable,notes ser 2022,BR0FWRCTF028
2026-09-25,Banco BTG Pactual S.A.,https://www.fitchratings.com/entity/banco-btg-pactual-sa-80543465#issues,Long Term Rating,BB+,2026-01-27,New Rating,,USD 750 mln 5.5% bond/note 27-Jan-2031,"US05971AAM36, US05971BAM19"
2026-09-25,Itarema Geracao de Energia S.A.,https://www.fitchratings.com/entity/itarema-geracao-de-energia-sa-96274678#issues,National Long Term Rating,AAA(bra),2026-01-26,Affirmed,Rating Outlook Negative,BRL 46 mln Variable 7.807% bond/note 15-Dec-2028,BRITMGDBS028
2026-09-25,Tupi Energias Renovaveis S.A.,https://www.fitchratings.com/entity/tupi-energias-renovaveis-sa-97704811#issues,National Long Term Rating,AA-(bra),2026-01-26,Downgrade,Rating Outlook Negative,BRL 240 mln bond/note 01-Oct-2036- 2a seire,
2026-09-25,Tupi Energias Renovaveis S.A.,https://www.fitchratings.com/entity/tupi-energias-renovaveis-sa-97704811#issues,National Long Term Rating,AA-(bra),2026-01-26,Downgrade,Rating Outlook Negative,BRL 580 mln bond/note 01-Oct-2034 - 1a serie,
2026-09-25,Cogna Educacao S.A.,https://www.fitchratings.com/entity/cogna-educacao-sa-92741290#issues,National Long Term Rating,WD(bra),2026-01-23,Withdrawn,,13th debentures BRL200mln due 2027,BRCOGNDBS0E0
2026-09-25,Rota do Para S.A,https://www.fitchratings.com/entity/rota-do-para-sa-97616894#issues,National Long Term Rating,BBB-(bra),2026-01-23,Downgrade,Rating Outlook Negative,BRL 400 mln Hybrid 8.723% Series 11 bond/note 15-Dec-2034,BRRPASDBS001
2026-09-25,CPFL Energias Renovaveis S.A.,https://www.fitchratings.com/entity/cpfl-energias-renovaveis-sa-96223356#issues,National Long Term Rating,WD(bra),2026-01-22,Withdrawn,,12th Deb Issue  BRL 625 mln Floating CDI (Brazil) 0.5% CDI bond/note 25-Nov-2030,BRCPREDBS0E7
2026-09-25,BRK Ambiental Manso S.A.,https://www.fitchratings.com/entity/brk-ambiental-manso-sa-94377892#issues,National Long Term Rating,AAA(bra),2026-01-22,Affirmed,Rating Outlook Stable,BRL 474 mln Floating bond/note 20-Dec-2027,
2026-09-25,Guararapes Confeccoes S.A.,https://www.fitchratings.com/entity/guararapes-confeccoes-sa-95232490#issues,National Long Term Rating,AA-(bra),2026-01-19,Upgrade,,BRL 1.45 bln Floating bond/note 15-Oct-2028,BRGUARDBS097
2026-09-25,"Vert Cia Securitizadora 2023-92-1,2,3,4 (Belagricola)",https://www.fitchratings.com/entity/vert-companhia-securitizadora-2023-92-1-2-3-4-belagricola-97567120#issues,National Long Term Rating,PIFsf(bra),2026-01-16,Paid In Full,,notes ser 4,BRVERTCRA419
2026-09-25,"Eco Securitizadora 2022-153-1,2,3 (Marfrig)",https://www.fitchratings.com/entity/eco-securitizadora-2022-1-2-3-97343669#issues,National Long Term Rating,PIFsf(bra),2026-01-15,Paid In Full,,"securities ser 1,2,3",BRECOACRA9C5
2026-09-25,Petroleo Brasileiro S.A. (Petrobras),https://www.fitchratings.com/entity/petroleo-brasileiro-sa-petrobras-80090802#issues,National Long Term Rating,NR,2026-01-15,Matured,,6th debenture BRL 1.007 bln 106.25% CDI bond/note 15-Jan-2026,BRPETRDBS0A6
2026-09-25,Petroleo Brasileiro S.A. (Petrobras),https://www.fitchratings.com/entity/petroleo-brasileiro-sa-petrobras-80090802#issues,National Long Term Rating,NR,2026-01-15,Matured,,6th debenture BRL 898.4 mln 4.046% bond/note 15-Jan-2026,BRPETRDBS001
2026-09-25,Vale S.A.,https://www.fitchratings.com/entity/vale-sa-80090452#issues,National Long Term Rating,NR,2026-01-15,Matured,,3nd serie of debentures issued BRL 100 mln 6.71% bond/note 15-Jan-2026 ser 38,BRVALEDBS077
2026-09-25,Companhia de Saneamento de Minas Gerais COPASA MG,https://www.fitchratings.com/entity/companhia-de-saneamento-de-minas-gerais-copasa-94017690#issues,National Long Term Rating,NR,2026-01-15,Matured,,12th Debenture 2nd serie due Jan-2026,BRCSMGDBS0B3
2026-09-25,Santo Antonio Energia S.A.,https://www.fitchratings.com/entity/santo-antonio-energia-sa-91718290#issues,National Long Term Rating,AAA(bra),2026-01-14,Affirmed,Rating Outlook Stable,1a Emissao - 2a serie,
2026-09-25,Santo Antonio Energia S.A.,https://www.fitchratings.com/entity/santo-antonio-energia-sa-91718290#issues,National Long Term Rating,AAA(bra),2026-01-14,Affirmed,Rating Outlook Stable,1a Emissao - 1a serie,
2026-09-25,Trademaster III FIDC Recebiveis Comerciais - Responsabilidade Limitada,https://www.fitchratings.com/entity/trademaster-iii-fidc-recebiveis-comerciais-responsabilidade-limitada-97577793#issues,National Long Term Rating,PIFsf(bra),2026-01-12,Paid In Full,,notes ser 2,BRT03PCTF002
2026-09-25,Unidas Locacoes E Servicos S/A,https://www.fitchratings.com/entity/ouro-verde-locacao-e-servico-sa-88650059#issues,National Long Term Rating,AA(bra),2026-01-12,New Rating,,21st Debentures Issuance - BRL 1 bln Floating CDI (Brazil) 2.35% bond/note 05-Jan-2032,
2026-09-25,Banco BTG Pactual S.A.,https://www.fitchratings.com/entity/banco-btg-pactual-sa-80543465#issues,Long Term Rating,NR,2026-01-11,Matured,,USD 500 mln 2.75% bond/note 11-Jan-2026,"US05971AAG67, US05971BAG41"
2026-09-25,Companhia Energetica do Ceara,https://www.fitchratings.com/entity/companhia-energetica-do-ceara-96574578#issues,National Long Term Rating,NR,2026-01-10,Matured,,9th debenture issuance BRL 950 mln Floating CDI (Brazil) 1.48% bond/note 10-Jan-2026,BRCOCEDBS0F2
2026-09-25,TECP - Transmissora de Energia Central Paulistana S.A.,https://www.fitchratings.com/entity/tecp-transmissora-de-energia-central-paulistana-sa-97814493#issues,National Long Term Rating,AAA(bra),2026-01-09,New Rating,,TECP_3rd Debenture Issuance_BRL 2.45 bln_2038,
2026-09-25,PBG S/A,https://www.fitchratings.com/entity/pbg-s-a-97027261#issues,National Long Term Rating,BBB(bra),2026-01-09,Review - No Action,,BRL 204 mln 3.65% bond/note 20-Dec-2028,BRPTBLDBS075
2026-09-25,Opea Securitizadora S.A. 2025-488-1 (Assai),https://www.fitchratings.com/entity/opea-securitizadora-sa-2025-488-1-assai-97843290#issues,National Long Term Rating,AAAsf(bra),2026-01-09,New Rating,Rating Outlook Stable,notes ser 1,BRRBRACIR184
2026-09-25,EDTE -Empresa Diamantina de Transmissao de Energia S.A.,https://www.fitchratings.com/entity/edte-empresa-diamantina-de-transmissao-de-energia-sa-96723959#issues,National Long Term Rating,AAA(bra),2026-01-08,Affirmed,,BRL 217 mln Floating bond/note 15-Dec-2028,BREDITDBS014
2026-09-25,FIDC Medici I,https://www.fitchratings.com/entity/fidc-medici-i-97788752#issues,National Long Term Rating,NRsf,2026-01-07,New Rating,,securities ser 2,BR0PCHCTF004
2026-09-25,TOTVS S.A.,https://www.fitchratings.com/entity/totvs-sa-96738486#issues,National Long Term Rating,AAA(bra),2026-01-06,New Rating,,BRL 3 bln Floating CDI (Brazil) bond/note 29-Jan-2033,BRTOTSDBS059
2026-09-25,Monte Rodovias Nordeste I Holding Participacoes S.A.,https://www.fitchratings.com/entity/monte-rodovias-nordeste-i-holding-participacoes-sa-97611135#issues,National Long Term Rating,WD(bra),2026-01-05,Withdrawn,,BRL 450 mln bond/note 15-Aug-2032,
2026-09-25,Brazil,https://www.fitchratings.com/entity/brazil-80442191#issues,Long Term Rating,NR,2026-01-01,Matured,,BRL 153.334 bln Zero bond/note 01-Jan-2026,BRSTNCLTN7U7
2026-09-25,Ventos de Santo Estevao Holding S.A.,https://www.fitchratings.com/entity/ventos-de-santo-estevao-holding-sa-96568227#issues,National Long Term Rating,WD(bra),2025-12-30,Withdrawn,,BRL 117 mln 6.988% bond/note 15-Jul-2032,BRVSEHDBS002
2026-09-25,ER 2030 FIDC,https://www.fitchratings.com/entity/er-2030-fidc-97792932#issues,National Long Term Rating,AAAsf(bra),2025-12-26,New Rating,Rating Outlook Stable,notes ser 4,BR0QI4CTF004
2026-09-25,ER 2030 FIDC,https://www.fitchratings.com/entity/er-2030-fidc-97792932#issues,National Long Term Rating,NRsf,2025-12-26,New Rating,,notes ser 4,BR0QI4CTF038
2026-09-25,ER 2030 FIDC,https://www.fitchratings.com/entity/er-2030-fidc-97792932#issues,National Long Term Rating,NRsf,2025-12-26,New Rating,,notes ser 4,BR0QI4CTF020
2026-09-25,ER 2030 FIDC,https://www.fitchratings.com/entity/er-2030-fidc-97792932#issues,National Long Term Rating,NRsf,2025-12-26,New Rating,,notes ser 4,BR0QI4CTF012
2026-09-25,Windepar Holding S.A.,https://www.fitchratings.com/entity/windepar-holding-sa-96416378#issues,National Long Term Rating,AAA(bra),2025-12-23,Affirmed,,BRL 29 mln Floating bond/note 15-Dec-2028,BRWDPRDBS007
2026-09-25,ETB - Empresa de Transmissao Baiana SA,https://www.fitchratings.com/entity/etb-empresa-de-transmissao-baiana-sa-96726939#issues,National Long Term Rating,AAA(bra),2025-12-23,Affirmed,,BRL 715 mln 5.338% Series 12 bond/note 15-Feb-2029,BRETBADBS015
2026-09-25,TPE - Transmissora Paraiso de Energia SA,https://www.fitchratings.com/entity/tpe-transmissora-paraiso-de-energia-sa-96698878#issues,National Long Term Rating,AAA(bra),2025-12-23,Affirmed,,BRL 685 mln Floating bond/note 15-Sep-2028,BRTPENDBS000
2026-09-25,TCC - Transmissora Caminho do Cafe S.A.,https://www.fitchratings.com/entity/tcc-transmissora-caminho-do-cafe-sa-96698895#issues,National Long Term Rating,AAA(bra),2025-12-23,Affirmed,,BRL 435 mln Floating bond/note 15-Sep-2028,BRTRCCDBS003
2026-09-25,Alupar Investimento S.A.,https://www.fitchratings.com/entity/alupar-investimento-sa-86661526#issues,National Long Term Rating,AAA(bra),2025-12-23,Affirmed,,BRL 850 mln bond/note 30-Sep-2034,BRALUPDBS0C9
2026-09-25,Apiuna Participacoes S/A,https://www.fitchratings.com/entity/apiuna-participacoes-s-a-97828981#issues,National Long Term Rating,AA+(bra),2025-12-23,New Rating,Rating Outlook Stable,BRL 370 mln 8.896% bond/note 15-Dec-2043,BRAPPTDBS003
2026-09-25,MRS Logistica S.A.,https://www.fitchratings.com/entity/mrs-logistica-sa-mrs-80091464#issues,National Long Term Rating,AAA(bra),2025-12-23,Affirmed,,12ª Emissão de Debentures (Serie 2),BRMRSADBS0L1
2026-09-25,MRS Logistica S.A.,https://www.fitchratings.com/entity/mrs-logistica-sa-mrs-80091464#issues,National Long Term Rating,AAA(bra),2025-12-23,Affirmed,,1ª Emissão Notas Promissórias,BRMRSANPM000
2026-09-25,MRS Logistica S.A.,https://www.fitchratings.com/entity/mrs-logistica-sa-mrs-80091464#issues,National Long Term Rating,AAA(bra),2025-12-23,Affirmed,,10a Emissão de Debentures (Serie 2),BRMRSADBS0F3
2026-09-25,MRS Logistica S.A.,https://www.fitchratings.com/entity/mrs-logistica-sa-mrs-80091464#issues,National Long Term Rating,AAA(bra),2025-12-23,Affirmed,,11a Emissão de Debentures (Serie 1),BRMRSADBS0H9
2026-09-25,MRS Logistica S.A.,https://www.fitchratings.com/entity/mrs-logistica-sa-mrs-80091464#issues,National Long Term Rating,AAA(bra),2025-12-23,Affirmed,,10a Emissão de Debentures (Serie 3),BRMRSADBS0G1
2026-09-25,MRS Logistica S.A.,https://www.fitchratings.com/entity/mrs-logistica-sa-mrs-80091464#issues,National Long Term Rating,AAA(bra),2025-12-23,Affirmed,,11ª Emissão de Debentures (Serie 3) C1,BRMRSADBS0J5
2026-09-25,MRS Logistica S.A.,https://www.fitchratings.com/entity/mrs-logistica-sa-mrs-80091464#issues,National Long Term Rating,AAA(bra),2025-12-23,Affirmed,,11ª Emissão de Debentures (Serie 2) B1,BRMRSADBS0I7
2026-09-25,MRS Logistica S.A.,https://www.fitchratings.com/entity/mrs-logistica-sa-mrs-80091464#issues,National Long Term Rating,AAA(bra),2025-12-23,Affirmed,,12ª Emissão de Debentures (Serie 3),BRMRSADBS0M9
2026-09-25,MRS Logistica S.A.,https://www.fitchratings.com/entity/mrs-logistica-sa-mrs-80091464#issues,National Long Term Rating,AAA(bra),2025-12-23,Affirmed,,12ª Emissão de Debentures (Serie 1),BRMRSADBS0K3
2026-09-25,Rincao Sao Miguel Energetica S.A.,https://www.fitchratings.com/entity/rincao-sao-miguel-energetica-sa-97007595#issues,National Long Term Rating,BB+(bra),2025-12-22,Affirmed,Rating Outlook Negative,BRL 38 mln Floating bond/note 15-Jun-2037 credit agreement dated as of 15-Dec-2019,BRRSMEDBS000
2026-09-25,Rincao dos Albinos Energetica S.A.,https://www.fitchratings.com/entity/rincao-dos-albinos-energetica-sa-97007196#issues,National Long Term Rating,BBB+(bra),2025-12-22,Affirmed,Rating Outlook Negative,BRL 61 mln Floating bond/note 15-Jun-2037,BRRALBDBS006
2026-09-25,Tucano Holding III S.A.,https://www.fitchratings.com/entity/tucano-holdings-iii-sa-97282626#issues,National Long Term Rating,AA+(bra),2025-12-19,Affirmed,,BRL 164 mln 6.587% bond/note 15-Sep-2041,BRTNHLDBS002
2026-09-25,Ache Laboratorios Farmaceuticos S.A.,https://www.fitchratings.com/entity/ache-laboratorios-farmaceuticos-sa-90982911#issues,National Long Term Rating,AAA(bra),2025-12-19,Affirmed,,BRL 650 mln Floating CDI (Brazil) 0.7% bond/note 15-DEC-2031,
2026-09-25,Ache Laboratorios Farmaceuticos S.A.,https://www.fitchratings.com/entity/ache-laboratorios-farmaceuticos-sa-90982911#issues,National Long Term Rating,AAA(bra),2025-12-19,Affirmed,,BRL 200 mln Floating CDI (Brazil) bond/note 05-Aug-2029,
2026-09-25,Ache Laboratorios Farmaceuticos S.A.,https://www.fitchratings.com/entity/ache-laboratorios-farmaceuticos-sa-90982911#issues,National Long Term Rating,AAA(bra),2025-12-19,Affirmed,,BRL 400 mln bond/note,BRACEHDBS026
2026-09-25,SBF Comercio de Produtos Esportivos S.A.,https://www.fitchratings.com/entity/sbf-comercio-de-produtos-esportivos-sa-97028200#issues,National Long Term Rating,AA(bra),2025-12-19,Upgrade,,BRL 500 mln Floating bond/note 29-Apr-2027,BRSBFCDBS028
2026-09-25,Fisia Comercio de Produtos Esportivos S.A.,https://www.fitchratings.com/entity/fisia-comercio-de-produtos-esportivos-sa-97462128#issues,National Long Term Rating,AA(bra),2025-12-19,Upgrade,,BRL 500 mln Series 15 Floating CDI (Brazil) 0.85% bond/note 15-Jul-2030,BRFISIDBS046
2026-09-25,C&A Modas S.A.,https://www.fitchratings.com/entity/c-a-modas-sa-97131987#issues,National Long Term Rating,AA(bra),2025-12-19,Upgrade,,BRL 200 mln Floating CDI (Brazil) 0.8% bond/note,BRCEABDBS086
2026-09-25,C&A Modas S.A.,https://www.fitchratings.com/entity/c-a-modas-sa-97131987#issues,National Long Term Rating,AA(bra),2025-12-19,Upgrade,,BRL 495.96 mln Floating CDI (Brazil) 1.8% bond/note 15-Jul-2027,"BRCEABDBS045, BRCEABDBS060"
2026-09-25,C&A Modas S.A.,https://www.fitchratings.com/entity/c-a-modas-sa-97131987#issues,National Long Term Rating,AA(bra),2025-12-19,Upgrade,,BRL 352.5 mln Floating CDI (Brazil) bond/note 13-May-2028,BRCEABDBS037
2026-09-25,C&A Modas S.A.,https://www.fitchratings.com/entity/c-a-modas-sa-97131987#issues,National Long Term Rating,AA(bra),2025-12-19,Upgrade,,BRL 100 mln Floating CDI (Brazil) 1% bond/note,BRCEABDBS094
2026-09-25,Itu FIC FIDC,https://www.fitchratings.com/entity/itu-fundo-de-investimento-em-cotas-de-fundos-de-investimento-em-direitos-creditorios-95444290#issues,National Long Term Rating,AAAsf(bra),2025-12-18,Affirmed,Rating Outlook Stable,notes,BRITU1CTF007
2026-09-25,Itu FIC FIDC,https://www.fitchratings.com/entity/itu-fundo-de-investimento-em-cotas-de-fundos-de-investimento-em-direitos-creditorios-95444290#issues,National Short Term Rating,F1+sf(bra),2025-12-18,Affirmed,,notes,BRITU1CTF007
2026-09-25,"Eco Securitizadora 2025-434-1,2,3,5 (BRF)",https://www.fitchratings.com/entity/eco-securitizadora-2025-434-1-2-3-4-5-brf-97825988#issues,National Long Term Rating,WDsf(bra),2025-12-18,Withdrawn,,notes ser 4,BRECOACRALR1
2026-09-25,Duratex Florestal Ltda.,https://www.fitchratings.com/entity/duratex-florestal-ltda-97810950#issues,National Long Term Rating,AAA(bra),2025-12-18,Review - No Action,,1ª Emissao CPRs (BRL1.6 bi),BRDURXPR0005
2026-09-25,Suzano S.A.,https://www.fitchratings.com/entity/suzano-sa-80092054#issues,National Long Term Rating,AAA(bra),2025-12-18,Review - No Action,,9a Debentures (Serie 1) BRL 500 mln Floating IPCA (Brazil) bond/note 15-Jun-2030,BRSUZBDBS051
2026-09-25,Suzano S.A.,https://www.fitchratings.com/entity/suzano-sa-80092054#issues,National Long Term Rating,AAA(bra),2025-12-18,Review - No Action,,10a Debentures (Serie Unica) BRL 2 bln Floating IPCA (Brazil) bond/note 01-Sep-2038,BRSUZBDBS077
2026-09-25,Suzano S.A.,https://www.fitchratings.com/entity/suzano-sa-80092054#issues,National Long Term Rating,AAA(bra),2025-12-18,Review - No Action,,BRL 900 mln Floating bond/note 15-May-2036,BRSUZBDBS0A3
2026-09-25,Suzano S.A.,https://www.fitchratings.com/entity/suzano-sa-80092054#issues,National Long Term Rating,AAA(bra),2025-12-18,Review - No Action,,BRL 4 bln Floating CDI (Brazil) bond/note 15-May-2034,BRSUZBDBS093
2026-09-25,Suzano S.A.,https://www.fitchratings.com/entity/suzano-sa-80092054#issues,National Long Term Rating,AAA(bra),2025-12-18,Review - No Action,,BRL 500 mln Floating bond/note 15-Jun-2033,BRSUZBDBS069
2026-09-25,Suzano S.A.,https://www.fitchratings.com/entity/suzano-sa-80092054#issues,National Long Term Rating,AAA(bra),2025-12-18,Review - No Action,,BRL 750 mln Floating bond/note,BRSUZBPR0020
2026-09-25,Suzano S.A.,https://www.fitchratings.com/entity/suzano-sa-80092054#issues,National Long Term Rating,AAA(bra),2025-12-18,Review - No Action,,BRL 750 mln Floating bond/note,BRSUZBPR0012
2026-09-25,Suzano S.A.,https://www.fitchratings.com/entity/suzano-sa-80092054#issues,National Long Term Rating,AAA(bra),2025-12-18,Review - No Action,,BRL 500 mln Floating bond/note,BRSUZBPR0004
2026-09-25,Suzano S.A.,https://www.fitchratings.com/entity/suzano-sa-80092054#issues,National Long Term Rating,AAA(bra),2025-12-18,Review - No Action,,BRL 1 bln Floating CDI (Brazil) bond/note 15-May-2032,BRSUZBDBS085
2026-09-25,Dexco S.A.,https://www.fitchratings.com/entity/duratex-sa-80614501#issues,National Long Term Rating,AAA(bra),2025-12-18,Review - No Action,,3ª Emisssao de Debentures (Série Única),BRDXCODBS018
2026-09-25,Paraty G.D. S.A.,https://www.fitchratings.com/entity/paraty-gd-sa-97799844#issues,National Long Term Rating,AA-(bra),2025-12-17,New Rating,Rating Outlook Stable,BRL 30 mln 10% bond/note 15-Oct-2043,BRPARYDBS009
2026-09-25,Investcred Fundo de Investimento em Direitos Creditorios,https://www.fitchratings.com/entity/investcred-fundo-de-investimento-em-direitos-creditorios-97418715#issues,National Long Term Rating,A+sf(bra),2025-12-16,Affirmed,Rating Outlook Stable,securities ser 1,BR00UICTF027
2026-09-25,Investcred Fundo de Investimento em Direitos Creditorios,https://www.fitchratings.com/entity/investcred-fundo-de-investimento-em-direitos-creditorios-97418715#issues,National Long Term Rating,A+sf(bra),2025-12-16,New Rating,Rating Outlook Stable,securities ser 1,BR00UICTF035
2026-09-25,Eco Securitizadora 2021-90-1 (Vix),https://www.fitchratings.com/entity/eco-securitizadora-2021-1-vix-97218621#issues,National Long Term Rating,PIFsf(bra),2025-12-16,Paid In Full,,notes ser 1,BRECOACRA6W9
2026-09-25,Companhia de Saneamento de Minas Gerais COPASA MG,https://www.fitchratings.com/entity/companhia-de-saneamento-de-minas-gerais-copasa-94017690#issues,National Long Term Rating,NR,2025-12-16,Matured,,15th debentures due Dec-2025,BRCSMGDBS0H0
2026-09-25,Hapvida Participacoes e Investimentos S.A.,https://www.fitchratings.com/entity/hapvida-participacoes-e-investimentos-sa-96783531#issues,National Long Term Rating,AA+(bra),2025-12-15,Downgrade,,10a Emissão de Debêntures de BRL3.65 bilhões e vencimento em 2033,BRHAPVDBS0E0
2026-09-25,Hapvida Participacoes e Investimentos S.A.,https://www.fitchratings.com/entity/hapvida-participacoes-e-investimentos-sa-96783531#issues,National Long Term Rating,AA+(bra),2025-12-15,Downgrade,,BRL 1.2 bln Floating Series 16 bond/note 07-Oct-2027,BRBCBFDBS057
2026-09-25,Hapvida Participacoes e Investimentos S.A.,https://www.fitchratings.com/entity/hapvida-participacoes-e-investimentos-sa-96783531#issues,National Long Term Rating,AA+(bra),2025-12-15,Downgrade,,"7a Series 17 Emissao de Debentures BRL1,0 bi e vencimento em 2031",BRHAPVDBS0A8
2026-09-25,Hapvida Participacoes e Investimentos S.A.,https://www.fitchratings.com/entity/hapvida-participacoes-e-investimentos-sa-96783531#issues,National Long Term Rating,AA+(bra),2025-12-15,Downgrade,,BRL 1 bln Floating Series 18 bond/note 15-Oct-2031,BRHAPVDBS0B6
2026-09-25,Hapvida Participacoes e Investimentos S.A.,https://www.fitchratings.com/entity/hapvida-participacoes-e-investimentos-sa-96783531#issues,National Long Term Rating,AA+(bra),2025-12-15,Downgrade,,9a Emissão de Debêntures de BRL1.5 bilhão e vencimento em 2032,BRHAPVDBS0D2
2026-09-25,Hapvida Participacoes e Investimentos S.A.,https://www.fitchratings.com/entity/hapvida-participacoes-e-investimentos-sa-96783531#issues,National Long Term Rating,AA+(bra),2025-12-15,Downgrade,,"5a  Series 15 Emissao de Debentures de BRL1,0 bilhao e vencimento 27-Jan-2030",BRHAPVDBS097
2026-09-25,Hapvida Participacoes e Investimentos S.A.,https://www.fitchratings.com/entity/hapvida-participacoes-e-investimentos-sa-96783531#issues,National Long Term Rating,AA+(bra),2025-12-15,Downgrade,,BRL 1 bln Floating Series 28 bond/note 15-Oct-2032,BRHAPVDBS0C4
2026-09-25,"Opea Securitizadora S.A. 2018-1-188,189 (Rede D'Or)",https://www.fitchratings.com/entity/rb-capital-companhia-de-securitizacao-2018-188-rede-d-or-96647439#issues,National Long Term Rating,PIFsf(bra),2025-12-15,Paid In Full,,certificates ser 2,BRRBRACRI549
2026-09-25,Ventos do Sul Energia S.A.,https://www.fitchratings.com/entity/ventos-do-sul-energia-sa-96780015#issues,National Long Term Rating,NR,2025-12-15,Matured,,Series 11 BRL 227 mln Floating CDI (Brazil) 0.75% bond/note 15-Dec-2025,BRVSULDBS000
2026-09-25,Ventos do Sul Energia S.A.,https://www.fitchratings.com/entity/ventos-do-sul-energia-sa-96780015#issues,National Long Term Rating,NR,2025-12-15,Matured,,Series 21 BRL 98 mln 3.25% IPCA (Brazil) bond/note 15-Dec-2025,BRVSULDBS018
2026-09-25,Companhia de Gas de Sao Paulo - COMGAS,https://www.fitchratings.com/entity/companhia-de-gas-de-sao-paulo-comgas-91325765#issues,National Long Term Rating,NR,2025-12-15,Matured,,4th debentures BRL 79.9 mln 7.357% bond/note 15-Dec-2025,BRCGASDBS069
2026-09-25,Concessionaria do Aeroporto Internacional de Guarulhos SA,https://www.fitchratings.com/entity/concessionaria-do-aeroporto-internacional-de-guarulhos-sa-91824291#issues,National Long Term Rating,NR,2025-12-15,Matured,,1a Emissão - 4a Série,BRAGRUDBS030
2026-09-25,Tiete Eolica S.A.,https://www.fitchratings.com/entity/aes-tiete-eolica-sa-95442890#issues,National Long Term Rating,NR,2025-12-15,Matured,,1a Emissão - 1a Série,BRRNEPDBS004
2026-09-25,Tiete Eolica S.A.,https://www.fitchratings.com/entity/aes-tiete-eolica-sa-95442890#issues,National Long Term Rating,NR,2025-12-15,Matured,,1a Emissão - 2a Série,BRRNEPDBS012
2026-09-25,Banco BTG Pactual S.A.,https://www.fitchratings.com/entity/banco-btg-pactual-sa-80543465#issues,Long Term Rating,BB+,2025-12-12,Upgrade,,USD 500 mln 5.75% bond/note 22-Jan-2030,"US05971AAL52, US05971BAL36"
2026-09-25,Banco BTG Pactual S.A.,https://www.fitchratings.com/entity/banco-btg-pactual-sa-80543465#issues,Long Term Rating,BB+,2025-12-12,Upgrade,,USD 500 mln 6.25% bond/note 08-Apr-2029,"US05971AAK79, US05971BAK52"
2026-09-25,Itau Unibanco Holding S.A.,https://www.fitchratings.com/entity/itau-unibanco-holding-sa-80609415#issues,Long Term Rating,BB+,2025-12-12,Affirmed,,USD 15 mln 5.63% Social bond/note 30-May-2029,XS3018022932
2026-09-25,Itau Unibanco Holding S.A.,https://www.fitchratings.com/entity/itau-unibanco-holding-sa-80609415#issues,Long Term Rating,BB+,2025-12-12,Affirmed,,USD 65 mln 5.63% bond/note 30-May-2029,XS3018019557
2026-09-25,Itau Unibanco Holding S.A.,https://www.fitchratings.com/entity/itau-unibanco-holding-sa-80609415#issues,Long Term Rating,BB+,2025-12-12,Affirmed,,USD 1 bln 6% bond/note 27-Feb-2030,"US46556V2A91, US46556W2E95"
2026-09-25,Banco Bradesco S.A.,https://www.fitchratings.com/entity/banco-bradesco-sa-80089720#issues,Long Term Rating,BB+,2025-12-12,Affirmed,,USD 1 bln 6.5% bond/note 22-Jan-2030,"US05947KBB52, US05947LBB36"
2026-09-25,Banco Bradesco S.A.,https://www.fitchratings.com/entity/banco-bradesco-sa-80089720#issues,Long Term Rating,BB+,2025-12-12,Affirmed,,USD 500 mln 4.375% bond/note 18-Mar-2027,"US05947KBA79, US05947LBA52"
2026-09-25,Banco do Brasil S.A.,https://www.fitchratings.com/entity/banco-do-brasil-sa-80089721#issues,Long Term Rating,BB,2025-12-12,Affirmed,,USD 750 mln 6% bond/note 18-Mar-2031,"US059578AK04, USP2000TAE57"
2026-09-25,Banco do Brasil S.A.,https://www.fitchratings.com/entity/banco-do-brasil-sa-80089721#issues,Long Term Rating,BB,2025-12-12,Affirmed,,USD 500 mln 4.875% bond/note 11-Jan-2029,"US05959LAH69, USP3772WAK82"
2026-09-25,Banco do Brasil S.A.,https://www.fitchratings.com/entity/banco-do-brasil-sa-80089721#issues,Long Term Rating,BB,2025-12-12,Affirmed,,USD 750 mln 6.25% bond/note 18-Apr-2030,"US059578AG91, USP2000TAB19"
2026-09-25,Banco do Brasil S.A.,https://www.fitchratings.com/entity/banco-do-brasil-sa-80089721#issues,Long Term Rating,BB,2025-12-12,Affirmed,,USD 750 mln 3.25% bond/note 30-Sep-2026,"US059578AF19, USP2000TAA36"
2026-09-25,GUSAP III LP,https://www.fitchratings.com/entity/gusap-iii-lp-96836871#issues,Long Term Rating,WD,2025-12-12,Withdrawn,,USD 500 mln 4.25% bond/note 21-Jan-2030,"US36258GAA58, USU4034GAA14"
2026-09-25,Celesc Distribuicao S.A,https://www.fitchratings.com/entity/celesc-distribuicao-sa-90866490#issues,National Long Term Rating,WD(bra),2025-12-12,Withdrawn,,BRL 550 mln Floating CDI (Brazil) 2.6% Series 14 bond/note 15-Apr-2026,BRCLCDDBS034
2026-09-25,Grupo Fartura de Hortifrut S.A.,https://www.fitchratings.com/entity/grupo-fartura-de-hortifrut-sa-97263297#issues,National Long Term Rating,A-(bra),2025-12-11,Review - No Action,,4ª Emissão de Debêntures,BROBAHDBS027
2026-09-25,Grupo Fartura de Hortifrut S.A.,https://www.fitchratings.com/entity/grupo-fartura-de-hortifrut-sa-97263297#issues,National Long Term Rating,A-(bra),2025-12-11,Review - No Action,,BRL 340 mln Floating CDI (Brazil) 1.3% bond/note 20-Dec-2030,BROBAHDBS035
2026-09-25,Nova Transportadora do Sudeste S.A. - NTS,https://www.fitchratings.com/entity/nova-transportadora-do-sudeste-sa-nts-96606450#issues,National Long Term Rating,AAA(bra),2025-12-11,Affirmed,,5th Debenture 3rd serie BRL1Bi,BRNTSDDBS055
2026-09-25,Nova Transportadora do Sudeste S.A. - NTS,https://www.fitchratings.com/entity/nova-transportadora-do-sudeste-sa-nts-96606450#issues,National Long Term Rating,AAA(bra),2025-12-11,Affirmed,,9th debenture BRL 260 mln bond/note,BRNTSDDBS0D2
2026-09-25,Nova Transportadora do Sudeste S.A. - NTS,https://www.fitchratings.com/entity/nova-transportadora-do-sudeste-sa-nts-96606450#issues,National Long Term Rating,AAA(bra),2025-12-11,Affirmed,,8th debenture BRL 1.75 bln bond/note 22-Nov-2030,BRNTSDDBS0B6
2026-09-25,Nova Transportadora do Sudeste S.A. - NTS,https://www.fitchratings.com/entity/nova-transportadora-do-sudeste-sa-nts-96606450#issues,National Long Term Rating,AAA(bra),2025-12-11,Affirmed,,6th Debentures 1st serie BRL 2.67 bln Floating bond/note 15-Feb-2029,BRNTSDDBS063
2026-09-25,Nova Transportadora do Sudeste S.A. - NTS,https://www.fitchratings.com/entity/nova-transportadora-do-sudeste-sa-nts-96606450#issues,National Long Term Rating,AAA(bra),2025-12-11,Affirmed,,6th Debentures 3rd series BRL 2.67 bln Floating bond/note 15-Feb-2034,BRNTSDDBS089
2026-09-25,Nova Transportadora do Sudeste S.A. - NTS,https://www.fitchratings.com/entity/nova-transportadora-do-sudeste-sa-nts-96606450#issues,National Long Term Rating,AAA(bra),2025-12-11,Affirmed,,6th Debentures 2nd series BRL 2.67 bln Floating bond/note 15-Feb-2031,BRNTSDDBS071
2026-09-25,Nova Transportadora do Sudeste S.A. - NTS,https://www.fitchratings.com/entity/nova-transportadora-do-sudeste-sa-nts-96606450#issues,National Long Term Rating,AAA(bra),2025-12-11,Affirmed,,7th Debentures BRL 1 bln,BRNTSDDBS0A8
2026-09-25,Nova Transportadora do Sudeste S.A. - NTS,https://www.fitchratings.com/entity/nova-transportadora-do-sudeste-sa-nts-96606450#issues,National Long Term Rating,AAA(bra),2025-12-11,Affirmed,,10th debenture BRL Issuance BRL 750 mln bond/note,BRNTSDDBS0C4
2026-09-25,Voltalia Sao Miguel do Gostoso Participacoes S.A.,https://www.fitchratings.com/entity/voltalia-sao-miguel-do-gostoso-participacoes-sa-96150572#issues,National Long Term Rating,A-(bra),2025-12-11,Downgrade,Rating Outlook Negative,BRL 20 mln bond/note,BRVTLADBS000
2026-09-25,IP Sul Concessionaria De Iluminacao Publica S.A.,https://www.fitchratings.com/entity/ip-sul-concessionaria-de-iluminacao-publica-sa-97101669#issues,National Long Term Rating,AA(bra),2025-12-11,Affirmed,Rating Outlook Stable,BRL 61 mln bond/note,BRIPILDBS008
2026-09-25,Cogna Educacao S.A.,https://www.fitchratings.com/entity/cogna-educacao-sa-92741290#issues,National Long Term Rating,WD(bra),2025-12-10,Withdrawn,,15th debentures (2nd series),
2026-09-25,Novo Norte Aeroportos S.A,https://www.fitchratings.com/entity/novo-norte-aeroportos-sa-97559545#issues,National Long Term Rating,WD(bra),2025-12-10,Withdrawn,,BRL 340 mln bond/note 01-Dec-2040,BRNNAEDBS005
2026-09-25,Verene Transmissao Subholding S.A.,https://www.fitchratings.com/entity/equatorial-transmissao-sa-97153792#issues,National Long Term Rating,AAA(bra),2025-12-05,Upgrade,Rating Watch Off,BRL 800 mln bond/note 15-Mar-2036,BREQUADBS003
2026-09-25,Unipar Carbocloro S.A.,https://www.fitchratings.com/entity/unipar-carbocloro-sa-96594045#issues,National Long Term Rating,AA+(bra),2025-12-05,Affirmed,,BRL 150 mln bond/note Series 2,
2026-09-25,Unipar Carbocloro S.A.,https://www.fitchratings.com/entity/unipar-carbocloro-sa-96594045#issues,National Long Term Rating,AA+(bra),2025-12-05,Affirmed,,BRL 750 mln bond/note,BRUNIPDBS090
2026-09-25,Unipar Carbocloro S.A.,https://www.fitchratings.com/entity/unipar-carbocloro-sa-96594045#issues,National Long Term Rating,AA+(bra),2025-12-05,Affirmed,,BRL 275 mln Floating Series 39 bond/note 05-Sep-2034,BRUNIPDBS0C9
2026-09-25,Unipar Carbocloro S.A.,https://www.fitchratings.com/entity/unipar-carbocloro-sa-96594045#issues,National Long Term Rating,AA+(bra),2025-12-05,Affirmed,,BRL 185 mln Floating Series 29 bond/note 05-Sep-2031,BRUNIPDBS0B1
2026-09-25,Unipar Carbocloro S.A.,https://www.fitchratings.com/entity/unipar-carbocloro-sa-96594045#issues,National Long Term Rating,AA+(bra),2025-12-05,Affirmed,,BRL 290 mln Floating bond/note 05-Sep-2029,BRUNIPDBS0A3
2026-09-25,Unipar Carbocloro S.A.,https://www.fitchratings.com/entity/unipar-carbocloro-sa-96594045#issues,National Long Term Rating,AA+(bra),2025-12-05,Affirmed,,BRL 750 mln bond/note Series 1,
2026-09-25,"B3 S.A. Brasil, Bolsa, Balcao",https://www.fitchratings.com/entity/b3-sa-brasil-bolsa-balcao-97156065#issues,Long Term Rating,BB+,2025-12-05,Affirmed,,USD 700 mln 4.125% bond/note 20-Sep-2031,"US11778EAA47, USP19118AA91"
2026-09-25,"B3 S.A. Brasil, Bolsa, Balcao",https://www.fitchratings.com/entity/b3-sa-brasil-bolsa-balcao-97156065#issues,National Long Term Rating,AAA(bra),2025-12-05,Affirmed,,BRL 2.6 bln Hybrid bond/note 18-Sep-2030,BRB3SADBS0A9
2026-09-25,"B3 S.A. Brasil, Bolsa, Balcao",https://www.fitchratings.com/entity/b3-sa-brasil-bolsa-balcao-97156065#issues,National Long Term Rating,AAA(bra),2025-12-05,Affirmed,,BRL 4.5 bln Series 18 bond/note 28-May-2029,BRB3SADBS081
2026-09-25,Companhia de Saneamento Basico do Estado de Sao Paulo (SABESP),https://www.fitchratings.com/entity/companhia-de-saneamento-basico-do-estado-de-sao-paulo-sabesp-80614473#issues,National Long Term Rating,WD(bra),2025-12-04,Withdrawn,,30a debenture- 1a serie BRL 1 bln Floating bond/note 15-Mar-2027,BRSBSPDBS1U5
2026-09-25,Companhia de Saneamento Basico do Estado de Sao Paulo (SABESP),https://www.fitchratings.com/entity/companhia-de-saneamento-basico-do-estado-de-sao-paulo-sabesp-80614473#issues,National Long Term Rating,WD(bra),2025-12-04,Withdrawn,,29a Debenture- 1a serie-BRL 1.25 bln bond/note 15-Dec-2026,BRSBSPDBS1R1
2026-09-25,Transmissora Alianca de Energia Eletrica S.A.,https://www.fitchratings.com/entity/transmissora-alianca-de-energia-eletrica-sa-90901890#issues,National Long Term Rating,AAA(bra),2025-12-04,Affirmed,,Taesa_15a deb iissuance_MAR.2034,"BRTAEEDBS0W2, BRTAEEDBS0X0"
2026-09-25,Transmissora Alianca de Energia Eletrica S.A.,https://www.fitchratings.com/entity/transmissora-alianca-de-energia-eletrica-sa-90901890#issues,National Long Term Rating,AAA(bra),2025-12-04,Affirmed,,11a Emissão de Deb - BRL 800 mln Floating bond/note 30-Dec-2026,"BRTAEEDBS0N1, BRTAEEDBS0O9"
2026-09-25,Transmissora Alianca de Energia Eletrica S.A.,https://www.fitchratings.com/entity/transmissora-alianca-de-energia-eletrica-sa-90901890#issues,National Long Term Rating,AAA(bra),2025-12-04,Affirmed,,Taesa_18a deb issuance (2nd series) Series B8 BRL400 mln 15-Jul-2035,BRTAEEDBS134
2026-09-25,Transmissora Alianca de Energia Eletrica S.A.,https://www.fitchratings.com/entity/transmissora-alianca-de-energia-eletrica-sa-90901890#issues,National Long Term Rating,AAA(bra),2025-12-04,Affirmed,,Taesa 10a Debenture Issuance - BRL750 mln - Mar2036,"BRTAEEDBS0K7, BRTAEEDBS0M3"
2026-09-25,Transmissora Alianca de Energia Eletrica S.A.,https://www.fitchratings.com/entity/transmissora-alianca-de-energia-eletrica-sa-90901890#issues,National Long Term Rating,AAA(bra),2025-12-04,Affirmed,,Taesa_14ta deb issuance_BRL 800 mln_2038,"BRTAEEDBS0T8, BRTAEEDBS0V4, BRTAEEDBS0U6"
2026-09-25,Transmissora Alianca de Energia Eletrica S.A.,https://www.fitchratings.com/entity/transmissora-alianca-de-energia-eletrica-sa-90901890#issues,National Long Term Rating,AAA(bra),2025-12-04,Affirmed,,Taesa_18a deb issuance (1st series) BRL400 mln 15-Jul-2032,BRTAEEDBS126
2026-09-25,Transmissora Alianca de Energia Eletrica S.A.,https://www.fitchratings.com/entity/transmissora-alianca-de-energia-eletrica-sa-90901890#issues,National Long Term Rating,AAA(bra),2025-12-04,Affirmed,,BRL 650 mln bond/note 15-Jan-2040,BRTAEEDBS118
2026-09-25,Mirante Energetica S.A.,https://www.fitchratings.com/entity/mirante-energetica-sa-97631890#issues,National Long Term Rating,A+(bra),2025-12-03,Affirmed,Rating Outlook Negative,BRL 320 mln bond/note 15-Feb-2044,BRMESADBS030
2026-09-25,Mirante Energetica S.A.,https://www.fitchratings.com/entity/mirante-energetica-sa-97631890#issues,National Long Term Rating,A+(bra),2025-12-03,Affirmed,Rating Outlook Negative,BRL 100 mln bond/note 15-Feb-2035,BRMESADBS022
2026-09-25,"Opea Securitizadora S.A. 2023-193-1,2,3,4 (Movida)",https://www.fitchratings.com/entity/opea-securitizadora-sa-2023-193-1-2-3-movida-97536835#issues,National Long Term Rating,WDsf(bra),2025-12-03,Withdrawn,,notes ser 3,BRRBRACRIK59
2026-09-25,"Opea Securitizadora S.A. 2023-193-1,2,3,4 (Movida)",https://www.fitchratings.com/entity/opea-securitizadora-sa-2023-193-1-2-3-movida-97536835#issues,National Long Term Rating,WDsf(bra),2025-12-03,Withdrawn,,notes ser 3,BRRBRACRIJN4
2026-09-25,"Opea Securitizadora S.A. 2023-193-1,2,3,4 (Movida)",https://www.fitchratings.com/entity/opea-securitizadora-sa-2023-193-1-2-3-movida-97536835#issues,National Long Term Rating,WDsf(bra),2025-12-03,Withdrawn,,notes ser 3,BRRBRACRIJO2
2026-09-25,"Opea Securitizadora S.A. 2023-193-1,2,3,4 (Movida)",https://www.fitchratings.com/entity/opea-securitizadora-sa-2023-193-1-2-3-movida-97536835#issues,National Long Term Rating,WDsf(bra),2025-12-03,Withdrawn,,notes ser 3,BRRBRACRIJM6
2026-09-25,"Brazilian Securities 2013-1-302,303,304 (Petrobras)",https://www.fitchratings.com/entity/brazilian-securities-2013-302-303-304-petrobras-97435578#issues,National Long Term Rating,AAAsf(bra),2025-12-03,Affirmed,Rating Outlook Stable,certificates,BRBSCSCRI848
2026-09-25,"Brazilian Securities 2013-1-302,303,304 (Petrobras)",https://www.fitchratings.com/entity/brazilian-securities-2013-302-303-304-petrobras-97435578#issues,National Long Term Rating,AAAsf(bra),2025-12-03,Affirmed,Rating Outlook Stable,certificates,BRBSCSCRI830
2026-09-25,"Opea Securitizadora S.A. 2011-1-85,86,87 (Petrobras)",https://www.fitchratings.com/entity/opea-securitizadora-sa-2011-85-86-87-petrobras-97396683#issues,National Long Term Rating,AAAsf(bra),2025-12-03,Affirmed,Rating Outlook Stable,certificates,BRRBCSCRI2G3
2026-09-25,"Opea Securitizadora S.A. 2011-1-85,86,87 (Petrobras)",https://www.fitchratings.com/entity/opea-securitizadora-sa-2011-85-86-87-petrobras-97396683#issues,National Long Term Rating,AAAsf(bra),2025-12-03,Affirmed,Rating Outlook Stable,certificates,BRRBCSCRI2F5
2026-09-25,SRBT Subholding S.A.,https://www.fitchratings.com/entity/srbt-subholding-sa-97824540#issues,National Long Term Rating,AAA(bra),2025-12-01,New Rating,,BRL 1.46 mln Floating bond/note 15-Dec-2049,BRSRBSDBS003
2026-09-25,Engie Solucoes Cidades Inteligentes e Infraestrutura de Uberlandia S.A.,https://www.fitchratings.com/entity/engie-solucoes-cidades-inteligentes-e-infraestrutura-de-uberlandia-sa-97335775#issues,National Long Term Rating,AAA(bra),2025-11-28,Affirmed,Rating Outlook Negative,BRL 44 mln bond/note 10-Jan-2034,BREUBEDBS007
2026-09-25,Saneamento de Goias S.A. (Saneago),https://www.fitchratings.com/entity/saneamento-de-goias-sa-saneago-80361245#issues,National Long Term Rating,NR,2025-11-27,Matured,,8th Debentures,BRSNGODBS0J1
2026-09-25,GSH Corp Participacoes S.A.,https://www.fitchratings.com/entity/gsh-corp-participacoes-sa-97344983#issues,National Long Term Rating,A+(bra),2025-11-26,New Rating,,6a Emissão de Debêntures de BRL125 milhões e vencimento em 15-Aug-2030 Series 16,BRGSHCDBS023
2026-09-25,GSH Corp Participacoes S.A.,https://www.fitchratings.com/entity/gsh-corp-participacoes-sa-97344983#issues,National Long Term Rating,A+(bra),2025-11-26,New Rating,,7a Emissão de Debêntures de BRL375 milhões e vencimento em 15-Sep-2030 Series 17,BRGSHCDBS031
2026-09-25,GSH Corp Participacoes S.A.,https://www.fitchratings.com/entity/gsh-corp-participacoes-sa-97344983#issues,National Long Term Rating,A(bra),2025-11-26,Downgrade,Rating Watch Off,BRL 13.78 mln bond/note,BRGSHCDBS015
2026-09-25,GSH Corp Participacoes S.A.,https://www.fitchratings.com/entity/gsh-corp-participacoes-sa-97344983#issues,National Long Term Rating,WD(bra),2025-11-26,Withdrawn,,6a Emissão de Debêntures de BRL125 milhões e vencimento em 2030,
2026-09-25,GSH Corp Participacoes S.A.,https://www.fitchratings.com/entity/gsh-corp-participacoes-sa-97344983#issues,National Long Term Rating,WD(bra),2025-11-26,Withdrawn,,7a Emissão de Debêntures de BRL375 milhões e vencimento em 2030,
2026-09-25,Aeroportos Brasil Viracopos S.A.,https://www.fitchratings.com/entity/aeroportos-brasil-viracopos-sa-91565490#issues,National Long Term Rating,WD(bra),2025-11-26,Withdrawn,,1a Emissao - 3a Serie,BRVRCPDBS027
2026-09-25,Aeroportos Brasil Viracopos S.A.,https://www.fitchratings.com/entity/aeroportos-brasil-viracopos-sa-91565490#issues,National Long Term Rating,WD(bra),2025-11-26,Withdrawn,,1a Emissao - 2a Serie,BRVRCPDBS019
2026-09-25,Concessionaria da Rodovia MS 306 S.A.,https://www.fitchratings.com/entity/concessionaria-da-rodovia-ms-306-sa-97115282#issues,National Long Term Rating,AA+(bra),2025-11-25,New Rating,Rating Outlook Stable,BRL 725 mln Floating IPCA (Brazil) 7.92% bond/note 15-May-2043,
2026-09-25,Ser Educacional S.A.,https://www.fitchratings.com/entity/ser-educacional-sa-96163650#issues,National Long Term Rating,AA(bra),2025-11-25,Affirmed,,6th debentures BRL90mln due 2027,BRSEERDBS072
2026-09-25,Ser Educacional S.A.,https://www.fitchratings.com/entity/ser-educacional-sa-96163650#issues,National Long Term Rating,AA(bra),2025-11-25,Affirmed,,6th debentures  Series 26 BRL60mln due 17-Dec-2029,BRSEERDBS080
2026-09-25,Ser Educacional S.A.,https://www.fitchratings.com/entity/ser-educacional-sa-96163650#issues,National Long Term Rating,AA(bra),2025-11-25,Affirmed,,BRL 150 mln Floating bond/note 15-May-2029,BRSEERDBS064
2026-09-25,CRI Opea Securitizadora 2023-202 (Faro Energy),https://www.fitchratings.com/entity/cri-opea-securitizadora-2023-202-faro-energy-97481949#issues,National Long Term Rating,AAAsf(bra),2025-11-24,Affirmed,Rating Outlook Stable,BRL 6 mln bond/note 30-Nov-2038,BRFACLDBS009
2026-09-25,Origem Energia S.A,https://www.fitchratings.com/entity/origem-energia-sa-97554715#issues,National Long Term Rating,A(bra),2025-11-24,Affirmed,,2nd Deb Issue 2nd tranche BRL 700 mln Floating CDI (Brazil) 2.1% bond/note 15-JUL-2035,
2026-09-25,Origem Energia S.A,https://www.fitchratings.com/entity/origem-energia-sa-97554715#issues,National Long Term Rating,A(bra),2025-11-24,Affirmed,,2nd Deb Issue 1st tranche BRL 700 mln Floating IPCA (Brazil) 4.5% bond/note 15-Jul-2035,
2026-09-25,Origem Energia S.A,https://www.fitchratings.com/entity/origem-energia-sa-97554715#issues,National Long Term Rating,A(bra),2025-11-24,Affirmed,,BRL 1.75 bln Floating IPCA (Brazil) 8.05% bond/note,BR0HJ5DBS000
2026-09-25,Sao Gabriel Saneamento S.A,https://www.fitchratings.com/entity/sao-gabriel-saneamento-sa-97558876#issues,National Long Term Rating,AAA(bra),2025-11-24,Affirmed,Rating Outlook Stable,BRL 70 mln bond/note 15-May-2040,BRSGABDBS004
2026-09-25,Parintins Amazonas Transmissora de Energia S.A.,https://www.fitchratings.com/entity/parintins-amazonas-transmissora-de-energia-sa-97071688#issues,National Long Term Rating,AAA(bra),2025-11-21,Review - No Action,Rating Outlook Stable,BRL 220 mln Floating IPCA (Brazil) 6.45% bond/note 15-apr-2046,BRPTAZDBS002
2026-09-25,Cantareira Transmissora de Energia S.A.,https://www.fitchratings.com/entity/cantareira-transmissora-de-energia-sa-96581278#issues,National Long Term Rating,AAA(bra),2025-11-21,Review - No Action,Rating Outlook Stable,BRL 43 mln bond/note 15-Aug-2032,BRCTRRDBS001
2026-09-25,Serra de Ibiapaba Transmissora de Energia S.A.,https://www.fitchratings.com/entity/serra-de-ibiapaba-transmissora-de-energia-sa-97071673#issues,National Long Term Rating,AAA(bra),2025-11-21,Review - No Action,Rating Outlook Stable,BRL 106 mln 5.9% bond/note 30-Nov-2040,BRIBPBDBS004
2026-09-25,Paranaiba Transmissora de Energia S.A.,https://www.fitchratings.com/entity/paranaiba-transmissora-de-energia-sa-96333699#issues,National Long Term Rating,AAA(bra),2025-11-21,Review - No Action,Rating Outlook Stable,BRL 24 mln Floating bond/note 15-Mar-2028,BRPRTEDBS019
2026-09-25,Opea Securitizadora S.A. 2012-1-100 (Vibra Energia),https://www.fitchratings.com/entity/opea-securitizadora-sa-2012-99-100-vibra-energia-97396685#issues,National Long Term Rating,AAAsf(bra),2025-11-21,Affirmed,Rating Outlook Stable,certificates,BRRBCSCRI2Q2
2026-09-25,Celesc Distribuicao S.A,https://www.fitchratings.com/entity/celesc-distribuicao-sa-90866490#issues,National Long Term Rating,AA(bra),2025-11-19,New Rating,,BRL 500 mln Floating CDI (Brazil) bond/note 28-Feb-2027,BRCLCDDBS0B5
2026-09-25,"Eco Securitizadora 2019-12-1,2 (JSL)",https://www.fitchratings.com/entity/eco-securitizadora-de-direitos-creditorios-do-agronegocio-2019-1-2-jsl-96782054#issues,National Long Term Rating,PIFsf(bra),2025-11-19,Paid In Full,,debt ser 1,BRECOACRA4A0
2026-09-25,"Eco Securitizadora 2019-12-1,2 (JSL)",https://www.fitchratings.com/entity/eco-securitizadora-de-direitos-creditorios-do-agronegocio-2019-1-2-jsl-96782054#issues,National Long Term Rating,PIFsf(bra),2025-11-19,Paid In Full,,debt ser 1,BRECOACRA499
2026-09-25,Opea Securitizadora S.A. 2020-1-212 (Grupo Mateus),https://www.fitchratings.com/entity/true-securitizadora-2020-212-grupo-mateus-96845855#issues,National Long Term Rating,AAAsf(bra),2025-11-18,Affirmed,Rating Outlook Stable,notes ser 2020-212,BRAPCSCRI770
2026-09-25,Guararapes Confeccoes S.A.,https://www.fitchratings.com/entity/guararapes-confeccoes-sa-95232490#issues,National Long Term Rating,WD(bra),2025-11-18,Withdrawn,,"BRL 400 mln 6th debenture, 2.35% bond/note 25-Oct-2027",BRGUARDBS089
2026-09-25,Guararapes Confeccoes S.A.,https://www.fitchratings.com/entity/guararapes-confeccoes-sa-95232490#issues,National Long Term Rating,WD(bra),2025-11-18,Withdrawn,,BRL 837.05 mln Floating CDI (Brazil) 2.45% bond/note 10-May-2027,BRGUARDBS071
2026-09-25,MPM Corporeos S.A.,https://www.fitchratings.com/entity/mpm-corporeos-sa-97252184#issues,National Long Term Rating,WD(bra),2025-11-18,Withdrawn,,BRL 346.5 mln Floating CDI (Brazil) 4.5% bond/note 16-Feb-2029,BRESPADBS033
2026-09-25,Corporeos Servicos Terapeuticos S.A.,https://www.fitchratings.com/entity/corporeos-servicos-terapeuticos-sa-97572161#issues,National Long Term Rating,WD(bra),2025-11-18,Withdrawn,,BRL 386.5 mln Floating CDI (Brazil) 4.5% bond/note 16-Feb-2029,BRCTEPDBS011
2026-09-25,BRK Ambiental Participacoes S.A.,https://www.fitchratings.com/entity/brk-ambiental-participacoes-sa-96495926#issues,National Long Term Rating,WD(bra),2025-11-18,Withdrawn,,11a Debenture BRL710M_due Mar-2028,BRBRKPDBS089
2026-09-25,Rede D'Or Sao Luiz S.A.,https://www.fitchratings.com/entity/rede-dor-sao-luiz-sa-96193829#issues,National Long Term Rating,WD(bra),2025-11-17,Withdrawn,,9th Local Debentures 2nd Tranche of BRL750 mln maturing in 2028,BRRDORDBS0P8
2026-09-25,Prio Forte S.A.,https://www.fitchratings.com/entity/prio-forte-sa-97708380#issues,National Long Term Rating,AAA(bra),2025-11-14,Affirmed,,PEJA13 BRL 1.3 bln 11.01% bond/note 15-Apr-2029,BRPEJADBS057
2026-09-25,Prio Forte S.A.,https://www.fitchratings.com/entity/prio-forte-sa-97708380#issues,National Long Term Rating,AAA(bra),2025-11-14,Affirmed,,BRL 666.67 mln Floating CDI (Brazil) 0.7% bond/note 1st tranche,
2026-09-25,Prio Forte S.A.,https://www.fitchratings.com/entity/prio-forte-sa-97708380#issues,National Long Term Rating,AAA(bra),2025-11-14,Affirmed,,BRL 333.33 mln Floating CDI (Brazil) 0.9% bond/note 2nd tranche,
2026-09-25,Prio Forte S.A.,https://www.fitchratings.com/entity/prio-forte-sa-97708380#issues,National Long Term Rating,AAA(bra),2025-11-14,Affirmed,,2030 6th Issue 1st Tranche BRL 1.4 bln Floating CDI (Brazil) 1.45% bond/note,
2026-09-25,Prio Forte S.A.,https://www.fitchratings.com/entity/prio-forte-sa-97708380#issues,National Long Term Rating,AAA(bra),2025-11-14,Affirmed,,2032 6th Issue 2nd Tranche BRL 1.0 bln Floating CDI (Brazil) 1.60% bond/note,
2026-09-25,Prio Forte S.A.,https://www.fitchratings.com/entity/prio-forte-sa-97708380#issues,National Long Term Rating,AAA(bra),2025-11-14,Affirmed,,PEJA12 BRL 2 bln 11.12% bond/note 15-Feb-2029,"BRPEJADBS024, BRPEJADBS032"
2026-09-25,Opea Securitizadora S.A. 2016-1-73 (Vale),https://www.fitchratings.com/entity/true-securitizadora-sa-96336235#issues,National Long Term Rating,AAAsf(bra),2025-11-14,Affirmed,Rating Outlook Stable,certificates,BRAPCSCRI1Z8
2026-09-25,Rio+ Saneamento Bl3 S.A,https://www.fitchratings.com/entity/rio-saneamento-bl3-sa-97514697#issues,National Long Term Rating,AAA(bra),2025-11-13,Affirmed,Rating Outlook Negative,BRL 500 mln 7.15% Series 13 bond/note 15-Dec-2052,BRSABPDBS039
2026-09-25,Rio+ Saneamento Bl3 S.A,https://www.fitchratings.com/entity/rio-saneamento-bl3-sa-97514697#issues,National Long Term Rating,AAA(bra),2025-11-13,Affirmed,Rating Outlook Negative,BRL 1.35 bln bond/note 01-Dec-2043,BRSABPDBS013
2026-09-25,Rio+ Saneamento Bl3 S.A,https://www.fitchratings.com/entity/rio-saneamento-bl3-sa-97514697#issues,National Long Term Rating,AAA(bra),2025-11-13,Affirmed,Rating Outlook Negative,BRL 1.15 bln Floating bond/note 01-Dec-2052,BRSABPDBS021
2026-09-25,Hapvida Participacoes e Investimentos S.A.,https://www.fitchratings.com/entity/hapvida-participacoes-e-investimentos-sa-96783531#issues,National Long Term Rating,WD(bra),2025-11-06,Withdrawn,,"2a Emissao de Debentures de BRL1,25 bilhoes e vencimento em abril de 2029",BRHAPVDBS030
2026-09-25,Hapvida Participacoes e Investimentos S.A.,https://www.fitchratings.com/entity/hapvida-participacoes-e-investimentos-sa-96783531#issues,National Long Term Rating,WD(bra),2025-11-06,Withdrawn,,"3a Emissao de Debentures de BRL2,0 bilhoes e vencimento em maio de 2029",BRHAPVDBS048
2026-09-25,Hapvida Participacoes e Investimentos S.A.,https://www.fitchratings.com/entity/hapvida-participacoes-e-investimentos-sa-96783531#issues,National Long Term Rating,NR,2025-11-04,Matured,,BRL 700 mln Series 11 Floating bond/note 04-Nov-2025,BRHAPVDBS071
2026-09-25,Delta 3 Energia S.A.,https://www.fitchratings.com/entity/omega-energia-e-implantacao-2-sa-96552474#issues,National Long Term Rating,AA+(bra),2025-11-03,Affirmed,Rating Outlook Negative,BRL 92 mln Floating bond/note 30-Sep-2029,BROMNGDBS011
2026-09-25,Motiva Infraestrutura de Mobilidade S.A.,https://www.fitchratings.com/entity/ccr-sa-80614467#issues,National Long Term Rating,AAA(bra),2025-10-31,Affirmed,Rating Outlook Stable,18a debenture - BRL 1.32 bln bond/note 15-May-2030,BRMOTVDBS082
2026-09-25,Motiva Infraestrutura de Mobilidade S.A.,https://www.fitchratings.com/entity/ccr-sa-80614467#issues,National Long Term Rating,AAA(bra),2025-10-31,New Rating,Rating Outlook Stable,19a debenture- 2a serie- BRL 1.3 bln bond/note 30-Oct-2037,BRMOTVDBS0A1
2026-09-25,Motiva Infraestrutura de Mobilidade S.A.,https://www.fitchratings.com/entity/ccr-sa-80614467#issues,National Long Term Rating,AAA(bra),2025-10-31,New Rating,Rating Outlook Stable,19a debenture- 1a serie- BRL 500 mln bond/note 30-Oct-2037,BRMOTVDBS090
2026-09-25,Itausa S.A.,https://www.fitchratings.com/entity/itausa-sa-97407242#issues,National Long Term Rating,AAA(bra),2025-10-30,Affirmed,,BRL 1 bln Floating CDI (Brazil) bond/note 12-Sep-2035,BRITSADBS0A8
2026-09-25,Companhia de Agua e Esgoto do Ceara - CAGECE,https://www.fitchratings.com/entity/companhia-de-agua-e-esgoto-do-ceara-cagece-97073066#issues,National Long Term Rating,AA-(bra),2025-10-30,Affirmed,,2nd debentures_1st tranche,BRCAECDBS027
2026-09-25,Companhia de Agua e Esgoto do Ceara - CAGECE,https://www.fitchratings.com/entity/companhia-de-agua-e-esgoto-do-ceara-cagece-97073066#issues,National Long Term Rating,AA-(bra),2025-10-30,Affirmed,,3rd debentures_1st serie due 2032,BRCAECDBS068
2026-09-25,Companhia de Agua e Esgoto do Ceara - CAGECE,https://www.fitchratings.com/entity/companhia-de-agua-e-esgoto-do-ceara-cagece-97073066#issues,National Long Term Rating,AA-(bra),2025-10-30,Affirmed,,2nd debentures_4th tranche,BRCAECDBS050
2026-09-25,Companhia de Agua e Esgoto do Ceara - CAGECE,https://www.fitchratings.com/entity/companhia-de-agua-e-esgoto-do-ceara-cagece-97073066#issues,National Long Term Rating,AA-(bra),2025-10-30,Affirmed,,3rd debentures_2nd serie due 2035,BRCAECDBS076
2026-09-25,Companhia de Agua e Esgoto do Ceara - CAGECE,https://www.fitchratings.com/entity/companhia-de-agua-e-esgoto-do-ceara-cagece-97073066#issues,National Long Term Rating,AA-(bra),2025-10-30,Affirmed,,2nd debentures_2nd tranche,BRCAECDBS035
2026-09-25,Companhia de Agua e Esgoto do Ceara - CAGECE,https://www.fitchratings.com/entity/companhia-de-agua-e-esgoto-do-ceara-cagece-97073066#issues,National Long Term Rating,AA-(bra),2025-10-30,Affirmed,,2nd debentures_3rd tranche,BRCAECDBS043
2026-09-25,EPR Litoral Pioneiro S.A.,https://www.fitchratings.com/entity/epr-litoral-pioneiro-sa-97749076#issues,National Long Term Rating,AA+(bra),2025-10-29,New Rating,Rating Outlook Stable,BRL 1.15 bln Floating IPCA (Brazil) 7.624% bond/note 15-Mar-2049,
2026-09-25,EPR Litoral Pioneiro S.A.,https://www.fitchratings.com/entity/epr-litoral-pioneiro-sa-97749076#issues,National Long Term Rating,AA+(bra),2025-10-29,New Rating,Rating Outlook Stable,BRL 450 mln Floating bond/note 15-Mar-2049,BREPRLDBS065
2026-09-25,EPR Litoral Pioneiro S.A.,https://www.fitchratings.com/entity/epr-litoral-pioneiro-sa-97749076#issues,National Long Term Rating,AA+(bra),2025-10-29,New Rating,Rating Outlook Stable,BRL 450 mln Floating IPCA (Brazil) 7.624% bond/note 15-Mar-2049,
2026-09-25,EPR Litoral Pioneiro S.A.,https://www.fitchratings.com/entity/epr-litoral-pioneiro-sa-97749076#issues,National Long Term Rating,AA+(bra),2025-10-29,New Rating,Rating Outlook Stable,BRL 1.7 bln Floating IPCA (Brazil) 7.624% bond/note 15-Mar-2049,
2026-09-25,EPR Litoral Pioneiro S.A.,https://www.fitchratings.com/entity/epr-litoral-pioneiro-sa-97749076#issues,National Long Term Rating,AA+(bra),2025-10-29,New Rating,Rating Outlook Stable,BRL 900.19 mln Floating IPCA (Brazil) 7.624% bond/note 15-Mar-2049,
2026-09-25,EPR Litoral Pioneiro S.A.,https://www.fitchratings.com/entity/epr-litoral-pioneiro-sa-97749076#issues,National Long Term Rating,AA+(bra),2025-10-29,New Rating,Rating Outlook Stable,BRL 900.71 mln Floating IPCA (Brazil) 7.624% bond/note 15-Mar-2049,
2026-09-25,Befly FIDC,https://www.fitchratings.com/entity/befly-fidc-rl-97716854#issues,National Long Term Rating,NRsf,2025-10-29,New Rating,,notes ser 2,BR0NG1CTF013
2026-09-25,EPR Sul de Minas S.A.,https://www.fitchratings.com/entity/concessionaria-rodovias-do-sul-de-minas-spe-sa-97597234#issues,National Long Term Rating,A+(bra),2025-10-29,Downgrade,Rating Outlook Negative,BRL 500 mln bond/note 11-Oct-2044,BRRDSMDBS010
2026-09-25,Ventos de Sao Lucio I Energias Renovaveis S.A.,https://www.fitchratings.com/entity/ventos-de-sao-lucio-i-energias-renovaveis-sa-97285099#issues,National Long Term Rating,AA(bra),2025-10-29,Affirmed,Rating Outlook Negative,BRL 60 mln bond/note 01-Jul-2041,BRVSLEDBS004
2026-09-25,Brazilian Securities 2011-269,https://www.fitchratings.com/entity/brazilian-securities-2011-269-97160436#issues,National Long Term Rating,BBBsf(bra),2025-10-29,Affirmed,Rating Outlook Stable,certificates,BRBSCSCRI715
2026-09-25,Brazilian Securities 2011-235,https://www.fitchratings.com/entity/brazilian-securities-2011-235-97160427#issues,National Long Term Rating,BBsf(bra),2025-10-29,Affirmed,Rating Outlook Stable,certificates,BRBSCSCRI673
2026-09-25,Celesc Distribuicao S.A,https://www.fitchratings.com/entity/celesc-distribuicao-sa-90866490#issues,National Long Term Rating,AA(bra),2025-10-27,Affirmed,,BRL 550 mln Floating CDI (Brazil) bond/note 20-Jan-2027,
2026-09-25,Celesc Distribuicao S.A,https://www.fitchratings.com/entity/celesc-distribuicao-sa-90866490#issues,National Long Term Rating,AA(bra),2025-10-27,Affirmed,,8th issue BRL 510 mln Floating Series 18 bond/note 30-Jul-2031,BRCLCDDBS091
2026-09-25,Celesc Distribuicao S.A,https://www.fitchratings.com/entity/celesc-distribuicao-sa-90866490#issues,National Long Term Rating,AA(bra),2025-10-27,Affirmed,,BRL 1 bln 6.9534% Series 27 bond/note 15-Jul-2034,BRCLCDDBS083
2026-09-25,Celesc Distribuicao S.A,https://www.fitchratings.com/entity/celesc-distribuicao-sa-90866490#issues,National Long Term Rating,AA(bra),2025-10-27,Affirmed,,BRL 200 mln Floating IPCA (Brazil) Series 17 bond/note 15-Jul-2031,BRCLCDDBS075
2026-09-25,Celesc Distribuicao S.A,https://www.fitchratings.com/entity/celesc-distribuicao-sa-90866490#issues,National Long Term Rating,AA(bra),2025-10-27,Affirmed,,BRL 400 mln commercial paper 31-dec-2028,
2026-09-25,Celesc Distribuicao S.A,https://www.fitchratings.com/entity/celesc-distribuicao-sa-90866490#issues,National Long Term Rating,AA(bra),2025-10-27,Affirmed,,BRL 400 mln commercial paper 31-dec-2030,
2026-09-25,Celesc Geracao S.A.,https://www.fitchratings.com/entity/celesc-geracao-sa-96258686#issues,National Long Term Rating,AA(bra),2025-10-27,Affirmed,,BRL 22 mln 4.3% bond/note 10-Dec-2030,BRCLGRDBS035
2026-09-25,Patria Credito Estruturado FIDC,https://www.fitchratings.com/entity/patria-credito-estruturado-fundo-de-investimento-em-direitos-creditorios-96471866#issues,National Long Term Rating,A-sf(bra),2025-10-27,Affirmed,Rating Outlook Stable,notes ser 4,BRPTFICTF024
2026-09-25,Patria Credito Estruturado FIDC,https://www.fitchratings.com/entity/patria-credito-estruturado-fundo-de-investimento-em-direitos-creditorios-96471866#issues,National Long Term Rating,Csf(bra),2025-10-27,Affirmed,,notes ser 4,BRPTFICTF032
2026-09-25,Veste S.A. Estilo,https://www.fitchratings.com/entity/restoque-comercio-e-confeccoes-de-roupas-sa-93935490#issues,National Long Term Rating,BBB(bra),2025-10-24,Affirmed,,BRL 117.84 mln Floating CDI (Brazil) 1.1% bond/note 27-Oct-2030,BRVSTEDBS031
2026-09-25,Veste S.A. Estilo,https://www.fitchratings.com/entity/restoque-comercio-e-confeccoes-de-roupas-sa-93935490#issues,National Long Term Rating,BBB(bra),2025-10-24,Affirmed,,BRL 605.6 mln Floating bond/note 04-Jun-2040,BRLLISDBS0C9
2026-09-25,Veste S.A. Estilo,https://www.fitchratings.com/entity/restoque-comercio-e-confeccoes-de-roupas-sa-93935490#issues,National Long Term Rating,BBB(bra),2025-10-24,Affirmed,,BRL 830.35 mln Floating bond/note 04-Jun-2040,BRLLISDBS0D7
2026-09-25,CPX Distribuidora S.A.,https://www.fitchratings.com/entity/cpx-distribuidora-sa-97294988#issues,National Long Term Rating,A-(bra),2025-10-24,Affirmed,,BRL 260 mln Floating CDI (Brazil) 2% bond/note 27-Sep-2031,BRCPXDDBS023
2026-09-25,CPX Distribuidora S.A.,https://www.fitchratings.com/entity/cpx-distribuidora-sa-97294988#issues,National Long Term Rating,A-(bra),2025-10-24,Affirmed,,BRL Floating CDI (Brazil) 1.85% bond/note,
2026-09-25,Agua Vermelha Transmissora de Energia S.A,https://www.fitchratings.com/entity/agua-vermelha-transmissora-de-energia-sa-97452675#issues,National Long Term Rating,A-(bra),2025-10-23,Affirmed,Rating Outlook Positive,BRL 23.5 mln Hybrid 6.619% bond/note 15-Nov-2035,BRAVTEDBS005
2026-09-25,Vale S.A.,https://www.fitchratings.com/entity/vale-sa-80090452#issues,National Long Term Rating,AAA(bra),2025-10-23,Affirmed,,4th serie of debentures issued BRL 150 mln 6.78% bond/note 15-Jan-2029 ser 48,BRVALEDBS085
2026-09-25,Concessionaria do Bloco Sul S.A.,https://www.fitchratings.com/entity/concessionaria-do-bloco-sul-sa-97545447#issues,National Long Term Rating,AA+(bra),2025-10-22,Affirmed,Rating Outlook Stable,BRL 700 mln bond/note 02-Oct-2047,BRCBSSDBS039
2026-09-25,Concessionaria do Bloco Sul S.A.,https://www.fitchratings.com/entity/concessionaria-do-bloco-sul-sa-97545447#issues,National Long Term Rating,AA+(bra),2025-10-22,Affirmed,Rating Outlook Stable,BRL 2.5 bln bond/note 02-Oct-2047,BRCBSSDBS021
2026-09-25,Concessionaria do Bloco Central S.A.,https://www.fitchratings.com/entity/concessionaria-do-bloco-central-sa-97545415#issues,National Long Term Rating,AA+(bra),2025-10-22,Affirmed,Rating Outlook Stable,BRL 800 mln bond/note 02-Oct-2047,BRCBCSDBS025
2026-09-25,Rede D'Or Sao Luiz S.A.,https://www.fitchratings.com/entity/rede-dor-sao-luiz-sa-96193829#issues,National Long Term Rating,WD(bra),2025-10-22,Withdrawn,,31th Local Debentures of BRL500 mln maturing in 2031,BRRDORDBS0L7
2026-09-25,Movida Participacoes S.A.,https://www.fitchratings.com/entity/movida-participacoes-sa-96487716#issues,National Long Term Rating,WD(bra),2025-10-22,Withdrawn,,Movi Part_9th Deben_BRL 1 bln Floating CDI (Brazil) 2.95% bond/note 15-Sep-2027,BRMOVIDBS0K3
2026-09-25,Quevedos Energetica S.A.,https://www.fitchratings.com/entity/quevedos-energetica-sa-97007608#issues,National Long Term Rating,AA-(bra),2025-10-17,Affirmed,Rating Outlook Stable,BRL 68 mln 4.525% bond/note 15-Dec-2037 credit agreement dated as of 15-Dec-2019,BRQUEVDBS009
2026-09-25,Companhia de Aguas e Esgotos do Rio Grande do Norte,https://www.fitchratings.com/entity/companhia-de-aguas-e-esgotos-do-rio-grande-do-norte-97435040#issues,National Long Term Rating,A+(bra),2025-10-17,Affirmed,,BRL 191 mln Floating bond/note 19-Jan-2028,BRAERNDBS006
2026-09-25,"Brazilian Securities 2013-1-302,303,304 (Petrobras)",https://www.fitchratings.com/entity/brazilian-securities-2013-302-303-304-petrobras-97435578#issues,National Long Term Rating,PIFsf(bra),2025-10-15,Paid In Full,,certificates,BRBSCSCRI822
2026-09-25,Concessionaria Rota das Bandeiras S.A.,https://www.fitchratings.com/entity/concessionaria-rota-das-bandeiras-sa-91868491#issues,National Long Term Rating,NR,2025-10-15,Matured,,senior secured bond/note,BRODTRDBS006
2026-09-25,Localiza Fleet S.A.,https://www.fitchratings.com/entity/localiza-fleet-sa-96673245#issues,National Long Term Rating,WD(bra),2025-10-09,Withdrawn,,Loca Fleet 10th Deb_BRL 1.45 bln Floating CDI (Brazil) 2.2% bond/note 05-Apr-2028,BRTFLEDBS0A4
2026-09-25,Itausa S.A.,https://www.fitchratings.com/entity/itausa-sa-97407242#issues,National Long Term Rating,WD(bra),2025-10-09,Withdrawn,,BRL 1.25 bln Floating 1.37% Series 16 bond/note 13-Dec-2031,BRITSADBS077
2026-09-25,"B3 S.A. Brasil, Bolsa, Balcao",https://www.fitchratings.com/entity/b3-sa-brasil-bolsa-balcao-97156065#issues,National Long Term Rating,WD(bra),2025-10-09,Withdrawn,,BRL 2.55 bln bond/note 11-Oct-2028,BRB3SADBS073
2026-09-25,Sobral I Solar Energia SPE S.A.,https://www.fitchratings.com/entity/sobral-i-solar-energia-spe-sa-96682699#issues,National Long Term Rating,AA+(bra),2025-10-09,Affirmed,Rating Outlook Stable,BRL 72 mln bond/note 15-Dec-2033,BRSISEDBS006
2026-09-25,Sertao I Solar Energia Spe S.A.,https://www.fitchratings.com/entity/sertao-i-solar-energia-spe-sa-96682692#issues,National Long Term Rating,AAA(bra),2025-10-09,Affirmed,Rating Outlook Stable,BRL 65 mln bond/note 15-Dec-2032,BRSRTIDBS006
2026-09-25,Itau Unibanco Holding S.A.,https://www.fitchratings.com/entity/itau-unibanco-holding-sa-80609415#issues,Long Term Rating,WD,2025-10-08,Withdrawn,,Tier I USD 750 mln 6.5% hybrid capital instruments,"US46556UAC80, USP5R6DPAB67"
2026-09-25,Fundo de Investimento em Direitos Creditorios Tamandare,https://www.fitchratings.com/entity/fundo-de-investimento-em-direitos-creditorios-tamandare-97173811#issues,National Long Term Rating,WDsf(bra),2025-10-08,Withdrawn,,notes ser 1,BR0BFSCTF012
2026-09-25,Fundo de Investimento em Direitos Creditorios Tamandare,https://www.fitchratings.com/entity/fundo-de-investimento-em-direitos-creditorios-tamandare-97173811#issues,National Long Term Rating,WDsf(bra),2025-10-08,Withdrawn,,notes ser 1,BR0BFSCTF020
2026-09-25,Brazil,https://www.fitchratings.com/entity/brazil-80442191#issues,Long Term Rating,NR,2025-10-01,Matured,,BRL 30.05 bln Zero treasury bills/notes/bonds 01-Oct-2025,BRSTNCLTN863
2026-09-25,VIX Logistica S.A.,https://www.fitchratings.com/entity/vix-logistica-sa-96174956#issues,National Long Term Rating,NR,2025-09-29,Matured,,BRL 125 mln Floating   bond/note 29-Sep-2025,BRVIXLDBS096
2026-09-25,"Opea Securitizadora S.A. 2023-187-1,2,3,4 (JSL)",https://www.fitchratings.com/entity/opea-securitizadora-sa-2023-1-2-3-4-jsl-97527566#issues,National Long Term Rating,WDsf(bra),2025-09-26,Withdrawn,,certificates ser 4,BRRBRACRIJ29
2026-09-25,"Opea Securitizadora S.A. 2023-187-1,2,3,4 (JSL)",https://www.fitchratings.com/entity/opea-securitizadora-sa-2023-1-2-3-4-jsl-97527566#issues,National Long Term Rating,WDsf(bra),2025-09-26,Withdrawn,,certificates ser 4,BRRBRACRIJ11
2026-09-25,"Opea Securitizadora S.A. 2023-187-1,2,3,4 (JSL)",https://www.fitchratings.com/entity/opea-securitizadora-sa-2023-1-2-3-4-jsl-97527566#issues,National Long Term Rating,WDsf(bra),2025-09-26,Withdrawn,,certificates ser 4,BRRBRACRIJ37
2026-09-25,"Opea Securitizadora S.A. 2023-187-1,2,3,4 (JSL)",https://www.fitchratings.com/entity/opea-securitizadora-sa-2023-1-2-3-4-jsl-97527566#issues,National Long Term Rating,WDsf(bra),2025-09-26,Withdrawn,,certificates ser 4,BRRBRACRIJ03
2026-09-25,FIDC BB Votorantim Highland Infraestrutura RL,https://www.fitchratings.com/entity/fundo-de-investimento-em-direitos-creditorios-bb-votorantim-highland-infraestrutura-93034891#issues,National Long Term Rating,PIFsf(bra),2025-09-19,Paid In Full,,notes,BRBBVHCTF005
2026-09-25,FIDC Cielo,https://www.fitchratings.com/entity/fundo-de-investimento-em-direitos-creditorios-cielo-96522351#issues,National Long Term Rating,PIFsf(bra),2025-08-13,Paid In Full,,notes ser 2017-1,BRFCLOCTF035
2026-09-25,iCred FGTS Fundo de Investimento em Direitos Creditorios,https://www.fitchratings.com/entity/icred-fgts-fundo-de-investimento-em-direitos-creditorios-97587883#issues,National Long Term Rating,NRsf,2025-07-31,New Rating,,notes ser 2,BR0J23CTF059
2026-09-25,Minerva FIDC II - Credito Mercantil Responsabilidade Limitada,https://www.fitchratings.com/entity/minerva-fidc-ii-credito-mercantil-responsabilidade-limitada-97725378#issues,National Long Term Rating,NRsf,2025-07-03,New Rating,,notes ser 2,BR0O5BCTF026
2026-09-25,"CSCF Cartoes Consignados II 2025-4-1,2,3 (BMG 8)",https://www.fitchratings.com/entity/cscf-cartoes-consignados-ii-2025-4-1-2-3-bmg-8-97745508#issues,National Long Term Rating,NRsf,2025-06-23,New Rating,,"notes ser 1,2,3",BRCRCGDBS083
2026-09-25,iCred INSS FIDC RL,https://www.fitchratings.com/entity/icred-inss-fidc-rl-97675090#issues,National Long Term Rating,NRsf,2025-04-14,New Rating,,notes ser 3,
2026-09-25,iCred INSS FIDC RL,https://www.fitchratings.com/entity/icred-inss-fidc-rl-97675090#issues,National Long Term Rating,NRsf,2025-04-14,New Rating,,notes ser 3,BR0MC7CTF015
2026-09-25,Fundo de Investimento em Direitos Creditorios Fortbrasil,https://www.fitchratings.com/entity/fidc-fortbrasil-96584612#issues,National Long Term Rating,PIFsf(bra),2025-03-17,Paid In Full,,notes ser 2018-1,BR000ICTF042
2026-09-25,"Opea Securitizadora S.A. 2019-2-1,2 (Raizen)",https://www.fitchratings.com/entity/opea-securitizadora-sa-2019-1-2-raizen-97435591#issues,National Long Term Rating,PIFsf(bra),2025-03-13,Paid In Full,,notes,BRRBRACRA0E3
2026-09-25,Opea Securitizadora S.A. 2012-1-100 (Vibra Energia),https://www.fitchratings.com/entity/opea-securitizadora-sa-2012-99-100-vibra-energia-97396685#issues,National Long Term Rating,PIFsf(bra),2025-02-17,Paid In Full,,certificates,BRRBCSCRI2P4
2026-09-25,Pneucash FIDC,https://www.fitchratings.com/entity/pneucash-fidc-97689835#issues,National Long Term Rating,NRsf,2025-02-13,New Rating,,securities ser 6,
2026-09-25,Pneucash FIDC,https://www.fitchratings.com/entity/pneucash-fidc-97689835#issues,National Long Term Rating,NRsf,2025-02-13,New Rating,,securities ser 6,
2026-09-25,Dollar Diversified Payment Rights Finance Company,https://www.fitchratings.com/entity/dollar-diversified-payment-rights-finance-company-96767316#issues,Long Term Rating,PIF,2024-10-16,Paid In Full,,notes,
2026-09-25,Dollar Diversified Payment Rights Finance Company,https://www.fitchratings.com/entity/dollar-diversified-payment-rights-finance-company-96767316#issues,Long Term Rating,PIF,2024-10-16,Paid In Full,,loans,
2026-09-25,iCred FGTS Fundo de Investimento em Direitos Creditorios,https://www.fitchratings.com/entity/icred-fgts-fundo-de-investimento-em-direitos-creditorios-97587883#issues,National Long Term Rating,NRsf,2024-09-27,New Rating,,notes ser 2,BR0J23CTF034
2026-09-25,iCred FGTS Fundo de Investimento em Direitos Creditorios,https://www.fitchratings.com/entity/icred-fgts-fundo-de-investimento-em-direitos-creditorios-97587883#issues,National Long Term Rating,NRsf,2024-09-27,New Rating,,notes ser 2,BR0J23CTF018
2026-09-25,iCred FGTS Fundo de Investimento em Direitos Creditorios,https://www.fitchratings.com/entity/icred-fgts-fundo-de-investimento-em-direitos-creditorios-97587883#issues,National Long Term Rating,NRsf,2024-09-27,New Rating,,notes ser 2,
2026-09-25,"Vert CSCF 2024-7-1,2,3 (BMG 7)",https://www.fitchratings.com/entity/vert-cscf-2024-7-1-2-3-bmg-7-97645517#issues,National Long Term Rating,NRsf,2024-09-25,New Rating,,bonds ser 3,BRVSCFDBS0G2
2026-09-25,Investcred Fundo de Investimento em Direitos Creditorios,https://www.fitchratings.com/entity/investcred-fundo-de-investimento-em-direitos-creditorios-97418715#issues,National Long Term Rating,NRsf,2024-08-22,New Rating,,securities ser 1,BR00UICTF019
2026-09-25,Credito Universitario Fundo de Investimento em Direitos Creditorios,https://www.fitchratings.com/entity/credito-universitario-fundo-de-investimento-em-direitos-creditorios-96969819#issues,National Long Term Rating,PIFsf(bra),2024-07-15,Paid In Full,,notes,BRIDLQCTF0T1
2026-09-25,Credito Universitario Fundo de Investimento em Direitos Creditorios,https://www.fitchratings.com/entity/credito-universitario-fundo-de-investimento-em-direitos-creditorios-96969819#issues,National Long Term Rating,PIFsf(bra),2024-07-15,Paid In Full,,notes,BRIDLQCTF0U9
2026-09-25,Rio Oil Finance Trust,https://www.fitchratings.com/entity/rio-oil-finance-trust-94216093#issues,Long Term Rating,PIF,2024-07-15,Paid In Full,,notes,US76716XAA00
2026-09-25,Rio Oil Finance Trust,https://www.fitchratings.com/entity/rio-oil-finance-trust-94216093#issues,Long Term Rating,PIF,2024-07-15,Paid In Full,,notes,USU76673AA72
2026-09-25,Trademaster III FIDC Recebiveis Comerciais - Responsabilidade Limitada,https://www.fitchratings.com/entity/trademaster-iii-fidc-recebiveis-comerciais-responsabilidade-limitada-97577793#issues,National Long Term Rating,NRsf,2024-07-05,New Rating,,notes ser 2,
2026-09-25,"Vert Cia Securitizadora 2023-91-1,2,3,4 (Belagricola)",https://www.fitchratings.com/entity/vert-companhia-securitizadora-2023-91-1-2-3-4-belagricola-97561692#issues,National Long Term Rating,NRsf,2024-07-01,New Rating,,notes ser 4,BRVERTCRA401
2026-09-25,Credito Universitario Fundo de Investimento em Direitos Creditorios,https://www.fitchratings.com/entity/credito-universitario-fundo-de-investimento-em-direitos-creditorios-96969819#issues,National Long Term Rating,PIFsf(bra),2024-05-15,Paid In Full,,notes,BRIDLQCTF0P9
2026-09-25,"Vert Cia Securitizadora 2023-92-1,2,3,4 (Belagricola)",https://www.fitchratings.com/entity/vert-companhia-securitizadora-2023-92-1-2-3-4-belagricola-97567120#issues,National Long Term Rating,NRsf,2024-04-29,New Rating,,notes ser 4,BRVERTCRA443
2026-09-25,Fundo de Investimento em Direitos Creditorios Fortbrasil,https://www.fitchratings.com/entity/fidc-fortbrasil-96584612#issues,National Long Term Rating,PIFsf(bra),2024-03-15,Paid In Full,,notes ser 2018-1,BR000ICTF034
2026-09-25,Fundo de Investimento em Direitos Creditorios Fortbrasil,https://www.fitchratings.com/entity/fidc-fortbrasil-96584612#issues,National Long Term Rating,PIFsf(bra),2024-03-15,Paid In Full,,notes ser 2018-1,BR000ICTF026
2026-09-25,Credito Universitario Fundo de Investimento em Direitos Creditorios,https://www.fitchratings.com/entity/credito-universitario-fundo-de-investimento-em-direitos-creditorios-96969819#issues,National Long Term Rating,PIFsf(bra),2024-03-15,Paid In Full,,notes,BRIDLQCTF0Q7
2026-09-25,"Kanastra Securitizadora 2024-1-1,2,3,4,5 (Solfacil)",https://www.fitchratings.com/entity/kanastra-securtitzadora-2024-1-1-2-3-4-5-solfacil-97530370#issues,National Long Term Rating,NRsf,2024-03-11,New Rating,,notes ser 5,BRKNSTCRI026
2026-09-25,"Kanastra Securitizadora 2024-1-1,2,3,4,5 (Solfacil)",https://www.fitchratings.com/entity/kanastra-securtitzadora-2024-1-1-2-3-4-5-solfacil-97530370#issues,National Long Term Rating,NRsf,2024-03-11,New Rating,,notes ser 5,BRKNSTCRI034
2026-09-25,"Kanastra Securitizadora 2024-1-1,2,3,4,5 (Solfacil)",https://www.fitchratings.com/entity/kanastra-securtitzadora-2024-1-1-2-3-4-5-solfacil-97530370#issues,National Long Term Rating,NRsf,2024-03-11,New Rating,,notes ser 5,BRKNSTCRI042
2026-09-25,"Opea Securitizadora S.A. 2011-1-85,86,87 (Petrobras)",https://www.fitchratings.com/entity/opea-securitizadora-sa-2011-85-86-87-petrobras-97396683#issues,National Long Term Rating,PIFsf(bra),2024-02-01,Paid In Full,,certificates,BRRBCSCRI2E8
2026-09-25,"Opea Securitizadora S.A. 2018-1-188,189 (Rede D'Or)",https://www.fitchratings.com/entity/rb-capital-companhia-de-securitizacao-2018-188-rede-d-or-96647439#issues,National Long Term Rating,PIFsf(bra),2023-12-15,Paid In Full,,certificates ser 2,BRRBRACRI523
2026-09-25,"CSCF Cartoes Consignados II 2023-3-1,2 (BMG 5)",https://www.fitchratings.com/entity/companhia-securitizadora-de-creditos-financeiros-cartoes-consignados-ii-2023-2-bmg5-97537359#issues,National Long Term Rating,NRsf,2023-10-30,New Rating,,notes ser 2023-1,BRCRCGDBS059
2026-09-25,"CSCF Cartoes Consignados BMG 2022-2-1,2 (BMG 4)",https://www.fitchratings.com/entity/companhia-securitizadora-de-creditos-financeiros-cartoes-consignados-bmg-2022-1-2-97520636#issues,National Long Term Rating,NRsf,2023-08-04,New Rating,,notes ser 2,BRSCCCDBS031
2026-09-25,IS Green Solfacil III FIDC,https://www.fitchratings.com/entity/green-solfacil-iii-fundo-de-investimento-em-direitos-creditorios-97346867#issues,National Long Term Rating,NRsf,2023-07-06,New Rating,,notes ser 2022,BR0FWRCTF036
2026-09-25,IS Green Solfacil III FIDC,https://www.fitchratings.com/entity/green-solfacil-iii-fundo-de-investimento-em-direitos-creditorios-97346867#issues,National Long Term Rating,NRsf,2023-07-06,New Rating,,notes ser 2022,BR0FWRCTF010
2026-09-25,Fundo de Investimento em Direitos Creditorios Fortbrasil,https://www.fitchratings.com/entity/fidc-fortbrasil-96584612#issues,National Long Term Rating,PIFsf(bra),2023-06-15,Paid In Full,,notes ser 2018-1,BR000ICTF018
2026-09-25,Opea Securitizadora S.A. 2012-94 (PPG),https://www.fitchratings.com/entity/rb-capital-securitizadora-sa-96514181#issues,National Long Term Rating,PIFsf(bra),2023-06-07,Paid In Full,,certificates ser 2012-94,BRRBCSCRI2Y6
2026-09-25,Movida Participacoes S.A.,https://www.fitchratings.com/entity/movida-participacoes-sa-96487716#issues,National Long Term Rating,NR,2023-06-07,Matured,,"Movi Part_2th Deben_BRL 450,000 Floating CDI (Brazil) 2.2% bond/note 07-Jun-2023",BRMOVIDBS044
2026-09-25,Facta INSS CB FIDC,https://www.fitchratings.com/entity/facta-inss-cb-fidc-97441991#issues,National Long Term Rating,NRsf,2023-04-26,New Rating,,"bonds ser 2022-1,2,3",BR0E28CTF042
2026-09-25,Opea Securitizadora S.A. 2018-157 (Rede D'Or),https://www.fitchratings.com/entity/rb-capital-companhia-de-securitizazco-2018-157-rede-d-or-96786349#issues,National Long Term Rating,PIFsf(bra),2023-04-24,Paid In Full,,certificates ser 2018-157,BRRBRACRI4T5
2026-09-25,Trusthub Securitizadora 2022-2 (Debenture SRM),https://www.fitchratings.com/entity/trusthub-securitizadora-2022-2-debenture-srm-97422627#issues,National Long Term Rating,NRsf,2023-03-10,New Rating,,commercial paper ser 4,BRTRUHDBS053
2026-09-25,Trusthub Securitizadora 2022-2 (Debenture SRM),https://www.fitchratings.com/entity/trusthub-securitizadora-2022-2-debenture-srm-97422627#issues,National Long Term Rating,NRsf,2023-03-10,New Rating,,commercial paper ser 4,BRTRUHDBS061
2026-09-25,"Opea Securitizadora S.A. 2015-1-61,62 (Havan)",https://www.fitchratings.com/entity/true-securitizadora-sa-96221293#issues,National Long Term Rating,PIFsf(bra),2023-03-01,Paid In Full,,certificates,BRAPCSCRI1W5
2026-09-25,"Opea Securitizadora S.A. 2019-1-208,209 (Rede D'Or)",https://www.fitchratings.com/entity/rb-capital-companhia-de-securitizacao-2019-208-209-rede-d-or-96786355#issues,National Long Term Rating,PIFsf(bra),2023-02-27,Paid In Full,,debt ser 2,BRRBRACRI5G9
2026-09-25,Opea Securitizadora S.A. 2022-91-1.2 (Mega Moda),https://www.fitchratings.com/entity/true-securitizadora-2022-1-2-mega-moda-97432791#issues,National Long Term Rating,NRsf,2023-01-30,New Rating,,notes ser 1,BRAPCSCRIGH2
2026-09-25,Credito Universitario Fundo de Investimento em Direitos Creditorios,https://www.fitchratings.com/entity/credito-universitario-fundo-de-investimento-em-direitos-creditorios-96969819#issues,National Long Term Rating,PIFsf(bra),2022-12-31,Paid In Full,,notes,BRIDLQCTF0M6
2026-09-25,Dollar Diversified Payment Rights Finance Company,https://www.fitchratings.com/entity/dollar-diversified-payment-rights-finance-company-96767316#issues,Long Term Rating,WD,2022-12-06,Withdrawn,,loans,
2026-09-25,FIDC IV Energisa Centro Oeste,https://www.fitchratings.com/entity/fundo-de-investimento-em-direitos-creditorios-np-energisa-iv-centro-oeste-96219538#issues,National Long Term Rating,NRsf,2022-11-17,New Rating,,securities,BREGCOCTF038
2026-09-25,CSCF Vert-5,https://www.fitchratings.com/entity/cscf-vert-5-97301961#issues,National Long Term Rating,NRsf,2022-09-29,New Rating,,notes ser 2,BR5VRTDBS037
2026-09-25,FIDC Opea Agro Sumitomo Chemical,https://www.fitchratings.com/entity/fundo-de-investimento-em-direitos-creditorios-opea-agro-sumitomo-chemical-97384354#issues,National Long Term Rating,NRsf,2022-09-27,New Rating,,debt ser 3,BR0DG5CTF024
2026-09-25,"CSCF Cartoes Consignados II 2022-2-1,2 (BMG 3)",https://www.fitchratings.com/entity/companhia-securitizadora-de-creditos-financeiros-cartoes-consignados-ii-2022-1-2-97405571#issues,National Long Term Rating,NRsf,2022-09-09,New Rating,,bonds ser 2,BRCRCGDBS034
2026-09-25,Credito Universitario Fundo de Investimento em Direitos Creditorios,https://www.fitchratings.com/entity/credito-universitario-fundo-de-investimento-em-direitos-creditorios-96969819#issues,National Long Term Rating,PIFsf(bra),2022-08-22,Paid In Full,,notes,BRIDLQCTF0N4
2026-09-25,Credito Universitario Fundo de Investimento em Direitos Creditorios,https://www.fitchratings.com/entity/credito-universitario-fundo-de-investimento-em-direitos-creditorios-96969819#issues,National Long Term Rating,PIFsf(bra),2022-03-10,Paid In Full,,notes,BRIDLQCTF0K0
2026-09-25,Fundo de Investimento em Direitos Creditorios Tamandare,https://www.fitchratings.com/entity/fundo-de-investimento-em-direitos-creditorios-tamandare-97173811#issues,National Long Term Rating,NRsf,2022-02-25,New Rating,,notes ser 1,BR0BFSCTF004
2026-09-25,Fundo de Investimento em Direitos Creditorios Tamandare,https://www.fitchratings.com/entity/fundo-de-investimento-em-direitos-creditorios-tamandare-97173811#issues,National Long Term Rating,NRsf,2022-02-25,New Rating,,notes ser 1,BR0BFSCTF038
2026-09-25,Banco do Estado do Rio Grande do Sul S.A.,https://www.fitchratings.com/entity/banco-do-estado-do-rio-grande-do-sul-sa-80480833#issues,Long Term Rating,NR,2022-02-02,Matured,,subordinated bond/note,US05965BAA52
2026-09-25,Banco do Estado do Rio Grande do Sul S.A.,https://www.fitchratings.com/entity/banco-do-estado-do-rio-grande-do-sul-sa-80480833#issues,Long Term Rating,NR,2022-02-02,Matured,,subordinated bond/note,USP12445AA33
2026-09-25,Rio Oil Finance Trust,https://www.fitchratings.com/entity/rio-oil-finance-trust-94216093#issues,National Long Term Rating,PIFsf(bra),2022-01-24,Paid In Full,,notes,
2026-09-25,Patria Credito Estruturado FIDC,https://www.fitchratings.com/entity/patria-credito-estruturado-fundo-de-investimento-em-direitos-creditorios-96471866#issues,National Long Term Rating,WDsf(bra),2021-12-30,Withdrawn,,notes ser 4,BRPTFICTF008
2026-09-25,Credito Universitario Fundo de Investimento em Direitos Creditorios,https://www.fitchratings.com/entity/credito-universitario-fundo-de-investimento-em-direitos-creditorios-96969819#issues,National Long Term Rating,PIFsf(bra),2021-12-15,Paid In Full,,notes,BRIDLQCTF0L8
2026-09-25,FIDC Tramontina I,https://www.fitchratings.com/entity/fundo-de-investimento-em-direitos-creditorios-tramontina-i-97277721#issues,National Long Term Rating,NRsf,2021-12-14,New Rating,,notes ser 3,
2026-09-25,FIDC Tramontina I,https://www.fitchratings.com/entity/fundo-de-investimento-em-direitos-creditorios-tramontina-i-97277721#issues,National Long Term Rating,NRsf,2021-12-14,New Rating,,notes ser 3,BR0AOXCTF008
2026-09-25,Octante Securitizadora S.A. 2021-30-1 (FS),https://www.fitchratings.com/entity/octante-securitizadora-sa-97301621#issues,National Long Term Rating,NRsf,2021-12-06,New Rating,,loans ser 2,BROCTSCRA3B3
2026-09-25,FIDC Cielo,https://www.fitchratings.com/entity/fundo-de-investimento-em-direitos-creditorios-cielo-96522351#issues,National Long Term Rating,PIFsf(bra),2021-07-26,Paid In Full,,securities ser 2017-1,BRFCLOCTF019
2026-09-25,Fundo de Investimento em Direitos Creditorios Fortbrasil,https://www.fitchratings.com/entity/fidc-fortbrasil-96584612#issues,National Long Term Rating,PIFsf(bra),2021-07-15,Paid In Full,,notes ser 2018-1,BR000ICTF000
2026-09-25,Credito Universitario Fundo de Investimento em Direitos Creditorios,https://www.fitchratings.com/entity/credito-universitario-fundo-de-investimento-em-direitos-creditorios-96969819#issues,National Long Term Rating,PIFsf(bra),2021-03-10,Paid In Full,,notes,BRIDLQCTF0J2
2026-09-25,Credito Universitario Fundo de Investimento em Direitos Creditorios,https://www.fitchratings.com/entity/credito-universitario-fundo-de-investimento-em-direitos-creditorios-96969819#issues,National Long Term Rating,PIFsf(bra),2021-03-03,Paid In Full,,notes,BRIDLQCTF0G8
2026-09-25,FIDC Cielo,https://www.fitchratings.com/entity/fundo-de-investimento-em-direitos-creditorios-cielo-96522351#issues,National Long Term Rating,PIFsf(bra),2021-02-08,Paid In Full,,securities ser 2017-1,BRFCLOCTF027
2026-09-25,FIDC Cielo,https://www.fitchratings.com/entity/fundo-de-investimento-em-direitos-creditorios-cielo-96522351#issues,National Long Term Rating,PIFsf(bra),2021-02-08,Paid In Full,,securities ser 2017-1,
2026-09-25,Centro de Imagem Diagnosticos S.A (Alliar),https://www.fitchratings.com/entity/centro-de-imagem-diagnosticos-sa-alliar-96507481#issues,National Long Term Rating,WD(bra),2020-11-20,Withdrawn,,1ts Debentures Issuance - BRL270 mln due 2020,BRAALRDBS008
2026-09-25,BRF S.A.,https://www.fitchratings.com/entity/brf-sa-90455677#issues,Long Term Rating,WD,2020-11-20,Withdrawn,,senior unsecured bond/note,USP1905CAB65
2026-09-25,Empresa Concessionaria de Rodovias do Norte S.A. - ECONORTE,https://www.fitchratings.com/entity/empresa-concessionaria-de-rodovias-do-norte-sa-econorte-90562880#issues,National Long Term Rating,WD(bra),2020-11-20,Withdrawn,,BRL 246 mln Floating bond/note 15-Apr-2021,BRECNTDBS032
2026-09-25,Habitasec 2019-170 (Tegra),https://www.fitchratings.com/entity/habitasec-2019-170-tegra-96826388#issues,National Long Term Rating,WDsf(bra),2020-11-11,Withdrawn,,debt ser 1,BRHBSCCRI3S8
2026-09-25,Credito Universitario Fundo de Investimento em Direitos Creditorios,https://www.fitchratings.com/entity/credito-universitario-fundo-de-investimento-em-direitos-creditorios-96969819#issues,National Long Term Rating,PIFsf(bra),2020-09-08,Paid In Full,,notes,BRIDLQCTF0I4
2026-09-25,FIDC Cielo,https://www.fitchratings.com/entity/fundo-de-investimento-em-direitos-creditorios-cielo-96522351#issues,National Long Term Rating,PIFsf(bra),2020-07-28,Paid In Full,,securities ser 2017-1,BRFCLOCTF001
2026-09-25,Credito Universitario Fundo de Investimento em Direitos Creditorios,https://www.fitchratings.com/entity/credito-universitario-fundo-de-investimento-em-direitos-creditorios-96969819#issues,National Long Term Rating,NRsf,2020-07-20,New Rating,,notes,BRIDLQCTF016
2026-09-25,JSL S.A.,https://www.fitchratings.com/entity/jsl-sa-90188261#issues,National Long Term Rating,NR,2020-07-15,Matured,,6th issue - 3rd serie ser 6th issue - 3rd serie,BRJSLGDBS087
2026-09-25,JSL S.A.,https://www.fitchratings.com/entity/jsl-sa-90188261#issues,National Long Term Rating,NR,2020-07-15,Matured,,6th issue - 2nd serie ser 6th issue - 2nd serie,BRJSLGDBS095
2026-09-25,Light Servicos de Eletricidade S.A.,https://www.fitchratings.com/entity/light-servicos-de-eletricidade-sa-91050690#issues,National Long Term Rating,NR,2020-07-15,Matured,,12th BRL400 mln bond/note 15-Jul-2020,BRLIGHDBS0I6
2026-09-25,Brazilian Securities Companhia de Securitizacao,https://www.fitchratings.com/entity/brazilian-securities-companhia-de-securitizacao-94870290#issues,National Long Term Rating,WDsf(bra),2020-06-23,Withdrawn,,certificates,BRBSCSCRI9C6
2026-09-25,Brazilian Securities Companhia de Securitizacao,https://www.fitchratings.com/entity/brazilian-securities-companhia-de-securitizacao-94870290#issues,National Long Term Rating,WDsf(bra),2020-06-23,Withdrawn,,certificates,BRBSCSCRI9B8
2026-09-25,Eco Securitizadora de Direitos Creditorios do Agronegocio 2017-116 (JSL),https://www.fitchratings.com/entity/eco-securitizadora-de-direitos-creditorios-do-agronegocio-2017-116-jsl-96472586#issues,National Long Term Rating,PIFsf(bra),2020-06-19,Paid In Full,,certificates ser 2017-116,BRECOACRA218
2026-09-25,FIDC Banco Emissores de Cartao de Credito - Stone,https://www.fitchratings.com/entity/fidc-banco-emissores-de-cartao-de-credito-stone-96513349#issues,National Long Term Rating,PIFsf(bra),2020-06-16,Paid In Full,,securities,BREMCFCTF000
2026-09-25,VLI Multimodal S.A.,https://www.fitchratings.com/entity/vli-multimodal-sa-96166129#issues,National Long Term Rating,NR,2020-06-15,Matured,,BRL 232.36 mln 6.884% Series 11 bond/note 15-Jun-2020 ser 11,BRVLIMDBS008
2026-09-25,Vert Companhia Securitizadora,https://www.fitchratings.com/entity/vert-companhia-securitizadora-96487167#issues,National Long Term Rating,PIFsf(bra),2020-05-22,Paid In Full,,certificates ser 2017-4,BRVERTCRA047
2026-09-25,Brasil Oleo e Gas Exclusive Fundo de Investimento Em Direitos Creditorios,https://www.fitchratings.com/entity/brasil-oleo-e-gas-exclusive-fidc-petrobras-94218090#issues,National Long Term Rating,PIFsf(bra),2020-05-21,Paid In Full,,securities,BROLGSCTF005
2026-09-25,Itau Unibanco Holding S.A.,https://www.fitchratings.com/entity/itau-unibanco-holding-sa-80609415#issues,Long Term Rating,B,2020-05-08,Affirmed,,USD 1.25 bln 6.125% hybrid capital instruments,US46556UAB08
2026-09-25,BRC Securitizadora S.A,https://www.fitchratings.com/entity/brc-securitizadora-sa-87288575#issues,National Long Term Rating,PIFsf(bra),2020-04-23,Paid In Full,,commercial mtge-backed securitization ser 2009-12,BRBRCSCRI0B8
2026-09-25,BRC Securitizadora S.A,https://www.fitchratings.com/entity/brc-securitizadora-sa-87288575#issues,National Long Term Rating,PIFsf(bra),2020-04-23,Paid In Full,,commercial mtge-backed securitization ser 2009-11,BRBRCSCRI0A0
2026-09-25,Vinci Credito e Desenvolvimento I - Fundo de Investimentos em Direitos Creditorios,https://www.fitchratings.com/entity/vinci-credito-e-desenvolvimento-i-fundo-de-investimentos-em-direitos-creditorios-89864865#issues,National Long Term Rating,PIFsf(bra),2020-03-11,Paid In Full,,securities,BRVCCDCTF018
2026-09-25,Moura Dubeux Engenharia S.A.,https://www.fitchratings.com/entity/moura-dubeux-engenharia-sa-2010-2-96570386#issues,National Long Term Rating,PIFsf(bra),2020-02-27,Paid In Full,,bonds,BRMDNEDBS019
2026-09-25,RB Capital Securitizadora S.A.,https://www.fitchratings.com/entity/rb-capital-securitizadora-sa-96202746#issues,National Long Term Rating,PIFsf(bra),2020-01-15,Paid In Full,,certificates,BRRBRACRI234
2026-09-25,Gaia Securitizadora S.A.,https://www.fitchratings.com/entity/gaia-securitizadora-sa-2012-19-20-96497475#issues,National Long Term Rating,PIFsf(bra),2020-01-07,Paid In Full,,certificates ser 2014-77,BRGAIACRI2Q0
2026-09-25,True Securitizadora S.A.,https://www.fitchratings.com/entity/true-securitizadora-sa-96426684#issues,National Long Term Rating,PIFsf(bra),2019-12-30,Paid In Full,,certificates ser 1,BRAPCSCRI291
2026-09-25,ISEC Securitizadora S.A.,https://www.fitchratings.com/entity/isec-securitizadora-sa-96725926#issues,National Long Term Rating,WDsf(bra),2019-12-06,Withdrawn,,notes ser 2018-29 & 2018-30,
2026-09-25,ISEC Securitizadora S.A.,https://www.fitchratings.com/entity/isec-securitizadora-sa-96725926#issues,National Long Term Rating,WDsf(bra),2019-12-06,Withdrawn,,notes ser 2018-29 & 2018-30,
2026-09-25,Nova Securitizacao S.A.,https://www.fitchratings.com/entity/nova-securitizacao-sa-96637612#issues,National Long Term Rating,WDsf(bra),2019-12-06,Withdrawn,,debt ser Nova Securitização 37 - 2018 (RNI),BRNSECCRI0Q7
2026-09-25,Nova Securitizacao S.A.,https://www.fitchratings.com/entity/nova-securitizacao-sa-96637612#issues,National Long Term Rating,WDsf(bra),2019-12-06,Withdrawn,,debt ser 2019-31,
2026-09-25,Opea Securitizadora S.A. 2019-1-233 (VCSA),https://www.fitchratings.com/entity/rb-capital-companhia-de-securitizacao-2019-232-233-vci-96808579#issues,National Long Term Rating,WDsf(bra),2019-12-05,Withdrawn,,notes ser 1,BRRBRACRI622
2026-09-25,Octante Securitizadora S.A.,https://www.fitchratings.com/entity/octante-securitizadora-2016-1-monsanto-96366368#issues,National Long Term Rating,PIFsf(bra),2019-10-14,Paid In Full,,certificates,BROCTSCRA1R3
2026-09-25,Banco Mercedes-Benz do Brasil S.A.,https://www.fitchratings.com/entity/banco-mercedes-benz-do-brasil-sa-91896832#issues,National Long Term Rating,AAA(bra),2019-10-01,Affirmed,,BRL 300 mln bond/note 18-Dec-2019,BRDCLSLFI043
2026-09-25,RB Capital Companhia de Securitizacao 2016-122 (Rede D'Or),https://www.fitchratings.com/entity/rb-capital-companhia-de-securitizacao-2016-122-rede-d-or-96786357#issues,National Long Term Rating,PIFsf(bra),2019-08-20,Paid In Full,,certificates,BRRBRACRI3C3
2026-09-25,RB Capital Companhia de Securitizacao 2016-109 (Rede D'Or),https://www.fitchratings.com/entity/rb-capital-companhia-de-securitizacao-2016-109-rede-d-or-96786356#issues,National Long Term Rating,PIFsf(bra),2019-08-20,Paid In Full,,certificates,BRRBRACRI3W1
2026-09-25,RB Capital Companhia de Securitizacao 2016-141 (Rede D'Or),https://www.fitchratings.com/entity/rb-capital-companhia-de-securitizacao-2016-141-rede-d-or-96786359#issues,National Long Term Rating,PIFsf(bra),2019-08-20,Paid In Full,,securities,BRRBRACRI3V3
2026-09-25,RB Capital Companhia de Securitizacao,https://www.fitchratings.com/entity/rb-capital-companhia-de-securitizacao-82273887#issues,National Long Term Rating,WDsf(bra),2019-08-07,Withdrawn,,certificates ser 2013-70,BRRBRACRI2J0
2026-09-25,RB Capital Securitizadora S.A.,https://www.fitchratings.com/entity/rb-capital-securitizadora-sa-84875874#issues,National Long Term Rating,PIFsf(bra),2019-07-29,Paid In Full,,commercial mtge-backed securitization ser 2009-25,BRRBCSCRI121
2026-09-25,True Securitizadora S.A.,https://www.fitchratings.com/entity/true-securitizadora-sa-96368010#issues,National Long Term Rating,PIFsf(bra),2019-07-26,Paid In Full,,certificates ser 2017-91,
2026-09-25,Brazilian Securities Companhia de Securitizacao,https://www.fitchratings.com/entity/brazilian-securities-2011-219-82238689#issues,National Long Term Rating,PIFsf(bra),2019-07-20,Paid In Full,,certificates,
2026-09-25,Brazilian Securities Companhia de Securitizacao,https://www.fitchratings.com/entity/brazilian-securities-2011-219-82238689#issues,National Long Term Rating,PIFsf(bra),2019-07-20,Paid In Full,,certificates,BRBSCSCRI764
2026-09-25,OR Empreendimentos Imobiliarios e Participacoes S.A.,https://www.fitchratings.com/entity/or-empreendimentos-imobiliarios-e-participacoes-sa-92070502#issues,National Long Term Rating,WDsf(bra),2019-05-23,Withdrawn,,bonds,
2026-09-25,Fundo de Investimento em Direitos Creditorios Casan Saneamento,https://www.fitchratings.com/entity/fundo-de-investimento-em-direitos-creditorios-casan-saneamento-93721294#issues,National Long Term Rating,PIFsf(bra),2019-05-17,Paid In Full,,notes,
2026-09-25,RB Capital Companhia de Securitizacao,https://www.fitchratings.com/entity/rb-capital-companhia-de-securitizacao-96151989#issues,National Long Term Rating,PIFsf(bra),2019-05-15,Paid In Full,,certificates,BRRBCSCRI352
2026-09-25,RB Capital Companhia de Securitizacao,https://www.fitchratings.com/entity/rb-capital-companhia-de-securitizacao-96265367#issues,National Long Term Rating,PIFsf(bra),2019-04-26,Paid In Full,,certificates ser 2016-5,BRRBRACRA041
2026-09-25,Fundo de Investimento em Direitos Creditorios RCI Brasil I - Financiamento de Veiculos,https://www.fitchratings.com/entity/fidc-rci-brasil-i-financiamento-de-veiculos-94645691#issues,National Long Term Rating,PIFsf(bra),2019-04-26,Paid In Full,,notes,BRRCIBCTF009
2026-09-25,RB Capital Securitizadora S.A.,https://www.fitchratings.com/entity/rb-capital-securitizadora-sa-84875874#issues,National Long Term Rating,PIFsf(bra),2019-04-11,Paid In Full,,certificates,BRRBCSCRI2V2
2026-09-25,BRZ Fundo de Investimento em Direitos Creditorios - Agronegocio e Imobiliario,https://www.fitchratings.com/entity/brz-fundo-de-investimento-em-direitos-creditorios-agronegocio-e-imobiliario-96504556#issues,National Long Term Rating,PIFsf(bra),2019-03-15,Paid In Full,,securities,
2026-09-25,Fundo de Investimento em Direitos Creditorios Revendedores Oficiais Pirelli - ROP,https://www.fitchratings.com/entity/fidc-revendedores-oficiais-pirelli-rop-96441394#issues,National Long Term Rating,PIFsf(bra),2019-03-08,Paid In Full,,securities,
2026-09-25,Gaia Agro Securitizadora S.A.,https://www.fitchratings.com/entity/cra-gaia-agro-securitizadora-2014-3-2014-4-jalles-machado-96505840#issues,National Long Term Rating,PIFsf(bra),2019-02-20,Paid In Full,,"certificates ser 2014-3, 2014-4",
2026-09-25,Gaia Agro Securitizadora S.A.,https://www.fitchratings.com/entity/cra-gaia-agro-securitizadora-2014-3-2014-4-jalles-machado-96505840#issues,National Long Term Rating,PIFsf(bra),2019-02-20,Paid In Full,,"certificates ser 2014-3, 2014-4",
2026-09-25,Brazilian Securities Companhia de Securitizacao,https://www.fitchratings.com/entity/brazilian-securities-2011-219-82238689#issues,National Long Term Rating,PIFsf(bra),2019-02-20,Paid In Full,,certificates,BRBSCSCRI6S8
2026-09-25,RB Capital Securitizadora S.A.,https://www.fitchratings.com/entity/rb-capital-securitizadora-sa-96514181#issues,National Long Term Rating,WDsf(bra),2019-02-06,Withdrawn,,securities ser 2018-123,
2026-09-25,RB Capital Securitizadora S.A.,https://www.fitchratings.com/entity/rb-capital-securitizadora-sa-96514181#issues,National Long Term Rating,WDsf(bra),2019-02-06,Withdrawn,,securities ser 2018-124,
2026-09-25,Vinci Credito e Desenvolvimento I - Fundo de Investimentos em Direitos Creditorios,https://www.fitchratings.com/entity/vinci-credito-e-desenvolvimento-i-fundo-de-investimentos-em-direitos-creditorios-89864865#issues,National Long Term Rating,PIFsf(bra),2019-01-24,Paid In Full,,securities,BRVCCDCTF000
2026-09-25,GP Aetatis II - Fundo de Investimento em Direitos Creditorios Imobiliarios,https://www.fitchratings.com/entity/gp-aetatis-ii-fundo-de-investimento-em-direitos-creditorios-imobiliarios-2004-2-82238682#issues,National Long Term Rating,WDsf(bra),2019-01-24,Withdrawn,,securities,BRFATTCTF007
2026-09-25,Fundo de Investimento em Direitos Creditorios Revendedores Oficiais Pirelli - ROP,https://www.fitchratings.com/entity/fidc-revendedores-oficiais-pirelli-rop-96441394#issues,National Long Term Rating,PIFsf(bra),2019-01-18,Paid In Full,,securities,BRPRLLCTF012
2026-09-25,ISEC Securitizadora S.A.,https://www.fitchratings.com/entity/isec-securitizadora-sa-96725926#issues,National Long Term Rating,WDsf(bra),2018-12-27,Withdrawn,,notes ser 2018-29 & 2018-30,
2026-09-25,Brazilian Securities Companhia de Securitizacao,https://www.fitchratings.com/entity/brazilian-securities-2011-219-82238689#issues,National Long Term Rating,PIFsf(bra),2018-12-20,Paid In Full,,certificates,BRBSCSCRI6E8
2026-09-25,Brazilian Securities Companhia de Securitizacao,https://www.fitchratings.com/entity/brazilian-securities-2011-219-82238689#issues,National Long Term Rating,PIFsf(bra),2018-12-13,Paid In Full,,certificates,BRBSCSCRI699
2026-09-25,True Securitizadora S.A.,https://www.fitchratings.com/entity/true-securitizadora-sa-96368010#issues,National Long Term Rating,PIFsf(bra),2018-12-05,Paid In Full,,certificates ser 2016-64,BRAPCSCRI242
2026-09-25,Fundo de Investimento em Direitos Creditorios Revendedores Oficiais Pirelli - ROP,https://www.fitchratings.com/entity/fidc-revendedores-oficiais-pirelli-rop-96441394#issues,National Long Term Rating,PIFsf(bra),2018-12-05,Paid In Full,,securities,BRPRLLCTF004
2026-09-25,Brazilian Securities Companhia de Securitizacao,https://www.fitchratings.com/entity/brazilian-securities-2011-219-82238689#issues,National Long Term Rating,PIFsf(bra),2018-11-12,Paid In Full,,certificates,BRBSCSCRI525
2026-09-25,Apice Securitizadora Imobiliaria S.A.,https://www.fitchratings.com/entity/apice-securitizadora-imobiliaria-sa-92565695#issues,National Long Term Rating,WDsf(bra),2018-10-30,Withdrawn,,certificates,BRAPCSCRI036
2026-09-25,Apice Securitizadora Imobiliaria S.A.,https://www.fitchratings.com/entity/apice-securitizadora-imobiliaria-sa-92565695#issues,National Long Term Rating,WDsf(bra),2018-10-30,Withdrawn,,certificates,BRAPCSCRI044
2026-09-25,Captalys FIDC - Mais Saude,https://www.fitchratings.com/entity/captalys-fidc-mais-saude-96208256#issues,National Long Term Rating,PIFsf(bra),2018-10-29,Paid In Full,,securities,
2026-09-25,BR Towers SPE1 S.A.,https://www.fitchratings.com/entity/br-towers-spe1-sa-92139090#issues,National Long Term Rating,PIFsf(bra),2018-10-16,Paid In Full,,bonds,BRTSPEDBS017
2026-09-25,Salus Empreendimentos Logisticos II S.A.,https://www.fitchratings.com/entity/salus-empreendimentos-logisticos-ii-sa-96514178#issues,National Long Term Rating,PIFsf(bra),2018-10-16,Paid In Full,,securities,BRSLUDDBS008
2026-09-25,True Securitizadora S.A.,https://www.fitchratings.com/entity/true-securitizadora-sa-96622405#issues,National Long Term Rating,WDsf(bra),2018-10-15,Withdrawn,,certificates ser 2018-8,
2026-09-25,Brasil Plural Securitizadora S.A.,https://www.fitchratings.com/entity/brasil-plural-securitizadora-sa-91829898#issues,National Long Term Rating,PIFsf(bra),2018-09-11,Paid In Full,,certificates ser 2012-4,BRBPSCCRI000
2026-09-25,Driver Brasil Three Volkswagen Fundo de Investimento em Direitos Creditorios Financiamento de Veiculos,https://www.fitchratings.com/entity/driver-brasil-three-volkswagen-fundo-de-investimento-em-direitos-creditorios-financiamento-de-veiculos-96178688#issues,National Long Term Rating,PIFsf(bra),2018-09-06,Paid In Full,,notes,
2026-09-25,Driver Brasil Three Volkswagen Fundo de Investimento em Direitos Creditorios Financiamento de Veiculos,https://www.fitchratings.com/entity/driver-brasil-three-volkswagen-fundo-de-investimento-em-direitos-creditorios-financiamento-de-veiculos-96178688#issues,National Long Term Rating,PIFsf(bra),2018-09-06,Paid In Full,,notes,
2026-09-25,Apice Securitizadora Imobiliaria S.A.,https://www.fitchratings.com/entity/apice-securitizadora-imobiliaria-sa-96194580#issues,National Long Term Rating,PIFsf(bra),2018-08-30,Paid In Full,,certificates,BRAPCSCRI0A3
2026-09-25,QGOG Atlantic / Alaskan Rigs Ltd.,https://www.fitchratings.com/entity/qgog-atlantic-alaskan-rigs-ltd-90589485#issues,Long Term Rating,PIF,2018-08-09,Paid In Full,,notes ser 2011-1,US74734LAA98
2026-09-25,QGOG Atlantic / Alaskan Rigs Ltd.,https://www.fitchratings.com/entity/qgog-atlantic-alaskan-rigs-ltd-90589485#issues,Long Term Rating,PIF,2018-08-09,Paid In Full,,notes ser 2011-1,USG7306EAA67
2026-09-25,Fenix Fundo de Investimento em Direitos Creditorios do Varejo,https://www.fitchratings.com/entity/fenix-fundo-de-investimento-em-direitos-creditorios-do-varejo-90358061#issues,National Long Term Rating,PIFsf(bra),2018-06-25,Paid In Full,,securities,
2026-09-25,Fenix Fundo de Investimento em Direitos Creditorios do Varejo,https://www.fitchratings.com/entity/fenix-fundo-de-investimento-em-direitos-creditorios-do-varejo-90358061#issues,National Long Term Rating,PIFsf(bra),2018-06-25,Paid In Full,,securities,
2026-09-25,Fenix Fundo de Investimento em Direitos Creditorios do Varejo,https://www.fitchratings.com/entity/fenix-fundo-de-investimento-em-direitos-creditorios-do-varejo-90358061#issues,National Long Term Rating,PIFsf(bra),2018-06-20,Paid In Full,,securities,BRFENXCTF012
2026-09-25,Fenix Fundo de Investimento em Direitos Creditorios do Varejo,https://www.fitchratings.com/entity/fenix-fundo-de-investimento-em-direitos-creditorios-do-varejo-90358061#issues,National Long Term Rating,PIFsf(bra),2018-06-20,Paid In Full,,securities,BRFENXCTF004
2026-09-25,Queiroz Galvao Desenvolvimento Imobiliario S.A.,https://www.fitchratings.com/entity/queiroz-galvao-desenvolvimento-imobiliario-sa-2010-1-88915090#issues,National Long Term Rating,PIFsf(bra),2018-06-04,Paid In Full,,2010-1,
2026-09-25,Gaia Agro Securitizadora S.A.,https://www.fitchratings.com/entity/cra-gaia-agro-securitizadora-2014-3-2014-4-jalles-machado-96505840#issues,National Long Term Rating,PIFsf(bra),2018-03-27,Paid In Full,,"certificates ser 2014-3, 2014-4",
2026-09-25,RB Capital Companhia de Securitizacao,https://www.fitchratings.com/entity/rb-capital-companhia-de-securitizacao-96500137#issues,National Long Term Rating,PIFsf(bra),2018-03-23,Paid In Full,,2014-107,
2026-09-25,RB Capital Securitizadora S.A.,https://www.fitchratings.com/entity/rb-capital-securitizadora-sa-84875874#issues,National Long Term Rating,PIFsf(bra),2018-03-20,Paid In Full,,commercial mtge-backed securitization,BRRBCSCRI022
2026-09-25,RB Capital Securitizadora S.A.,https://www.fitchratings.com/entity/rb-capital-securitizadora-sa-84875874#issues,National Long Term Rating,PIFsf(bra),2018-03-20,Paid In Full,,commercial mtge-backed securitization,BRRBCSCRI030
2026-09-25,Brazilian Securities Companhia de Securitizacao,https://www.fitchratings.com/entity/brazilian-securities-2011-219-82238689#issues,National Long Term Rating,PIFsf(bra),2018-03-13,Paid In Full,,certificates,BRBSCSCRI1N0
2026-09-25,RB Capital Companhia de Securitizacao,https://www.fitchratings.com/entity/rb-capital-companhia-de-securitizacao-82273887#issues,National Long Term Rating,PIFsf(bra),2018-02-27,Paid In Full,,certificates,BRRBRACRI3L4
2026-09-25,RB Capital Companhia de Securitizacao,https://www.fitchratings.com/entity/rb-capital-companhia-de-securitizacao-82273887#issues,National Long Term Rating,WDsf(bra),2018-02-01,Withdrawn,,certificates ser 2013-70,BRRBRACRI2R3
2026-09-25,Brazilian Securities Companhia de Securitizacao,https://www.fitchratings.com/entity/brazilian-securities-companhia-de-securitizacao-88748258#issues,National Long Term Rating,PIFsf(bra),2017-12-29,Paid In Full,,commercial mtge-backed securitization,BRBSCSCRI210
2026-09-25,Odebrecht Offshore Drilling Finance Limited,https://www.fitchratings.com/entity/odebrecht-offshore-drilling-finance-ltd-92605090#issues,Long Term Rating,WD,2017-12-29,Withdrawn,,notes,USG6711KAA37
2026-09-25,Odebrecht Offshore Drilling Finance Limited,https://www.fitchratings.com/entity/odebrecht-offshore-drilling-finance-ltd-92605090#issues,Long Term Rating,WD,2017-12-29,Withdrawn,,notes,USG6711KAB10
2026-09-25,Odebrecht Offshore Drilling Finance Limited,https://www.fitchratings.com/entity/odebrecht-offshore-drilling-finance-ltd-92605090#issues,Long Term Rating,WD,2017-12-29,Withdrawn,,notes,US67576GAA58
2026-09-25,Odebrecht Offshore Drilling Finance Limited,https://www.fitchratings.com/entity/odebrecht-offshore-drilling-finance-ltd-92605090#issues,Long Term Rating,WD,2017-12-29,Withdrawn,,notes,US67576GAB32
2026-09-25,Odebrecht Drilling Norbe VIII/IX Ltd.,https://www.fitchratings.com/entity/odebrecht-drilling-norbe-viii-ix-ltd-89133268#issues,Long Term Rating,WD,2017-12-29,Withdrawn,,notes ser 2010-1,USG67106AA51
2026-09-25,Odebrecht Drilling Norbe VIII/IX Ltd.,https://www.fitchratings.com/entity/odebrecht-drilling-norbe-viii-ix-ltd-89133268#issues,Long Term Rating,WD,2017-12-29,Withdrawn,,notes ser 2010-1,
2026-09-25,Eco Securitizadora de Direitos Creditorios do Agronegocio 2017-116 (JSL),https://www.fitchratings.com/entity/eco-securitizadora-de-direitos-creditorios-do-agronegocio-2017-116-jsl-96472586#issues,National Long Term Rating,WDsf(bra),2017-12-15,Withdrawn,,certificates,
2026-09-25,MRV Engenharia e Participacoes S.A.,https://www.fitchratings.com/entity/mrv-engenharia-e-participacoes-sa-4a-emissao-96551875#issues,National Long Term Rating,PIFsf(bra),2017-12-01,Paid In Full,,2010-4,
2026-09-25,RB Capital Companhia de Securitizacao,https://www.fitchratings.com/entity/rb-capital-companhia-de-securitizacao-82273887#issues,National Long Term Rating,WDsf(bra),2017-10-26,Withdrawn,,certificates,
2026-09-25,Gaia Securitizadora S.A.,https://www.fitchratings.com/entity/gaia-securitizadora-sa-2012-19-20-96497475#issues,National Long Term Rating,PIFsf(bra),2017-10-03,Paid In Full,,certificates,BRGAIACRI1F5
2026-09-25,Gaia Securitizadora S.A.,https://www.fitchratings.com/entity/gaia-securitizadora-sa-2012-19-20-96497475#issues,National Long Term Rating,PIFsf(bra),2017-10-03,Paid In Full,,certificates,BRGAIACRI0L5
2026-09-25,Gaia Securitizadora S.A.,https://www.fitchratings.com/entity/gaia-securitizadora-sa-2012-19-20-96497475#issues,National Long Term Rating,PIFsf(bra),2017-10-03,Paid In Full,,certificates,BRGAIACRI1B4
2026-09-25,Apice Securitizadora Imobiliaria S.A.,https://www.fitchratings.com/entity/apice-securitizadora-imobiliaria-sa-96178450#issues,National Long Term Rating,WDsf(bra),2017-09-26,Withdrawn,,certificates,
2026-09-25,FIDC Cielo,https://www.fitchratings.com/entity/fundo-de-investimento-em-direitos-creditorios-cielo-96522351#issues,National Long Term Rating,NRsf,2017-07-27,New Rating,,securities ser 2017-1,
2026-09-25,Sirius Credito Fundo de Investimento em Diretos Creditorios,https://www.fitchratings.com/entity/sirius-credito-fundo-de-investimento-em-direitos-creditorios-92582890#issues,National Long Term Rating,PIFsf(bra),2017-06-30,Paid In Full,,securities,
2026-09-25,RB Capital Companhia de Securitizacao,https://www.fitchratings.com/entity/rb-capital-companhia-de-securitizacao-96491181#issues,National Long Term Rating,WDsf(bra),2017-06-29,Withdrawn,,2017-155,
2026-09-25,Fundo de Investimento em Direitos Creditorios da Companhia Estadual de Aguas e Esgotos,https://www.fitchratings.com/entity/fundo-de-investimento-em-direitos-creditorios-da-companhia-estadual-de-aguas-e-esgotos-90731896#issues,National Long Term Rating,PIFsf(bra),2017-06-26,Paid In Full,,securities,BRFCDECTF009
2026-09-25,Fundo de Investimento em Direitos Creditorios da Companhia Estadual de Aguas e Esgotos,https://www.fitchratings.com/entity/fundo-de-investimento-em-direitos-creditorios-da-companhia-estadual-de-aguas-e-esgotos-90731896#issues,National Long Term Rating,PIFsf(bra),2017-06-26,Paid In Full,,securities,BRFCDECTF025
2026-09-25,Brazilian Securities Companhia de Securitizacao,https://www.fitchratings.com/entity/brazilian-securities-2011-219-82238689#issues,National Long Term Rating,PIFsf(bra),2017-06-21,Paid In Full,,certificates,
2026-09-25,Fundo de Investimento em Direitos Creditorios Omni Veiculos X,https://www.fitchratings.com/entity/fidc-omni-veiculos-x-94602293#issues,National Long Term Rating,PIFsf(bra),2017-06-21,Paid In Full,,notes,
2026-09-25,Fundo de Investimento em Direitos Creditorios Omni Veiculos X,https://www.fitchratings.com/entity/fidc-omni-veiculos-x-94602293#issues,National Long Term Rating,PIFsf(bra),2017-06-21,Paid In Full,,notes,
2026-09-25,Martins Fundo de Investimento em Direitos Creditorios,https://www.fitchratings.com/entity/martins-fundo-de-investimento-em-direitos-creditorios-92460495#issues,National Long Term Rating,WDsf(bra),2017-06-09,Withdrawn,,securities,BRTBCMCTF007
2026-09-25,Martins Fundo de Investimento em Direitos Creditorios,https://www.fitchratings.com/entity/martins-fundo-de-investimento-em-direitos-creditorios-92460495#issues,National Long Term Rating,WDsf(bra),2017-06-09,Withdrawn,,securities,
2026-09-25,FIDC Empirica Home Equity,https://www.fitchratings.com/entity/fidc-empirica-home-equity-96170390#issues,National Long Term Rating,WDsf(bra),2017-04-26,Withdrawn,,certificates,
2026-09-25,FIDC Empirica Home Equity,https://www.fitchratings.com/entity/fidc-empirica-home-equity-96170390#issues,National Long Term Rating,WDsf(bra),2017-04-26,Withdrawn,,certificates,
2026-09-25,Brazilian Securities Companhia de Securitizacao,https://www.fitchratings.com/entity/brazilian-securities-companhia-de-securitizacao-2014-356-91610490#issues,National Long Term Rating,PIFsf(bra),2017-04-25,Paid In Full,,certificates,
2026-09-25,Brazilian Securities Companhia de Securitizacao,https://www.fitchratings.com/entity/brazilian-securities-2011-219-82238689#issues,National Long Term Rating,PIFsf(bra),2017-03-20,Paid In Full,,certificates,
2026-09-25,RB Capital Companhia de Securitizacao,https://www.fitchratings.com/entity/rb-capital-companhia-de-securitizacao-95619290#issues,National Long Term Rating,PIFsf(bra),2017-03-17,Paid In Full,,certificates ser 2013-90,
2026-09-25,Vision Securitizadora S.A.,https://www.fitchratings.com/entity/vision-securitizadora-sa-2008-1-86955551#issues,National Long Term Rating,WDsf(bra),2017-03-16,Withdrawn,,residential mtge-backed securitization,
2026-09-25,Ourinvest Fundo de Investimento em Direitos Creditorios Veiculos II,https://www.fitchratings.com/entity/ourinvest-fidc-veiculos-ii-93019293#issues,National Long Term Rating,PIFsf(bra),2017-02-17,Paid In Full,,notes,
2026-09-25,RB Capital Securitizadora S.A.,https://www.fitchratings.com/entity/rb-capital-securitizadora-sa-90349861#issues,National Long Term Rating,PIFsf(bra),2017-02-16,Paid In Full,,2011-55,
2026-09-25,FIDC Empirica Sorocred Cartoes,https://www.fitchratings.com/entity/fidc-empirica-sorocred-cartoes-94645695#issues,National Long Term Rating,PIFsf(bra),2017-02-06,Paid In Full,,notes,
2026-09-25,Bellatrix Fundo de Investimento em Direitos Creditorios,https://www.fitchratings.com/entity/bellatrix-fundo-de-investimento-em-direitos-creditorios-96336549#issues,National Long Term Rating,WDsf(bra),2017-01-13,Withdrawn,,securities ser 2016-1,
2026-09-25,RB Capital Companhia de Securitizacao,https://www.fitchratings.com/entity/rb-capital-companhia-de-securitizacao-96370619#issues,National Long Term Rating,PIFsf(bra),2017-01-12,Paid In Full,,certificates,
2026-09-25,Fundo de Investimento em Direitos Creditorios Revendedores Oficiais Pirelli - ROP,https://www.fitchratings.com/entity/fidc-revendedores-oficiais-pirelli-rop-96441394#issues,National Long Term Rating,NRsf,2016-12-19,New Rating,,securities,
2026-09-25,Brazilian Securities Companhia de Securitizacao,https://www.fitchratings.com/entity/brazilian-securities-companhia-de-securitizacao-2014-356-91610490#issues,National Long Term Rating,PIFsf(bra),2016-11-28,Paid In Full,,certificates,
2026-09-25,Construtora Tenda S.A.,https://www.fitchratings.com/entity/construtora-tenda-sa-2009-1-88495055#issues,National Long Term Rating,PIFsf(bra),2016-11-11,Paid In Full,,construction bridge loan,BRTENDDBS006
2026-09-25,Kobold Mercantis e Financeiros FIDC NP II,https://www.fitchratings.com/entity/kobold-mercantis-e-financeiros-fidc-np-ii-91849496#issues,National Long Term Rating,WDsf(bra),2016-11-11,Withdrawn,,securities,
2026-09-25,Fundo de Investimento em Direitos Creditorios Omni Veiculos IX,https://www.fitchratings.com/entity/fidc-omni-veiculos-ix-93270491#issues,National Long Term Rating,PIFsf(bra),2016-10-19,Paid In Full,,securities,
2026-09-25,Fundo de Investimento em Direitos Creditorios Omni Veiculos IX,https://www.fitchratings.com/entity/fidc-omni-veiculos-ix-93270491#issues,National Long Term Rating,PIFsf(bra),2016-10-19,Paid In Full,,securities,
2026-09-25,Patria Companhia Securitizadora de Creditos Imobiliarios,https://www.fitchratings.com/entity/patria-companhia-securitizadora-de-creditos-imobiliarios-series-2006-2-atento-83668266#issues,National Long Term Rating,PIFsf(bra),2016-10-07,Paid In Full,,certificates,BRNOOSCRI011
2026-09-25,Gaia Securitizadora S.A.,https://www.fitchratings.com/entity/gaia-securitizadora-serie-2010-16-90008864#issues,National Long Term Rating,PIFsf(bra),2016-09-19,Paid In Full,,certificates,
2026-09-25,Gaia Securitizadora S.A.,https://www.fitchratings.com/entity/gaia-securitizadora-serie-2010-16-90008864#issues,National Long Term Rating,PIFsf(bra),2016-09-19,Paid In Full,,certificates,
2026-09-25,Gaia Securitizadora S.A.,https://www.fitchratings.com/entity/gaia-securitizadora-serie-2010-16-90008864#issues,National Long Term Rating,PIFsf(bra),2016-09-19,Paid In Full,,certificates,
2026-09-25,Fundo de Investimento em Direitos Creditorios Omni Veiculos VIII,https://www.fitchratings.com/entity/fundo-de-investimento-em-direitos-creditorios-omni-veiculos-viii-92087494#issues,National Long Term Rating,PIFsf(bra),2016-09-09,Paid In Full,,securities,BROMVOCTF001
2026-09-25,Fundo de Investimento em Direitos Creditorios Omni Veiculos VIII,https://www.fitchratings.com/entity/fundo-de-investimento-em-direitos-creditorios-omni-veiculos-viii-92087494#issues,National Long Term Rating,PIFsf(bra),2016-09-09,Paid In Full,,securities,BROMVOCTF019
2026-09-25,Schahin II Finance Company (SPV) Limited,https://www.fitchratings.com/entity/schahin-ii-finance-company-spv-limited-91235490#issues,Long Term Rating,WD,2016-09-07,Withdrawn,,notes ser 2012-1,US80629QAA31
2026-09-25,RB Capital Companhia de Securitizacao,https://www.fitchratings.com/entity/rb-capital-companhia-de-securitizacao-82273887#issues,National Long Term Rating,PIFsf(bra),2016-08-08,Paid In Full,,certificates,BRRBRACRI127
2026-09-25,Lancer Finance Company (SPV) Ltd.,https://www.fitchratings.com/entity/lancer-finance-company-spv-limited-89759261#issues,Long Term Rating,WD,2016-07-28,Withdrawn,,notes ser 2010-1,US51461TAA97
2026-09-25,Fundo de Investimento em Direitos Creditorios - FIDC Pine Agro,https://www.fitchratings.com/entity/fundo-de-investimento-em-direitos-creditorios-fidc-pine-agro-92941497#issues,National Long Term Rating,PIFsf(bra),2016-07-22,Paid In Full,,2013-1,
2026-09-25,Eco Securitizadora de Direitos Creditorios do Agronegocio S.A.,https://www.fitchratings.com/entity/eco-securitizadora-de-direitos-creditorios-do-agronegocio-sa-96214330#issues,National Long Term Rating,PIFsf(bra),2016-07-05,Paid In Full,,certificates ser 2015-75,
2026-09-25,Fundo de Investimento em Direitos Creditorios Fornecedores Odebrecht,https://www.fitchratings.com/entity/fundo-de-investimento-em-direitos-creditorios-fornecedores-odebrecht-2012-1-91221490#issues,National Long Term Rating,PIFsf(bra),2016-05-04,Paid In Full,,securities,
2026-09-25,Fundo de Investimento em Direitos Creditorios Fornecedores Odebrecht,https://www.fitchratings.com/entity/fundo-de-investimento-em-direitos-creditorios-fornecedores-odebrecht-2012-1-91221490#issues,National Long Term Rating,PIFsf(bra),2016-04-29,Paid In Full,,securities,
2026-09-25,Salus Empreendimentos Logisticos S.A.,https://www.fitchratings.com/entity/salus-empreendimentos-logisticos-sa-90463286#issues,National Long Term Rating,WDsf(bra),2016-04-27,Withdrawn,,securities,
2026-09-25,FIDC Empirica Home Equity,https://www.fitchratings.com/entity/fidc-empirica-home-equity-96170390#issues,National Long Term Rating,NRsf,2016-04-26,New Rating,,certificates,
2026-09-25,RB Capital Companhia de Securitizacao,https://www.fitchratings.com/entity/rb-capital-companhia-de-securitizacao-82273887#issues,National Long Term Rating,WDsf(bra),2016-04-15,Withdrawn,,certificates,
2026-09-25,Apice Securitizadora Imobiliaria S.A.,https://www.fitchratings.com/entity/apice-securitizadora-imobiliaria-sa-93324090#issues,National Long Term Rating,WDsf(bra),2016-04-15,Withdrawn,,certificates,
2026-09-25,Apice Securitizadora Imobiliaria S.A.,https://www.fitchratings.com/entity/apice-securitizadora-imobiliaria-sa-93324090#issues,National Long Term Rating,WDsf(bra),2016-04-15,Withdrawn,,certificates ser 2014-35 & 36,
2026-09-25,Apice Securitizadora Imobiliaria S.A.,https://www.fitchratings.com/entity/apice-securitizadora-imobiliaria-sa-93324090#issues,National Long Term Rating,WDsf(bra),2016-04-15,Withdrawn,,certificates ser 2014-35 & 36,
2026-09-25,RB Capital Securitizadora S.A.,https://www.fitchratings.com/entity/rb-capital-securitizadora-sa-84875874#issues,National Long Term Rating,PIFsf(bra),2016-04-13,Paid In Full,,certificates,
2026-09-25,Fundo de Investimento em Direitos Creditorios Fornecedores Odebrecht,https://www.fitchratings.com/entity/fundo-de-investimento-em-direitos-creditorios-fornecedores-odebrecht-2012-1-91221490#issues,National Long Term Rating,WDsf(bra),2016-04-12,Withdrawn,,securities,
2026-09-25,Fundo de Investimento em Direitos Creditorios Fornecedores Odebrecht,https://www.fitchratings.com/entity/fundo-de-investimento-em-direitos-creditorios-fornecedores-odebrecht-2012-1-91221490#issues,National Long Term Rating,WDsf(bra),2016-04-12,Withdrawn,,securities,
2026-09-25,Sirius Credito Fundo de Investimento em Diretos Creditorios,https://www.fitchratings.com/entity/sirius-credito-fundo-de-investimento-em-direitos-creditorios-92582890#issues,National Long Term Rating,PIFsf(bra),2016-04-01,Paid In Full,,securities,
2026-09-25,Brazilian Securities Companhia de Securitizacao,https://www.fitchratings.com/entity/brazilian-securities-companhia-de-securitizacao-96162280#issues,National Long Term Rating,WDsf(bra),2016-03-24,Withdrawn,,certificates,
2026-09-25,Brazilian Securities Companhia de Securitizacao,https://www.fitchratings.com/entity/brazilian-securities-companhia-de-securitizacao-96162280#issues,National Long Term Rating,WDsf(bra),2016-03-24,Withdrawn,,certificates,
2026-09-25,"Opea Securitizadora S.A. 2015-1-123,124",https://www.fitchratings.com/entity/rb-capital-cia-de-securitizacao-2015-123-97171205#issues,National Long Term Rating,NRsf,2016-03-11,New Rating,,certificates,
2026-09-25,OAS Empreendimentos S.A.,https://www.fitchratings.com/entity/oas-empreendimentos-sa-series-2009-1-90585285#issues,National Long Term Rating,WDsf(bra),2016-03-07,Withdrawn,,securities,
2026-09-25,VIC 01 SBO Empreendimentos Ltda.,https://www.fitchratings.com/entity/vic-01-sbo-empreendimentos-ltda-90472086#issues,National Long Term Rating,WDsf(bra),2016-02-02,Withdrawn,,certificates,BRVICSCCI005
2026-09-25,Viver Incorporadora e Construtora S.A.,https://www.fitchratings.com/entity/viver-incorporadora-e-e-construtora-sa-1st-debenture-issuance-91576695#issues,National Long Term Rating,WDsf(bra),2016-02-02,Withdrawn,,bonds,
2026-09-25,Brazilian Securities Companhia de Securitizacao,https://www.fitchratings.com/entity/brazilian-securities-2011-219-82238689#issues,National Long Term Rating,PIFsf(bra),2016-01-20,Paid In Full,,certificates,BRBSCSCRI1W1
2026-09-25,Gaia Securitizadora S.A.,https://www.fitchratings.com/entity/gaia-securitizadora-serie-2010-16-90008864#issues,National Long Term Rating,PIFsf(bra),2016-01-14,Paid In Full,,certificates,
2026-09-25,Fundo de Investimento em Direitos Creditorios da Saneamento de Goais S.A. - Saneago - Infraestrutura II,https://www.fitchratings.com/entity/fundo-de-investimento-em-direitos-creditorios-infraestrutura-ii-fidc-saneago-ii-91863490#issues,National Long Term Rating,PIFsf(bra),2015-12-23,Paid In Full,,bonds,
2026-09-25,Fundo de Investimento em Direitos Creditorios da Saneamento de Goais S.A. - Saneago - Infraestrutura II,https://www.fitchratings.com/entity/fundo-de-investimento-em-direitos-creditorios-infraestrutura-ii-fidc-saneago-ii-91863490#issues,National Long Term Rating,PIFsf(bra),2015-12-23,Paid In Full,,bonds,
2026-09-25,Fundo de Investimento em Direitos Creditorios da Saneamento de Goias - Saneago - Infraestrutura III,https://www.fitchratings.com/entity/fundo-de-investimento-em-direitos-creditorios-infraestrutura-iii-fidc-saneago-iii-96087690#issues,National Long Term Rating,PIFsf(bra),2015-12-23,Paid In Full,,securities ser 2015-1,
2026-09-25,Fundo de Investimento em Direitos Creditorios Saneamento de Goias,https://www.fitchratings.com/entity/fundo-de-investimento-em-direitos-creditorios-saneamento-de-goias-series-2011-1-2011-2-90829904#issues,National Long Term Rating,PIFsf(bra),2015-12-23,Paid In Full,,securities,
2026-09-25,Fundo de Investimento em Direitos Creditorios Saneamento de Goias,https://www.fitchratings.com/entity/fundo-de-investimento-em-direitos-creditorios-saneamento-de-goias-series-2011-1-2011-2-90829904#issues,National Long Term Rating,PIFsf(bra),2015-12-23,Paid In Full,,securities,
2026-09-25,Fundo de Investimento em Direitos Creditorios Good Card,https://www.fitchratings.com/entity/fundo-de-investimento-em-direitos-creditorios-good-card-2012-1-91744693#issues,National Long Term Rating,PIFsf(bra),2015-12-15,Paid In Full,,debt,
2026-09-25,Club Administradora de Cartoes de Credito FIDC - NP,https://www.fitchratings.com/entity/club-administradora-de-cartoes-de-credito-fidc-np-96200908#issues,National Long Term Rating,PIFsf(bra),2015-12-02,Paid In Full,,securities,
2026-09-25,Fundo de Investimento em Direitos Creditorios FIDC Dacasa Financeira II,https://www.fitchratings.com/entity/fundo-de-investimento-em-direitos-creditorios-fidc-dacasa-financeira-ii-91829099#issues,National Long Term Rating,PIFsf(bra),2015-11-17,Paid In Full,,securities,
2026-09-25,Fundo de Investimento em Direitos Creditorios FIDC Dacasa Financeira II,https://www.fitchratings.com/entity/fundo-de-investimento-em-direitos-creditorios-fidc-dacasa-financeira-ii-91829099#issues,National Long Term Rating,PIFsf(bra),2015-11-17,Paid In Full,,securities,
2026-09-25,BRPR 52 Securitizadora de Creditos Imobiliarios S.A.,https://www.fitchratings.com/entity/brpr-52-securitizadora-de-creditos-imobiliarios-sa-83299063#issues,National Long Term Rating,PIFsf(bra),2015-10-07,Paid In Full,,commercial mtge-backed securitization,BRWTTSCRI002
2026-09-25,RB Capital Companhia de Securitizacao,https://www.fitchratings.com/entity/rb-capital-companhia-de-securitizacao-95099490#issues,National Long Term Rating,WDsf(bra),2015-09-24,Withdrawn,,certificates ser 110,
2026-09-25,Atico Fundo de Investimento de Direitos Creditorios (FIDC) Imobiliarios,https://www.fitchratings.com/entity/atico-fundo-de-investimento-de-direitos-creditorios-fidc-imobiliarios-90431878#issues,National Long Term Rating,WDsf(bra),2015-08-31,Withdrawn,,certificates,
2026-09-25,Octante Securitizadora S.A.,https://www.fitchratings.com/entity/octante-securitizadora-sa-92755290#issues,National Long Term Rating,PIFsf(bra),2015-08-24,Paid In Full,,certificates,
2026-09-25,Rio Bravo Credito Cia. de Securitizacao,https://www.fitchratings.com/entity/rio-bravo-credito-cia-de-securitizacao-93188690#issues,National Long Term Rating,PIFsf(bra),2015-08-05,Paid In Full,,commercial mtge-backed securitization,BRRBRACRI0P1
2026-09-25,Habitasec Securitizadora S.A.,https://www.fitchratings.com/entity/habitasec-securitizadora-sa-92547692#issues,National Long Term Rating,WDsf(bra),2015-07-30,Withdrawn,,certificates ser 2013-27,
2026-09-25,Habitasec Securitizadora S.A.,https://www.fitchratings.com/entity/habitasec-securitizadora-sa-95353890#issues,National Long Term Rating,WDsf(bra),2015-07-30,Withdrawn,,certificates,
2026-09-25,Gaia Securitizadora S.A.,https://www.fitchratings.com/entity/gaia-securitizadora-serie-2010-16-90008864#issues,National Long Term Rating,WDsf(bra),2015-07-27,Withdrawn,,certificates ser 2015-6,
2026-09-25,Gaia Securitizadora S.A.,https://www.fitchratings.com/entity/gaia-securitizadora-serie-2010-16-90008864#issues,National Long Term Rating,WDsf(bra),2015-07-27,Withdrawn,,certificates ser 2015-5,
2026-09-25,Octante Securitizadora S.A.,https://www.fitchratings.com/entity/octante-securitizadora-sa-94063090#issues,National Long Term Rating,PIFsf(bra),2015-07-14,Paid In Full,,certificates ser Series 2014-21 (Insurance Policy: AIG Europe Limited),
2026-09-25,BRPR 51 Securitizadora de Creditos Imobiliarios S.A.,https://www.fitchratings.com/entity/brpr-51-securitizadora-de-creditos-imobiliarios-sa-83251261#issues,National Long Term Rating,PIFsf(bra),2015-07-10,Paid In Full,,commercial mtge-backed securitization,BRWTSCCRI024
2026-09-25,BRPR 53 Securitizadora de Creditos Imobiliarios S.A.,https://www.fitchratings.com/entity/brpr-53-securitizadora-de-creditos-imobiliarios-sa-82238665#issues,National Long Term Rating,PIFsf(bra),2015-07-03,Paid In Full,,commercial mtge-backed securitization ser 2003-1,BRWTTCCRI006
2026-09-25,Club Administradora de Cartoes de Credito FIDC - NP,https://www.fitchratings.com/entity/club-administradora-de-cartoes-de-credito-fidc-np-96200908#issues,National Long Term Rating,PIFsf(bra),2015-06-30,Paid In Full,,securities,
2026-09-25,Brazilian Securities Companhia de Securitizacao,https://www.fitchratings.com/entity/brazilian-securities-companhia-de-securitizacao-90140261#issues,National Long Term Rating,PIFsf(bra),2015-06-22,Paid In Full,,commercial mtge-backed securitization,BRBSCSCRI2Q1
2026-09-25,TRX Securitizadora de Creditos Imobiliarios S.A.,https://www.fitchratings.com/entity/trx-securitizadora-de-creditos-imobiliarios-sa-95105490#issues,National Long Term Rating,WDsf(bra),2015-05-29,Withdrawn,,certificates,
2026-09-25,BRPR 46 Securitizadora de Creditos Imobiliarios S.A.,https://www.fitchratings.com/entity/brpr-46-securitizadora-de-creditos-imobiliarios-sa-82238667#issues,National Long Term Rating,PIFsf(bra),2015-05-04,Paid In Full,,certificates ser 2003-1,BRWTNSCRI013
2026-09-25,Gaia Securitizadora S.A.,https://www.fitchratings.com/entity/gaia-securitizadora-sa-89311661#issues,National Long Term Rating,PIFsf(bra),2015-04-10,Paid In Full,,certificates,BRGAIACRI0B6
2026-09-25,FIDC Empirica Home Equity,https://www.fitchratings.com/entity/fidc-empirica-home-equity-92442090#issues,National Long Term Rating,WDsf(bra),2015-04-08,Withdrawn,,debt,
2026-09-25,FIDC Empirica Home Equity,https://www.fitchratings.com/entity/fidc-empirica-home-equity-92442090#issues,National Long Term Rating,WDsf(bra),2015-04-08,Withdrawn,,debt,
2026-09-25,FIDC Empirica Home Equity,https://www.fitchratings.com/entity/fidc-empirica-home-equity-92442090#issues,National Long Term Rating,WDsf(bra),2015-04-08,Withdrawn,,debt,
2026-09-25,Fundo de Investimento em Direitos Creditorios Fornecedores Odebrecht,https://www.fitchratings.com/entity/fundo-de-investimento-em-direitos-creditorios-fornecedores-odebrecht-2012-1-91221490#issues,National Long Term Rating,PIFsf(bra),2015-03-30,Paid In Full,,securities,BRFODBCTF018
2026-09-25,Irani Papel e Embalagem S.A.,https://www.fitchratings.com/entity/celulose-irani-sa-2010-1-89541861#issues,National Long Term Rating,PIFsf(bra),2015-03-25,Paid In Full,,securities,
2026-09-25,Rossi Residencial S.A.,https://www.fitchratings.com/entity/rossi-residencial-sa-94147091#issues,National Long Term Rating,PIFsf(bra),2015-03-17,Paid In Full,,debt ser 2010-3,
2026-09-25,Brazilian Securities Companhia de Securitizacao,https://www.fitchratings.com/entity/brazilian-securities-companhia-de-securitizacao-90140261#issues,National Long Term Rating,PIFsf(bra),2015-03-15,Paid In Full,,certificates,BRBSCSCRI4G8
2026-09-25,BRZ Fundo de Investimento em Direitos Creditorios - Creditos Imobiliarios,https://www.fitchratings.com/entity/brz-fundo-de-investimento-em-direitos-creditorios-creditos-imobiliarios-93502090#issues,National Long Term Rating,PIFsf(bra),2015-03-13,Paid In Full,,securities,
2026-09-25,Fundo de Investimento em Direitos Creditorios Intermedium Creditos Consignados II,https://www.fitchratings.com/entity/fundo-de-investimento-em-direitos-creditorios-intermedium-creditos-consignados-ii-90752890#issues,National Long Term Rating,PIFsf(bra),2015-03-12,Paid In Full,,securities,BRINTDCTF008
2026-09-25,Trisul S.A.,https://www.fitchratings.com/entity/trisul-sa-2010-3-88915059#issues,National Long Term Rating,PIFsf(bra),2015-02-02,Paid In Full,,bonds,
2026-09-25,Club Administradora de Cartoes de Credito FIDC - NP,https://www.fitchratings.com/entity/club-administradora-de-cartoes-de-credito-fidc-np-96200908#issues,National Long Term Rating,PIFsf(bra),2014-12-31,Paid In Full,,securities,
2026-09-25,Gaia Securitizadora S.A.,https://www.fitchratings.com/entity/gaia-securitizadora-sa-93477490#issues,National Long Term Rating,WDsf(bra),2014-12-19,Withdrawn,,certificates,
2026-09-25,Brazil Foreign Diversified Payment Rights Finance Co. (Banco Santander S.A.),https://www.fitchratings.com/entity/brazil-foreign-diversified-payment-rights-finance-co-banco-santander-sa-90191864#issues,Long Term Rating,PIF,2014-12-09,Paid In Full,,fixed-rate notes,
2026-09-25,Brazil Foreign Diversified Payment Rights Finance Co. (Banco Santander S.A.),https://www.fitchratings.com/entity/brazil-foreign-diversified-payment-rights-finance-co-banco-santander-sa-90191864#issues,Long Term Rating,PIF,2014-12-09,Paid In Full,,notes,
2026-09-25,Brazil Foreign Diversified Payment Rights Finance Co. (Banco Santander S.A.),https://www.fitchratings.com/entity/brazil-foreign-diversified-payment-rights-finance-co-banco-santander-sa-90191864#issues,Long Term Rating,PIF,2014-12-09,Paid In Full,,fixed-rate notes,
2026-09-25,Brazil Foreign Diversified Payment Rights Finance Co. (Banco Santander S.A.),https://www.fitchratings.com/entity/brazil-foreign-diversified-payment-rights-finance-co-banco-santander-sa-90191864#issues,Long Term Rating,PIF,2014-12-09,Paid In Full,,fltg-rate notes,
2026-09-25,Brazil Foreign Diversified Payment Rights Finance Co. (Banco Santander S.A.),https://www.fitchratings.com/entity/brazil-foreign-diversified-payment-rights-finance-co-banco-santander-sa-90191864#issues,Long Term Rating,PIF,2014-12-09,Paid In Full,,notes,
2026-09-25,Brazil Foreign Diversified Payment Rights Finance Co. (Banco Santander S.A.),https://www.fitchratings.com/entity/brazil-foreign-diversified-payment-rights-finance-co-banco-santander-sa-90191864#issues,Long Term Rating,PIF,2014-12-09,Paid In Full,,notes,
2026-09-25,Brazil Foreign Diversified Payment Rights Finance Co. (Banco Santander S.A.),https://www.fitchratings.com/entity/brazil-foreign-diversified-payment-rights-finance-co-banco-santander-sa-90191864#issues,Long Term Rating,PIF,2014-12-09,Paid In Full,,diversified payment rights,
2026-09-25,Fundo de Investimento em Direitos Creditorios Omni CDC Veiculos VI (FIDC Omni VI),https://www.fitchratings.com/entity/fundo-de-investimento-em-direitos-creditorios-omni-cdc-veiculos-vi-fidc-omni-vi-2010-1-87303375#issues,National Long Term Rating,PIFsf(bra),2014-12-05,Paid In Full,,certificates,
2026-09-25,Fundo de Investimento em Direitos Creditorios Fornecedores Odebrecht,https://www.fitchratings.com/entity/fundo-de-investimento-em-direitos-creditorios-fornecedores-odebrecht-2012-1-91221490#issues,National Long Term Rating,WDsf(bra),2014-11-26,Withdrawn,,securities,BRFODBCTF000
2026-09-25,Gaia Securitizadora S.A.,https://www.fitchratings.com/entity/gaia-securitizadora-serie-2010-16-90008864#issues,National Long Term Rating,PIFsf(bra),2014-11-19,Paid In Full,,certificates,
2026-09-25,BRPR 51 Securitizadora de Creditos Imobiliarios S.A.,https://www.fitchratings.com/entity/brpr-51-securitizadora-de-creditos-imobiliarios-sa-83251261#issues,National Long Term Rating,PIFsf(bra),2014-11-11,Paid In Full,,certificates,
2026-09-25,Octante Securitizadora S.A.,https://www.fitchratings.com/entity/octante-securitizadora-sa-91408692#issues,National Short Term Rating,PIFsf(bra),2014-11-10,Paid In Full,,certificates,
2026-09-25,Brazilian Securities Companhia de Securitizacao,https://www.fitchratings.com/entity/brazilian-securities-companhia-de-securitizacao-90140261#issues,National Long Term Rating,WDsf(bra),2014-11-03,Withdrawn,,certificates,
2026-09-25,Forte Securitizadora S.A.,https://www.fitchratings.com/entity/forte-securitizadora-sa-93368090#issues,National Long Term Rating,WDsf(bra),2014-11-03,Withdrawn,,certificates,
2026-09-25,Brazilian Securities Companhia de Securitizacao,https://www.fitchratings.com/entity/brazilian-securities-series-2011-216-90483897#issues,National Long Term Rating,PIFsf(bra),2014-10-28,Paid In Full,,certificates,BRBSCSCRI5I1
2026-09-25,Fundo de Investimento em Direitos Creditorios Credito Privado Multisetorial,https://www.fitchratings.com/entity/fundo-de-investimento-em-direitos-creditorios-credito-privado-multisetorial-90514500#issues,National Long Term Rating,PIFsf(bra),2014-10-23,Paid In Full,,Senior,
2026-09-25,Imigrantes Securitizadora de Credito Imobiliario,https://www.fitchratings.com/entity/imigrantes-securitizadora-de-credito-imobiliario-82238680#issues,National Long Term Rating,PIFsf(bra),2014-10-10,Paid In Full,,commercial mtge-backed securitization,BRIMIGCRI012
2026-09-25,TRX Securitizadora de Creditos Imobiliarios S.A.,https://www.fitchratings.com/entity/trx-securitizadora-de-creditos-imobiliarios-sa-91278492#issues,National Long Term Rating,WDsf(bra),2014-10-01,Withdrawn,,certificates,BRTRXSCRI012
2026-09-25,Nova Securitizacao S.A.,https://www.fitchratings.com/entity/nova-securitizacao-sa-93199495#issues,National Long Term Rating,WDsf(bra),2014-10-01,Withdrawn,,certificates,
2026-09-25,Nova Securitizacao S.A.,https://www.fitchratings.com/entity/nova-securitizacao-sa-93199495#issues,National Long Term Rating,WDsf(bra),2014-10-01,Withdrawn,,certificates,
2026-09-25,Moura Dubeux Engenharia S.A.,https://www.fitchratings.com/entity/moura-dubeux-engenharia-sa-2009-1-89916461#issues,National Long Term Rating,PIFsf(bra),2014-10-01,Paid In Full,,bonds,
2026-09-25,RB Capital Securitizadora S.A.,https://www.fitchratings.com/entity/rb-capital-securitizadora-sa-84875874#issues,National Long Term Rating,WDsf(bra),2014-09-01,Withdrawn,,certificates,BRRBCSCRI1O9
2026-09-25,Supera Integral - Fundo de Investimento em Direitos Creditorios de Desenvolvimento Urbano,https://www.fitchratings.com/entity/supera-integral-fundo-de-investimento-em-direitos-creditorios-de-desenvolvimento-urbano-91571510#issues,National Long Term Rating,PIFsf(bra),2014-08-21,Paid In Full,,securities,BRSUPICTF009
2026-09-25,Brasil Agrosec Companhia Securitizadora,https://www.fitchratings.com/entity/brasil-agrosec-companhia-securitizadora-93611290#issues,National Long Term Rating,PIFsf(bra),2014-08-04,Paid In Full,,securities,
2026-09-25,Octante Securitizadora S.A.,https://www.fitchratings.com/entity/octante-securitizadora-sa-94063090#issues,National Long Term Rating,PIFsf(bra),2014-08-04,Paid In Full,,certificates  (Insurance Policy: AIG Europe Limited),
2026-09-25,Tecnisa S.A.,https://www.fitchratings.com/entity/tecnisa-sa-2010-2-89564866#issues,National Long Term Rating,PIFsf(bra),2014-07-21,Paid In Full,,bonds,
2026-09-25,Gaia Securitizadora S.A.,https://www.fitchratings.com/entity/gaia-securitizadora-2011-31-88351856#issues,National Long Term Rating,PIFsf(bra),2014-07-09,Paid In Full,,certificates,
2026-09-25,Centrais Eletricas Matogrossenses S.A. (Cemat),https://www.fitchratings.com/entity/centrais-eletricas-matogrossenses-sa-cemat-89128263#issues,National Long Term Rating,WDsf(bra),2014-07-07,Withdrawn,,bonds,BRCMGRDBS0I9
2026-09-25,WTORRE PIC Cia. Securitizadora de Creditos Imobiliarios,https://www.fitchratings.com/entity/wtorre-pic-cia-securitizadora-de-creditos-imobiliarios-82238666#issues,National Long Term Rating,PIFsf(bra),2014-06-17,Paid In Full,,certificates ser 2002-1,BRWTPICRI019
2026-09-25,Brazilian Securities Companhia de Securitizacao,https://www.fitchratings.com/entity/brazilian-securities-companhia-de-securitizacao-90140261#issues,National Long Term Rating,PIFsf(bra),2014-05-30,Paid In Full,,certificates ser Series 2010-166,
2026-09-25,Apice Securitizadora Imobiliaria S.A.,https://www.fitchratings.com/entity/apice-securitizadora-imobiliaria-sa-92636691#issues,National Long Term Rating,WDsf(bra),2014-05-27,Withdrawn,,certificates ser 2013-6,
2026-09-25,Brazilian Securities Companhia de Securitizacao,https://www.fitchratings.com/entity/brazilian-securities-2011-219-82238689#issues,National Long Term Rating,PIFsf(bra),2014-05-13,Paid In Full,,certificates,BRBSCSCRI1L4
2026-09-25,RNI Negocios Imobiliarios S.A.,https://www.fitchratings.com/entity/rodobens-negocios-imobiliarios-sa-89142477#issues,National Long Term Rating,PIFsf(bra),2014-03-28,Paid In Full,,securities ser 2010-1,
2026-09-25,Fundo de Investimento em Direitos Creditorios da Companhia de Saneamento Ambiental do Distrito Federal,https://www.fitchratings.com/entity/fundo-de-investimento-em-direitos-creditorios-da-companhia-de-saneamento-ambiental-do-distrito-federal-88725661#issues,National Long Term Rating,PIFsf(bra),2014-02-20,Paid In Full,,securities ser Cotas Seniores,
2026-09-25,Brazilian Securities Companhia de Securitizacao,https://www.fitchratings.com/entity/brazilian-securities-2011-219-82238689#issues,National Long Term Rating,PIFsf(bra),2014-01-31,Paid In Full,,certificates,BRBSCSCRI1G4
2026-09-25,Multicredit Fundo de Investimento em Direitos Creditorios,https://www.fitchratings.com/entity/multicredit-fundo-de-investimento-em-direitos-creditorios-82238673#issues,National Long Term Rating,PIFsf(bra),2014-01-20,Paid In Full,,securities ser Single Class,
2026-09-25,Multicredit Fundo de Investimento em Direitos Creditorios,https://www.fitchratings.com/entity/multicredit-fundo-de-investimento-em-direitos-creditorios-82238673#issues,National Long Term Rating,PIFsf(bra),2014-01-20,Paid In Full,,securities ser Single Class,BRPADCCTF014
2026-09-25,Multicredit Fundo de Investimento em Direitos Creditorios,https://www.fitchratings.com/entity/multicredit-fundo-de-investimento-em-direitos-creditorios-82238673#issues,National Long Term Rating,PIFsf(bra),2014-01-20,Paid In Full,,securities ser Single Class,BRPADCCTF006
2026-09-25,Beta Securitizadora S.A.,https://www.fitchratings.com/entity/beta-securitizadora-sa-90723690#issues,National Long Term Rating,WDsf(bra),2014-01-02,Withdrawn,,securities ser 2011-4,BRBTSCCRI069
2026-09-25,Club Administradora de Cartoes de Credito FIDC - NP,https://www.fitchratings.com/entity/club-administradora-de-cartoes-de-credito-fidc-np-96200908#issues,National Long Term Rating,PIFsf(bra),2013-12-30,Paid In Full,,securities,BRITPTCTF025
2026-09-25,Club Administradora de Cartoes de Credito FIDC - NP,https://www.fitchratings.com/entity/club-administradora-de-cartoes-de-credito-fidc-np-96200908#issues,National Long Term Rating,PIFsf(bra),2013-12-30,Paid In Full,,securities,BRITPTCTF009
2026-09-25,Fundo de Investimento em Direitos Creditorios Credipar Mais,https://www.fitchratings.com/entity/fundo-de-investimento-em-direitos-creditorios-credipar-mais-2010-1-89715870#issues,National Long Term Rating,PIFsf(bra),2013-12-09,Paid In Full,,debt ser 2010-1,
2026-09-25,BI Invest Fundo de Investimento em Direitos Creditorios Fornecedores Petrobras,https://www.fitchratings.com/entity/bi-invest-fundo-de-investimento-em-direitos-creditorios-fornecedores-petrobras-88358855#issues,National Long Term Rating,PIFsf(bra),2013-12-05,Paid In Full,,securities ser 2011-2,
2026-09-25,Fundo de Investimento em Direitos Creditorios - Cadeias Produtiva de Minas Gerais,https://www.fitchratings.com/entity/fundo-de-investimento-em-direitos-creditorios-cadeias-produtiva-de-minas-gerais-1st-senior-2011-subordinate-90470280#issues,National Long Term Rating,WDsf(bra),2013-11-12,Withdrawn,,debt ser 1st senior 2011 & subordinate,
2026-09-25,Fundo de Investimento em Direitos Creditorios - Cadeias Produtiva de Minas Gerais,https://www.fitchratings.com/entity/fundo-de-investimento-em-direitos-creditorios-cadeias-produtiva-de-minas-gerais-1st-senior-2011-subordinate-90470280#issues,National Long Term Rating,WDsf(bra),2013-11-12,Withdrawn,,debt ser 1st senior 2011 & subordinate,
2026-09-25,Beta Securitizadora S.A.,https://www.fitchratings.com/entity/beta-securitizadora-sa-90723690#issues,National Long Term Rating,WDsf(bra),2013-08-23,Withdrawn,,certificates ser 2012-5,
2026-09-25,RB Capital Securitizadora S.A.,https://www.fitchratings.com/entity/rb-capital-securitizadora-sa-91497506#issues,National Long Term Rating,PIFsf(bra),2013-08-16,Paid In Full,,certificates ser 2012-90,
2026-09-25,Brazilian Securities Companhia de Securitizacao,https://www.fitchratings.com/entity/brazilian-securities-2011-219-82238689#issues,National Long Term Rating,PIFsf(bra),2013-08-13,Paid In Full,,certificates ser 2007-60,BRBSCSCRI1P5
2026-09-25,Altere Securitizadora S.A.,https://www.fitchratings.com/entity/altere-securitizadora-sa-2004-6-82238694#issues,National Long Term Rating,PIFsf(bra),2013-07-12,Paid In Full,,commercial mtge-backed securitization ser 2003-1,BRALTRCRI007
2026-09-25,RB Capital Companhia de Securitizacao,https://www.fitchratings.com/entity/rb-capital-companhia-de-securitizacao-92191490#issues,National Long Term Rating,WDsf(bra),2013-07-02,Withdrawn,,certificates ser 2013-85,
2026-09-25,Turin Capital Leasing Fundo de Investimento em Direitos Creditorios,https://www.fitchratings.com/entity/turin-capital-leasing-fundo-de-investimento-em-direitos-creditorios-91050699#issues,Local Currency Long Term Rating,NRsf,2013-05-20,Paid In Full,,securities,BRTURMCTF005
2026-09-25,Turin Capital Leasing Fundo de Investimento em Direitos Creditorios,https://www.fitchratings.com/entity/turin-capital-leasing-fundo-de-investimento-em-direitos-creditorios-91050699#issues,National Long Term Rating,PIFsf(bra),2013-05-20,Paid In Full,,securities,BRTURMCTF005
2026-09-25,Gaia Securitizadora S.A.,https://www.fitchratings.com/entity/gaia-securitizadora-sa-89311661#issues,National Long Term Rating,WDsf(bra),2013-05-10,Withdrawn,,certificates ser 2012-40,
2026-09-25,Fundo de Investimento em Direitos Creditorios Lecca Consignado I,https://www.fitchratings.com/entity/fundo-de-investimento-em-direitos-creditorios-lecca-consignado-i-2010-1-89433667#issues,National Long Term Rating,PIFsf(bra),2013-04-18,Paid In Full,,debt ser 2010-1,
2026-09-25,Fundo de Investimento em Direitos Creditorios Lecca Consignado I,https://www.fitchratings.com/entity/fundo-de-investimento-em-direitos-creditorios-lecca-consignado-i-2010-1-89433667#issues,National Long Term Rating,PIFsf(bra),2013-04-18,Paid In Full,,debt ser 2010-1,
2026-09-25,Gavea Credito Estruturado Fundo de Investimento em Direitos Creditorios,https://www.fitchratings.com/entity/gavea-credito-estruturado-fundo-de-investimento-em-direitos-creditorios-91885494#issues,National Long Term Rating,PIFsf(bra),2013-04-10,Paid In Full,,"Senior, Mezanine & Subordinate",
2026-09-25,Centrais Eletricas Matogrossenses S.A. (Cemat),https://www.fitchratings.com/entity/centrais-eletricas-matogrossenses-sa-cemat-89128263#issues,National Long Term Rating,WDsf(bra),2013-03-15,Withdrawn,,securities ser 2010-1 to 2010-13,BRCMGRDBS0G3
2026-09-25,Centrais Eletricas Matogrossenses S.A. (Cemat),https://www.fitchratings.com/entity/centrais-eletricas-matogrossenses-sa-cemat-89128263#issues,National Long Term Rating,WDsf(bra),2013-03-15,Withdrawn,,securities ser 2010-1 to 2010-13,BRCMGRDBS0F5
2026-09-25,Centrais Eletricas Matogrossenses S.A. (Cemat),https://www.fitchratings.com/entity/centrais-eletricas-matogrossenses-sa-cemat-89128263#issues,National Long Term Rating,WDsf(bra),2013-03-15,Withdrawn,,securities ser 2010-1 to 2010-13,BRCMGRDBS0E8
2026-09-25,Centrais Eletricas Matogrossenses S.A. (Cemat),https://www.fitchratings.com/entity/centrais-eletricas-matogrossenses-sa-cemat-89128263#issues,National Long Term Rating,WDsf(bra),2013-03-15,Withdrawn,,securities ser 2010-1 to 2010-13,BRCMGRDBS0D0
2026-09-25,Centrais Eletricas Matogrossenses S.A. (Cemat),https://www.fitchratings.com/entity/centrais-eletricas-matogrossenses-sa-cemat-89128263#issues,National Long Term Rating,WDsf(bra),2013-03-15,Withdrawn,,securities ser 2010-1 to 2010-13,BRCMGRDBS0C2
2026-09-25,Centrais Eletricas Matogrossenses S.A. (Cemat),https://www.fitchratings.com/entity/centrais-eletricas-matogrossenses-sa-cemat-89128263#issues,National Long Term Rating,WDsf(bra),2013-03-15,Withdrawn,,securities ser 2010-1 to 2010-13,BRCMGRDBS0B4
2026-09-25,Centrais Eletricas Matogrossenses S.A. (Cemat),https://www.fitchratings.com/entity/centrais-eletricas-matogrossenses-sa-cemat-89128263#issues,National Long Term Rating,WDsf(bra),2013-03-15,Withdrawn,,securities ser 2010-1 to 2010-13,BRCMGRDBS0A6
2026-09-25,Centrais Eletricas Matogrossenses S.A. (Cemat),https://www.fitchratings.com/entity/centrais-eletricas-matogrossenses-sa-cemat-89128263#issues,National Long Term Rating,WDsf(bra),2013-03-15,Withdrawn,,securities ser 2010-1 to 2010-13,BRCMGRDBS090
2026-09-25,Centrais Eletricas Matogrossenses S.A. (Cemat),https://www.fitchratings.com/entity/centrais-eletricas-matogrossenses-sa-cemat-89128263#issues,National Long Term Rating,WDsf(bra),2013-03-15,Withdrawn,,securities ser 2010-1 to 2010-13,BRCMGRDBS082
2026-09-25,Centrais Eletricas Matogrossenses S.A. (Cemat),https://www.fitchratings.com/entity/centrais-eletricas-matogrossenses-sa-cemat-89128263#issues,National Long Term Rating,WDsf(bra),2013-03-15,Withdrawn,,securities ser 2010-1 to 2010-13,BRCMGRDBS066
2026-09-25,Centrais Eletricas Matogrossenses S.A. (Cemat),https://www.fitchratings.com/entity/centrais-eletricas-matogrossenses-sa-cemat-89128263#issues,National Long Term Rating,WDsf(bra),2013-03-15,Withdrawn,,securities ser 2010-1 to 2010-13,BRCMGRDBS058
2026-09-25,Centrais Eletricas Matogrossenses S.A. (Cemat),https://www.fitchratings.com/entity/centrais-eletricas-matogrossenses-sa-cemat-89128263#issues,National Long Term Rating,WDsf(bra),2013-03-15,Withdrawn,,securities ser 2010-1 to 2010-13,BRCMGRDBS041
2026-09-25,Centrais Eletricas Matogrossenses S.A. (Cemat),https://www.fitchratings.com/entity/centrais-eletricas-matogrossenses-sa-cemat-89128263#issues,National Long Term Rating,WDsf(bra),2013-03-15,Withdrawn,,securities ser 2010-1 to 2010-13,BRCMGRDBS074
2026-09-25,Gavea Credito Estruturado Fundo de Investimento em Direitos Creditorios,https://www.fitchratings.com/entity/gavea-credito-estruturado-fundo-de-investimento-em-direitos-creditorios-91885494#issues,National Long Term Rating,PIFsf(bra),2013-03-11,Paid In Full,,"Senior, Mezanine & Subordinate",
2026-09-25,Gavea Credito Estruturado Fundo de Investimento em Direitos Creditorios,https://www.fitchratings.com/entity/gavea-credito-estruturado-fundo-de-investimento-em-direitos-creditorios-91885494#issues,National Long Term Rating,PIFsf(bra),2013-03-11,Paid In Full,,"Senior, Mezanine & Subordinate",
2026-09-25,Gavea Credito Estruturado Fundo de Investimento em Direitos Creditorios,https://www.fitchratings.com/entity/gavea-credito-estruturado-fundo-de-investimento-em-direitos-creditorios-91885494#issues,National Long Term Rating,PIFsf(bra),2013-03-11,Paid In Full,,"Senior, Mezanine & Subordinate",
2026-09-25,Gavea Credito Estruturado FICFIDC,https://www.fitchratings.com/entity/gavea-credito-estruturado-ficfidc-92034305#issues,National Long Term Rating,PIFsf(bra),2013-03-11,Paid In Full,,securities,
2026-09-25,Cibrasec - Companhia Brasileira de Securitizacao,https://www.fitchratings.com/entity/cibrasec-companhia-brasileira-de-securitizacao-87403775#issues,National Long Term Rating,WDsf(bra),2013-02-21,Withdrawn,,certificates ser 2008-86,
2026-09-25,TRX Securitizadora de Creditos Imobiliarios S.A.,https://www.fitchratings.com/entity/trx-securitizadora-de-creditos-imobiliarios-sa-91100894#issues,National Long Term Rating,WDsf(bra),2013-02-21,Withdrawn,,certificates ser 2011-2,BRTRXSCRI004
2026-09-25,Cibrasec - Companhia Brasileira de Securitizacao,https://www.fitchratings.com/entity/cibrasec-companhia-brasileira-de-securitizacao-87403775#issues,National Long Term Rating,WDsf(bra),2013-02-21,Withdrawn,,commercial mtge-backed securitization ser 2008-85,
2026-09-25,Beta Securitizadora S.A.,https://www.fitchratings.com/entity/beta-securitizadora-sa-90723690#issues,National Long Term Rating,WDsf(bra),2013-02-21,Withdrawn,,certificates ser 2011-3,BRBTSCCRI051
2026-09-25,Beta Securitizadora S.A.,https://www.fitchratings.com/entity/beta-securitizadora-sa-89485861#issues,National Long Term Rating,WDsf(bra),2013-02-21,Withdrawn,,certificates ser 2010-2,
2026-09-25,Altere Securitizadora S.A.,https://www.fitchratings.com/entity/altere-securitizadora-sa-2004-6-82238694#issues,National Long Term Rating,PIFsf(bra),2013-01-31,Paid In Full,,residential mtge-backed securitization ser 2004-6,BRALTRCRI056
2026-09-25,Ideiasnet Fundo de Investimento em Direitos Creditorios Recebiveis Comerciais e Servicos,https://www.fitchratings.com/entity/ideiasnet-fundo-de-investimento-em-direitos-creditorios-recebiveis-comerciais-e-servicos-2010-01-88827058#issues,National Long Term Rating,PIFsf(bra),2013-01-25,Paid In Full,,debt ser 2010-01,
2026-09-25,Kamate 04 Participacoes S.A.,https://www.fitchratings.com/entity/kamate-04-participacoes-sa-89014061#issues,National Long Term Rating,WDsf(bra),2013-01-11,Withdrawn,,certificates ser 2010-1,
2026-09-25,RB Capital Securitizadora S.A.,https://www.fitchratings.com/entity/rb-capital-securitizadora-sa-90546094#issues,National Long Term Rating,PIF(bra),2013-01-03,Paid In Full,,certificates ser Series 2011-75 & 76,
2026-09-25,RB Capital Securitizadora S.A.,https://www.fitchratings.com/entity/rb-capital-securitizadora-sa-90546094#issues,National Long Term Rating,PIF(bra),2013-01-03,Paid In Full,,certificates ser Series 2011-75 & 76,
2026-09-25,Imigrantes Securitizadora de Credito Imobiliario,https://www.fitchratings.com/entity/imigrantes-securitizadora-de-credito-imobiliario-82238680#issues,National Long Term Rating,PIF(bra),2013-01-02,Paid In Full,,commercial mtge-backed securitization ser 2003-1,BRIMIGCRI004
2026-09-25,Celesc I Fundo de Investimento em Direitos Creditorios Mercantis,https://www.fitchratings.com/entity/celesc-i-fundo-de-investimento-em-direitos-creditorios-mercantis-2007-1-86067301#issues,National Long Term Rating,PIF(bra),2012-12-28,Paid In Full,,asset-backed securitization ser 2007-1,BRCLSFCTF002
2026-09-25,Globex Fundo de Investimento em Direitos Creditorios - Credito Mercantil,https://www.fitchratings.com/entity/globex-fundo-de-investimento-em-direitos-creditorios-credito-mercantil-2010-1-89662875#issues,National Long Term Rating,PIF(bra),2012-12-18,Paid In Full,,securities ser 2010-1,BRGLBFCTF009
2026-09-25,Cemig Fundo de Investimento em Direitos Creditorios Conta CRC,https://www.fitchratings.com/entity/cemig-fundo-de-investimento-em-direitos-creditorios-conta-crc-2006-1-82792917#issues,National Long Term Rating,PIF(bra),2012-12-17,Paid In Full,,securities ser 2006-1,BRFCMGCTF005
2026-09-25,RB Capital Securitizadora S.A.,https://www.fitchratings.com/entity/rb-capital-securitizadora-sa-90546094#issues,National Long Term Rating,PIF(bra),2012-11-05,Paid In Full,,certificates ser 2011-72,BRRBCSCRI246
2026-09-25,MPD KC Fundo de Investimento em Direitos Creditorios Imobiliarios,https://www.fitchratings.com/entity/mpd-kc-fundo-de-investimento-em-direitos-creditorios-imobiliarios-2007-1-86169501#issues,National Long Term Rating,PIF(bra),2012-09-04,Paid In Full,,residential mtge-backed securitization ser 2007-1,BRMPDKCTF004
2026-09-25,Brazilian Securities Companhia de Securitizacao,https://www.fitchratings.com/entity/brazilian-securities-2011-219-82238689#issues,National Long Term Rating,PIF(bra),2012-05-31,Paid In Full,,certificates ser 2008-98,BRBSCSCRI2F4
2026-09-25,Gafisa Fundo de Investimento em Direitos Creditorios Credito Imobiliario,https://www.fitchratings.com/entity/gafisa-fundo-de-investimento-em-direitos-creditorios-credito-imobiliario-2009-1-87772388#issues,National Long Term Rating,WD(bra),2012-05-15,Withdrawn,,residential mtge-backed securitization ser 2009-1,BRGFFDCTF007
2026-09-25,PDG Companhia Securitizadora,https://www.fitchratings.com/entity/pdg-companhia-securitizadora-91168706#issues,National Long Term Rating,WD(bra),2012-03-16,Withdrawn,,"certificates ser 2012-11, 2012-12 & 2012-13",
2026-09-25,PDG Companhia Securitizadora,https://www.fitchratings.com/entity/pdg-companhia-securitizadora-91168706#issues,National Long Term Rating,WD(bra),2012-03-16,Withdrawn,,"certificates ser 2012-11, 2012-12 & 2012-13",
2026-09-25,PDG Companhia Securitizadora,https://www.fitchratings.com/entity/pdg-companhia-securitizadora-91168706#issues,National Long Term Rating,WD(bra),2012-03-16,Withdrawn,,"certificates ser 2012-11, 2012-12 & 2012-13",
2026-09-25,Gaia Securitizadora S.A.,https://www.fitchratings.com/entity/gaia-securitizadora-sa-2012-19-20-96497475#issues,National Long Term Rating,WDsf(bra),2012-03-01,Withdrawn,,certificates,
2026-09-25,Oi S.A.,https://www.fitchratings.com/entity/brasil-telecom-sa-80922730#issues,Long Term Rating,PIF,2012-02-03,Paid In Full,,PRI (insured) notes,
2026-09-25,CSN Export Trust,https://www.fitchratings.com/entity/csn-export-trust-2005-1-80430370#issues,Long Term Rating,PIF,2012-01-27,Paid In Full,,fixed-rate certificates ser 2004-1,
2026-09-25,CSN Export Trust,https://www.fitchratings.com/entity/csn-export-trust-2005-1-80430370#issues,Long Term Rating,PIF,2012-01-27,Paid In Full,,fixed-rate certificates ser 2005-1,
2026-09-25,Bolt 11 Empreendimentos Imobiliarios S.A.,https://www.fitchratings.com/entity/bolt-11-empreendimentos-imobiliarios-sa-90271262#issues,National Long Term Rating,WD(bra),2012-01-19,Withdrawn,,certificates ser 1,BRBOLTCCI004
2026-09-25,AMBEV S.A.,https://www.fitchratings.com/entity/ambev-sa-80430336#issues,Long Term Rating,PIF,2011-12-15,Paid In Full,,notes ser 2003,US20441XAC65
2026-09-25,AMBEV S.A.,https://www.fitchratings.com/entity/ambev-sa-80430336#issues,Long Term Rating,PIF,2011-12-15,Paid In Full,,notes ser 2003,US20441XAD49
2026-09-25,AMBEV S.A.,https://www.fitchratings.com/entity/ambev-sa-80430336#issues,Long Term Rating,PIF,2011-12-15,Paid In Full,,notes ser 2001,US20441XAA00
2026-09-25,AMBEV S.A.,https://www.fitchratings.com/entity/ambev-sa-80430336#issues,Long Term Rating,PIF,2011-12-15,Paid In Full,,notes ser 2001,US20441XAB82
2026-09-25,Brazilian Securities Companhia de Securitizacao,https://www.fitchratings.com/entity/brazilian-securities-2011-219-82238689#issues,National Long Term Rating,PIF(bra),2011-11-04,Paid In Full,,certificates ser 2006-58,BRBSCSCRI1I0
2026-09-25,Brazilian Securities Companhia de Securitizacao,https://www.fitchratings.com/entity/brazilian-securities-2011-219-82238689#issues,National Long Term Rating,PIF(bra),2011-09-29,Paid In Full,,certificates ser 2006-51,BRBSCSCRI1A7
2026-09-25,Brazil Foreign Diversified Payment Rights Finance Co. (Banco Santander S.A.),https://www.fitchratings.com/entity/brazil-foreign-diversified-payment-rights-finance-co-banco-santander-sa-90191864#issues,Long Term Rating,PIF,2011-09-20,Paid In Full,,fixed-rate notes,US10575VAA35
2026-09-25,PF Export Receivables Master Trust (Petrobras),https://www.fitchratings.com/entity/pf-export-receivables-master-trust-petrobras-2003-a-80430338#issues,Long Term Rating,PIF,2011-09-01,Paid In Full,,tr ctfs ser 2003-B,
2026-09-25,PF Export Receivables Master Trust (Petrobras),https://www.fitchratings.com/entity/pf-export-receivables-master-trust-petrobras-2003-a-80430338#issues,Unenhanced Long Term Rating,PIF,2011-09-01,Paid In Full,,tr ctfs ser 2003-B,
2026-09-25,PF Export Receivables Master Trust (Petrobras),https://www.fitchratings.com/entity/pf-export-receivables-master-trust-petrobras-2003-a-80430338#issues,Long Term Rating,PIF,2011-09-01,Paid In Full,,tr ctfs ser 2003-A,US69335UAE47
2026-09-25,Gaia Securitizadora S.A.,https://www.fitchratings.com/entity/gaia-securitizadora-sa-89311661#issues,National Long Term Rating,PIF(bra),2011-08-15,Paid In Full,,certificates ser 2010-5,
2026-09-25,Cibrasec - Companhia Brasileira de Securitizacao,https://www.fitchratings.com/entity/cibrasec-companhia-brasileira-de-securitizacao-87403775#issues,National Long Term Rating,PIF(bra),2011-08-05,Paid In Full,,commercial mtge-backed securitization ser 2008-92,BRCBSCCRI0I0
2026-09-25,Eco Multi Commodities Fundo de Investimento em Direitos Creditorios Financeiros Agropecuarios,https://www.fitchratings.com/entity/eco-multi-commodities-fundo-de-investimento-em-direitos-creditorios-financeiros-agropecuarios-86058901#issues,National Long Term Rating,WD(bra),2011-08-02,Withdrawn,Rating Watch Off,securities ser Senior & Mezzanino,BRUNAGCTF014
2026-09-25,Eco Multi Commodities Fundo de Investimento em Direitos Creditorios Financeiros Agropecuarios,https://www.fitchratings.com/entity/eco-multi-commodities-fundo-de-investimento-em-direitos-creditorios-financeiros-agropecuarios-86058901#issues,National Long Term Rating,WD(bra),2011-08-02,Withdrawn,Rating Watch Off,securities ser Senior & Mezzanino,BRUNAGCTF006
2026-09-25,Cibrasec - Companhia Brasileira de Securitizacao,https://www.fitchratings.com/entity/cibrasec-companhia-brasileira-de-securitizacao-87403775#issues,National Long Term Rating,WD(bra),2011-08-01,Withdrawn,Rating Outlook Stable,commercial mtge-backed securitization ser 2008-93,BRCBSCCRI0J8
2026-09-25,FCM Fundo de Investimento em Direitos Creditorios Mercantis e Servicos,https://www.fitchratings.com/entity/fcm-fundo-de-investimento-em-direitos-creditorios-mercantis-e-servicos-88569067#issues,Long Term Rating,PIFsf,2011-07-29,Loss Severity Rating Revision,,securities ser 2009-01,BRFCMMCTF003
2026-09-25,FCM Fundo de Investimento em Direitos Creditorios Mercantis e Servicos,https://www.fitchratings.com/entity/fcm-fundo-de-investimento-em-direitos-creditorios-mercantis-e-servicos-88569067#issues,National Long Term Rating,PIF(bra),2010-12-21,Paid In Full,,securities ser 2009-01,BRFCMMCTF003
2026-09-25,Fundo de Investimento em Direitos Creditorios Omni CDC Veiculos III,https://www.fitchratings.com/entity/fundo-de-investimento-em-direitos-creditorios-omni-cdc-veiculos-iii-83906067#issues,National Long Term Rating,PIF(bra),2011-07-29,Loss Severity Rating Revision,,consumer loans ser 2006-1,BROMVTCTF000
2026-09-25,Brazilian Merchant Voucher Receivables Ltd. (Visanet),https://www.fitchratings.com/entity/brazilian-merchant-voucher-receivables-ltd-visanet-2003-1-80612491#issues,Long Term Rating,PIF,2011-06-15,Paid In Full,,notes ser 2003-1,
2026-09-25,Brazilian Merchant Voucher Receivables Ltd. (Visanet),https://www.fitchratings.com/entity/brazilian-merchant-voucher-receivables-ltd-visanet-2003-1-80612491#issues,Long Term Rating,PIF,2011-06-15,Paid In Full,,notes ser 2003-2,
2026-09-25,RB Capital Companhia de Securitizacao,https://www.fitchratings.com/entity/rb-capital-companhia-de-securitizacao-82273887#issues,National Long Term Rating,PIF(bra),2011-05-23,Paid In Full,,commercial mtge-backed securitization ser 2001-4,BRRBRACRI051
2026-09-25,Fundo de Investimento em Direitos Creditorios Sabesp I,https://www.fitchratings.com/entity/fundo-de-investimento-em-direitos-creditorios-sabesp-i-2006-1-82792517#issues,National Long Term Rating,PIF(bra),2011-03-25,Paid In Full,,future flow ser 2006-1,BRFSBPCTF005
2026-09-25,BRC Securitizadora S.A,https://www.fitchratings.com/entity/brc-securitizadora-sa-87288575#issues,National Long Term Rating,WD(bra),2011-03-23,Withdrawn,,certificates ser 2010-15,
2026-09-25,Sul Invest Fundo de Investimento em Direitos Creditorios Multisetorial,https://www.fitchratings.com/entity/sul-invest-fundo-de-investimento-em-direitos-creditorios-multisetorial-89319461#issues,National Long Term Rating,WD(bra),2011-03-03,Withdrawn,,debt ser 2009-1; 2010-2; 2010-3,
2026-09-25,Sul Invest Fundo de Investimento em Direitos Creditorios Multisetorial,https://www.fitchratings.com/entity/sul-invest-fundo-de-investimento-em-direitos-creditorios-multisetorial-89319461#issues,National Long Term Rating,WD(bra),2011-03-03,Withdrawn,,debt ser 2009-1; 2010-2; 2010-3,
2026-09-25,Sul Invest Fundo de Investimento em Direitos Creditorios Multisetorial,https://www.fitchratings.com/entity/sul-invest-fundo-de-investimento-em-direitos-creditorios-multisetorial-89319461#issues,National Long Term Rating,WD(bra),2011-03-03,Withdrawn,,debt ser 2009-1; 2010-2; 2010-3,
2026-09-25,Sul Invest Fundo de Investimento em Direitos Creditorios Multisetorial,https://www.fitchratings.com/entity/sul-invest-fundo-de-investimento-em-direitos-creditorios-multisetorial-89319461#issues,National Long Term Rating,WD(bra),2011-03-03,Withdrawn,,debt ser 2009-1; 2010-2; 2010-3,
2026-09-25,Brazilian Securities Companhia de Securitizacao,https://www.fitchratings.com/entity/brazilian-securities-2011-219-82238689#issues,National Long Term Rating,PIF(bra),2011-02-13,Paid In Full,,certificates ser 2007-53,BRBSCSCRI1E9
2026-09-25,UBB Diversified Payment Rights Finance Company (UNIBANCO) (Uniao de Bancos Brasileiros),https://www.fitchratings.com/entity/ubb-diversified-payment-rights-finance-company-unibanco-uniao-de-bancos-brasileiros-80430388#issues,Long Term Rating,PIF,2009-01-12,Paid In Full,,diversified payment rights ser 2005-1 (insured: Financial Guaranty Insurance Company),
2026-09-25,UBB Diversified Payment Rights Finance Company (UNIBANCO) (Uniao de Bancos Brasileiros),https://www.fitchratings.com/entity/ubb-diversified-payment-rights-finance-company-unibanco-uniao-de-bancos-brasileiros-80430388#issues,Unenhanced Long Term Rating,PIF,2010-09-27,Paid In Full,,diversified payment rights ser 2005-1 (insured: Financial Guaranty Insurance Company),
2026-09-25,Brazilian Securities Companhia de Securitizacao,https://www.fitchratings.com/entity/brazilian-securities-2011-219-82238689#issues,National Long Term Rating,PIF(bra),2010-09-27,Paid In Full,,residential mtge-backed securitization ser 2007-64,BRBSCSCRI1R1
2026-09-25,Brazilian Securities Companhia de Securitizacao,https://www.fitchratings.com/entity/brazilian-securities-2011-219-82238689#issues,National Long Term Rating,PIF(bra),2010-09-22,Paid In Full,,certificates ser 2010-164,
2026-09-25,Concordia Fundo de Investimento em Direitos Creditorios,https://www.fitchratings.com/entity/concordia-fundo-de-investimento-em-direitos-creditorios-82238686#issues,National Long Term Rating,PIF(bra),2010-08-30,Paid In Full,,asset-backed securitization ser 2003 - 1,BRCONCCTF012
2026-09-25,BMG Fundo de Investimento em Direitos Creditorios Veiculos,https://www.fitchratings.com/entity/bmg-fundo-de-investimento-em-direitos-creditorios-veiculos-84492272#issues,National Long Term Rating,PIF(bra),2010-08-06,Paid In Full,,construction loan ser Cotas Subordinadas,BRBMGVCTF012
2026-09-25,Fundo de Investimento em Direitos Creditorios Marcopolo Financeiro,https://www.fitchratings.com/entity/fundo-de-investimento-em-direitos-creditorios-marcopolo-financeiro-83149220#issues,National Long Term Rating,PIF(bra),2010-07-28,Paid In Full,,securities ser 2006-1,BRFMCPCTF006
2026-09-25,Brazilian Securities Companhia de Securitizacao,https://www.fitchratings.com/entity/brazilian-securities-2011-219-82238689#issues,National Long Term Rating,PIF(bra),2010-07-05,Paid In Full,,commercial mtge-backed securitization ser 2007-73,BRBSCSCRI1V3
2026-09-25,RB Capital Companhia de Securitizacao,https://www.fitchratings.com/entity/rb-capital-companhia-de-securitizacao-82273887#issues,National Long Term Rating,WD(bra),2010-07-01,Withdrawn,,residential mtge-backed securitization ser 2009-57,
2026-09-25,Matone Securitizadora S.A.,https://www.fitchratings.com/entity/matone-securitizadora-sa-87112773#issues,National Long Term Rating,PIF(bra),2010-06-23,Paid In Full,,certificates ser 2008-1,BRMTNSCRI006
2026-09-25,Fundo de Investimento em Direitos Creditorios Panamericano Veiculos I,https://www.fitchratings.com/entity/fundo-de-investimento-em-direitos-creditorios-panamericano-veiculos-i-2007-1-85543078#issues,National Long Term Rating,PIF(bra),2010-06-15,Paid In Full,,consumer loans ser 2007-1,BRPNMVCTF000
2026-09-25,Fundo de Investimento em Direitos Creditorios Panamericano Veiculos I,https://www.fitchratings.com/entity/fundo-de-investimento-em-direitos-creditorios-panamericano-veiculos-i-2007-1-85543078#issues,National Long Term Rating,PIF(bra),2010-06-15,Paid In Full,,consumer loans ser Classe A,BRPNMVCTF018
2026-09-25,BMG Fundo de Investimento em Direitos Creditorios Veiculos,https://www.fitchratings.com/entity/bmg-fundo-de-investimento-em-direitos-creditorios-veiculos-84492272#issues,National Long Term Rating,PIF(bra),2010-06-15,Paid In Full,,consumer loans ser Cotas Seniores,BRBMGVCTF004
2026-09-25,BI Invest Fundo de Investimento em Direitos Creditorios Fornecedores Petrobras,https://www.fitchratings.com/entity/bi-invest-fundo-de-investimento-em-direitos-creditorios-fornecedores-petrobras-88358855#issues,National Long Term Rating,PIFsf(bra),2010-06-01,Paid In Full,,securities ser 2011-2,
2026-09-25,Maxima Fundo de Investimento em Direitos Creditorios Credito Consignado I,https://www.fitchratings.com/entity/maxima-fundo-de-investimento-em-direitos-creditorios-credito-consignado-i-85644478#issues,National Long Term Rating,PIF(bra),2010-05-17,Paid In Full,,consumer loans ser 2007-1,BRMXMCCTF006
2026-09-25,Brazilian Securities Companhia de Securitizacao,https://www.fitchratings.com/entity/brazilian-securities-companhia-de-securitizacao-88748258#issues,National Long Term Rating,PIF(bra),2010-03-30,Paid In Full,,certificates ser 2009-133,
2026-09-25,CVRD Finance Ltd.,https://www.fitchratings.com/entity/cvrd-finance-ltd-2000-3-80430308#issues,Long Term Rating,PIF,2010-01-15,Paid In Full,,fltg-rate notes ser 2000-3,
2026-09-25,CVRD Finance Ltd.,https://www.fitchratings.com/entity/cvrd-finance-ltd-2000-3-80430308#issues,Long Term Rating,PIF,2010-01-15,Paid In Full,,notes ser 2003-1,US126624AD79
2026-09-25,CVRD Finance Ltd.,https://www.fitchratings.com/entity/cvrd-finance-ltd-2000-3-80430308#issues,Unenhanced Long Term Rating,PIF,2010-01-15,Paid In Full,,notes ser 2003-1,US126624AD79
2026-09-25,Credibel Fundo de Investimento em Direitos Creditorios II - Veiculos,https://www.fitchratings.com/entity/credibel-fundo-de-investimento-em-direitos-creditorios-ii-veiculos-84119870#issues,National Long Term Rating,PIF(bra),2009-09-01,Paid In Full,,consumer loans ser 2006-1,BRCRDVCTF008
2026-09-25,CSN Export Trust,https://www.fitchratings.com/entity/csn-export-trust-2005-1-80430370#issues,Long Term Rating,PIF,2009-08-06,Paid In Full,,fixed-rate certificates ser 2003-1,
2026-09-25,Itau Unibanco S.A.,https://www.fitchratings.com/entity/itau-unibanco-sa-80430344#issues,Long Term Rating,PIF,2009-07-20,Paid In Full,,diversified payment rights ser 2005-1 (insured: Ambac Assurance Corporation),
2026-09-25,Itau Unibanco S.A.,https://www.fitchratings.com/entity/itau-unibanco-sa-80430344#issues,Unenhanced Long Term Rating,PIF,2009-07-20,Paid In Full,,diversified payment rights ser 2005-1 (insured: Ambac Assurance Corporation),
2026-09-25,Itau Unibanco S.A.,https://www.fitchratings.com/entity/itau-unibanco-sa-80430344#issues,Long Term Rating,PIF,2009-07-20,Paid In Full,,diversified payment rights ser 2006-1,
2026-09-25,Itau Unibanco S.A.,https://www.fitchratings.com/entity/itau-unibanco-sa-80430344#issues,Long Term Rating,PIF,2009-07-20,Paid In Full,,diversified payment rights ser 2005-VF (insured: Syncora Guarantee Inc),USG13180AA54
2026-09-25,Itau Unibanco S.A.,https://www.fitchratings.com/entity/itau-unibanco-sa-80430344#issues,Unenhanced Long Term Rating,NR,2006-12-22,Revision Enhancement,,diversified payment rights ser 2005-VF (insured: Syncora Guarantee Inc),USG13180AA54
2026-09-25,Altere Securitizadora S.A.,https://www.fitchratings.com/entity/altere-securitizadora-sa-2004-6-82238694#issues,National Long Term Rating,PIF(bra),2009-06-05,Paid In Full,,commercial mtge-backed securitization ser 2004-2,BRALTRCRI015
2026-09-25,Altere Securitizadora S.A.,https://www.fitchratings.com/entity/altere-securitizadora-sa-2004-6-82238694#issues,National Long Term Rating,PIF(bra),2009-04-08,Paid In Full,,residential mtge-backed securitization ser 2006-12,BRALTRCRI0B7
2026-09-25,UBB Diversified Payment Rights Finance Company (UNIBANCO) (Uniao de Bancos Brasileiros),https://www.fitchratings.com/entity/ubb-diversified-payment-rights-finance-company-unibanco-uniao-de-bancos-brasileiros-80430388#issues,Long Term Rating,PIF,2009-01-16,Paid In Full,,certificates ser 2003-3,
2026-09-25,Sadia IFC B Loan Certificates (1996),https://www.fitchratings.com/entity/sadia-ifc-b-loan-certificates-1996-80430355#issues,Long Term Rating,PIF,2009-01-16,Paid In Full,,tr ctfs ser 1996,
2026-09-25,Petroleum Funding Corporation Pass-Through Trust,https://www.fitchratings.com/entity/petroleum-funding-corporation-pass-through-trust-80430380#issues,Long Term Rating,PIF,2009-01-16,Paid In Full,,pass-thru ctfs ser 1996-1,
2026-09-25,CST Export Master Trust,https://www.fitchratings.com/entity/cst-export-master-trust-80430371#issues,Long Term Rating,PIF,2009-01-16,Paid In Full,,fltg-rate certificates ser 1997-8,
2026-09-25,CST Export Master Trust,https://www.fitchratings.com/entity/cst-export-master-trust-80430371#issues,Long Term Rating,PIF,2009-01-16,Paid In Full,,fltg-rate certificates ser 1997-2,
2026-09-25,CSN Export Trust,https://www.fitchratings.com/entity/csn-export-trust-2005-1-80430370#issues,Long Term Rating,PIF,2009-01-16,Paid In Full,,certificates ser 1996-A1,US126387AA79
2026-09-25,CSN Export Trust,https://www.fitchratings.com/entity/csn-export-trust-2005-1-80430370#issues,Long Term Rating,PIF,2009-01-16,Paid In Full,,certificates ser 1996,US126387AB52
2026-09-25,Ceval Alimentos Export Trust,https://www.fitchratings.com/entity/ceval-alimentos-export-trust-80430372#issues,Long Term Rating,PIF,2009-01-16,Paid In Full,,secured export trust ctfs ser 1996-A,
2026-09-25,Bunge Trade Limited,https://www.fitchratings.com/entity/bunge-trade-limited-80430369#issues,Long Term Rating,PIF,2009-01-16,Paid In Full,,export-backed notes,
2026-09-25,Aracruz Export Trust,https://www.fitchratings.com/entity/aracruz-export-trust-80430361#issues,Long Term Rating,PIF,2009-01-16,Paid In Full,,tr ctfs ser 1995-III,
2026-09-25,Aracruz Export Trust,https://www.fitchratings.com/entity/aracruz-export-trust-80430361#issues,Long Term Rating,PIF,2009-01-16,Paid In Full,,tr ctfs ser 1995-II,
2026-09-25,"AES IHB Cayman, Ltd. (Formerly Tiete Certificates Grantor Trust)",https://www.fitchratings.com/entity/aes-ihb-cayman-ltd-formerly-tiete-certificates-grantor-trust-80430323#issues,Long Term Rating,PIF,2009-01-16,Paid In Full,,exchange rate risk notes ser 2001,
2026-09-25,UBB Diversified Payment Rights Finance Company (UNIBANCO) (Uniao de Bancos Brasileiros),https://www.fitchratings.com/entity/ubb-diversified-payment-rights-finance-company-unibanco-uniao-de-bancos-brasileiros-80430388#issues,Long Term Rating,PIF,2009-01-12,Paid In Full,,diversified payment rights ser 2003-2,
2026-09-25,UBB Diversified Payment Rights Finance Company (UNIBANCO) (Uniao de Bancos Brasileiros),https://www.fitchratings.com/entity/ubb-diversified-payment-rights-finance-company-unibanco-uniao-de-bancos-brasileiros-80430388#issues,Long Term Rating,PIF,2009-01-12,Paid In Full,,diversified payment rights ser 2002-1 (insured: MBIA Insurance Corp.),
2026-09-25,UBB Diversified Payment Rights Finance Company (UNIBANCO) (Uniao de Bancos Brasileiros),https://www.fitchratings.com/entity/ubb-diversified-payment-rights-finance-company-unibanco-uniao-de-bancos-brasileiros-80430388#issues,Long Term Rating,PIF,2009-01-12,Paid In Full,,diversified payment rights ser 2004-2 (insured: MBIA Insurance Corp.),
2026-09-25,UBB Diversified Payment Rights Finance Company (UNIBANCO) (Uniao de Bancos Brasileiros),https://www.fitchratings.com/entity/ubb-diversified-payment-rights-finance-company-unibanco-uniao-de-bancos-brasileiros-80430388#issues,Long Term Rating,PIF,2009-01-12,Paid In Full,,diversified payment rights ser 2003-3,
2026-09-25,Itau Unibanco S.A.,https://www.fitchratings.com/entity/itau-unibanco-sa-80430344#issues,Long Term Rating,PIF,2008-12-31,Paid In Full,,fltg-rate notes ser 2004-1,
2026-09-25,Itau Unibanco S.A.,https://www.fitchratings.com/entity/itau-unibanco-sa-80430344#issues,Long Term Rating,PIF,2008-12-31,Paid In Full,,notes ser 2003-3,
2026-09-25,Alcoa Aluminio S.A.,https://www.fitchratings.com/entity/alcoa-aluminio-sa-80430357#issues,Long Term Rating,PIF,2008-12-16,Paid In Full,,secured export notes ser 1996-1,US013811AC81
2026-09-25,SB Bonsucesso Administradora de Shoppings S.A.,https://www.fitchratings.com/entity/sb-bonsucesso-administradora-de-shoppings-sa-86817541#issues,National Long Term Rating,PIF(bra),2008-11-27,Paid In Full,,commercial mtge-backed securitization ser CCB,
2026-09-25,Itau Unibanco S.A.,https://www.fitchratings.com/entity/itau-unibanco-sa-80430344#issues,Long Term Rating,PIF,2008-09-30,Paid In Full,,diversified payment rights ser 2005-2,USG13180AE76
2026-09-25,Gerdau S.A.,https://www.fitchratings.com/entity/gerdau-sa-80606810#issues,Long Term Rating,PIF,2007-10-17,Paid In Full,,secured export notes ser 2003-A,
2026-09-25,Gerdau S.A.,https://www.fitchratings.com/entity/gerdau-sa-80606810#issues,Long Term Rating,PIF,2007-10-17,Paid In Full,,secured export notes ser 2004-A,
2026-09-25,CVRD Finance Ltd.,https://www.fitchratings.com/entity/cvrd-finance-ltd-2000-3-80430308#issues,Long Term Rating,PIF,2007-10-15,Paid In Full,,fltg-rate notes ser 2000-1,
2026-09-25,CVRD Finance Ltd.,https://www.fitchratings.com/entity/cvrd-finance-ltd-2000-3-80430308#issues,Long Term Rating,PIF,2007-10-15,Paid In Full,,fltg-rate notes ser 2000-2 (insured: MBIA Insurance Corp.),
2026-09-25,RB Capital Companhia de Securitizacao,https://www.fitchratings.com/entity/rb-capital-companhia-de-securitizacao-82273887#issues,National Long Term Rating,WD(bra),2007-09-27,Withdrawn,,commercial mtge-backed securitization ser 2006-41,BRRBRACRI0Z0
2026-09-25,Suzano S.A.,https://www.fitchratings.com/entity/suzano-sa-80430373#issues,Long Term Rating,WD,2007-06-01,Withdrawn,,secured export trust ctfs ser 1996,
2026-09-25,UBB Diversified Payment Rights Finance Company (UNIBANCO) (Uniao de Bancos Brasileiros),https://www.fitchratings.com/entity/ubb-diversified-payment-rights-finance-company-unibanco-uniao-de-bancos-brasileiros-80430388#issues,Long Term Rating,PIF,2007-05-29,Paid In Full,,certificates ser 2004-1 (insured: Ambac Assurance Corporation),
2026-09-25,UBB Diversified Payment Rights Finance Company (UNIBANCO) (Uniao de Bancos Brasileiros),https://www.fitchratings.com/entity/ubb-diversified-payment-rights-finance-company-unibanco-uniao-de-bancos-brasileiros-80430388#issues,Unenhanced Long Term Rating,PIF,2007-05-29,Paid In Full,,certificates ser 2004-1 (insured: Ambac Assurance Corporation),
2026-09-25,Arcel Finance Limited (Aracruz),https://www.fitchratings.com/entity/arcel-finance-limited-aracruz-80430341#issues,Long Term Rating,PIF,2006-12-20,Paid In Full,,sr secured notes ser 2004,
2026-09-25,Arcel Finance Limited (Aracruz),https://www.fitchratings.com/entity/arcel-finance-limited-aracruz-80430341#issues,Long Term Rating,PIF,2006-09-29,Paid In Full,,sr secured notes ser 2003,
2026-09-25,Arcel Finance Limited (Aracruz),https://www.fitchratings.com/entity/arcel-finance-limited-aracruz-80430341#issues,Long Term Rating,PIF,2006-03-31,Paid In Full,,sr secured notes ser 2002 (insured: Syncora Guarantee Inc),
2026-09-25,Arcel Finance Limited (Aracruz),https://www.fitchratings.com/entity/arcel-finance-limited-aracruz-80430341#issues,Unenhanced Long Term Rating,NR,2006-03-31,Withdrawn,,sr secured notes ser 2002 (insured: Syncora Guarantee Inc),
2026-09-25,PF Export Receivables Master Trust (Petrobras),https://www.fitchratings.com/entity/pf-export-receivables-master-trust-petrobras-2003-a-80430338#issues,Long Term Rating,PIF,2006-03-01,Paid In Full,,tr ctfs ser 2001-B,
2026-09-25,PF Export Receivables Master Trust (Petrobras),https://www.fitchratings.com/entity/pf-export-receivables-master-trust-petrobras-2003-a-80430338#issues,Unenhanced Long Term Rating,NR,2006-03-01,Withdrawn,,tr ctfs ser 2001-B,
2026-09-25,PF Export Receivables Master Trust (Petrobras),https://www.fitchratings.com/entity/pf-export-receivables-master-trust-petrobras-2003-a-80430338#issues,Long Term Rating,PIF,2006-03-01,Paid In Full,,tr ctfs ser 2001-A1,
2026-09-25,PF Export Receivables Master Trust (Petrobras),https://www.fitchratings.com/entity/pf-export-receivables-master-trust-petrobras-2003-a-80430338#issues,Unenhanced Long Term Rating,NR,2006-03-01,Withdrawn,,tr ctfs ser 2001-A1,
2026-09-25,Fundo de Investimento em Direitos Creditorios BCSul Verax Credito Consignado,https://www.fitchratings.com/entity/fundo-de-investimento-em-direitos-creditorios-bcsul-verax-credito-consignado-82238683#issues,Long Term Rating,PIF,2005-11-16,Paid In Full,,consumer loans ser 2004,
2026-09-25,Fundo de Investimento em Direitos Creditorios BCSul Verax Credito Consignado,https://www.fitchratings.com/entity/fundo-de-investimento-em-direitos-creditorios-bcsul-verax-credito-consignado-82238683#issues,National Long Term Rating,PIF(bra),2005-11-16,Paid In Full,,consumer loans ser 2004,
2026-09-25,Itau Unibanco S.A.,https://www.fitchratings.com/entity/itau-unibanco-sa-80430344#issues,Long Term Rating,PIF,2005-09-30,Paid In Full,,fltg-rate notes ser 2002-2 (insured: Syncora Guarantee Inc),
2026-09-25,Itau Unibanco S.A.,https://www.fitchratings.com/entity/itau-unibanco-sa-80430344#issues,Unenhanced Long Term Rating,NR,2005-09-30,Withdrawn,,fltg-rate notes ser 2002-2 (insured: Syncora Guarantee Inc),
2026-09-25,GP Aetatis II - Fundo de Investimento em Direitos Creditorios Imobiliarios,https://www.fitchratings.com/entity/gp-aetatis-ii-fundo-de-investimento-em-direitos-creditorios-imobiliarios-2004-2-82238682#issues,National Long Term Rating,PIF(bra),2005-09-08,Paid In Full,,commercial mtge-backed securitization ser 2004-1,
2026-09-25,PF Export Receivables Master Trust (Petrobras),https://www.fitchratings.com/entity/pf-export-receivables-master-trust-petrobras-2003-a-80430338#issues,Long Term Rating,PIF,2005-09-01,Paid In Full,,tr ctfs ser 2001-C,
2026-09-25,PF Export Receivables Master Trust (Petrobras),https://www.fitchratings.com/entity/pf-export-receivables-master-trust-petrobras-2003-a-80430338#issues,Unenhanced Long Term Rating,NR,2005-09-01,Withdrawn,,tr ctfs ser 2001-C,
2026-09-25,PF Export Receivables Master Trust (Petrobras),https://www.fitchratings.com/entity/pf-export-receivables-master-trust-petrobras-2003-a-80430338#issues,Long Term Rating,PIF,2005-09-01,Paid In Full,,tr ctfs ser 2001-A2,
2026-09-25,PF Export Receivables Master Trust (Petrobras),https://www.fitchratings.com/entity/pf-export-receivables-master-trust-petrobras-2003-a-80430338#issues,Unenhanced Long Term Rating,NR,2005-09-01,Withdrawn,,tr ctfs ser 2001-A2,
2026-09-25,Itau Unibanco S.A.,https://www.fitchratings.com/entity/itau-unibanco-sa-80430344#issues,Long Term Rating,PIF,2005-07-05,Paid In Full,,notes ser 2003-1,
2026-09-25,UBB Diversified Payment Rights Finance Company (UNIBANCO) (Uniao de Bancos Brasileiros),https://www.fitchratings.com/entity/ubb-diversified-payment-rights-finance-company-unibanco-uniao-de-bancos-brasileiros-80430388#issues,Long Term Rating,PIF,2004-07-15,Paid In Full,,certificates ser 2003-1,
2026-09-25,Trikem Export Trust,https://www.fitchratings.com/entity/trikem-export-trust-80430387#issues,Long Term Rating,PIF,2004-06-02,Paid In Full,,structured notes ser 1997,
2026-09-25,Trikem Export Trust,https://www.fitchratings.com/entity/trikem-export-trust-80430387#issues,Long Term Rating,PIF,2004-06-02,Paid In Full,,investor ctfs,
2026-09-25,CST Export Master Trust,https://www.fitchratings.com/entity/cst-export-master-trust-80430371#issues,Long Term Rating,PIF,2004-06-02,Paid In Full,,certificates ser 1997-6,
2026-09-25,CST Export Master Trust,https://www.fitchratings.com/entity/cst-export-master-trust-80430371#issues,Long Term Rating,PIF,2004-06-02,Paid In Full,,certificates ser 1997-1,
