dt_captura,no_emissor,no_setor,link
2026-09-25,911 MULTIESTRATÉGIA FUNDO DE INVESTIMENTO EM DIREITOS CREDITÓRIOS,FIDC,https://www.liberumratings.com.br/detalhes-ativo/29211
2026-09-25,INTRABANK FUNDO DE INVESTIMENTO EM DIREITOS CREDITÓRIOS RESPONSABILIDADE ILIMITADA,FIDC,https://www.liberumratings.com.br/detalhes-ativo/29223
2026-09-25,DAYCOVAL CONCRÉDITO CLT FUNDO DE INVESTIMENTO EM DIREITOS CREDITÓRIOS RESPONSABILIDADE LIMITADA,FIDC,https://www.liberumratings.com.br/detalhes-ativo/29209
2026-09-25,FUNDO DE INVESTIMENTO EM DIREITOS CREDITÓRIOS ZIPDIN I,FIDC,https://www.liberumratings.com.br/detalhes-ativo/29217
2026-09-25,LARCA CONSIGNADO III FUNDO DE INVESTIMENTO EM DIREITOS CREDITORIOS - RESPONSABILIDADE LIMITADA,FIDC,https://www.liberumratings.com.br/detalhes-ativo/29221
2026-09-25,KEYCASH HOME EQUITY FUNDO DE INVESTIMENTO EM DIREITOS CREDITÓRIOS,FIDC,https://www.liberumratings.com.br/detalhes-ativo/29216
2026-09-25,B4 TRUST FUNDO DE INVESTIMENTO EM DIREITOS CREDITORIOS,FIDC,https://www.liberumratings.com.br/detalhes-ativo/29146
2026-09-25,TITAN FUNDO DE INVESTIMENTO EM DIREITOS CREDITORIOS,FIDC,https://www.liberumratings.com.br/detalhes-ativo/29210
2026-09-25,SANTIAGO HOME EQUITY FUNDO DE INVESTIMENTO EM DIREITOS  CREDITÓRIOS,FIDC,https://www.liberumratings.com.br/detalhes-ativo/29212
2026-09-25,FINTRUST FUNDO DE INVESTIMENTO EM DIREITOS CREDITÓRIOS RESPONSABILIDADE LIMITADA,FIDC,https://www.liberumratings.com.br/detalhes-ativo/29205
2026-09-25,FUNDO DE INVESTIMENTO EM DIREITOS CREDITORIOS SANTA CRUZ CAPITAL,FIDC,https://www.liberumratings.com.br/detalhes-ativo/29218
2026-09-25,FUNDO DE INVESTIMENTO EM DIREITOS CREDITÓRIOS FINANCEIROS FACTA CONSIGNADO INSS DE RESPONSABILIDADE LIMITADA,FIDC,https://www.liberumratings.com.br/detalhes-ativo/29215
2026-09-25,FUNDO DE INVESTIMENTO EM DIREITOS CREDITORIOS SABIA CREDIT,FIDC,https://www.liberumratings.com.br/detalhes-ativo/29185
2026-09-25,FUNDO DE INVESTIMENTO EM DIREITOS CREDITÓRIOS GENIAL MULTI CONSIGNADOS II RESPONSABILIDADE LIMITADA,FIDC,https://www.liberumratings.com.br/detalhes-ativo/29201
2026-09-25,BARCELONA FUNDO DE INVESTIMENTO EM DIREITOS CREDITORIOS,FIDC,https://www.liberumratings.com.br/detalhes-ativo/29194
2026-09-25,GARSON CARD FUNDO DE INVESTIMENTO EM DIREITOS CREDITORIOS RESPONSABILIDADE LIMITADA,FIDC,https://www.liberumratings.com.br/detalhes-ativo/29204
2026-09-25,GARSON BR FUNDO DE INVESTIMENTO EM DIREITOS CREDITORIOS RESPONSABILIDADE LIMITADA,FIDC,https://www.liberumratings.com.br/detalhes-ativo/29203
2026-09-25,MACCA FUNDO DE INVESTIMENTO EM DIREITOS CREDITÓRIOS RESPONSABILIDADE LIMITADA,FIDC,https://www.liberumratings.com.br/detalhes-ativo/29199
2026-09-25,CREDIT PARTNERS FUNDO DE INVESTIMENTO EM DIREITO CREDITORIOS,FIDC,https://www.liberumratings.com.br/detalhes-ativo/29189
2026-09-25,FUNDO DE INVESTIMENTO EM DIREITOS CREDITÓRIOS LF I – SEGMENTO FINANCEIRO – RESPONSABILIDADE LIMITADA,FIDC,https://www.liberumratings.com.br/detalhes-ativo/29188
2026-09-25,FUNDO DE INVESTIMENTO EM DIREITOS CREDITÓRIOS PAGBEM,FIDC,https://www.liberumratings.com.br/detalhes-ativo/29197
2026-09-25,HOPE I FUNDO DE INVESTIMENTO EM DIREITOS CREDITÓRIOS MULTISSEGMENTOS,FIDC,https://www.liberumratings.com.br/detalhes-ativo/29196
2026-09-25,HOPE CONSIGNADO I DE RESPONSABILIDADE LIMITADA FUNDO DE INVESTIMENTO EM DIREITOS CREDITÓRIOS,FIDC,https://www.liberumratings.com.br/detalhes-ativo/29190
2026-09-25,JC 4870 VI FUNDO DE INVESTIMENTO EM DIREITOS CREDITORIOS NAO PADRONIZADOS FIDC-NP,FIDC,https://www.liberumratings.com.br/detalhes-ativo/29193
2026-09-25,CORUJA I FUNDO DE INVESTIMENTO EM DIREITOS CREDITORIOS - RESPONSABILIDADE LIMITADA,FIDC,https://www.liberumratings.com.br/detalhes-ativo/29171
2026-09-25,K2 FUNDO DE INVESTIMENTO EM DIREITOS CREDITORIOS,FIDC,https://www.liberumratings.com.br/detalhes-ativo/29153
2026-09-25,SQUID FUNDO DE INVESTIMENTO EM DIRETOS CREDITÓRIOS,FIDC,https://www.liberumratings.com.br/detalhes-ativo/29177
2026-09-25,LGX FUNDO DE INVESTIMENTO EM DIREITOS CREDITÓRIOS – RESPONSABILIDADE LIMITADA,FIDC,https://www.liberumratings.com.br/detalhes-ativo/29182
2026-09-25,MOUSTACHE RAPPI FUNDO DE INVESTIMENTO EM DIREITOS CREDITÓRIOS - RESPONSABILIDADE LIMITADA,FIDC,https://www.liberumratings.com.br/detalhes-ativo/29175
2026-09-25,OKNO 1 FUNDO DE INVESTIMENTO EM DIREITOS CREDITÓRIOS,FIDC,https://www.liberumratings.com.br/detalhes-ativo/29101
2026-09-25,VECTOR FUNDO DE INVESTIMENTO EM DIREITOS CREDITÓRIOS MULTISSETORIAL,FIDC,https://www.liberumratings.com.br/detalhes-ativo/29184
2026-09-25,OPERA FUNDO DE INVESTIMENTO EM DIREITOS CREDITORIOS MULTISETORIAL,FIDC,https://www.liberumratings.com.br/detalhes-ativo/29186
2026-09-25,R&G FUNDO DE INVESTIMENTO EM DIREITOS CREDITÓRIOS MULTISEGMENTOS,FIDC,https://www.liberumratings.com.br/detalhes-ativo/29145
2026-09-25,LITUS FUNDO DE INVESTIMENTO EM DIREITOS CREDITÓRIOS MULTISEGMENTOS,FIDC,https://www.liberumratings.com.br/detalhes-ativo/29135
2026-09-25,FUNDO DE INVESTIMENTO EM DIREITOS CREDITORIOS MEUCASHCARD,FIDC,https://www.liberumratings.com.br/detalhes-ativo/29183
2026-09-25,PINE LIFT I CARTÃO INSS FUNDO DE INVESTIMENTO EM DIREITOS CREDITÓRIOS – RESPONSABILIDADE LIMITADA,FIDC,https://www.liberumratings.com.br/detalhes-ativo/29173
2026-09-25,MAIS TODOS PF FUNDO DE INVESTIMENTO EM DIREITOS CREDITORIOS FINANCEIRO RESPONSABILIDADE LIMITADA,FIDC,https://www.liberumratings.com.br/detalhes-ativo/29172
2026-09-25,INOVA CREDTECH III FIDC SEGMENTO MULTICARTEIRA DE RESPONSABILIDADE LIMITADA,FIDC,https://www.liberumratings.com.br/detalhes-ativo/29179
2026-09-25,Fundo de Investimento em Direitos Creditórios Empírica Mezzo Saúde,FIDC,https://www.liberumratings.com.br/detalhes-ativo/29178
2026-09-25,CISS FUNDO DE INVESTIMENTO EM DIREITOS CREDITORIOS PRESTACAO DE SERVICOS,FIDC,https://www.liberumratings.com.br/detalhes-ativo/29176
2026-09-25,HARPIA FUNDO DE INVESTIMENTO EM DIREITOS CREDITÓRIOS – RESPONSABILIDADE LIMITADA,FIDC,https://www.liberumratings.com.br/detalhes-ativo/29167
2026-09-25,FUNDO DE INVESTIMENTO EM DIREITOS CREDITÓRIOS EMPÍRICA HOME EQUITY,FIDC,https://www.liberumratings.com.br/detalhes-ativo/29165
2026-09-25,BOREAL I FUNDO DE INVESTIMENTO EM DIREITOS CREDITORIOS  - RESPONSABILIDADE LIMITADA,FIDC,https://www.liberumratings.com.br/detalhes-ativo/29144
2026-09-25,LARCA CONSIGNADO II FUNDO DE INVESTIMENTO EM DIREITOS CREDITÓRIOS RESPONSABILIDADE LIMITADA,FIDC,https://www.liberumratings.com.br/detalhes-ativo/29154
2026-09-25,SIMPLIX CONSIGNADO PRIVADO I FUNDO DE INVESTIMENTO EM DIREITOS CREDITORIOS RESP LIMITADA,FIDC,https://www.liberumratings.com.br/detalhes-ativo/29162
2026-09-25,SIMPLIX CONSIGNADO PRIVADO II FUNDO DE INVESTIMENTO EM DIREITOS CREDITORIOS RESP LIMITADA,FIDC,https://www.liberumratings.com.br/detalhes-ativo/29045
2026-09-25,Lotus Performance Fundo de Investimento em Direitos Creditórios Multissetorial LP,FIDC,https://www.liberumratings.com.br/detalhes-ativo/29166
2026-09-25,MULTI RECEBÍVEIS II FUNDO DE INVESTIMENTO EM DIREITOS CREDITÓRIOS MULTISEGMENTOS,FIDC,https://www.liberumratings.com.br/detalhes-ativo/29163
2026-09-25,AFA CREDIT OPPORTUNITY FUNDO DE INVESTIMENTO EM DIREITOS CREDITORIOS,FIDC,https://www.liberumratings.com.br/detalhes-ativo/29161
2026-09-25,MULTI RECEBÍVEIS III FUNDO DE INVESTIMENTO EM DIREITOS CREDITÓRIOS,FIDC,https://www.liberumratings.com.br/detalhes-ativo/29159
2026-09-25,KOBOLD H FUNDO DE INVESTIMENTO EM DIREITOS CREDITÓRIOS RESPONSABILIDADE LIMITADA,FIDC,https://www.liberumratings.com.br/detalhes-ativo/29160
2026-09-25,Fundo de Investimento Em Direitos Creditórios Empírica Oportuna Precatórios Federais,FIDC,https://www.liberumratings.com.br/detalhes-ativo/29157
2026-09-25,SINAI CONSIG FUNDO DE INVESTIMENTO EM DIREITOS CREDITORIOS RESPONSABILIDADE LIMITADA,FIDC,https://www.liberumratings.com.br/detalhes-ativo/29164
2026-09-25,AURI FUNDO DE INVESTIMENTO EM DIREITOS CREDITORIOS RESPONSABILIDADE LIMITADA,FIDC,https://www.liberumratings.com.br/detalhes-ativo/29133
2026-09-25,IOX PME FUNDO DE INVESTIMENTO EM DIREITOS CREDITÓRIOS,FIDC,https://www.liberumratings.com.br/detalhes-ativo/29131
2026-09-25,Lotus Performance Fundo de Investimento em Direitos Creditórios Multissetorial LP,FIDC,https://www.liberumratings.com.br/detalhes-ativo/29152
2026-09-25,LARCA CONSIGNADO FUNDO DE INVESTIMENTO EM DIREITOS CREDITORIOS RESPONSABILIDADE LIMITADA,FIDC,https://www.liberumratings.com.br/detalhes-ativo/29147
2026-09-25,LCBANK FUNDO DE INVESTIMENTO EM DIREITOS CREDITORIOS NAO PADRONIZADOS,FIDC,https://www.liberumratings.com.br/detalhes-ativo/29149
2026-09-25,GARSON BR FUNDO DE INVESTIMENTO EM DIREITOS CREDITORIOS RESPONSABILIDADE LIMITADA,FIDC,https://www.liberumratings.com.br/detalhes-ativo/29111
2026-09-25,Garson Fundo de Investimento em Direitos Creditórios,FIDC,https://www.liberumratings.com.br/detalhes-ativo/29116
2026-09-25,GARSON CARD FUNDO DE INVESTIMENTO EM DIREITOS CREDITORIOS RESPONSABILIDADE LIMITADA,FIDC,https://www.liberumratings.com.br/detalhes-ativo/29106
2026-09-25,ARGENTA FUNDO DE INVESTIMENTO EM DIREITOS CREDITORIOS MERCANTIS DE RESPONSABILIDADE LIMITADA,FIDC,https://www.liberumratings.com.br/detalhes-ativo/29151
2026-09-25,RCL3X FIAGRO - DIREITOS CREDITÓRIOS,FIDC,https://www.liberumratings.com.br/detalhes-ativo/29128
2026-09-25,COOPERA FUNDO DE INVESTIMENTO EM DIREITOS CREDITORIOS RESPONSABILIDADE LIMITADA,FIDC,https://www.liberumratings.com.br/detalhes-ativo/29069
2026-09-25,FUNDO DE INVESTIMENTO EM DIREITOS CREDITORIOS SANTA CRUZ CAPITAL,FIDC,https://www.liberumratings.com.br/detalhes-ativo/29148
2026-09-25,SEJA FUNDO DE INVESTIMENTO EM DIREITOS CREDITÓRIOS,FIDC,https://www.liberumratings.com.br/detalhes-ativo/29126
2026-09-25,GPR FUNDO DE INVESTIMENTO EM DIREITOS CREDITORIOS,FIDC,https://www.liberumratings.com.br/detalhes-ativo/29036
2026-09-25,SIGMA CREDIT FUNDO DE INVESTIMENTO EM DIREITOS CREDITORIOS,FIDC,https://www.liberumratings.com.br/detalhes-ativo/29085
2026-09-25,RDF Fundo de Investimento em Direitos Creditórios,FIDC,https://www.liberumratings.com.br/detalhes-ativo/29142
2026-09-25,BANFITA FUNDO DE INVESTIMENTO EM DIREITOS CREDITORIOS MULTISSETORIAL,FIDC,https://www.liberumratings.com.br/detalhes-ativo/29138
2026-09-25,CERUS FUNDO DE INVESTIMENTO EM DIREITOS CREDITORIOS,FIDC,https://www.liberumratings.com.br/detalhes-ativo/29095
2026-09-25,ALUME FUNDO DE INVESTIMENTO EM DIREITOS CREDITORIOS - RESPONSABILIDADE LIMITADA,FIDC,https://www.liberumratings.com.br/detalhes-ativo/29139
2026-09-25,INVISTA III FUNDO DE INVESTIMENTO EM DIREITOS CREDITÓRIOS – RESPONSABILIDADE LIMITADA,FIDC,https://www.liberumratings.com.br/detalhes-ativo/29136
2026-09-25,FRADINHO N FUNDO DE INVESTIMENTO EM DIREITOS CREDITÓRIOS RESPONSABILIDADE LIMITADA,FIDC,https://www.liberumratings.com.br/detalhes-ativo/29143
2026-09-25,FUNDO DE INVESTIMENTO EM DIREITOS CREDITÓRIOS POUPACRED RESPONSABILIDADE  ILIMITADA,FIDC,https://www.liberumratings.com.br/detalhes-ativo/29140
2026-09-25,FUNDO DE INVESTIMENTO EM DIREITOS CREDITÓRIOS CONCRÉDITO II RESPONSABILIDADE LIMITADA,FIDC,https://www.liberumratings.com.br/detalhes-ativo/29137
2026-09-25,FUNDO DE INVESTIMENTO EM DIREITOS CREDITÓRIOS CONCRÉDITO DE RESPONSABILIDADE ILIMITADA,FIDC,https://www.liberumratings.com.br/detalhes-ativo/29141
2026-09-25,VIA CAPITAL ADAMANTUS FUNDO DE INVESTIMENTO EM DIREITOS CREDITORIOS MULTISSETORIAL,FIDC,https://www.liberumratings.com.br/detalhes-ativo/29130
2026-09-25,CLM FUNDO DE INVESTIMENTO EM DIREITOS CREDITÓRIOS MULTISSETORIAL,FIDC,https://www.liberumratings.com.br/detalhes-ativo/29132
2026-09-25,BMA FUNDO DE INVESTIMENTO EM DIREITOS CREDITORIOS MULTISSETORIAL,FIDC,https://www.liberumratings.com.br/detalhes-ativo/29107
2026-09-25,SIMULTI FUNDO DE INVESTIMENTO EM DIREITOS CREDITORIOS,FIDC,https://www.liberumratings.com.br/detalhes-ativo/29112
2026-09-25,EOS FUNDO DE INVESTIMENTO EM DIREITOS CREDITORIOS WH,FIDC,https://www.liberumratings.com.br/detalhes-ativo/29118
2026-09-25,EMPRESARIAL FUNDO DE INVESTIMENTO EM DIREITOS CREDITÓRIOS MULTISEGMENTOS,FIDC,https://www.liberumratings.com.br/detalhes-ativo/29113
2026-09-25,NO STRESS FUNDO DE INVESTIMENTO EM DIREITOS CREDITORIOS,FIDC,https://www.liberumratings.com.br/detalhes-ativo/29125
2026-09-25,Fundo de Investimento em Direitos Creditórios Energia Solar,FIDC,https://www.liberumratings.com.br/detalhes-ativo/29123
2026-09-25,MGW ATIVOS FUNDO DE INVESTIMENTO EM DIREITOS CREDITÓRIOS RESPONSABILIDADE LIMITADA,FIDC,https://www.liberumratings.com.br/detalhes-ativo/29127
2026-09-25,Fundo de Investimento em Direitos Creditórios Multissetorial DB 18,FIDC,https://www.liberumratings.com.br/detalhes-ativo/29114
2026-09-25,MINHA CASA MINHA VIDA FUNDO DE INVESTIMENTO EM DIREITOS CREDITÓRIOS NP RESPONSABILIDADE LIMITADA,FIDC,https://www.liberumratings.com.br/detalhes-ativo/29121
2026-09-25,SILVER STONE FUNDO DE INVESTIMENTO EM DIREITOS CREDITÓRIOS MULTISSETORIAL,FIDC,https://www.liberumratings.com.br/detalhes-ativo/29115
2026-09-25,METROPOLITANA ATIVOS FUNDO DE INVESTIMENTO EM DIREITOS CREDITÓRIOS MULTISSETORIAL,FIDC,https://www.liberumratings.com.br/detalhes-ativo/29117
2026-09-25,Fundo de Investimento em Direitos Creditórios Kovi I,FIDC,https://www.liberumratings.com.br/detalhes-ativo/29119
2026-09-25,AEG 4 FUNDOS DE INVESTIMENTO EM DIREITOS CREDITÓRIOS DE RESPONSABILIDADE LIMITADA,FIDC,https://www.liberumratings.com.br/detalhes-ativo/29124
2026-09-25,NPL SN FUNDO DE INVESTIMENTO EM DIREITOS CREDITORIOS RESPONSABILIDADE LIMITADA,FIDC,https://www.liberumratings.com.br/detalhes-ativo/29122
2026-09-25,MILAS FUNDO DE INVESTIMENTO EM DIREITOS CREDITÓRIOS NÃO PADRONIZADOS RESPONSABILIDADE LIMITADA,FIDC,https://www.liberumratings.com.br/detalhes-ativo/29120
2026-09-25,Basso Fundo de Investimento em Direitos Creditórios,FIDC,https://www.liberumratings.com.br/detalhes-ativo/29109
2026-09-25,CAPITAL FINANÇAS FUNDO DE INVESTIMENTO EM DIREITOS CREDITORIOS,FIDC,https://www.liberumratings.com.br/detalhes-ativo/29078
2026-09-25,Fundo de Investimento em Direitos Creditórios Não Padronizados Sifra Performance,FIDC,https://www.liberumratings.com.br/detalhes-ativo/29108
2026-09-25,GFM FUNDO DE INVESTIMENTO EM DIREITOS CREDITORIOS MULTICREDITO,FIDC,https://www.liberumratings.com.br/detalhes-ativo/29086
2026-09-25,RIDOLFINVEST 2  FUNDO DE INVESTIMENTO EM DIREITOS CREDITÓRIOS NÃO PADRONIZADOS RESPONSABILIDADE LIMITADA,FIDC,https://www.liberumratings.com.br/detalhes-ativo/29096
2026-09-25,LARCA MULTIPLICA CAPITAL FUNDO DE INVESTIMENTO EM DIREITOS CREDITÓRIOS,FIDC,https://www.liberumratings.com.br/detalhes-ativo/29077
2026-09-25,SIFRA ENERGY PODIUM FUNDO DE INVESTIMENTO EM DIREITOS CREDITORIOS,FIDC,https://www.liberumratings.com.br/detalhes-ativo/29094
2026-09-25,ÁRTICO MIDDLE CORPORATE FUNDO DE INVESTIMENTO EM DIREITOS CREDITÓRIOS,FIDC,https://www.liberumratings.com.br/detalhes-ativo/29093
2026-09-25,MR FUNDO DE INVESTIMENTO EM DIREITOS CREDITÓRIOS,FIDC,https://www.liberumratings.com.br/detalhes-ativo/29097
2026-09-25,Fundo de Investimento em Direitos Creditórios Multissetorial Prospecta LP,FIDC,https://www.liberumratings.com.br/detalhes-ativo/29076
2026-09-25,LIBRA II FUNDO DE INVESTIMENTO EM DIREITOS CREDITÓRIOS MULTISSETORIAL,FIDC,https://www.liberumratings.com.br/detalhes-ativo/29105
2026-09-25,C+ VALORA FUNDO DE INVESTIMENTO EM DIREITOS CREDITÓRIOS,FIDC,https://www.liberumratings.com.br/detalhes-ativo/29098
2026-09-25,DAYCOVAL CONCRÉDITO CLT FUNDO DE INVESTIMENTO EM DIREITOS CREDITÓRIOS RESPONSABILIDADE LIMITADA,FIDC,https://www.liberumratings.com.br/detalhes-ativo/29040
2026-09-25,SAN PRECA FEDERAL I FUNDO DE INVESTIMENTO EM DIREITOS CREDITÓRIOS – RESPONSABILIDADE LIMITADA,FIDC,https://www.liberumratings.com.br/detalhes-ativo/29104
2026-09-25,JC 4870 II FUNDO DE INVESTIMENTO EM DIREITOS CREDITÓRIOS NÃO-PADRONIZADOS,FIDC,https://www.liberumratings.com.br/detalhes-ativo/29102
2026-09-25,JC 4870 FUNDO DE INVESTIMENTO EM DIREITOS CREDITÓRIOS - NÃO PADRONIZADO,FIDC,https://www.liberumratings.com.br/detalhes-ativo/29103
2026-09-25,MALMO FICFIDC-NP,FIDC,https://www.liberumratings.com.br/detalhes-ativo/29092
2026-09-25,DIRETA CAPITAL FUNDO DE INVESTIMENTO EM DIREITOS CREDITÓRIOS MULTISETORIAL DE CLASSE ÚNICA FECHADA,FIDC,https://www.liberumratings.com.br/detalhes-ativo/29084
2026-09-25,HUBCRED FUNDO DE INVESTIMENTO EM DIREITOS CREDITORIOS,FIDC,https://www.liberumratings.com.br/detalhes-ativo/29088
2026-09-25,ACL NP FUNDO DE INVESTIMENTO EM DIREITOS CREDITORIOS NAO PADRONIZADOS,FIDC,https://www.liberumratings.com.br/detalhes-ativo/29075
2026-09-25,C3E CRÉDITOS JUDICIAIS FUNDO DE INVESTIMENTO EM COTAS DE FUNDOS DE INVESTIMENTO EM DIREITOS CREDITÓRIOS DE RESPONSABILIDADE LIMITADA,FIDC,https://www.liberumratings.com.br/detalhes-ativo/29091
2026-09-25,C3E CRÉDITOS JUDICIAIS FUNDO DE INVESTIMENTO EM DIREITOS CREDITÓRIOS DE RESPONSABILIDADE LIMITADA,FIDC,https://www.liberumratings.com.br/detalhes-ativo/29090
2026-09-25,Sifra Plus Multissegmento Fundo de Investimento em Direitos Creditórios,FIDC,https://www.liberumratings.com.br/detalhes-ativo/29083
2026-09-25,SIFRA LP FUNDO DE INVESTIMENTO EM DIREITOS CREDITORIOS,FIDC,https://www.liberumratings.com.br/detalhes-ativo/29070
2026-09-25,IGNIS CAPITAL FUNDO DE INVESTIMENTO EM DIREITOS CREDITÓRIOS,FIDC,https://www.liberumratings.com.br/detalhes-ativo/29047
2026-09-25,ALGARVE MEDITERRÂNEO FUNDO DE INVESTIMENTO EM DIREITOS CREDITÓRIOS NÃO PADRONIZADOS,FIDC,https://www.liberumratings.com.br/detalhes-ativo/29066
2026-09-25,LIBRA FUNDO DE INVESTIMENTO EM DIREITOS CREDITÓRIOS MULTISSETORIAL,FIDC,https://www.liberumratings.com.br/detalhes-ativo/29059
2026-09-25,SIGMA CREDIT FEEDER FUNDO DE INVESTIMENTO EM DIREITOS CREDITÓRIOS,FIDC,https://www.liberumratings.com.br/detalhes-ativo/29062
2026-09-25,DCASH FUNDO DE INVESTIMENTO EM COTAS DE FUNDOS DE INVESTIMENTO EM DIREITOS CREDITÓRIOS,FIDC,https://www.liberumratings.com.br/detalhes-ativo/29068
2026-09-25,JC Diversificado III Fundo de Investimento em Direitos Creditórios Não-Padronizado,FIDC,https://www.liberumratings.com.br/detalhes-ativo/29071
2026-09-25,FUNDO DE INVESTIMENTO EM DIREITOS CREDITORIOS ONIX PRIME,FIDC,https://www.liberumratings.com.br/detalhes-ativo/29053
2026-09-25,JGP ESTRUTURADOS FUNDO DE INVESTIMENTO EM DIREITOS CREDITÓRIOS – RESPONSABILIDADE LIMITADA,FIDC,https://www.liberumratings.com.br/detalhes-ativo/29072
2026-09-25,JGP ESTRUTURADOS III FUNDO DE INVESTIMENTO EM DIREITOS CREDITORIOS,FIDC,https://www.liberumratings.com.br/detalhes-ativo/29073
2026-09-25,DCASH FUNDO DE INVESTIMENTO EM DIREITOS CREDITORIOS,FIDC,https://www.liberumratings.com.br/detalhes-ativo/29081
2026-09-25,NOVA CAPITAL FUNDO DE INVESTIMENTO EM DIREITOS CREDITORIOS,FIDC,https://www.liberumratings.com.br/detalhes-ativo/29082
2026-09-25,VALECRED FUNDO DE INVESTIMENTO EM DIREITOS CREDITORIOS,FIDC,https://www.liberumratings.com.br/detalhes-ativo/29080
2026-09-25,REALINVEST FUNDO DE INVESTIMENTO EM DIREITOS CREDITORIOS,FIDC,https://www.liberumratings.com.br/detalhes-ativo/29079
2026-09-25,EMPRESARIAL FUNDO DE INVESTIMENTO EM DIREITOS CREDITÓRIOS MULTISEGMENTOS,FIDC,https://www.liberumratings.com.br/detalhes-ativo/29029
2026-09-25,JC 4870 VI FUNDO DE INVESTIMENTO EM DIREITOS CREDITORIOS NAO PADRONIZADOS FIDC-NP,FIDC,https://www.liberumratings.com.br/detalhes-ativo/29061
2026-09-25,SC FUNDO DE INVESTIMENTO EM DIREITOS CREDITÓRIOS,FIDC,https://www.liberumratings.com.br/detalhes-ativo/29054
2026-09-25,CONDOCONTA FUNDO DE INVESTIMENTO EM DIREITOS CREDITORIOS NAO-PADRONIZADO,FIDC,https://www.liberumratings.com.br/detalhes-ativo/29044
2026-09-25,PORTLAND CRÉDITOS JUDICIAIS FUNDO DE INVESTIMENTO EM DIREITOS CREDITÓRIOS,FIDC,https://www.liberumratings.com.br/detalhes-ativo/29048
2026-09-25,VERSATILE FUNDO DE INVESTIMENTO EM DIREITOS CREDITÓRIOS RESPONSABILIDADE LIMITADA,FIDC,https://www.liberumratings.com.br/detalhes-ativo/29042
2026-09-25,Violin 8432 (2) Créditos Judiciais Fundo de Investimento em Direitos Creditórios Não-Padronizados,FIDC,https://www.liberumratings.com.br/detalhes-ativo/29049
2026-09-25,SELLOR FUNDO DE INVESTIMENTO EM DIREITOS CREDITORIOS MULTISSETORIAL,FIDC,https://www.liberumratings.com.br/detalhes-ativo/29060
2026-09-25,FRUIT CREEK CRÉDITOS JUDICIAIS FUNDO DE INVESTIMENTO EM DIREITOS CREDITÓRIOS,FIDC,https://www.liberumratings.com.br/detalhes-ativo/29043
2026-09-25,MOKA FUND I FUNDO DE INVESTIMENTO EM DIREITOS CREDITÓRIOS,FIDC,https://www.liberumratings.com.br/detalhes-ativo/29041
2026-09-25,ARGENTA FUNDO DE INVESTIMENTO EM DIREITOS CREDITORIOS MERCANTIS DE RESPONSABILIDADE LIMITADA,FIDC,https://www.liberumratings.com.br/detalhes-ativo/29038
2026-09-25,DELTA FUNDO DE INVESTIMENTO EM DIREITOS CREDITÓRIOS MULTISEGMENTOS,FIDC,https://www.liberumratings.com.br/detalhes-ativo/29035
2026-09-25,CENTRUM FUNDO DE INVESTIMENTO EM DIREITOS CREDITORIOS,FIDC,https://www.liberumratings.com.br/detalhes-ativo/29033
2026-09-25,ASH HOLDINGS LIMITED,Empresa,https://www.liberumratings.com.br/detalhes-ativo/29014
2026-09-25,CISS FUNDO DE INVESTIMENTO EM DIREITOS CREDITORIOS PRESTACAO DE SERVICOS,FIDC,https://www.liberumratings.com.br/detalhes-ativo/29019
2026-09-25,CERUS FUNDO DE INVESTIMENTO EM DIREITOS CREDITORIOS,FIDC,https://www.liberumratings.com.br/detalhes-ativo/28971
2026-09-25,Fundo de Investimento Em Direitos Creditórios Empírica Oportuna Precatórios Federais,FIDC,https://www.liberumratings.com.br/detalhes-ativo/28993
2026-09-25,FUNDO DE INVESTIMENTO EM DIREITOS CREDITORIOS MEUCASHCARD,FIDC,https://www.liberumratings.com.br/detalhes-ativo/29028
2026-09-25,MAIS TODOS PF FUNDO DE INVESTIMENTO EM DIREITOS CREDITORIOS FINANCEIRO RESPONSABILIDADE LIMITADA,FIDC,https://www.liberumratings.com.br/detalhes-ativo/29026
2026-09-25,APROVOU FUNDO DE INVESTIMENTO EM DIREITOS CREDITORIOS RESPONSABILIDADE  LIMITADA,FIDC,https://www.liberumratings.com.br/detalhes-ativo/28905
2026-09-25,CORUJA I FUNDO DE INVESTIMENTO EM DIREITOS CREDITORIOS - RESPONSABILIDADE LIMITADA,FIDC,https://www.liberumratings.com.br/detalhes-ativo/29021
2026-09-25,PINE LIFT I CARTÃO INSS FUNDO DE INVESTIMENTO EM DIREITOS CREDITÓRIOS – RESPONSABILIDADE LIMITADA,FIDC,https://www.liberumratings.com.br/detalhes-ativo/29027
2026-09-25,INVISTA III FUNDO DE INVESTIMENTO EM DIREITOS CREDITÓRIOS – RESPONSABILIDADE LIMITADA,FIDC,https://www.liberumratings.com.br/detalhes-ativo/29009
2026-09-25,R&G FUNDO DE INVESTIMENTO EM DIREITOS CREDITÓRIOS MULTISEGMENTOS,FIDC,https://www.liberumratings.com.br/detalhes-ativo/29020
2026-09-25,ALUME FUNDO DE INVESTIMENTO EM DIREITOS CREDITORIOS - RESPONSABILIDADE LIMITADA,FIDC,https://www.liberumratings.com.br/detalhes-ativo/29025
2026-09-25,JC 4870 VI FUNDO DE INVESTIMENTO EM DIREITOS CREDITORIOS NAO PADRONIZADOS FIDC-NP,FIDC,https://www.liberumratings.com.br/detalhes-ativo/28858
2026-09-25,Garson Fundo de Investimento em Direitos Creditórios,FIDC,https://www.liberumratings.com.br/detalhes-ativo/28977
2026-09-25,GARSON BR FUNDO DE INVESTIMENTO EM DIREITOS CREDITORIOS RESPONSABILIDADE LIMITADA,FIDC,https://www.liberumratings.com.br/detalhes-ativo/28979
2026-09-25,GARSON CARD FUNDO DE INVESTIMENTO EM DIREITOS CREDITORIOS RESPONSABILIDADE LIMITADA,FIDC,https://www.liberumratings.com.br/detalhes-ativo/28978
2026-09-25,911 MULTIESTRATÉGIA FUNDO DE INVESTIMENTO EM DIREITOS CREDITÓRIOS,FIDC,https://www.liberumratings.com.br/detalhes-ativo/29004
2026-09-25,VECTOR FUNDO DE INVESTIMENTO EM DIREITOS CREDITÓRIOS MULTISSETORIAL,FIDC,https://www.liberumratings.com.br/detalhes-ativo/28910
2026-09-25,REALINVEST FUNDO DE INVESTIMENTO EM DIREITOS CREDITORIOS,FIDC,https://www.liberumratings.com.br/detalhes-ativo/28913
2026-09-25,DCASH FUNDO DE INVESTIMENTO EM DIREITOS CREDITORIOS,FIDC,https://www.liberumratings.com.br/detalhes-ativo/29016
2026-09-25,HARPIA FUNDO DE INVESTIMENTO EM DIREITOS CREDITÓRIOS – RESPONSABILIDADE LIMITADA,FIDC,https://www.liberumratings.com.br/detalhes-ativo/28959
2026-09-25,SINAI CONSIG FUNDO DE INVESTIMENTO EM DIREITOS CREDITORIOS RESPONSABILIDADE LIMITADA,FIDC,https://www.liberumratings.com.br/detalhes-ativo/29022
2026-09-25,INOVA CREDTECH III FIDC SEGMENTO MULTICARTEIRA DE RESPONSABILIDADE LIMITADA,FIDC,https://www.liberumratings.com.br/detalhes-ativo/29018
2026-09-25,FUNDO DE INVESTIMENTO EM DIREITOS CREDITÓRIOS GENIAL MULTI CONSIGNADOS II RESPONSABILIDADE LIMITADA,FIDC,https://www.liberumratings.com.br/detalhes-ativo/29007
2026-09-25,K2 FUNDO DE INVESTIMENTO EM DIREITOS CREDITORIOS,FIDC,https://www.liberumratings.com.br/detalhes-ativo/28972
2026-09-25,FUNDO DE INVESTIMENTO EM DIREITOS CREDITORIOS SABIA CREDIT,FIDC,https://www.liberumratings.com.br/detalhes-ativo/28846
2026-09-25,FUNDO DE INVESTIMENTO EM DIREITOS CREDITÓRIOS ASAAS,FIDC,https://www.liberumratings.com.br/detalhes-ativo/29015
2026-09-25,OKNO 1 FUNDO DE INVESTIMENTO EM DIREITOS CREDITÓRIOS,FIDC,https://www.liberumratings.com.br/detalhes-ativo/29013
2026-09-25,JC 4870 V FUNDO DE INVESTIMENTO EM DIREITOS CREDITÓRIOS NÃO PADRONIZADOS - FIDC-NP,FIDC,https://www.liberumratings.com.br/detalhes-ativo/29017
2026-09-25,VALECRED FUNDO DE INVESTIMENTO EM DIREITOS CREDITORIOS LP,FIDC,https://www.liberumratings.com.br/detalhes-ativo/28974
2026-09-25,Habitasec Securitizadora S.A,CRI,https://www.liberumratings.com.br/detalhes-ativo/28925
2026-09-25,LIBRA II FUNDO DE INVESTIMENTO EM DIREITOS CREDITÓRIOS MULTISSETORIAL,FIDC,https://www.liberumratings.com.br/detalhes-ativo/29012
2026-09-25,TERA PERFORMANCE FUNDO DE INVESTIMENTO EM DIREITOS CREDITORIOS MULTISSETORIAL LP,FIDC,https://www.liberumratings.com.br/detalhes-ativo/29008
2026-09-25,VERSATILE FUNDO DE INVESTIMENTO EM DIREITOS CREDITÓRIOS RESPONSABILIDADE LIMITADA,FIDC,https://www.liberumratings.com.br/detalhes-ativo/29011
2026-09-25,TITAN FUNDO DE INVESTIMENTO EM DIREITOS CREDITORIOS,FIDC,https://www.liberumratings.com.br/detalhes-ativo/29001
2026-09-25,C+ VALORA FUNDO DE INVESTIMENTO EM DIREITOS CREDITÓRIOS,FIDC,https://www.liberumratings.com.br/detalhes-ativo/28997
2026-09-25,LGX FUNDO DE INVESTIMENTO EM DIREITOS CREDITÓRIOS – RESPONSABILIDADE LIMITADA,FIDC,https://www.liberumratings.com.br/detalhes-ativo/28871
2026-09-25,Fundo de Investimento em Direitos Creditórios Multissetorial Prospecta LP,FIDC,https://www.liberumratings.com.br/detalhes-ativo/28845
2026-09-25,ACELERA VAREJO FUNDO DE INVESTIMENTO EM DIREITOS CREDITORIOS,FIDC,https://www.liberumratings.com.br/detalhes-ativo/29006
2026-09-25,FUNDO DE INVESTIMENTO EM DIREITOS CREDITÓRIOS EMPÍRICA HOME EQUITY,FIDC,https://www.liberumratings.com.br/detalhes-ativo/29005
2026-09-25,MULTI RECEBÍVEIS II FUNDO DE INVESTIMENTO EM DIREITOS CREDITÓRIOS MULTISEGMENTOS,FIDC,https://www.liberumratings.com.br/detalhes-ativo/29003
2026-09-25,MULTI RECEBÍVEIS III FUNDO DE INVESTIMENTO EM DIREITOS CREDITÓRIOS,FIDC,https://www.liberumratings.com.br/detalhes-ativo/29002
2026-09-25,DIRETA CAPITAL FUNDO DE INVESTIMENTO EM DIREITOS CREDITÓRIOS MULTISETORIAL DE CLASSE ÚNICA FECHADA,FIDC,https://www.liberumratings.com.br/detalhes-ativo/29000
2026-09-25,HOPE I FUNDO DE INVESTIMENTO EM DIREITOS CREDITÓRIOS MULTISSEGMENTOS,FIDC,https://www.liberumratings.com.br/detalhes-ativo/28999
2026-09-25,Fundo de Investimento em Direitos Creditórios Empírica Mezzo Saúde,FIDC,https://www.liberumratings.com.br/detalhes-ativo/28964
2026-09-25,RDF Fundo de Investimento em Direitos Creditórios,FIDC,https://www.liberumratings.com.br/detalhes-ativo/28998
2026-09-25,LARCA CONSIGNADO III FUNDO DE INVESTIMENTO EM DIREITOS CREDITORIOS - RESPONSABILIDADE LIMITADA,FIDC,https://www.liberumratings.com.br/detalhes-ativo/28995
2026-09-25,FUNDO DE INVESTIMENTO EM DIREITOS CREDITÓRIOS ASAAS,FIDC,https://www.liberumratings.com.br/detalhes-ativo/28946
2026-09-25,SIMULTI FUNDO DE INVESTIMENTO EM DIREITOS CREDITORIOS,FIDC,https://www.liberumratings.com.br/detalhes-ativo/28990
2026-09-25,MULTIPLIK FUNDO DE INVESTIMENTO EM DIREITOS CREDITÓRIOS MULTISSETORIAL LP,FIDC,https://www.liberumratings.com.br/detalhes-ativo/28896
2026-09-25,LARCA CONSIGNADO FUNDO DE INVESTIMENTO EM DIREITOS CREDITORIOS RESPONSABILIDADE LIMITADA,FIDC,https://www.liberumratings.com.br/detalhes-ativo/28992
2026-09-25,LARCA CONSIGNADO II FUNDO DE INVESTIMENTO EM DIREITOS CREDITÓRIOS RESPONSABILIDADE LIMITADA,FIDC,https://www.liberumratings.com.br/detalhes-ativo/28994
2026-09-25,GFM FUNDO DE INVESTIMENTO EM DIREITOS CREDITORIOS MULTICREDITO,FIDC,https://www.liberumratings.com.br/detalhes-ativo/28963
2026-09-25,MOUSTACHE RAPPI FUNDO DE INVESTIMENTO EM DIREITOS CREDITÓRIOS - RESPONSABILIDADE LIMITADA,FIDC,https://www.liberumratings.com.br/detalhes-ativo/28741
2026-09-25,KOBOLD H FUNDO DE INVESTIMENTO EM DIREITOS CREDITÓRIOS RESPONSABILIDADE LIMITADA,FIDC,https://www.liberumratings.com.br/detalhes-ativo/28952
2026-09-25,Fundo de Investimento em Direitos Creditórios Energia Solar,FIDC,https://www.liberumratings.com.br/detalhes-ativo/28985
2026-09-25,SATURNO FUNDO DE INVESTIMENTO EM DIREITOS CREDITORIOS,FIDC,https://www.liberumratings.com.br/detalhes-ativo/28991
2026-09-25,FRADINHO N FUNDO DE INVESTIMENTO EM DIREITOS CREDITÓRIOS RESPONSABILIDADE LIMITADA,FIDC,https://www.liberumratings.com.br/detalhes-ativo/28987
2026-09-25,MR FUNDO DE INVESTIMENTO EM DIREITOS CREDITÓRIOS,FIDC,https://www.liberumratings.com.br/detalhes-ativo/28986
2026-09-25,DELTA FUNDO DE INVESTIMENTO EM DIREITOS CREDITÓRIOS MULTISEGMENTOS,FIDC,https://www.liberumratings.com.br/detalhes-ativo/28989
2026-09-25,FUNDO DE INVESTIMENTO EM DIREITOS CREDITÓRIOS FINANCEIROS FACTA CONSIGNADO INSS DE RESPONSABILIDADE LIMITADA,FIDC,https://www.liberumratings.com.br/detalhes-ativo/28970
2026-09-25,B4 TRUST FUNDO DE INVESTIMENTO EM DIREITOS CREDITORIOS,FIDC,https://www.liberumratings.com.br/detalhes-ativo/28975
2026-09-25,CREDIT PARTNERS FUNDO DE INVESTIMENTO EM DIREITO CREDITORIOS,FIDC,https://www.liberumratings.com.br/detalhes-ativo/28983
2026-09-25,HARPIA FUNDO DE INVESTIMENTO EM DIREITOS CREDITÓRIOS – RESPONSABILIDADE LIMITADA,FIDC,https://www.liberumratings.com.br/detalhes-ativo/28835
2026-09-25,CLM FUNDO DE INVESTIMENTO EM DIREITOS CREDITÓRIOS MULTISSETORIAL,FIDC,https://www.liberumratings.com.br/detalhes-ativo/28982
2026-09-25,KEYCASH HOME EQUITY FUNDO DE INVESTIMENTO EM DIREITOS CREDITÓRIOS,FIDC,https://www.liberumratings.com.br/detalhes-ativo/28969
2026-09-25,GRIF CRÉDITO PULVERIZADO FUNDO DE INVESTIMENTO EM DIREITOS CREDITÓRIOS RESPONSABILIDADE LIMITADA,FIDC,https://www.liberumratings.com.br/detalhes-ativo/28984
2026-09-25,DIP FINANCING 11 FUNDO DE INVESTIMENTO EM DIREITOS CREDITORIOS NAO-PADRONIZADOS,FIDC,https://www.liberumratings.com.br/detalhes-ativo/28980
2026-09-25,RIDOLFINVEST 2  FUNDO DE INVESTIMENTO EM DIREITOS CREDITÓRIOS NÃO PADRONIZADOS RESPONSABILIDADE LIMITADA,FIDC,https://www.liberumratings.com.br/detalhes-ativo/28940
2026-09-25,LITUS FUNDO DE INVESTIMENTO EM DIREITOS CREDITÓRIOS MULTISEGMENTOS,FIDC,https://www.liberumratings.com.br/detalhes-ativo/28966
2026-09-25,LCBANK FUNDO DE INVESTIMENTO EM DIREITOS CREDITORIOS NAO PADRONIZADOS,FIDC,https://www.liberumratings.com.br/detalhes-ativo/28976
2026-09-25,MGW ATIVOS FUNDO DE INVESTIMENTO EM DIREITOS CREDITÓRIOS RESPONSABILIDADE LIMITADA,FIDC,https://www.liberumratings.com.br/detalhes-ativo/28973
2026-09-25,BMA FUNDO DE INVESTIMENTO EM DIREITOS CREDITORIOS MULTISSETORIAL,FIDC,https://www.liberumratings.com.br/detalhes-ativo/28919
2026-09-25,JC SILOS FUNDO DE INVESTIMENTO EM DIREITOS CREDITÓRIOS NÃO-PADRONIZADO,FIDC,https://www.liberumratings.com.br/detalhes-ativo/28968
2026-09-25,Reag Special Situation Fundo de Investimento em Direitos Creditórios Padronizados Aberto,FIDC,https://www.liberumratings.com.br/detalhes-ativo/28967
2026-09-25,Basso Fundo de Investimento em Direitos Creditórios,FIDC,https://www.liberumratings.com.br/detalhes-ativo/28921
2026-09-25,EOS FUNDO DE INVESTIMENTO EM DIREITOS CREDITORIOS WH,FIDC,https://www.liberumratings.com.br/detalhes-ativo/28922
2026-09-25,SIFRA ENERGY PODIUM FUNDO DE INVESTIMENTO EM DIREITOS CREDITORIOS,FIDC,https://www.liberumratings.com.br/detalhes-ativo/28878
2026-09-25,RUBI FUNDO DE INVESTIMENTO EM DIREITOS CREDITORIOS MULTISETORIAL RESPONSABILIDADE LIMITADA,FIDC,https://www.liberumratings.com.br/detalhes-ativo/28965
2026-09-25,QANTIC IONIQ FUNDO DE INVESTIMENTO EM DIREITOS CREDITÓRIOS,FIDC,https://www.liberumratings.com.br/detalhes-ativo/28955
2026-09-25,FUNDO DE INVESTIMENTO EM DIREITOS CREDITÓRIOS LF I – SEGMENTO FINANCEIRO – RESPONSABILIDADE LIMITADA,FIDC,https://www.liberumratings.com.br/detalhes-ativo/28962
2026-09-25,FUNDO DE INVESTIMENTO EM DIREITOS CREDITÓRIOS PAGBEM,FIDC,https://www.liberumratings.com.br/detalhes-ativo/28961
2026-09-25,RCL3X FIAGRO - DIREITOS CREDITÓRIOS,FIDC,https://www.liberumratings.com.br/detalhes-ativo/28958
2026-09-25,FUNDO DE INVESTIMENTO EM DIREITOS CREDITÓRIOS CONSIGNADO Q1,FIDC,https://www.liberumratings.com.br/detalhes-ativo/28941
2026-09-25,MACCA FUNDO DE INVESTIMENTO EM DIREITOS CREDITÓRIOS RESPONSABILIDADE LIMITADA,FIDC,https://www.liberumratings.com.br/detalhes-ativo/28960
2026-09-25,Fundo de Investimento em Direitos Creditórios Multissetorial DB 18,FIDC,https://www.liberumratings.com.br/detalhes-ativo/28928
2026-09-25,BOREAL I FUNDO DE INVESTIMENTO EM DIREITOS CREDITORIOS  - RESPONSABILIDADE LIMITADA,FIDC,https://www.liberumratings.com.br/detalhes-ativo/28950
2026-09-25,HUBCRED FUNDO DE INVESTIMENTO EM DIREITOS CREDITORIOS,FIDC,https://www.liberumratings.com.br/detalhes-ativo/28954
2026-09-25,MOKA FUND I FUNDO DE INVESTIMENTO EM DIREITOS CREDITÓRIOS,FIDC,https://www.liberumratings.com.br/detalhes-ativo/28956
2026-09-25,ACL NP FUNDO DE INVESTIMENTO EM DIREITOS CREDITORIOS NAO PADRONIZADOS,FIDC,https://www.liberumratings.com.br/detalhes-ativo/28944
2026-09-25,Fundo de Investimento em Direitos Creditórios Kovi I,FIDC,https://www.liberumratings.com.br/detalhes-ativo/28951
2026-09-25,NPL SN FUNDO DE INVESTIMENTO EM DIREITOS CREDITORIOS RESPONSABILIDADE LIMITADA,FIDC,https://www.liberumratings.com.br/detalhes-ativo/28953
2026-09-25,BANFITA FUNDO DE INVESTIMENTO EM DIREITOS CREDITORIOS MULTISSETORIAL,FIDC,https://www.liberumratings.com.br/detalhes-ativo/28945
2026-09-25,LIBRA FUNDO DE INVESTIMENTO EM DIREITOS CREDITÓRIOS MULTISSETORIAL,FIDC,https://www.liberumratings.com.br/detalhes-ativo/28862
2026-09-25,JC 4870 II FUNDO DE INVESTIMENTO EM DIREITOS CREDITÓRIOS NÃO-PADRONIZADOS,FIDC,https://www.liberumratings.com.br/detalhes-ativo/28949
2026-09-25,JC 4870 FUNDO DE INVESTIMENTO EM DIREITOS CREDITÓRIOS - NÃO PADRONIZADO,FIDC,https://www.liberumratings.com.br/detalhes-ativo/28948
2026-09-25,SAN PRECA FEDERAL I FUNDO DE INVESTIMENTO EM DIREITOS CREDITÓRIOS – RESPONSABILIDADE LIMITADA,FIDC,https://www.liberumratings.com.br/detalhes-ativo/28947
2026-09-25,JGP ESTRUTURADOS III FUNDO DE INVESTIMENTO EM DIREITOS CREDITORIOS,FIDC,https://www.liberumratings.com.br/detalhes-ativo/28943
2026-09-25,Lotus Performance Fundo de Investimento em Direitos Creditórios Multissetorial LP,FIDC,https://www.liberumratings.com.br/detalhes-ativo/28929
2026-09-25,FUNDO DE INVESTIMENTO EM DIREITOS CREDITÓRIOS POUPACRED RESPONSABILIDADE  ILIMITADA,FIDC,https://www.liberumratings.com.br/detalhes-ativo/28937
2026-09-25,FUNDO DE INVESTIMENTO EM DIREITOS CREDITÓRIOS CONCRÉDITO DE RESPONSABILIDADE ILIMITADA,FIDC,https://www.liberumratings.com.br/detalhes-ativo/28914
2026-09-25,NO STRESS FUNDO DE INVESTIMENTO EM DIREITOS CREDITORIOS NAO PADRONIZADOS,FIDC,https://www.liberumratings.com.br/detalhes-ativo/28942
2026-09-25,AURI FUNDO DE INVESTIMENTO EM DIREITOS CREDITORIOS RESPONSABILIDADE LIMITADA,FIDC,https://www.liberumratings.com.br/detalhes-ativo/28932
2026-09-25,FUNDO DE INVESTIMENTO EM DIREITOS CREDITÓRIOS CONCRÉDITO II RESPONSABILIDADE LIMITADA,FIDC,https://www.liberumratings.com.br/detalhes-ativo/28911
2026-09-25,SANTIAGO HOME EQUITY FUNDO DE INVESTIMENTO EM DIREITOS  CREDITÓRIOS,FIDC,https://www.liberumratings.com.br/detalhes-ativo/28931
2026-09-25,JGP ESTRUTURADOS FUNDO DE INVESTIMENTO EM DIREITOS CREDITÓRIOS – RESPONSABILIDADE LIMITADA,FIDC,https://www.liberumratings.com.br/detalhes-ativo/28939
2026-09-25,MILAS FUNDO DE INVESTIMENTO EM DIREITOS CREDITÓRIOS NÃO PADRONIZADOS RESPONSABILIDADE LIMITADA,FIDC,https://www.liberumratings.com.br/detalhes-ativo/28938
2026-09-25,DIP FINANCING 11 FUNDO DE INVESTIMENTO EM DIREITOS CREDITORIOS NAO-PADRONIZADOS,FIDC,https://www.liberumratings.com.br/detalhes-ativo/28935
2026-09-25,MALMO FICFIDC-NP,FIDC,https://www.liberumratings.com.br/detalhes-ativo/28936
2026-09-25,VIA CAPITAL ARTEMUS FUNDO DE INVESTIMENTO EM DIREITOS CREDITÓRIOS MULTISSETORIAL,FIDC,https://www.liberumratings.com.br/detalhes-ativo/28918
2026-09-25,C3E CRÉDITOS JUDICIAIS FUNDO DE INVESTIMENTO EM COTAS DE FUNDOS DE INVESTIMENTO EM DIREITOS CREDITÓRIOS DE RESPONSABILIDADE LIMITADA,FIDC,https://www.liberumratings.com.br/detalhes-ativo/28934
2026-09-25,C3E CRÉDITOS JUDICIAIS FUNDO DE INVESTIMENTO EM DIREITOS CREDITÓRIOS DE RESPONSABILIDADE LIMITADA,FIDC,https://www.liberumratings.com.br/detalhes-ativo/28933
2026-09-25,NOVA CAPITAL FUNDO DE INVESTIMENTO EM DIREITOS CREDITORIOS,FIDC,https://www.liberumratings.com.br/detalhes-ativo/27886
2026-09-25,SEJA FUNDO DE INVESTIMENTO EM DIREITOS CREDITÓRIOS,FIDC,https://www.liberumratings.com.br/detalhes-ativo/28926
2026-09-25,MOKA FUND I FUNDO DE INVESTIMENTO EM DIREITOS CREDITÓRIOS,FIDC,https://www.liberumratings.com.br/detalhes-ativo/28930
2026-09-25,FUNDO DE INVESTIMENTO EM DIREITOS CREDITORIOS SANTA CRUZ CAPITAL,FIDC,https://www.liberumratings.com.br/detalhes-ativo/28923
2026-09-25,SIGMA CREDIT FUNDO DE INVESTIMENTO EM DIREITOS CREDITORIOS,FIDC,https://www.liberumratings.com.br/detalhes-ativo/28917
2026-09-25,METROPOLITANA ATIVOS FUNDO DE INVESTIMENTO EM DIREITOS CREDITÓRIOS MULTISSETORIAL,FIDC,https://www.liberumratings.com.br/detalhes-ativo/28927
2026-09-25,SILVER STONE FUNDO DE INVESTIMENTO EM DIREITOS CREDITÓRIOS MULTISSETORIAL,FIDC,https://www.liberumratings.com.br/detalhes-ativo/28924
2026-09-25,MINHA CASA MINHA VIDA FUNDO DE INVESTIMENTO EM DIREITOS CREDITÓRIOS NP RESPONSABILIDADE LIMITADA,FIDC,https://www.liberumratings.com.br/detalhes-ativo/28912
2026-09-25,RIALMA ENERGIA SPE S.A.,Debenture Colateralizada,https://www.liberumratings.com.br/detalhes-ativo/28915
2026-09-25,FUNDO DE INVESTIMENTO EM DIREITOS CREDITÓRIOS AGORA TELECOM,FIDC,https://www.liberumratings.com.br/detalhes-ativo/28901
2026-09-25,COOPERA FUNDO DE INVESTIMENTO EM DIREITOS CREDITORIOS RESPONSABILIDADE LIMITADA,FIDC,https://www.liberumratings.com.br/detalhes-ativo/28897
2026-09-25,AEG 4 FUNDOS DE INVESTIMENTO EM DIREITOS CREDITÓRIOS DE RESPONSABILIDADE LIMITADA,FIDC,https://www.liberumratings.com.br/detalhes-ativo/28916
2026-09-25,CONSIGA MAIS FUNDO DE INVESTIMENTO EM DIREITOS CREDITÓRIOS,FIDC,https://www.liberumratings.com.br/detalhes-ativo/28908
2026-09-25,CAPITAL FINANÇAS FUNDO DE INVESTIMENTO EM DIREITOS CREDITORIOS,FIDC,https://www.liberumratings.com.br/detalhes-ativo/28904
2026-09-25,Sifra Plus Multissegmento Fundo de Investimento em Direitos Creditórios,FIDC,https://www.liberumratings.com.br/detalhes-ativo/28907
2026-09-25,SQUID FUNDO DE INVESTIMENTO EM DIRETOS CREDITÓRIOS,FIDC,https://www.liberumratings.com.br/detalhes-ativo/28889
2026-09-25,LARCA CAPITAL FUNDO DE INVESTIMENTO EM DIREITOS CREDITÓRIOS RESPONSABILIDADE LIMITADA,FIDC,https://www.liberumratings.com.br/detalhes-ativo/28903
2026-09-25,AFA CREDIT OPPORTUNITY FUNDO DE INVESTIMENTO EM DIREITOS CREDITORIOS,FIDC,https://www.liberumratings.com.br/detalhes-ativo/28900
2026-09-25,SC FUNDO DE INVESTIMENTO EM DIREITOS CREDITÓRIOS,FIDC,https://www.liberumratings.com.br/detalhes-ativo/28899
2026-09-25,SANTIAGO HOME EQUITY FUNDO DE INVESTIMENTO EM DIREITOS  CREDITÓRIOS,FIDC,https://www.liberumratings.com.br/detalhes-ativo/28856
2026-09-25,BARCELONA FUNDO DE INVESTIMENTO EM DIREITOS CREDITORIOS,FIDC,https://www.liberumratings.com.br/detalhes-ativo/28898
2026-09-25,ÁRTICO MIDDLE CORPORATE FUNDO DE INVESTIMENTO EM DIREITOS CREDITÓRIOS,FIDC,https://www.liberumratings.com.br/detalhes-ativo/28890
2026-09-25,Fundo de Investimentos em Direitos Creditórios Multissetorial ONE7 LP,FIDC,https://www.liberumratings.com.br/detalhes-ativo/28893
2026-09-25,JC 4870 V FUNDO DE INVESTIMENTO EM DIREITOS CREDITÓRIOS NÃO PADRONIZADOS - FIDC-NP,FIDC,https://www.liberumratings.com.br/detalhes-ativo/28869
2026-09-25,ALGARVE MEDITERRÂNEO FUNDO DE INVESTIMENTO EM DIREITOS CREDITÓRIOS NÃO PADRONIZADOS,FIDC,https://www.liberumratings.com.br/detalhes-ativo/28884
2026-09-25,ESTÍMULO BRASIL FUNDO DE INVESTIMENTO EM DIREITOS CREDITÓRIOS IS DE RESPONSABILIDADE LIMITADA,FIDC,https://www.liberumratings.com.br/detalhes-ativo/28886
2026-09-25,MGW ATIVOS FUNDO DE INVESTIMENTO EM DIREITOS CREDITÓRIOS RESPONSABILIDADE LIMITADA,FIDC,https://www.liberumratings.com.br/detalhes-ativo/28891
2026-09-25,IGNIS CAPITAL FUNDO DE INVESTIMENTO EM DIREITOS CREDITÓRIOS,FIDC,https://www.liberumratings.com.br/detalhes-ativo/28880
2026-09-25,Fundo de Investimento em Direitos Creditórios Não Padronizados Sifra Performance,FIDC,https://www.liberumratings.com.br/detalhes-ativo/28885
2026-09-25,GPR FUNDO DE INVESTIMENTO EM DIREITOS CREDITORIOS,FIDC,https://www.liberumratings.com.br/detalhes-ativo/28895
2026-09-25,VIA CAPITAL ADAMANTUS FUNDO DE INVESTIMENTO EM DIREITOS CREDITORIOS MULTISSETORIAL,FIDC,https://www.liberumratings.com.br/detalhes-ativo/28892
2026-09-25,CENTRUM FUNDO DE INVESTIMENTO EM DIREITOS CREDITORIOS,FIDC,https://www.liberumratings.com.br/detalhes-ativo/28867
2026-09-25,FUNDO DE INVESTIMENTO EM DIREITOS CREDITÓRIOS GENIAL MULTI CONSIGNADOS II RESPONSABILIDADE LIMITADA,FIDC,https://www.liberumratings.com.br/detalhes-ativo/28818
2026-09-25,FINTRUST FUNDO DE INVESTIMENTO EM DIREITOS CREDITÓRIOS RESPONSABILIDADE LIMITADA,FIDC,https://www.liberumratings.com.br/detalhes-ativo/28881
2026-09-25,OPERA FUNDO DE INVESTIMENTO EM DIREITOS CREDITORIOS MULTISETORIAL,FIDC,https://www.liberumratings.com.br/detalhes-ativo/28859
2026-09-25,MOKA FUND I FUNDO DE INVESTIMENTO EM DIREITOS CREDITÓRIOS,FIDC,https://www.liberumratings.com.br/detalhes-ativo/28842
2026-09-25,JC Diversificado III Fundo de Investimento em Direitos Creditórios Não-Padronizado,FIDC,https://www.liberumratings.com.br/detalhes-ativo/28887
2026-09-25,Reag Special Situation Fundo de Investimento em Direitos Creditórios Padronizados Aberto,FIDC,https://www.liberumratings.com.br/detalhes-ativo/28888
2026-09-25,HT3 FUNDO DE INVESTIMENTO EM DIREITOS CREDITÓRIOS RESPONSABILIDADE LIMITADA,FIDC,https://www.liberumratings.com.br/detalhes-ativo/28883
2026-09-25,CONDOCONTA FUNDO DE INVESTIMENTO EM DIREITOS CREDITORIOS NAO-PADRONIZADO,FIDC,https://www.liberumratings.com.br/detalhes-ativo/28879
2026-09-25,FAMA FUNDO DE INVESTIMENTO EM DIREITOS CREDITÓRIOS,FIDC,https://www.liberumratings.com.br/detalhes-ativo/28874
2026-09-25,PORTLAND CRÉDITOS JUDICIAIS FUNDO DE INVESTIMENTO EM DIREITOS CREDITÓRIOS,FIDC,https://www.liberumratings.com.br/detalhes-ativo/28882
2026-09-25,SIFRA LP FUNDO DE INVESTIMENTO EM DIREITOS CREDITORIOS,FIDC,https://www.liberumratings.com.br/detalhes-ativo/28868
2026-09-25,FUNDO DE INVESTIMENTO EM DIREITOS CREDITORIOS ONIX PRIME,FIDC,https://www.liberumratings.com.br/detalhes-ativo/28864
2026-09-25,SELLOR FUNDO DE INVESTIMENTO EM DIREITOS CREDITORIOS MULTISSETORIAL,FIDC,https://www.liberumratings.com.br/detalhes-ativo/28866
2026-09-25,RIALMA ENERGIA S.A.,Debenture Colateralizada,https://www.liberumratings.com.br/detalhes-ativo/28865
2026-09-25,Fundo de Investimento Em Direitos Creditórios Empírica Oportuna Precatórios Federais,FIDC,https://www.liberumratings.com.br/detalhes-ativo/28849
2026-09-25,SIGMA CREDIT FEEDER FUNDO DE INVESTIMENTO EM DIREITOS CREDITÓRIOS,FIDC,https://www.liberumratings.com.br/detalhes-ativo/28860
2026-09-25,DCASH FUNDO DE INVESTIMENTO EM COTAS DE FUNDOS DE INVESTIMENTO EM DIREITOS CREDITÓRIOS,FIDC,https://www.liberumratings.com.br/detalhes-ativo/28863
2026-09-25,NOVA CAPITAL FUNDO DE INVESTIMENTO EM DIREITOS CREDITORIOS,FIDC,https://www.liberumratings.com.br/detalhes-ativo/28861
2026-09-25,JC SILOS FUNDO DE INVESTIMENTO EM DIREITOS CREDITÓRIOS NÃO-PADRONIZADO,FIDC,https://www.liberumratings.com.br/detalhes-ativo/28872
2026-09-25,Violin 8432 (2) Créditos Judiciais Fundo de Investimento em Direitos Creditórios Não-Padronizados,FIDC,https://www.liberumratings.com.br/detalhes-ativo/28873
2026-09-25,FRUIT CREEK CRÉDITOS JUDICIAIS FUNDO DE INVESTIMENTO EM DIREITOS CREDITÓRIOS,FIDC,https://www.liberumratings.com.br/detalhes-ativo/28870
2026-09-25,FUNDO DE INVESTIMENTO EM DIREITOS CREDITÓRIOS LF I – SEGMENTO FINANCEIRO – RESPONSABILIDADE LIMITADA,FIDC,https://www.liberumratings.com.br/detalhes-ativo/28847
2026-09-25,FUNDO DE INVESTIMENTO EM DIREITOS CREDITORIOS MEUCASHCARD,FIDC,https://www.liberumratings.com.br/detalhes-ativo/28851
2026-09-25,Harpia Fundo de Investimentos em Direitos Creditórios,FIDC,https://www.liberumratings.com.br/detalhes-ativo/28854
2026-09-25,FUNDO DE INVESTIMENTO EM DIREITOS CREDITÓRIOS ZIPDIN I,FIDC,https://www.liberumratings.com.br/detalhes-ativo/28769
2026-09-25,GYM BANK FUNDO DE INVESTIMENTO EM DIREITOS CREDITORIOS,FIDC,https://www.liberumratings.com.br/detalhes-ativo/28852
2026-09-25,PINE LIFT I CARTÃO INSS FUNDO DE INVESTIMENTO EM DIREITOS CREDITÓRIOS – RESPONSABILIDADE LIMITADA,FIDC,https://www.liberumratings.com.br/detalhes-ativo/28853
2026-09-25,PINARELLO FUNDO DE INVESTIMENTO EM DIREITOS CREDITÓRIOS RESPONSABILIDADE LIMITADA,FIDC,https://www.liberumratings.com.br/detalhes-ativo/28850
2026-09-25,MAIS TODOS PF FUNDO DE INVESTIMENTO EM DIREITOS CREDITORIOS FINANCEIRO RESPONSABILIDADE LIMITADA,FIDC,https://www.liberumratings.com.br/detalhes-ativo/28774
2026-09-25,GARSON CARD FUNDO DE INVESTIMENTO EM DIREITOS CREDITORIOS RESPONSABILIDADE LIMITADA,FIDC,https://www.liberumratings.com.br/detalhes-ativo/28844
2026-09-25,DIP FINANCING 11 FUNDO DE INVESTIMENTO EM DIREITOS CREDITORIOS NAO-PADRONIZADOS,FIDC,https://www.liberumratings.com.br/detalhes-ativo/28724
2026-09-25,CERUS FUNDO DE INVESTIMENTO EM DIREITOS CREDITORIOS,FIDC,https://www.liberumratings.com.br/detalhes-ativo/28789
2026-09-25,INOVA CREDTECH III FIDC SEGMENTO MULTICARTEIRA DE RESPONSABILIDADE LIMITADA,FIDC,https://www.liberumratings.com.br/detalhes-ativo/28843
2026-09-25,BANFITA FUNDO DE INVESTIMENTO EM DIREITOS CREDITORIOS MULTISSETORIAL,FIDC,https://www.liberumratings.com.br/detalhes-ativo/28838
2026-09-25,ÁRTICO MIDDLE CORPORATE FUNDO DE INVESTIMENTO EM DIREITOS CREDITÓRIOS,FIDC,https://www.liberumratings.com.br/detalhes-ativo/28836
2026-09-25,LARCA CONSIGNADO III FUNDO DE INVESTIMENTO EM DIREITOS CREDITORIOS - RESPONSABILIDADE LIMITADA,FIDC,https://www.liberumratings.com.br/detalhes-ativo/28813
2026-09-25,LARCA CONSIGNADO FUNDO DE INVESTIMENTO EM DIREITOS CREDITORIOS RESPONSABILIDADE LIMITADA,FIDC,https://www.liberumratings.com.br/detalhes-ativo/28811
2026-09-25,LARCA CONSIGNADO II FUNDO DE INVESTIMENTO EM DIREITOS CREDITÓRIOS RESPONSABILIDADE LIMITADA,FIDC,https://www.liberumratings.com.br/detalhes-ativo/28812
2026-09-25,KOBOLD H FUNDO DE INVESTIMENTO EM DIREITOS CREDITÓRIOS RESPONSABILIDADE LIMITADA,FIDC,https://www.liberumratings.com.br/detalhes-ativo/28815
2026-09-25,K2 FUNDO DE INVESTIMENTO EM DIREITOS CREDITORIOS,FIDC,https://www.liberumratings.com.br/detalhes-ativo/28790
2026-09-25,BARCELONA FUNDO DE INVESTIMENTO EM DIREITOS CREDITORIOS,FIDC,https://www.liberumratings.com.br/detalhes-ativo/28816
2026-09-25,LCBANK FUNDO DE INVESTIMENTO EM DIREITOS CREDITORIOS NAO PADRONIZADOS,FIDC,https://www.liberumratings.com.br/detalhes-ativo/28839
2026-09-25,MACCA CONSIGNADO PUBLICO FUNDO DE INVESTIMENTO EM DIREITOS CREDITORIOS RESPONSABILIDADE LIMITADA,FIDC,https://www.liberumratings.com.br/detalhes-ativo/28837
2026-09-25,SIGMA CREDIT FUNDO DE INVESTIMENTO EM DIREITOS CREDITORIOS,FIDC,https://www.liberumratings.com.br/detalhes-ativo/28833
2026-09-25,FUNDO DE INVESTIMENTO EM DIREITOS CREDITÓRIOS FINANCEIROS FACTA CONSIGNADO INSS DE RESPONSABILIDADE LIMITADA,FIDC,https://www.liberumratings.com.br/detalhes-ativo/28831
2026-09-25,SC FUNDO DE INVESTIMENTO EM DIREITOS CREDITÓRIOS,FIDC,https://www.liberumratings.com.br/detalhes-ativo/28832
2026-09-25,FUNDO DE INVESTIMENTO EM DIREITOS CREDITÓRIOS EMPÍRICA HOME EQUITY,FIDC,https://www.liberumratings.com.br/detalhes-ativo/28830
2026-09-25,SG IV LOCAL ATIVOS JUDICIAIS FUNDO DE  INVESTIMENTO EM COTAS DE FUNDOS DE INVESTIMENTO EM DIREITOS  CREDITÓRIOS,FIDC,https://www.liberumratings.com.br/detalhes-ativo/28834
2026-09-25,R&G FUNDO DE INVESTIMENTO EM DIREITOS CREDITÓRIOS MULTISEGMENTOS,FIDC,https://www.liberumratings.com.br/detalhes-ativo/28825
2026-09-25,Garson Fundo de Investimento em Direitos Creditórios,FIDC,https://www.liberumratings.com.br/detalhes-ativo/28795
2026-09-25,APROVOU FUNDO DE INVESTIMENTO EM DIREITOS CREDITORIOS RESPONSABILIDADE  LIMITADA,FIDC,https://www.liberumratings.com.br/detalhes-ativo/28829
2026-09-25,LIBRA II FUNDO DE INVESTIMENTO EM DIREITOS CREDITÓRIOS MULTISSETORIAL,FIDC,https://www.liberumratings.com.br/detalhes-ativo/28826
2026-09-25,RIDOLFINVEST 2  FUNDO DE INVESTIMENTO EM DIREITOS CREDITÓRIOS NÃO PADRONIZADOS RESPONSABILIDADE LIMITADA,FIDC,https://www.liberumratings.com.br/detalhes-ativo/28824
2026-09-25,LARCA CAPITAL FUNDO DE INVESTIMENTO EM DIREITOS CREDITÓRIOS RESPONSABILIDADE LIMITADA,FIDC,https://www.liberumratings.com.br/detalhes-ativo/28806
2026-09-25,DIRETA CAPITAL FUNDO DE INVESTIMENTO EM DIREITOS CREDITÓRIOS MULTISETORIAL DE CLASSE ÚNICA FECHADA,FIDC,https://www.liberumratings.com.br/detalhes-ativo/28748
2026-09-25,AGROFORTE - FUNDO DE INVESTIMENTO NAS CADEIAS PRODUTIVAS AGROINDUSTRIAIS - RESPONSABILIDADE LIMITADA,FIDC,https://www.liberumratings.com.br/detalhes-ativo/28820
2026-09-25,MULTI RECEBÍVEIS III FUNDO DE INVESTIMENTO EM DIREITOS CREDITÓRIOS,FIDC,https://www.liberumratings.com.br/detalhes-ativo/28828
2026-09-25,MULTI RECEBÍVEIS II FUNDO DE INVESTIMENTO EM DIREITOS CREDITÓRIOS MULTISEGMENTOS,FIDC,https://www.liberumratings.com.br/detalhes-ativo/28827
2026-09-25,DELTA FUNDO DE INVESTIMENTO EM DIREITOS CREDITÓRIOS MULTISEGMENTOS,FIDC,https://www.liberumratings.com.br/detalhes-ativo/28814
2026-09-25,FUNDO DE INVESTIMENTO EM DIREITOS CREDITORIOS SANTA CRUZ CAPITAL,FIDC,https://www.liberumratings.com.br/detalhes-ativo/28771
2026-09-25,ARGENTA FUNDO DE INVESTIMENTO EM DIREITOS CREDITORIOS MERCANTIS DE RESPONSABILIDADE LIMITADA,FIDC,https://www.liberumratings.com.br/detalhes-ativo/28768
2026-09-25,MS MULTI FUNDO DE INVESTIMENTO EM DIREITOS CREDITÓRIOS,FIDC,https://www.liberumratings.com.br/detalhes-ativo/28819
2026-09-25,SINAI MULTI FUNDO DE INVESTIMENTOS EM DIREITOS CREDITÓRIOS,FIDC,https://www.liberumratings.com.br/detalhes-ativo/28823
2026-09-25,Reag Special Situation Fundo de Investimento em Direitos Creditórios Padronizados Aberto,FIDC,https://www.liberumratings.com.br/detalhes-ativo/28822
2026-09-25,RCL3X FIAGRO - DIREITOS CREDITÓRIOS,FIDC,https://www.liberumratings.com.br/detalhes-ativo/28821
2026-09-25,CONDOCONTA FUNDO DE INVESTIMENTO EM DIREITOS CREDITORIOS NAO-PADRONIZADO,FIDC,https://www.liberumratings.com.br/detalhes-ativo/28788
2026-09-25,ALUME FUNDO DE INVESTIMENTO EM DIREITOS CREDITORIOS - RESPONSABILIDADE LIMITADA,FIDC,https://www.liberumratings.com.br/detalhes-ativo/28810
2026-09-25,True Securitizadora S.A,CRI,https://www.liberumratings.com.br/detalhes-ativo/26884
2026-09-25,True Securitizadora S.A,CRI,https://www.liberumratings.com.br/detalhes-ativo/26883
2026-09-25,True Securitizadora S.A,CRI,https://www.liberumratings.com.br/detalhes-ativo/26882
2026-09-25,COOPERA FUNDO DE INVESTIMENTO EM DIREITOS CREDITORIOS RESPONSABILIDADE LIMITADA,FIDC,https://www.liberumratings.com.br/detalhes-ativo/28661
2026-09-25,GARSON CARD FUNDO DE INVESTIMENTO EM DIREITOS CREDITORIOS RESPONSABILIDADE LIMITADA,FIDC,https://www.liberumratings.com.br/detalhes-ativo/28777
2026-09-25,FUNDO DE INVESTIMENTO EM DIREITOS CREDITÓRIOS CONSIGNADO Q1,FIDC,https://www.liberumratings.com.br/detalhes-ativo/28797
2026-09-25,SQUID FUNDO DE INVESTIMENTO EM DIRETOS CREDITÓRIOS,FIDC,https://www.liberumratings.com.br/detalhes-ativo/28803
2026-09-25,INOVA CREDTECH III FIDC SEGMENTO MULTICARTEIRA DE RESPONSABILIDADE LIMITADA,FIDC,https://www.liberumratings.com.br/detalhes-ativo/28785
2026-09-25,GARSON BR FUNDO DE INVESTIMENTO EM DIREITOS CREDITORIOS RESPONSABILIDADE LIMITADA,FIDC,https://www.liberumratings.com.br/detalhes-ativo/28794
2026-09-25,CREDIT PARTNERS FUNDO DE INVESTIMENTO EM DIREITO CREDITORIOS,FIDC,https://www.liberumratings.com.br/detalhes-ativo/28807
2026-09-25,FUNDO DE INVESTIMENTO EM DIREITOS CREDITÓRIOS PAGBEM,FIDC,https://www.liberumratings.com.br/detalhes-ativo/28804
2026-09-25,VIA CAPITAL ARTEMUS FUNDO DE INVESTIMENTO EM DIREITOS CREDITÓRIOS MULTISSETORIAL,FIDC,https://www.liberumratings.com.br/detalhes-ativo/28805
2026-09-25,JC SILOS FUNDO DE INVESTIMENTO EM DIREITOS CREDITÓRIOS NÃO-PADRONIZADO,FIDC,https://www.liberumratings.com.br/detalhes-ativo/28809
2026-09-25,Lotus Performance Fundo de Investimento em Direitos Creditórios Multissetorial LP,FIDC,https://www.liberumratings.com.br/detalhes-ativo/28767
2026-09-25,MR FUNDO DE INVESTIMENTO EM DIREITOS CREDITÓRIOS,FIDC,https://www.liberumratings.com.br/detalhes-ativo/28799
2026-09-25,Basso Fundo de Investimento em Direitos Creditórios,FIDC,https://www.liberumratings.com.br/detalhes-ativo/28801
2026-09-25,LITUS FUNDO DE INVESTIMENTO EM DIREITOS CREDITÓRIOS MULTISEGMENTOS,FIDC,https://www.liberumratings.com.br/detalhes-ativo/28800
2026-09-25,TERA PERFORMANCE FUNDO DE INVESTIMENTO EM DIREITOS CREDITORIOS MULTISSETORIAL LP,FIDC,https://www.liberumratings.com.br/detalhes-ativo/28729
2026-09-25,HOPE I FUNDO DE INVESTIMENTO EM DIREITOS CREDITÓRIOS MULTISSEGMENTOS,FIDC,https://www.liberumratings.com.br/detalhes-ativo/28780
2026-09-25,Fundo de Investimento em Direitos Creditórios Multissetorial DB 18,FIDC,https://www.liberumratings.com.br/detalhes-ativo/28766
2026-09-25,CLM FUNDO DE INVESTIMENTO EM DIREITOS CREDITÓRIOS MULTISSETORIAL,FIDC,https://www.liberumratings.com.br/detalhes-ativo/28655
2026-09-25,KEYCASH HOME EQUITY FUNDO DE INVESTIMENTO EM DIREITOS CREDITÓRIOS,FIDC,https://www.liberumratings.com.br/detalhes-ativo/28791
2026-09-25,C+ VALORA FUNDO DE INVESTIMENTO EM DIREITOS CREDITÓRIOS,FIDC,https://www.liberumratings.com.br/detalhes-ativo/28792
2026-09-25,Fundo de Investimento em Direitos Creditórios Empírica Mezzo Saúde,FIDC,https://www.liberumratings.com.br/detalhes-ativo/28793
2026-09-25,GYM BANK FUNDO DE INVESTIMENTO EM DIREITOS CREDITORIOS,FIDC,https://www.liberumratings.com.br/detalhes-ativo/28755
2026-09-25,SILVER STONE FUNDO DE INVESTIMENTO EM DIREITOS CREDITÓRIOS MULTISSETORIAL,FIDC,https://www.liberumratings.com.br/detalhes-ativo/28796
2026-09-25,SIFRA ENERGY PODIUM FUNDO DE INVESTIMENTO EM DIREITOS CREDITORIOS,FIDC,https://www.liberumratings.com.br/detalhes-ativo/28781
2026-09-25,SIGMA CREDIT FEEDER FUNDO DE INVESTIMENTO EM DIREITOS CREDITÓRIOS,FIDC,https://www.liberumratings.com.br/detalhes-ativo/28783
2026-09-25,TITAN FUNDO DE INVESTIMENTO EM DIREITOS CREDITORIOS,FIDC,https://www.liberumratings.com.br/detalhes-ativo/28786
2026-09-25,RIDOLFINVEST 2  FUNDO DE INVESTIMENTO EM DIREITOS CREDITÓRIOS NÃO PADRONIZADOS RESPONSABILIDADE LIMITADA,FIDC,https://www.liberumratings.com.br/detalhes-ativo/28787
2026-09-25,METROPOLITANA ATIVOS FUNDO DE INVESTIMENTO EM DIREITOS CREDITÓRIOS MULTISSETORIAL,FIDC,https://www.liberumratings.com.br/detalhes-ativo/28782
2026-09-25,FRADINHO N FUNDO DE INVESTIMENTO EM DIREITOS CREDITÓRIOS RESPONSABILIDADE LIMITADA,FIDC,https://www.liberumratings.com.br/detalhes-ativo/28763
2026-09-25,LGX FUNDO DE INVESTIMENTO EM DIREITOS CREDITÓRIOS – RESPONSABILIDADE LIMITADA,FIDC,https://www.liberumratings.com.br/detalhes-ativo/28776
2026-09-25,BOREAL I FUNDO DE INVESTIMENTO EM DIREITOS CREDITORIOS  - RESPONSABILIDADE LIMITADA,FIDC,https://www.liberumratings.com.br/detalhes-ativo/28778
2026-09-25,INVISTA III FUNDO DE INVESTIMENTO EM DIREITOS CREDITÓRIOS – RESPONSABILIDADE LIMITADA,FIDC,https://www.liberumratings.com.br/detalhes-ativo/28730
2026-09-25,ACELERA VAREJO FUNDO DE INVESTIMENTO EM DIREITOS CREDITORIOS,FIDC,https://www.liberumratings.com.br/detalhes-ativo/28773
2026-09-25,HT3 FUNDO DE INVESTIMENTO EM DIREITOS CREDITÓRIOS RESPONSABILIDADE LIMITADA,FIDC,https://www.liberumratings.com.br/detalhes-ativo/28772
2026-09-25,Fundo de Investimentos em Direitos Creditórios Multissetorial ONE7 LP,FIDC,https://www.liberumratings.com.br/detalhes-ativo/28770
2026-09-25,VERSATILE FUNDO DE INVESTIMENTO EM DIREITOS CREDITÓRIOS RESPONSABILIDADE LIMITADA,FIDC,https://www.liberumratings.com.br/detalhes-ativo/28750
2026-09-25,FUNDO DE INVESTIMENTO EM DIREITOS CREDITORIOS ONIX PRIME,FIDC,https://www.liberumratings.com.br/detalhes-ativo/28764
2026-09-25,SIFRA LP FUNDO DE INVESTIMENTO EM DIREITOS CREDITORIOS,FIDC,https://www.liberumratings.com.br/detalhes-ativo/28762
2026-09-25,DCASH FUNDO DE INVESTIMENTO EM DIREITOS CREDITORIOS,FIDC,https://www.liberumratings.com.br/detalhes-ativo/28758
2026-09-25,DCASH FUNDO DE INVESTIMENTO EM COTAS DE FUNDOS DE INVESTIMENTO EM DIREITOS CREDITÓRIOS,FIDC,https://www.liberumratings.com.br/detalhes-ativo/28757
2026-09-25,CONSIGA MAIS FUNDO DE INVESTIMENTO EM DIREITOS CREDITÓRIOS,FIDC,https://www.liberumratings.com.br/detalhes-ativo/28760
2026-09-25,RCL3X FIAGRO - DIREITOS CREDITÓRIOS,FIDC,https://www.liberumratings.com.br/detalhes-ativo/28761
2026-09-25,GALAPAGOS WM FUNDO DE INVESTIMENTO EM DIREITOS CREDITÓRIOS,FIDC,https://www.liberumratings.com.br/detalhes-ativo/28759
2026-09-25,GRIF CRÉDITO PULVERIZADO FUNDO DE INVESTIMENTO EM DIREITOS CREDITÓRIOS RESPONSABILIDADE LIMITADA,FIDC,https://www.liberumratings.com.br/detalhes-ativo/28751
2026-09-25,AURI FUNDO DE INVESTIMENTO EM DIREITOS CREDITORIOS RESPONSABILIDADE LIMITADA,FIDC,https://www.liberumratings.com.br/detalhes-ativo/28749
2026-09-25,GFM FUNDO DE INVESTIMENTO EM DIREITOS CREDITORIOS MULTICREDITO,FIDC,https://www.liberumratings.com.br/detalhes-ativo/28754
2026-09-25,NANBAN II FUNDO DE INVESTIMENTO EM DIREITOS CREDITÓRIOS RESPONSABILIDADE LIMITADA,FIDC,https://www.liberumratings.com.br/detalhes-ativo/28752
2026-09-25,B4 TRUST FUNDO DE INVESTIMENTO EM DIREITOS CREDITORIOS,FIDC,https://www.liberumratings.com.br/detalhes-ativo/28747
2026-09-25,FUNDO DE INVESTIMENTO EM DIREITOS CREDITORIOS SABIA CREDIT,FIDC,https://www.liberumratings.com.br/detalhes-ativo/28743
2026-09-25,AFA CREDIT OPPORTUNITY FUNDO DE INVESTIMENTO EM DIREITOS CREDITORIOS,FIDC,https://www.liberumratings.com.br/detalhes-ativo/28737
2026-09-25,VENTURA FUNDO DE INVESTIMENTO EM DIREITOS CREDITORIOS,FIDC,https://www.liberumratings.com.br/detalhes-ativo/28746
2026-09-25,Fundo de Investimento em Direitos Creditórios Não Padronizados Sifra Performance,FIDC,https://www.liberumratings.com.br/detalhes-ativo/28744
2026-09-25,CAPITAL FINANÇAS FUNDO DE INVESTIMENTO EM DIREITOS CREDITORIOS,FIDC,https://www.liberumratings.com.br/detalhes-ativo/28742
2026-09-25,CORUJA I FUNDO DE INVESTIMENTO EM DIREITOS CREDITORIOS - RESPONSABILIDADE LIMITADA,FIDC,https://www.liberumratings.com.br/detalhes-ativo/28605
2026-09-25,JC SILOS FUNDO DE INVESTIMENTO EM DIREITOS CREDITÓRIOS NÃO-PADRONIZADO,FIDC,https://www.liberumratings.com.br/detalhes-ativo/28740
2026-09-25,SEJA FUNDO DE INVESTIMENTO EM DIREITOS CREDITÓRIOS,FIDC,https://www.liberumratings.com.br/detalhes-ativo/28734
2026-09-25,HUBCRED FUNDO DE INVESTIMENTO EM DIREITOS CREDITORIOS,FIDC,https://www.liberumratings.com.br/detalhes-ativo/28731
2026-09-25,MINHA CASA MINHA VIDA FUNDO DE INVESTIMENTO EM DIREITOS CREDITÓRIOS NP RESPONSABILIDADE LIMITADA,FIDC,https://www.liberumratings.com.br/detalhes-ativo/28739
2026-09-25,NPL SN FUNDO DE INVESTIMENTO EM DIREITOS CREDITORIOS RESPONSABILIDADE LIMITADA,FIDC,https://www.liberumratings.com.br/detalhes-ativo/28738
2026-09-25,MILAS FUNDO DE INVESTIMENTO EM DIREITOS CREDITÓRIOS NÃO PADRONIZADOS RESPONSABILIDADE LIMITADA,FIDC,https://www.liberumratings.com.br/detalhes-ativo/28736
2026-09-25,VIA CAPITAL ADAMANTUS FUNDO DE INVESTIMENTO EM DIREITOS CREDITORIOS MULTISSETORIAL,FIDC,https://www.liberumratings.com.br/detalhes-ativo/28735
2026-09-25,VECTOR FUNDO DE INVESTIMENTO EM DIREITOS CREDITÓRIOS MULTISSETORIAL,FIDC,https://www.liberumratings.com.br/detalhes-ativo/28732
2026-09-25,REALINVEST FUNDO DE INVESTIMENTO EM DIREITOS CREDITORIOS,FIDC,https://www.liberumratings.com.br/detalhes-ativo/28728
2026-09-25,SATURNO FUNDO DE INVESTIMENTO EM DIREITOS CREDITORIOS,FIDC,https://www.liberumratings.com.br/detalhes-ativo/28727
2026-09-25,FUNDO DE INVESTIMENTO EM DIREITOS CREDITORIOS SANTA CRUZ CAPITAL,FIDC,https://www.liberumratings.com.br/detalhes-ativo/28712
2026-09-25,RDF Fundo de Investimento em Direitos Creditórios,FIDC,https://www.liberumratings.com.br/detalhes-ativo/28704
2026-09-25,911 MULTIESTRATÉGIA FUNDO DE INVESTIMENTO EM DIREITOS CREDITÓRIOS,FIDC,https://www.liberumratings.com.br/detalhes-ativo/28706
2026-09-25,Fundo de Investimento Em Direitos Creditórios Empírica Oportuna Precatórios Federais,FIDC,https://www.liberumratings.com.br/detalhes-ativo/28709
2026-09-25,NOVA CAPITAL FUNDO DE INVESTIMENTO EM DIREITOS CREDITORIOS,FIDC,https://www.liberumratings.com.br/detalhes-ativo/28702
2026-09-25,OPERA FUNDO DE INVESTIMENTO EM DIREITOS CREDITORIOS MULTISETORIAL,FIDC,https://www.liberumratings.com.br/detalhes-ativo/28672
2026-09-25,EOS FUNDO DE INVESTIMENTO EM DIREITOS CREDITORIOS WH,FIDC,https://www.liberumratings.com.br/detalhes-ativo/28701
2026-09-25,Sifra Plus Multissegmento Fundo de Investimento em Direitos Creditórios,FIDC,https://www.liberumratings.com.br/detalhes-ativo/28697
2026-09-25,MULTIPLIK FUNDO DE INVESTIMENTO EM DIREITOS CREDITÓRIOS MULTISSETORIAL LP,FIDC,https://www.liberumratings.com.br/detalhes-ativo/28681
2026-09-25,QANTIC IONIQ FUNDO DE INVESTIMENTO EM DIREITOS CREDITÓRIOS,FIDC,https://www.liberumratings.com.br/detalhes-ativo/28670
2026-09-25,C3E CRÉDITOS JUDICIAIS FUNDO DE INVESTIMENTO EM COTAS DE FUNDOS DE INVESTIMENTO EM DIREITOS CREDITÓRIOS DE RESPONSABILIDADE LIMITADA,FIDC,https://www.liberumratings.com.br/detalhes-ativo/28726
2026-09-25,SG IV LOCAL ATIVOS JUDICIAIS FUNDO DE  INVESTIMENTO EM COTAS DE FUNDOS DE INVESTIMENTO EM DIREITOS  CREDITÓRIOS,FIDC,https://www.liberumratings.com.br/detalhes-ativo/28725
2026-09-25,C3E CRÉDITOS JUDICIAIS FUNDO DE INVESTIMENTO EM DIREITOS CREDITÓRIOS DE RESPONSABILIDADE LIMITADA,FIDC,https://www.liberumratings.com.br/detalhes-ativo/28723
2026-09-25,MALMO FICFIDC-NP,FIDC,https://www.liberumratings.com.br/detalhes-ativo/28721
2026-09-25,SAN PRECA FEDERAL I FUNDO DE INVESTIMENTO EM DIREITOS CREDITÓRIOS – RESPONSABILIDADE LIMITADA,FIDC,https://www.liberumratings.com.br/detalhes-ativo/28722
2026-09-25,NO STRESS FUNDO DE INVESTIMENTO EM DIREITOS CREDITORIOS NAO PADRONIZADOS,FIDC,https://www.liberumratings.com.br/detalhes-ativo/28719
2026-09-25,JC 4870 II FUNDO DE INVESTIMENTO EM DIREITOS CREDITÓRIOS NÃO-PADRONIZADOS,FIDC,https://www.liberumratings.com.br/detalhes-ativo/28717
2026-09-25,JC 4870 FUNDO DE INVESTIMENTO EM DIREITOS CREDITÓRIOS - NÃO PADRONIZADO,FIDC,https://www.liberumratings.com.br/detalhes-ativo/28718
2026-09-25,IGNIS CAPITAL FUNDO DE INVESTIMENTO EM DIREITOS CREDITÓRIOS,FIDC,https://www.liberumratings.com.br/detalhes-ativo/28673
2026-09-25,RUBI FUNDO DE INVESTIMENTO EM DIREITOS CREDITORIOS MULTISETORIAL RESPONSABILIDADE LIMITADA,FIDC,https://www.liberumratings.com.br/detalhes-ativo/28716
2026-09-25,Fundo de Investimento em Direitos Creditórios Energia Solar,FIDC,https://www.liberumratings.com.br/detalhes-ativo/28714
2026-09-25,MGW ATIVOS FUNDO DE INVESTIMENTO EM DIREITOS CREDITÓRIOS RESPONSABILIDADE LIMITADA,FIDC,https://www.liberumratings.com.br/detalhes-ativo/28715
2026-09-25,Fundo de Investimento em Direitos Creditórios Empírica Mezzo Saúde,FIDC,https://www.liberumratings.com.br/detalhes-ativo/28711
2026-09-25,FUNDO DE INVESTIMENTO EM DIREITOS CREDITÓRIOS PAGBEM,FIDC,https://www.liberumratings.com.br/detalhes-ativo/28710
2026-09-25,FUNDO DE INVESTIMENTO EM DIREITOS CREDITÓRIOS EMPÍRICA HOME EQUITY,FIDC,https://www.liberumratings.com.br/detalhes-ativo/28708
2026-09-25,Fundo de Investimento em Direitos Creditórios Energia Solar,FIDC,https://www.liberumratings.com.br/detalhes-ativo/28707
2026-09-25,CONDOCONTA FUNDO DE INVESTIMENTO EM DIREITOS CREDITORIOS NAO-PADRONIZADO,FIDC,https://www.liberumratings.com.br/detalhes-ativo/28713
2026-09-25,AEG 4 FUNDOS DE INVESTIMENTO EM DIREITOS CREDITÓRIOS DE RESPONSABILIDADE LIMITADA,FIDC,https://www.liberumratings.com.br/detalhes-ativo/28700
2026-09-25,FUNDO DE INVESTIMENTO EM DIREITOS CREDITÓRIOS AGORA TELECOM,FIDC,https://www.liberumratings.com.br/detalhes-ativo/28705
2026-09-25,FINTRUST FUNDO DE INVESTIMENTO EM DIREITOS CREDITÓRIOS RESPONSABILIDADE LIMITADA,FIDC,https://www.liberumratings.com.br/detalhes-ativo/28676
2026-09-25,GPR FUNDO DE INVESTIMENTO EM DIREITOS CREDITORIOS,FIDC,https://www.liberumratings.com.br/detalhes-ativo/28680
2026-09-25,BMA FUNDO DE INVESTIMENTO EM DIREITOS CREDITORIOS MULTISSETORIAL,FIDC,https://www.liberumratings.com.br/detalhes-ativo/28703
2026-09-25,FRUIT CREEK CRÉDITOS JUDICIAIS FUNDO DE INVESTIMENTO EM DIREITOS CREDITÓRIOS,FIDC,https://www.liberumratings.com.br/detalhes-ativo/28699
2026-09-25,FUNDO DE INVESTIMENTO EM DIREITOS CREDITÓRIOS CONCRÉDITO II RESPONSABILIDADE LIMITADA,FIDC,https://www.liberumratings.com.br/detalhes-ativo/28679
2026-09-25,FUNDO DE INVESTIMENTO EM DIREITOS CREDITÓRIOS POUPACRED RESPONSABILIDADE  ILIMITADA,FIDC,https://www.liberumratings.com.br/detalhes-ativo/28678
2026-09-25,ACL NP FUNDO DE INVESTIMENTO EM DIREITOS CREDITORIOS NAO PADRONIZADOS,FIDC,https://www.liberumratings.com.br/detalhes-ativo/28665
2026-09-25,FUNDO DE INVESTIMENTO EM DIREITOS CREDITÓRIOS CONCRÉDITO DE RESPONSABILIDADE ILIMITADA,FIDC,https://www.liberumratings.com.br/detalhes-ativo/28677
2026-09-25,FUNDO DE INVESTIMENTO EM DIREITOS CREDITORIOS SANTA CRUZ CAPITAL,FIDC,https://www.liberumratings.com.br/detalhes-ativo/28694
2026-09-25,Fundo de Investimento em Direitos Creditórios Empírica Mezzo Saúde,FIDC,https://www.liberumratings.com.br/detalhes-ativo/28693
2026-09-25,Fundo de Investimento Em Direitos Creditórios Empírica Oportuna Precatórios Federais,FIDC,https://www.liberumratings.com.br/detalhes-ativo/28692
2026-09-25,FUNDO DE INVESTIMENTO EM DIREITOS CREDITÓRIOS EMPÍRICA HOME EQUITY,FIDC,https://www.liberumratings.com.br/detalhes-ativo/28691
2026-09-25,Fundo de Investimento em Direitos Creditórios Energia Solar,FIDC,https://www.liberumratings.com.br/detalhes-ativo/28688
2026-09-25,CONDOCONTA FUNDO DE INVESTIMENTO EM DIREITOS CREDITORIOS NAO-PADRONIZADO,FIDC,https://www.liberumratings.com.br/detalhes-ativo/28685
2026-09-25,FUNDO DE INVESTIMENTO EM DIREITOS CREDITÓRIOS PAGBEM,FIDC,https://www.liberumratings.com.br/detalhes-ativo/28695
2026-09-25,Reag Special Situation Fundo de Investimento em Direitos Creditórios Padronizados Aberto,FIDC,https://www.liberumratings.com.br/detalhes-ativo/28687
2026-09-25,FUNDO DE INVESTIMENTO EM DIREITOS CREDITÓRIOS ASAAS,FIDC,https://www.liberumratings.com.br/detalhes-ativo/28690
2026-09-25,JGP ESTRUTURADOS III FUNDO DE INVESTIMENTO EM DIREITOS CREDITORIOS,FIDC,https://www.liberumratings.com.br/detalhes-ativo/28689
2026-09-25,JGP ESTRUTURADOS FUNDO DE INVESTIMENTO EM DIREITOS CREDITÓRIOS – RESPONSABILIDADE LIMITADA,FIDC,https://www.liberumratings.com.br/detalhes-ativo/28684
2026-09-25,Fundo de Investimento em Direitos Creditórios Kovi I,FIDC,https://www.liberumratings.com.br/detalhes-ativo/28686
2026-09-25,Violin 8432 (2) Créditos Judiciais Fundo de Investimento em Direitos Creditórios Não-Padronizados,FIDC,https://www.liberumratings.com.br/detalhes-ativo/28683
2026-09-25,PORTLAND CRÉDITOS JUDICIAIS FUNDO DE INVESTIMENTO EM DIREITOS CREDITÓRIOS,FIDC,https://www.liberumratings.com.br/detalhes-ativo/28682
2026-09-25,OKNO 1 FUNDO DE INVESTIMENTO EM DIREITOS CREDITÓRIOS,FIDC,https://www.liberumratings.com.br/detalhes-ativo/28374
2026-09-25,LIBRA FUNDO DE INVESTIMENTO EM DIREITOS CREDITÓRIOS MULTISSETORIAL,FIDC,https://www.liberumratings.com.br/detalhes-ativo/28664
2026-09-25,FAMA FUNDO DE INVESTIMENTO EM DIREITOS CREDITÓRIOS,FIDC,https://www.liberumratings.com.br/detalhes-ativo/28668
2026-09-25,ESTÍMULO BRASIL FUNDO DE INVESTIMENTO EM DIREITOS CREDITÓRIOS IS DE RESPONSABILIDADE LIMITADA,FIDC,https://www.liberumratings.com.br/detalhes-ativo/28662
2026-09-25,SELLOR FUNDO DE INVESTIMENTO EM DIREITOS CREDITORIOS MULTISSETORIAL,FIDC,https://www.liberumratings.com.br/detalhes-ativo/28674
2026-09-25,CENTRUM FUNDO DE INVESTIMENTO EM DIREITOS CREDITORIOS,FIDC,https://www.liberumratings.com.br/detalhes-ativo/28669
2026-09-25,ALGARVE MEDITERRÂNEO FUNDO DE INVESTIMENTO EM DIREITOS CREDITÓRIOS NÃO PADRONIZADOS,FIDC,https://www.liberumratings.com.br/detalhes-ativo/28671
2026-09-25,JC 4870 VI FUNDO DE INVESTIMENTO EM DIREITOS CREDITORIOS NAO PADRONIZADOS FIDC-NP,FIDC,https://www.liberumratings.com.br/detalhes-ativo/28666
2026-09-25,JC Diversificado III Fundo de Investimento em Direitos Creditórios Não-Padronizado,FIDC,https://www.liberumratings.com.br/detalhes-ativo/28667
2026-09-25,JC 4870 V FUNDO DE INVESTIMENTO EM DIREITOS CREDITÓRIOS NÃO PADRONIZADOS - FIDC-NP,FIDC,https://www.liberumratings.com.br/detalhes-ativo/28663
2026-09-25,INVISTA ATIVOS ALTERNATIVOS I FUNDO DE INVESTIMENTO EM DIREITOS CREDITÓRIOS,FIDC,https://www.liberumratings.com.br/detalhes-ativo/28660
2026-09-25,UA FUNDO DE INVESTIMENTO EM DIREITOS CREDITÓRIOS NÃO-PADRONIZADOS,FIDC,https://www.liberumratings.com.br/detalhes-ativo/28659
2026-09-25,AGHI FUNDO DE INVESTIMENTO EM DIREITOS CREDITÓRIOS NÃO-PADRONIZADOS,FIDC,https://www.liberumratings.com.br/detalhes-ativo/28658
2026-09-25,AGROFORTE - FUNDO DE INVESTIMENTO NAS CADEIAS PRODUTIVAS AGROINDUSTRIAIS - RESPONSABILIDADE LIMITADA,FIDC,https://www.liberumratings.com.br/detalhes-ativo/28657
2026-09-25,SGC UT FIDC NP,FIDC,https://www.liberumratings.com.br/detalhes-ativo/28656
2026-09-25,FUNDO DE INVESTIMENTO EM DIREITOS CREDITÓRIOS LF I – SEGMENTO FINANCEIRO – RESPONSABILIDADE LIMITADA,FIDC,https://www.liberumratings.com.br/detalhes-ativo/28646
2026-09-25,FUNDO DE INVESTIMENTO EM DIREITOS CREDITÓRIOS GENIAL MULTI CONSIGNADOS II RESPONSABILIDADE LIMITADA,FIDC,https://www.liberumratings.com.br/detalhes-ativo/28654
2026-09-25,ACELERA VAREJO FUNDO DE INVESTIMENTO EM DIREITOS CREDITORIOS,FIDC,https://www.liberumratings.com.br/detalhes-ativo/28647
2026-09-25,ÁRTICO MIDDLE CORPORATE FUNDO DE INVESTIMENTO EM DIREITOS CREDITÓRIOS,FIDC,https://www.liberumratings.com.br/detalhes-ativo/28637
2026-09-25,GPR FUNDO DE INVESTIMENTO EM DIREITOS CREDITORIOS,FIDC,https://www.liberumratings.com.br/detalhes-ativo/28652
2026-09-25,BOREAL I FUNDO DE INVESTIMENTO EM DIREITOS CREDITORIOS  - RESPONSABILIDADE LIMITADA,FIDC,https://www.liberumratings.com.br/detalhes-ativo/28635
2026-09-25,DCASH FUNDO DE INVESTIMENTO EM COTAS DE FUNDOS DE INVESTIMENTO EM DIREITOS CREDITÓRIOS,FIDC,https://www.liberumratings.com.br/detalhes-ativo/28639
2026-09-25,SF4 FUNDO DE INVESTIMENTO EM DIREITOS CREDITORIOS RESPONSABILIDADE LIMITADA,FIDC,https://www.liberumratings.com.br/detalhes-ativo/28650
2026-09-25,SF4 FUNDO DE INVESTIMENTO EM DIREITOS CREDITORIOS RESPONSABILIDADE LIMITADA,FIDC,https://www.liberumratings.com.br/detalhes-ativo/28648
2026-09-25,GALAPAGOS WM FUNDO DE INVESTIMENTO EM DIREITOS CREDITÓRIOS,FIDC,https://www.liberumratings.com.br/detalhes-ativo/28649
2026-09-25,MULTI RECEBÍVEIS III FUNDO DE INVESTIMENTO EM DIREITOS CREDITÓRIOS,FIDC,https://www.liberumratings.com.br/detalhes-ativo/28618
2026-09-25,MS MULTI FUNDO DE INVESTIMENTO EM DIREITOS CREDITÓRIOS,FIDC,https://www.liberumratings.com.br/detalhes-ativo/28630
2026-09-25,RIDOLFINVEST 2  FUNDO DE INVESTIMENTO EM DIREITOS CREDITÓRIOS NÃO PADRONIZADOS RESPONSABILIDADE LIMITADA,FIDC,https://www.liberumratings.com.br/detalhes-ativo/28638
2026-09-25,ELDORADO FUNDO DE INVESTIMENTO EM DIREITOS CREDITÓRIOS NÃO-PADRONIZADOS,FIDC,https://www.liberumratings.com.br/detalhes-ativo/28636
2026-09-25,MULTI RECEBÍVEIS II FUNDO DE INVESTIMENTO EM DIREITOS CREDITÓRIOS MULTISEGMENTOS,FIDC,https://www.liberumratings.com.br/detalhes-ativo/28617
2026-09-25,CITY 02 FUNDO DE INVESTIMENTO EM DIREITOS CREDITÓRIOS NÃO PADRONIZADOS RESPONSABILIDADE ILIMITADA,FIDC,https://www.liberumratings.com.br/detalhes-ativo/28643
2026-09-25,LCBANK FUNDO DE INVESTIMENTO EM DIREITOS CREDITORIOS NAO PADRONIZADOS,FIDC,https://www.liberumratings.com.br/detalhes-ativo/28633
2026-09-25,ALGARVE MEDITERRÂNEO FUNDO DE INVESTIMENTO EM DIREITOS CREDITÓRIOS NÃO PADRONIZADOS,FIDC,https://www.liberumratings.com.br/detalhes-ativo/28644
2026-09-25,SIGMA CREDIT FEEDER FUNDO DE INVESTIMENTO EM DIREITOS CREDITÓRIOS,FIDC,https://www.liberumratings.com.br/detalhes-ativo/28642
2026-09-25,NO STRESS FUNDO DE INVESTIMENTO EM DIREITOS CREDITORIOS NAO PADRONIZADOS,FIDC,https://www.liberumratings.com.br/detalhes-ativo/28645
2026-09-25,RUBI FUNDO DE INVESTIMENTO EM DIREITOS CREDITORIOS MULTISETORIAL RESPONSABILIDADE LIMITADA,FIDC,https://www.liberumratings.com.br/detalhes-ativo/28634
2026-09-25,ALUME FUNDO DE INVESTIMENTO EM DIREITOS CREDITORIOS - RESPONSABILIDADE LIMITADA,FIDC,https://www.liberumratings.com.br/detalhes-ativo/28632
2026-09-25,GAIA Fundo de Investimento em Direitos Creditorios Não Padronizados,FIDC,https://www.liberumratings.com.br/detalhes-ativo/28624
2026-09-25,D'ORO CAPITAL FUNDO DE INVESTIMENTO EM DIREITOS CREDITORIOS CRÉDITO CORPORATIVO RESPONSABILIDADE LIMITADA,FIDC,https://www.liberumratings.com.br/detalhes-ativo/28625
2026-09-25,Fundo de Investimento Em Direitos Creditórios Empírica Oportuna Precatórios Federais,FIDC,https://www.liberumratings.com.br/detalhes-ativo/28610
2026-09-25,AUDAX CAPITAL FUNDO DE INVESTIMENTO EM DIREITOS CREDITORIOS,FIDC,https://www.liberumratings.com.br/detalhes-ativo/28627
2026-09-25,MACCA CONSIGNADO PUBLICO FUNDO DE INVESTIMENTO EM DIREITOS CREDITORIOS RESPONSABILIDADE LIMITADA,FIDC,https://www.liberumratings.com.br/detalhes-ativo/28631
2026-09-25,Fundo de Investimento em Direitos Creditórios Não Padronizados Sifra Performance,FIDC,https://www.liberumratings.com.br/detalhes-ativo/28629
2026-09-25,SIGMA CREDIT FUNDO DE INVESTIMENTO EM DIREITOS CREDITORIOS,FIDC,https://www.liberumratings.com.br/detalhes-ativo/28623
2026-09-25,FUNDO DE INVESTIMENTO EM DIREITOS CREDITORIOS IRON CAPITAL MEUCASHCARD,FIDC,https://www.liberumratings.com.br/detalhes-ativo/28552
2026-09-25,VIA CAPITAL ADAMANTUS FUNDO DE INVESTIMENTO EM DIREITOS CREDITORIOS MULTISSETORIAL,FIDC,https://www.liberumratings.com.br/detalhes-ativo/28628
2026-09-25,AGROFORTE - FUNDO DE INVESTIMENTO NAS CADEIAS PRODUTIVAS AGROINDUSTRIAIS - RESPONSABILIDADE LIMITADA,FIDC,https://www.liberumratings.com.br/detalhes-ativo/28592
2026-09-25,LIBRA FUNDO DE INVESTIMENTO EM DIREITOS CREDITÓRIOS MULTISSETORIAL,FIDC,https://www.liberumratings.com.br/detalhes-ativo/28616
2026-09-25,LIBRA II FUNDO DE INVESTIMENTO EM DIREITOS CREDITÓRIOS MULTISSETORIAL,FIDC,https://www.liberumratings.com.br/detalhes-ativo/28615
2026-09-25,CITY 02 FUNDO DE INVESTIMENTO EM DIREITOS CREDITÓRIOS NÃO PADRONIZADOS RESPONSABILIDADE ILIMITADA,FIDC,https://www.liberumratings.com.br/detalhes-ativo/28609
2026-09-25,Basso Fundo de Investimento em Direitos Creditórios,FIDC,https://www.liberumratings.com.br/detalhes-ativo/28620
2026-09-25,SANTIAGO HOME EQUITY FUNDO DE INVESTIMENTO EM DIREITOS  CREDITÓRIOS,FIDC,https://www.liberumratings.com.br/detalhes-ativo/28600
2026-09-25,Fundo de Investimento em Direitos Creditórios Energia Solar,FIDC,https://www.liberumratings.com.br/detalhes-ativo/28622
2026-09-25,SPS ALGARVE DELTA CRÉDITOS JUDICIAIS FUNDO DE INVESTIMENTO EM  DIREITOS CREDITÓRIOS DE RESPONSABILIDADE LIMITADA,FIDC,https://www.liberumratings.com.br/detalhes-ativo/28619
2026-09-25,JGM LP FUNDO DE INVESTIMENTO EM DIREITOS CREDITÓRIOS MULTISSETORIAL,FIDC,https://www.liberumratings.com.br/detalhes-ativo/28614
2026-09-25,FUNDO DE INVESTIMENTO EM DIREITOS CREDITÓRIOS EMPÍRICA HOME EQUITY,FIDC,https://www.liberumratings.com.br/detalhes-ativo/28599
2026-09-25,SIFRA LP FUNDO DE INVESTIMENTO EM DIREITOS CREDITORIOS,FIDC,https://www.liberumratings.com.br/detalhes-ativo/28595
2026-09-25,CITY FUNDO DE INVESTIMENTO EM DIREITOS CREDITÓRIOS NÃO PADRONIZADO,FIDC,https://www.liberumratings.com.br/detalhes-ativo/28611
2026-09-25,RCL3X FIAGRO - DIREITOS CREDITÓRIOS,FIDC,https://www.liberumratings.com.br/detalhes-ativo/28613
2026-09-25,Fundo de Investimento em Direitos Creditórios Kovi I,FIDC,https://www.liberumratings.com.br/detalhes-ativo/28612
2026-09-25,911 MULTIESTRATÉGIA FUNDO DE INVESTIMENTO EM DIREITOS CREDITÓRIOS,FIDC,https://www.liberumratings.com.br/detalhes-ativo/28608
2026-09-25,SQUID FUNDO DE INVESTIMENTO EM DIRETOS CREDITÓRIOS,FIDC,https://www.liberumratings.com.br/detalhes-ativo/28597
2026-09-25,FUNDO DE INVESTIMENTO EM DIREITOS CREDITÓRIOS GOAL RJ,FIDC,https://www.liberumratings.com.br/detalhes-ativo/28607
2026-09-25,FUNDO DE INVESTIMENTO EM DIREITOS CREDITÓRIOS ZIPDIN I,FIDC,https://www.liberumratings.com.br/detalhes-ativo/28604
2026-09-25,ESTADO DE ISRAEL,Finanças Públicas,https://www.liberumratings.com.br/detalhes-ativo/28563
2026-09-25,D'ORO CAPITAL FUNDO DE INVESTIMENTO EM DIREITOS CREDITORIOS CRÉDITO CORPORATIVO RESPONSABILIDADE LIMITADA,FIDC,https://www.liberumratings.com.br/detalhes-ativo/28551
2026-09-25,NANBAN II FUNDO DE INVESTIMENTO EM DIREITOS CREDITÓRIOS RESPONSABILIDADE LIMITADA,FIDC,https://www.liberumratings.com.br/detalhes-ativo/28603
2026-09-25,CREDIT PARTNERS FUNDO DE INVESTIMENTO EM DIREITO CREDITORIOS,FIDC,https://www.liberumratings.com.br/detalhes-ativo/28602
2026-09-25,MORIAH - FUNDO DE INVESTIMENTOS EM DIREITOS CREDITORIOS,FIDC,https://www.liberumratings.com.br/detalhes-ativo/28601
2026-09-25,FINTRUST FUNDO DE INVESTIMENTO EM DIREITOS CREDITÓRIOS RESPONSABILIDADE LIMITADA,FIDC,https://www.liberumratings.com.br/detalhes-ativo/28596
2026-09-25,ARGENTA FUNDO DE INVESTIMENTO EM DIREITOS CREDITORIOS MERCANTIS DE RESPONSABILIDADE LIMITADA,FIDC,https://www.liberumratings.com.br/detalhes-ativo/28593
2026-09-25,BARCELONA FUNDO DE INVESTIMENTO EM DIREITOS CREDITORIOS,FIDC,https://www.liberumratings.com.br/detalhes-ativo/28589
2026-09-25,OPERA FUNDO DE INVESTIMENTO EM DIREITOS CREDITORIOS MULTISETORIAL,FIDC,https://www.liberumratings.com.br/detalhes-ativo/28482
2026-09-25,B4 TRUST FUNDO DE INVESTIMENTO EM DIREITOS CREDITORIOS,FIDC,https://www.liberumratings.com.br/detalhes-ativo/28235
2026-09-25,LUMY FUNDO DE INVESTIMENTO EM DIREITOS CREDITORIOS NAO-PADRONIZADO RESPONSABILIDADE LIMITADA,FIDC,https://www.liberumratings.com.br/detalhes-ativo/28570
2026-09-25,NPL SN FUNDO DE INVESTIMENTO EM DIREITOS CREDITORIOS RESPONSABILIDADE LIMITADA,FIDC,https://www.liberumratings.com.br/detalhes-ativo/28598
2026-09-25,RCL3X FIAGRO - DIREITOS CREDITÓRIOS,FIDC,https://www.liberumratings.com.br/detalhes-ativo/28434
2026-09-25,BMA FUNDO DE INVESTIMENTO EM DIREITOS CREDITORIOS MULTISSETORIAL,FIDC,https://www.liberumratings.com.br/detalhes-ativo/28587
2026-09-25,BANFITA FUNDO DE INVESTIMENTO EM DIREITOS CREDITORIOS MULTISSETORIAL,FIDC,https://www.liberumratings.com.br/detalhes-ativo/28594
2026-09-25,FUNDO DE INVESTIMENTO EM DIREITOS CREDITÓRIOS GOAL RJ,FIDC,https://www.liberumratings.com.br/detalhes-ativo/28580
2026-09-25,AFA CREDIT OPPORTUNITY FUNDO DE INVESTIMENTO EM DIREITOS CREDITORIOS,FIDC,https://www.liberumratings.com.br/detalhes-ativo/28590
2026-09-25,KEYCASH HOME EQUITY FUNDO DE INVESTIMENTO EM DIREITOS CREDITÓRIOS,FIDC,https://www.liberumratings.com.br/detalhes-ativo/28591
2026-09-25,Harpia Fundo de Investimentos em Direitos Creditórios,FIDC,https://www.liberumratings.com.br/detalhes-ativo/28571
2026-09-25,B4 TRUST FUNDO DE INVESTIMENTO EM DIREITOS CREDITORIOS,FIDC,https://www.liberumratings.com.br/detalhes-ativo/28578
2026-09-25,EOS FUNDO DE INVESTIMENTO EM DIREITOS CREDITORIOS WH,FIDC,https://www.liberumratings.com.br/detalhes-ativo/28588
2026-09-25,HT3 FUNDO DE INVESTIMENTO EM DIREITOS CREDITÓRIOS RESPONSABILIDADE LIMITADA,FIDC,https://www.liberumratings.com.br/detalhes-ativo/28586
2026-09-25,FUNDO DE INVESTIMENTO EM DIREITOS CREDITÓRIOS PREMIER,FIDC,https://www.liberumratings.com.br/detalhes-ativo/28583
2026-09-25,IRLA FUNDO DE INVESTIMENTO EM DIREITOS CREDITORIOS MULTISSETORIAL,FIDC,https://www.liberumratings.com.br/detalhes-ativo/28584
2026-09-25,Brazilian Securities Cia. de Securitização,CRI,https://www.liberumratings.com.br/detalhes-ativo/28582
2026-09-25,VERSATILE FUNDO DE INVESTIMENTO EM DIREITOS CREDITÓRIOS RESPONSABILIDADE LIMITADA,FIDC,https://www.liberumratings.com.br/detalhes-ativo/28573
2026-09-25,CONSIGA MAIS FUNDO DE INVESTIMENTO EM DIREITOS CREDITÓRIOS,FIDC,https://www.liberumratings.com.br/detalhes-ativo/28575
2026-09-25,FUNDO DE INVESTIMENTO EM DIREITOS CREDITÓRIOS FINANCEIROS FACTA CONSIGNADO INSS DE RESPONSABILIDADE LIMITADA,FIDC,https://www.liberumratings.com.br/detalhes-ativo/28581
2026-09-25,HT3 FUNDO DE INVESTIMENTO EM DIREITOS CREDITÓRIOS RESPONSABILIDADE LIMITADA,FIDC,https://www.liberumratings.com.br/detalhes-ativo/28510
2026-09-25,LARCA CONSIGNADO III FUNDO DE INVESTIMENTO EM DIREITOS CREDITORIOS - RESPONSABILIDADE LIMITADA,FIDC,https://www.liberumratings.com.br/detalhes-ativo/28569
2026-09-25,GFM FUNDO DE INVESTIMENTO EM DIREITOS CREDITORIOS MULTICREDITO,FIDC,https://www.liberumratings.com.br/detalhes-ativo/28545
2026-09-25,FUNDO DE INVESTIMENTO EM DIREITOS CREDITÓRIOS CONCRÉDITO II RESPONSABILIDADE LIMITADA,FIDC,https://www.liberumratings.com.br/detalhes-ativo/28560
2026-09-25,FUNDO DE INVESTIMENTO EM DIREITOS CREDITÓRIOS CONCRÉDITO DE RESPONSABILIDADE ILIMITADA,FIDC,https://www.liberumratings.com.br/detalhes-ativo/28559
2026-09-25,FUNDO DE INVESTIMENTO EM DIREITOS CREDITÓRIOS POUPACRED RESPONSABILIDADE  ILIMITADA,FIDC,https://www.liberumratings.com.br/detalhes-ativo/28558
2026-09-25,STARS BANK FUNDO DE INVESTIMENTO EM DIREITOS CREDITORIOS LP,FIDC,https://www.liberumratings.com.br/detalhes-ativo/28579
2026-09-25,NEB FUNDO DE INVESTIMENTO EM DIREITOS CREDITÓRIOS RESPONSABILIDADE LIMITADA,FIDC,https://www.liberumratings.com.br/detalhes-ativo/28577
2026-09-25,BH FUNDO DE INVESTIMENTO EM DIREITOS CREDITÓRIOS,FIDC,https://www.liberumratings.com.br/detalhes-ativo/28576
2026-09-25,TITAN FUNDO DE INVESTIMENTO EM DIREITOS CREDITORIOS,FIDC,https://www.liberumratings.com.br/detalhes-ativo/28574
2026-09-25,MORIAH - FUNDO DE INVESTIMENTOS EM DIREITOS CREDITORIOS,FIDC,https://www.liberumratings.com.br/detalhes-ativo/28556
2026-09-25,MULTIPLIK FUNDO DE INVESTIMENTO EM DIREITOS CREDITÓRIOS MULTISSETORIAL LP,FIDC,https://www.liberumratings.com.br/detalhes-ativo/28562
2026-09-25,R&G FUNDO DE INVESTIMENTO EM DIREITOS CREDITÓRIOS MULTISEGMENTOS,FIDC,https://www.liberumratings.com.br/detalhes-ativo/28548
2026-09-25,ADICIONAL - FUNDO DE INVESTIMENTO EM DIREITOS CREDITÓRIOS MULTISEGMENTOS,FIDC,https://www.liberumratings.com.br/detalhes-ativo/28572
2026-09-25,COOPERA FUNDO DE INVESTIMENTO EM DIREITOS CREDITORIOS RESPONSABILIDADE LIMITADA,FIDC,https://www.liberumratings.com.br/detalhes-ativo/28472
2026-09-25,FUNDO DE INVESTIMENTO EM DIREITOS CREDITÓRIOS CONSIGNADO Q1,FIDC,https://www.liberumratings.com.br/detalhes-ativo/28546
2026-09-25,Lotus Performance Fundo de Investimento em Direitos Creditórios Multissetorial LP,FIDC,https://www.liberumratings.com.br/detalhes-ativo/28555
2026-09-25,FRADINHO N FUNDO DE INVESTIMENTO EM DIREITOS CREDITÓRIOS RESPONSABILIDADE LIMITADA,FIDC,https://www.liberumratings.com.br/detalhes-ativo/28565
2026-09-25,CREDIT PARTNERS FUNDO DE INVESTIMENTO EM DIREITO CREDITORIOS,FIDC,https://www.liberumratings.com.br/detalhes-ativo/28542
2026-09-25,FUNDO DE INVESTIMENTO EM DIREITOS CREDITÓRIOS PAGBEM,FIDC,https://www.liberumratings.com.br/detalhes-ativo/28566
2026-09-25,LARCA CONSIGNADO II FUNDO DE INVESTIMENTO EM DIREITOS CREDITÓRIOS RESPONSABILIDADE LIMITADA,FIDC,https://www.liberumratings.com.br/detalhes-ativo/28534
2026-09-25,LARCA CONSIGNADO FUNDO DE INVESTIMENTO EM DIREITOS CREDITORIOS RESPONSABILIDADE LIMITADA,FIDC,https://www.liberumratings.com.br/detalhes-ativo/28538
2026-09-25,AUDAX CAPITAL FUNDO DE INVESTIMENTO EM DIREITOS CREDITORIOS,FIDC,https://www.liberumratings.com.br/detalhes-ativo/28568
2026-09-25,KOBOLD H FUNDO DE INVESTIMENTO EM DIREITOS CREDITÓRIOS RESPONSABILIDADE LIMITADA,FIDC,https://www.liberumratings.com.br/detalhes-ativo/28567
2026-09-25,FUNDO DE INVESTIMENTO EM DIREITOS CREDITORIOS SABIA CREDIT,FIDC,https://www.liberumratings.com.br/detalhes-ativo/28564
2026-09-25,HOPE I FUNDO DE INVESTIMENTO EM DIREITOS CREDITÓRIOS MULTISSEGMENTOS,FIDC,https://www.liberumratings.com.br/detalhes-ativo/28537
2026-09-25,Sifra Plus Multissegmento Fundo de Investimento em Direitos Creditórios,FIDC,https://www.liberumratings.com.br/detalhes-ativo/28514
2026-09-25,RDF Fundo de Investimento em Direitos Creditórios,FIDC,https://www.liberumratings.com.br/detalhes-ativo/28557
2026-09-25,SEJA FUNDO DE INVESTIMENTO EM DIREITOS CREDITÓRIOS,FIDC,https://www.liberumratings.com.br/detalhes-ativo/28544
2026-09-25,AURI FUNDO DE INVESTIMENTO EM DIREITOS CREDITORIOS RESPONSABILIDADE LIMITADA,FIDC,https://www.liberumratings.com.br/detalhes-ativo/28550
2026-09-25,STARS BANK FUNDO DE INVESTIMENTO EM DIREITOS CREDITORIOS LP,FIDC,https://www.liberumratings.com.br/detalhes-ativo/28535
2026-09-25,K2 FUNDO DE INVESTIMENTO EM DIREITOS CREDITORIOS,FIDC,https://www.liberumratings.com.br/detalhes-ativo/28481
2026-09-25,MILAS FUNDO DE INVESTIMENTO EM DIREITOS CREDITÓRIOS NÃO PADRONIZADOS RESPONSABILIDADE LIMITADA,FIDC,https://www.liberumratings.com.br/detalhes-ativo/28554
2026-09-25,MGW ATIVOS FUNDO DE INVESTIMENTO EM DIREITOS CREDITÓRIOS RESPONSABILIDADE LIMITADA,FIDC,https://www.liberumratings.com.br/detalhes-ativo/28553
2026-09-25,WFR FUNDO DE INVESTIMENTO EM DIREITOS CREDITORIOS MULTISSETORIAL,FIDC,https://www.liberumratings.com.br/detalhes-ativo/28540
2026-09-25,ELDORADO FUNDO DE INVESTIMENTO EM DIREITOS CREDITÓRIOS NÃO-PADRONIZADOS,FIDC,https://www.liberumratings.com.br/detalhes-ativo/28549
2026-09-25,Fundo de Investimento em Direitos Creditórios Empírica Mezzo Saúde,FIDC,https://www.liberumratings.com.br/detalhes-ativo/28547
2026-09-25,VIA CAPITAL ARTEMUS FUNDO DE INVESTIMENTO EM DIREITOS CREDITÓRIOS MULTISSETORIAL,FIDC,https://www.liberumratings.com.br/detalhes-ativo/28512
2026-09-25,ESTÍMULO BRASIL FUNDO DE INVESTIMENTO EM DIREITOS CREDITÓRIOS IS DE RESPONSABILIDADE LIMITADA,FIDC,https://www.liberumratings.com.br/detalhes-ativo/28543
2026-09-25,FACTA FINANCEIRA S.A.,Empresa,https://www.liberumratings.com.br/detalhes-ativo/28180
2026-09-25,Fundo de Investimento em Direitos Creditórios Multissetorial DB 18,FIDC,https://www.liberumratings.com.br/detalhes-ativo/28497
2026-09-25,LITUS FUNDO DE INVESTIMENTO EM DIREITOS CREDITÓRIOS MULTISEGMENTOS,FIDC,https://www.liberumratings.com.br/detalhes-ativo/28519
2026-09-25,HUBCRED FUNDO DE INVESTIMENTO EM DIREITOS CREDITORIOS,FIDC,https://www.liberumratings.com.br/detalhes-ativo/28539
2026-09-25,VECTOR FUNDO DE INVESTIMENTO EM DIREITOS CREDITÓRIOS MULTISSETORIAL,FIDC,https://www.liberumratings.com.br/detalhes-ativo/28541
2026-09-25,FUNDO DE INVESTIMENTO EM DIREITOS CREDITÓRIOS AGORA TELECOM,FIDC,https://www.liberumratings.com.br/detalhes-ativo/28526
2026-09-25,MOKA FUND I FUNDO DE INVESTIMENTO EM DIREITOS CREDITÓRIOS,FIDC,https://www.liberumratings.com.br/detalhes-ativo/28515
2026-09-25,PINARELLO FUNDO DE INVESTIMENTO EM DIREITOS CREDITÓRIOS RESPONSABILIDADE LIMITADA,FIDC,https://www.liberumratings.com.br/detalhes-ativo/28536
2026-09-25,DIRETA CAPITAL FUNDO DE INVESTIMENTO EM DIREITOS CREDITÓRIOS MULTISETORIAL DE CLASSE ÚNICA FECHADA,FIDC,https://www.liberumratings.com.br/detalhes-ativo/28527
2026-09-25,AURUM - FUNDO DE INVESTIMENTO EM DIREITOS CREDITORIOS MULTISSETORIAL LP,FIDC,https://www.liberumratings.com.br/detalhes-ativo/28533
2026-09-25,DCASH FUNDO DE INVESTIMENTO EM DIREITOS CREDITORIOS,FIDC,https://www.liberumratings.com.br/detalhes-ativo/28504
2026-09-25,NEB FUNDO DE INVESTIMENTO EM DIREITOS CREDITÓRIOS RESPONSABILIDADE LIMITADA,FIDC,https://www.liberumratings.com.br/detalhes-ativo/28532
2026-09-25,SAN PRECA FEDERAL I FUNDO DE INVESTIMENTO EM DIREITOS CREDITÓRIOS – RESPONSABILIDADE LIMITADA,FIDC,https://www.liberumratings.com.br/detalhes-ativo/28531
2026-09-25,JC 4870 II FUNDO DE INVESTIMENTO EM DIREITOS CREDITÓRIOS NÃO-PADRONIZADOS,FIDC,https://www.liberumratings.com.br/detalhes-ativo/28530
2026-09-25,C3E CRÉDITOS JUDICIAIS FUNDO DE INVESTIMENTO EM COTAS DE FUNDOS DE INVESTIMENTO EM DIREITOS CREDITÓRIOS DE RESPONSABILIDADE LIMITADA,FIDC,https://www.liberumratings.com.br/detalhes-ativo/28529
2026-09-25,JC 4870 FUNDO DE INVESTIMENTO EM DIREITOS CREDITÓRIOS - NÃO PADRONIZADO,FIDC,https://www.liberumratings.com.br/detalhes-ativo/28528
2026-09-25,FAMA FUNDO DE INVESTIMENTO EM DIREITOS CREDITÓRIOS,FIDC,https://www.liberumratings.com.br/detalhes-ativo/28462
2026-09-25,REALINVEST FUNDO DE INVESTIMENTO EM DIREITOS CREDITORIOS,FIDC,https://www.liberumratings.com.br/detalhes-ativo/28517
2026-09-25,DELTA FUNDO DE INVESTIMENTO EM DIREITOS CREDITÓRIOS MULTISEGMENTOS,FIDC,https://www.liberumratings.com.br/detalhes-ativo/28513
2026-09-25,JC 4870 VI FUNDO DE INVESTIMENTO EM DIREITOS CREDITORIOS NAO PADRONIZADOS FIDC-NP,FIDC,https://www.liberumratings.com.br/detalhes-ativo/28525
2026-09-25,C3E CRÉDITOS JUDICIAIS FUNDO DE INVESTIMENTO EM DIREITOS CREDITÓRIOS DE RESPONSABILIDADE LIMITADA,FIDC,https://www.liberumratings.com.br/detalhes-ativo/28524
2026-09-25,SATURNO FUNDO DE INVESTIMENTO EM DIREITOS CREDITORIOS,FIDC,https://www.liberumratings.com.br/detalhes-ativo/28520
2026-09-25,METROPOLITANA ATIVOS FUNDO DE INVESTIMENTO EM DIREITOS CREDITÓRIOS MULTISSETORIAL LP,FIDC,https://www.liberumratings.com.br/detalhes-ativo/28518
2026-09-25,Garson Fundo de Investimento em Direitos Creditórios,FIDC,https://www.liberumratings.com.br/detalhes-ativo/28523
2026-09-25,MALMO FICFIDC-NP,FIDC,https://www.liberumratings.com.br/detalhes-ativo/28522
2026-09-25,SF4 FUNDO DE INVESTIMENTO EM DIREITOS CREDITORIOS RESPONSABILIDADE LIMITADA,FIDC,https://www.liberumratings.com.br/detalhes-ativo/28506
2026-09-25,MR FUNDO DE INVESTIMENTO EM DIREITOS CREDITÓRIOS,FIDC,https://www.liberumratings.com.br/detalhes-ativo/28509
2026-09-25,SILVER STONE FUNDO DE INVESTIMENTO EM DIREITOS CREDITÓRIOS MULTISSETORIAL,FIDC,https://www.liberumratings.com.br/detalhes-ativo/28511
2026-09-25,VENTURA FUNDO DE INVESTIMENTO EM DIREITOS CREDITORIOS,FIDC,https://www.liberumratings.com.br/detalhes-ativo/28516
2026-09-25,CAPITAL FINANÇAS FUNDO DE INVESTIMENTO EM DIREITOS CREDITORIOS,FIDC,https://www.liberumratings.com.br/detalhes-ativo/28500
2026-09-25,INVISTA ATIVOS ALTERNATIVOS I FUNDO DE INVESTIMENTO EM DIREITOS CREDITÓRIOS,FIDC,https://www.liberumratings.com.br/detalhes-ativo/28502
2026-09-25,DIP FINANCING 11 FUNDO DE INVESTIMENTO EM DIREITOS CREDITORIOS NAO-PADRONIZADOS,FIDC,https://www.liberumratings.com.br/detalhes-ativo/28503
2026-09-25,LGX FUNDO DE INVESTIMENTO EM DIREITOS CREDITÓRIOS – RESPONSABILIDADE LIMITADA,FIDC,https://www.liberumratings.com.br/detalhes-ativo/28488
2026-09-25,PINE LIFT I CARTÃO INSS FUNDO DE INVESTIMENTO EM DIREITOS CREDITÓRIOS – RESPONSABILIDADE LIMITADA,FIDC,https://www.liberumratings.com.br/detalhes-ativo/28444
2026-09-25,Violin 8432 (2) Créditos Judiciais Fundo de Investimento em Direitos Creditórios Não-Padronizados,FIDC,https://www.liberumratings.com.br/detalhes-ativo/28494
2026-09-25,SC FUNDO DE INVESTIMENTO EM DIREITOS CREDITÓRIOS,FIDC,https://www.liberumratings.com.br/detalhes-ativo/28492
2026-09-25,GRIF CRÉDITO PULVERIZADO FUNDO DE INVESTIMENTO EM DIREITOS CREDITÓRIOS RESPONSABILIDADE LIMITADA,FIDC,https://www.liberumratings.com.br/detalhes-ativo/28495
2026-09-25,QANTIC IONIQ FUNDO DE INVESTIMENTO EM DIREITOS CREDITÓRIOS,FIDC,https://www.liberumratings.com.br/detalhes-ativo/28496
2026-09-25,INVISTA III FUNDO DE INVESTIMENTO EM DIREITOS CREDITÓRIOS – RESPONSABILIDADE LIMITADA,FIDC,https://www.liberumratings.com.br/detalhes-ativo/28490
2026-09-25,JC Diversificado III Fundo de Investimento em Direitos Creditórios Não-Padronizado,FIDC,https://www.liberumratings.com.br/detalhes-ativo/28498
2026-09-25,SG IV LOCAL ATIVOS JUDICIAIS FUNDO DE  INVESTIMENTO EM COTAS DE FUNDOS DE INVESTIMENTO EM DIREITOS  CREDITÓRIOS,FIDC,https://www.liberumratings.com.br/detalhes-ativo/28499
2026-09-25,JGM LP FUNDO DE INVESTIMENTO EM DIREITOS CREDITÓRIOS MULTISSETORIAL,FIDC,https://www.liberumratings.com.br/detalhes-ativo/28485
2026-09-25,GARSON CARD FUNDO DE INVESTIMENTO EM DIREITOS CREDITORIOS RESPONSABILIDADE LIMITADA,FIDC,https://www.liberumratings.com.br/detalhes-ativo/28489
2026-09-25,GARSON BR FUNDO DE INVESTIMENTO EM DIREITOS CREDITORIOS RESPONSABILIDADE LIMITADA,FIDC,https://www.liberumratings.com.br/detalhes-ativo/28491
2026-09-25,FUNDO DE INVESTIMENTO EM DIREITOS CREDITÓRIOS ASAAS,FIDC,https://www.liberumratings.com.br/detalhes-ativo/28493
2026-09-25,CERUS FUNDO DE INVESTIMENTO EM DIREITOS CREDITORIOS,FIDC,https://www.liberumratings.com.br/detalhes-ativo/28480
2026-09-25,SPS ALGARVE DELTA CRÉDITOS JUDICIAIS FUNDO DE INVESTIMENTO EM  DIREITOS CREDITÓRIOS DE RESPONSABILIDADE LIMITADA,FIDC,https://www.liberumratings.com.br/detalhes-ativo/28487
2026-09-25,AEG 4 FUNDOS DE INVESTIMENTO EM DIREITOS CREDITÓRIOS DE RESPONSABILIDADE LIMITADA,FIDC,https://www.liberumratings.com.br/detalhes-ativo/28486
2026-09-25,Fundo de Investimentos em Direitos Creditórios Multissetorial ONE7 LP,FIDC,https://www.liberumratings.com.br/detalhes-ativo/28469
2026-09-25,FUNDO DE INVESTIMENTO EM DIREITOS CREDITORIOS ONIX PRIME,FIDC,https://www.liberumratings.com.br/detalhes-ativo/28474
2026-09-25,IRLA FUNDO DE INVESTIMENTO EM DIREITOS CREDITORIOS MULTISSETORIAL,FIDC,https://www.liberumratings.com.br/detalhes-ativo/28478
2026-09-25,JGP ESTRUTURADOS FUNDO DE INVESTIMENTO EM DIREITOS CREDITÓRIOS – RESPONSABILIDADE LIMITADA,FIDC,https://www.liberumratings.com.br/detalhes-ativo/28484
2026-09-25,JGP ESTRUTURADOS III FUNDO DE INVESTIMENTO EM DIREITOS CREDITORIOS,FIDC,https://www.liberumratings.com.br/detalhes-ativo/28483
2026-09-25,IGNIS CAPITAL FUNDO DE INVESTIMENTO EM DIREITOS CREDITÓRIOS,FIDC,https://www.liberumratings.com.br/detalhes-ativo/28470
2026-09-25,SG II A Fundo De Investimento Em Cotas De Fundos De Investimento Em Direitos Creditorios Nao-Padronizados,FIDC,https://www.liberumratings.com.br/detalhes-ativo/28468
2026-09-25,Fundo de Investimentos em Direitos Creditórios Premium Solis,FIDC,https://www.liberumratings.com.br/detalhes-ativo/28473
2026-09-25,CONDOCONTA FUNDO DE INVESTIMENTO EM DIREITOS CREDITORIOS NAO-PADRONIZADO,FIDC,https://www.liberumratings.com.br/detalhes-ativo/28461
2026-09-25,SELLOR FUNDO DE INVESTIMENTO EM DIREITOS CREDITORIOS MULTISSETORIAL,FIDC,https://www.liberumratings.com.br/detalhes-ativo/28477
2026-09-25,CENTRUM FUNDO DE INVESTIMENTO EM DIREITOS CREDITORIOS,FIDC,https://www.liberumratings.com.br/detalhes-ativo/28476
2026-09-25,NOVA CAPITAL FUNDO DE INVESTIMENTO EM DIREITOS CREDITORIOS,FIDC,https://www.liberumratings.com.br/detalhes-ativo/28452
2026-09-25,SIFRA ENERGY PODIUM FUNDO DE INVESTIMENTO EM DIREITOS CREDITORIOS,FIDC,https://www.liberumratings.com.br/detalhes-ativo/28471
2026-09-25,ACL NP FUNDO DE INVESTIMENTO EM DIREITOS CREDITORIOS NAO PADRONIZADOS,FIDC,https://www.liberumratings.com.br/detalhes-ativo/28475
2026-09-25,JC Créditos Judiciais Fundo de Investimento em Direitos Creditórios Não-Padronizados,FIDC,https://www.liberumratings.com.br/detalhes-ativo/28466
2026-09-25,SG III Fundo de Investimento em Cotas de Fundo de Investimento em Direitos Creditório - NP,FIDC,https://www.liberumratings.com.br/detalhes-ativo/28465
2026-09-25,GAIA Fundo de Investimento em Direitos Creditorios Não Padronizados,FIDC,https://www.liberumratings.com.br/detalhes-ativo/28467
2026-09-25,INOVA CREDTECH III FIDC SEGMENTO MULTICARTEIRA DE RESPONSABILIDADE LIMITADA,FIDC,https://www.liberumratings.com.br/detalhes-ativo/28446
2026-09-25,PORTLAND CRÉDITOS JUDICIAIS FUNDO DE INVESTIMENTO EM DIREITOS CREDITÓRIOS,FIDC,https://www.liberumratings.com.br/detalhes-ativo/28464
2026-09-25,FRUIT CREEK CRÉDITOS JUDICIAIS FUNDO DE INVESTIMENTO EM DIREITOS CREDITÓRIOS,FIDC,https://www.liberumratings.com.br/detalhes-ativo/28463
2026-09-25,LARCA CAPITAL FUNDO DE INVESTIMENTO EM DIREITOS CREDITÓRIOS RESPONSABILIDADE LIMITADA,FIDC,https://www.liberumratings.com.br/detalhes-ativo/28445
2026-09-25,MT FUNDO DE INVESTIMENTO EM DIREITOS CREDITORIOS NAO PADRONIZADOS,FIDC,https://www.liberumratings.com.br/detalhes-ativo/28448
2026-09-25,JC Créditos Judiciais Fundo de Investimento em Direitos Creditórios Não-Padronizados,FIDC,https://www.liberumratings.com.br/detalhes-ativo/28460
2026-09-25,BH FUNDO DE INVESTIMENTO EM DIREITOS CREDITÓRIOS,FIDC,https://www.liberumratings.com.br/detalhes-ativo/28459
2026-09-25,SGC UT FIDC NP,FIDC,https://www.liberumratings.com.br/detalhes-ativo/28457
2026-09-25,UA FUNDO DE INVESTIMENTO EM DIREITOS CREDITÓRIOS NÃO-PADRONIZADOS,FIDC,https://www.liberumratings.com.br/detalhes-ativo/28455
2026-09-25,AGHI FUNDO DE INVESTIMENTO EM DIREITOS CREDITÓRIOS NÃO-PADRONIZADOS,FIDC,https://www.liberumratings.com.br/detalhes-ativo/28456
2026-09-25,SG JC III FIC FIDC NP,FIDC,https://www.liberumratings.com.br/detalhes-ativo/28454
2026-09-25,JC 4870 V FUNDO DE INVESTIMENTO EM DIREITOS CREDITÓRIOS NÃO PADRONIZADOS - FIDC-NP,FIDC,https://www.liberumratings.com.br/detalhes-ativo/28453
2026-09-25,JC SILOS FUNDO DE INVESTIMENTO EM DIREITOS CREDITÓRIOS NÃO-PADRONIZADO,FIDC,https://www.liberumratings.com.br/detalhes-ativo/28451
2026-09-25,Reag Special Situation Fundo de Investimento em Direitos Creditórios Padronizados Aberto,FIDC,https://www.liberumratings.com.br/detalhes-ativo/28450
2026-09-25,FUNDO DE INVESTIMENTO EM DIREITOS CREDITORIOS SANTA CRUZ CAPITAL,FIDC,https://www.liberumratings.com.br/detalhes-ativo/28449
2026-09-25,DIRETA CAPITAL FUNDO DE INVESTIMENTO EM DIREITOS CREDITÓRIOS MULTISETORIAL DE CLASSE ÚNICA FECHADA,FIDC,https://www.liberumratings.com.br/detalhes-ativo/28433
2026-09-25,LARCA CONSIGNADO FUNDO DE INVESTIMENTO EM DIREITOS CREDITORIOS RESPONSABILIDADE LIMITADA,FIDC,https://www.liberumratings.com.br/detalhes-ativo/28441
2026-09-25,LARCA CONSIGNADO II FUNDO DE INVESTIMENTO EM DIREITOS CREDITÓRIOS RESPONSABILIDADE LIMITADA,FIDC,https://www.liberumratings.com.br/detalhes-ativo/28442
2026-09-25,Fundo de Investimento em Direitos Creditórios Energia Solar,FIDC,https://www.liberumratings.com.br/detalhes-ativo/28443
2026-09-25,FUNDO DE INVESTIMENTO EM DIREITOS CREDITÓRIOS CONCRÉDITO II RESPONSABILIDADE LIMITADA,FIDC,https://www.liberumratings.com.br/detalhes-ativo/28439
2026-09-25,PREMIUM RECEBÍVEIS I MULTISSETORIAL FUNDO DE INVESTIMENTO EM DIREITOS CREDITÓRIOS,FIDC,https://www.liberumratings.com.br/detalhes-ativo/27779
2026-09-25,Fundo de Investimento em Direitos Creditórios Kovi I,FIDC,https://www.liberumratings.com.br/detalhes-ativo/28440
2026-09-25,RIDOLFINVEST 2  FUNDO DE INVESTIMENTO EM DIREITOS CREDITÓRIOS NÃO PADRONIZADOS RESPONSABILIDADE LIMITADA,FIDC,https://www.liberumratings.com.br/detalhes-ativo/28424
2026-09-25,INVISTA ATIVOS ALTERNATIVOS I FUNDO DE INVESTIMENTO EM DIREITOS CREDITÓRIOS,FIDC,https://www.liberumratings.com.br/detalhes-ativo/28260
2026-09-25,ACELERA VAREJO FUNDO DE INVESTIMENTO EM DIREITOS CREDITORIOS,FIDC,https://www.liberumratings.com.br/detalhes-ativo/28437
2026-09-25,RDF Fundo de Investimento em Direitos Creditórios,FIDC,https://www.liberumratings.com.br/detalhes-ativo/28376
2026-09-25,Credit Brasil Fundo de Investimento em Direitos Creditórios Multissetorial Master,FIDC,https://www.liberumratings.com.br/detalhes-ativo/28438
2026-09-25,CREDIT PARTNERS FUNDO DE INVESTIMENTO EM DIREITO CREDITORIOS,FIDC,https://www.liberumratings.com.br/detalhes-ativo/28236
2026-09-25,LGX FUNDO DE INVESTIMENTO EM DIREITOS CREDITÓRIOS – RESPONSABILIDADE LIMITADA,FIDC,https://www.liberumratings.com.br/detalhes-ativo/28326
2026-09-25,Credit Brasil Fundo de Investimento em Direitos Creditórios Multissetorial Master,FIDC,https://www.liberumratings.com.br/detalhes-ativo/28435
2026-09-25,GALAPAGOS WM FUNDO DE INVESTIMENTO EM DIREITOS CREDITÓRIOS,FIDC,https://www.liberumratings.com.br/detalhes-ativo/28427
2026-09-25,W CAPITAL I - FUNDO DE INVESTIMENTO EM DIREITOS CREDITÓRIOS,FIDC,https://www.liberumratings.com.br/detalhes-ativo/28432
2026-09-25,FUNDO DE INVESTIMENTO EM DIREITOS CREDITÓRIOS ZIPDIN I,FIDC,https://www.liberumratings.com.br/detalhes-ativo/28420
2026-09-25,VENTURA FUNDO DE INVESTIMENTO EM DIREITOS CREDITORIOS,FIDC,https://www.liberumratings.com.br/detalhes-ativo/28431
2026-09-25,SIGMA CREDIT FEEDER FUNDO DE INVESTIMENTO EM DIREITOS CREDITÓRIOS,FIDC,https://www.liberumratings.com.br/detalhes-ativo/28425
2026-09-25,CENTRUM FUNDO DE INVESTIMENTO EM DIREITOS CREDITORIOS,FIDC,https://www.liberumratings.com.br/detalhes-ativo/28276
2026-09-25,911 MULTIESTRATÉGIA FUNDO DE INVESTIMENTO EM DIREITOS CREDITÓRIOS,FIDC,https://www.liberumratings.com.br/detalhes-ativo/28378
2026-09-25,SEJA FUNDO DE INVESTIMENTO EM DIREITOS CREDITÓRIOS,FIDC,https://www.liberumratings.com.br/detalhes-ativo/28416
2026-09-25,COBANSA COMPANHIA HIPOTECARIA,Empresa,https://www.liberumratings.com.br/detalhes-ativo/28414
2026-09-25,AUDAX CAPITAL FUNDO DE INVESTIMENTO EM DIREITOS CREDITORIOS,FIDC,https://www.liberumratings.com.br/detalhes-ativo/28429
2026-09-25,CRESTONE I FUNDO DE INVESTIMENTO EM DIREITOS CREDITÓRIOS,FIDC,https://www.liberumratings.com.br/detalhes-ativo/28430
2026-09-25,Fundo de Investimento Em Direitos Creditórios Empírica Oportuna Precatórios Federais,FIDC,https://www.liberumratings.com.br/detalhes-ativo/28421
2026-09-25,SELLOR FUNDO DE INVESTIMENTO EM DIREITOS CREDITORIOS MULTISSETORIAL,FIDC,https://www.liberumratings.com.br/detalhes-ativo/28428
2026-09-25,SANTIAGO HOME EQUITY FUNDO DE INVESTIMENTO EM DIREITOS  CREDITÓRIOS,FIDC,https://www.liberumratings.com.br/detalhes-ativo/28410
2026-09-25,SIGMA CREDIT FUNDO DE INVESTIMENTO EM DIREITOS CREDITORIOS,FIDC,https://www.liberumratings.com.br/detalhes-ativo/28419
2026-09-25,Reag Special Situation Fundo de Investimento em Direitos Creditórios Padronizados Aberto,FIDC,https://www.liberumratings.com.br/detalhes-ativo/28426
2026-09-25,TOPCRED FUNDO DE INVESTIMENTO EM DIREITOS CREDITORIOS,FIDC,https://www.liberumratings.com.br/detalhes-ativo/28350
2026-09-25,ALUME FUNDO DE INVESTIMENTO EM DIREITOS CREDITORIOS,FIDC,https://www.liberumratings.com.br/detalhes-ativo/28152
2026-09-25,MACCA CONSIGNADO PUBLICO FUNDO DE INVESTIMENTO EM DIREITOS CREDITORIOS RESPONSABILIDADE LIMITADA,FIDC,https://www.liberumratings.com.br/detalhes-ativo/28162
2026-09-25,JC Diversificado VI Fundo de Investimento em Direitos Creditorios Não-Padronizado,FIDC,https://www.liberumratings.com.br/detalhes-ativo/28423
2026-09-25,ALGARVE MEDITERRÂNEO FUNDO DE INVESTIMENTO EM DIREITOS CREDITÓRIOS NÃO PADRONIZADOS,FIDC,https://www.liberumratings.com.br/detalhes-ativo/28422
2026-09-25,FUNDO DE INVESTIMENTO EM DIREITOS CREDITÓRIOS EMPÍRICA HOME EQUITY,FIDC,https://www.liberumratings.com.br/detalhes-ativo/28377
2026-09-25,True Securitizadora S.A,CRI,https://www.liberumratings.com.br/detalhes-ativo/28412
2026-09-25,SQUID FUNDO DE INVESTIMENTO EM DIRETOS CREDITÓRIOS,FIDC,https://www.liberumratings.com.br/detalhes-ativo/28359
2026-09-25,TAYA FGTS FUNDO DE INVESTIMENTO EM DIREITOS CREDITORIOS  RESPONSABILIDADE LIMITADA,FIDC,https://www.liberumratings.com.br/detalhes-ativo/28418
2026-09-25,Virgo Companhia de Securitização S.A,CRI,https://www.liberumratings.com.br/detalhes-ativo/28415
2026-09-25,True Securitizadora S.A,CRI,https://www.liberumratings.com.br/detalhes-ativo/28413
2026-09-25,PINARELLO FUNDO DE INVESTIMENTO EM DIREITOS CREDITÓRIOS RESPONSABILIDADE LIMITADA,FIDC,https://www.liberumratings.com.br/detalhes-ativo/28417
2026-09-25,FUNDO DE INVESTIMENTO EM DIREITOS CREDITÓRIOS GENIAL MULTI CONSIGNADOS II RESPONSABILIDADE LIMITADA,FIDC,https://www.liberumratings.com.br/detalhes-ativo/28397
2026-09-25,AURI FUNDO DE INVESTIMENTO EM DIREITOS CREDITORIOS RESPONSABILIDADE LIMITADA,FIDC,https://www.liberumratings.com.br/detalhes-ativo/28360
2026-09-25,SILVER STONE FUNDO DE INVESTIMENTO EM DIREITOS CREDITÓRIOS MULTISSETORIAL,FIDC,https://www.liberumratings.com.br/detalhes-ativo/28411
2026-09-25,CONDOCONTA FUNDO DE INVESTIMENTO EM DIREITOS CREDITORIOS NAO-PADRONIZADO,FIDC,https://www.liberumratings.com.br/detalhes-ativo/28398
2026-09-25,MULTI RECEBÍVEIS II FUNDO DE INVESTIMENTO EM DIREITOS CREDITÓRIOS MULTISEGMENTOS,FIDC,https://www.liberumratings.com.br/detalhes-ativo/28399
2026-09-25,FUNDO DE INVESTIMENTO EM DIREITOS CREDITÓRIOS FINANCEIROS FACTA CONSIGNADO INSS DE RESPONSABILIDADE LIMITADA,FIDC,https://www.liberumratings.com.br/detalhes-ativo/28406
2026-09-25,LIBRA FUNDO DE INVESTIMENTO EM DIREITOS CREDITÓRIOS MULTISSETORIAL,FIDC,https://www.liberumratings.com.br/detalhes-ativo/28407
2026-09-25,Garson Fundo de Investimento em Direitos Creditórios,FIDC,https://www.liberumratings.com.br/detalhes-ativo/28392
2026-09-25,TAYA FGTS FUNDO DE INVESTIMENTO EM DIREITOS CREDITORIOS  RESPONSABILIDADE LIMITADA,FIDC,https://www.liberumratings.com.br/detalhes-ativo/27746
2026-09-25,GARSON CARD FUNDO DE INVESTIMENTO EM DIREITOS CREDITORIOS RESPONSABILIDADE LIMITADA,FIDC,https://www.liberumratings.com.br/detalhes-ativo/28408
2026-09-25,TAYA FGTS FUNDO DE INVESTIMENTO EM DIREITOS CREDITORIOS  RESPONSABILIDADE LIMITADA,FIDC,https://www.liberumratings.com.br/detalhes-ativo/28171
2026-09-25,TAYA FGTS FUNDO DE INVESTIMENTO EM DIREITOS CREDITORIOS  RESPONSABILIDADE LIMITADA,FIDC,https://www.liberumratings.com.br/detalhes-ativo/27983
2026-09-25,MOBIUS TOTAL RETURN 1 - FUNDO DE INVESTIMENTO EM DIREITOS CREDITORIOS,FIDC,https://www.liberumratings.com.br/detalhes-ativo/28404
2026-09-25,MOBIUS VD TOTAL RETURN 1 - FUNDO DE INVESTIMENTO EM DIREITOS CREDITORIOS,FIDC,https://www.liberumratings.com.br/detalhes-ativo/28403
2026-09-25,TAYA FGTS FUNDO DE INVESTIMENTO EM DIREITOS CREDITORIOS  RESPONSABILIDADE LIMITADA,FIDC,https://www.liberumratings.com.br/detalhes-ativo/28400
2026-09-25,Mav Alternative Credit Fundo de Investimento em Direitos Creditórios Não-Padronizados,FIDC,https://www.liberumratings.com.br/detalhes-ativo/28402
2026-09-25,FUNDO DE INVESTIMENTO EM DIREITOS CREDITÓRIOS CONSIGNADO Q1,FIDC,https://www.liberumratings.com.br/detalhes-ativo/28366
2026-09-25,VERSATILE FUNDO DE INVESTIMENTO EM DIREITOS CREDITÓRIOS RESPONSABILIDADE LIMITADA,FIDC,https://www.liberumratings.com.br/detalhes-ativo/28349
2026-09-25,INTRABANK FUNDO DE INVESTIMENTO EM DIREITOS CREDITÓRIOS RESPONSABILIDADE ILIMITADA,FIDC,https://www.liberumratings.com.br/detalhes-ativo/28395
2026-09-25,Fundo de Investimento em Direitos Creditórios Empírica Recarga Virtual,FIDC,https://www.liberumratings.com.br/detalhes-ativo/28064
2026-09-25,Habitasec Securitizadora S.A,CRI,https://www.liberumratings.com.br/detalhes-ativo/28363
2026-09-25,R&G FUNDO DE INVESTIMENTO EM DIREITOS CREDITÓRIOS MULTISEGMENTOS,FIDC,https://www.liberumratings.com.br/detalhes-ativo/28373
2026-09-25,LITUS FUNDO DE INVESTIMENTO EM DIREITOS CREDITÓRIOS MULTISEGMENTOS,FIDC,https://www.liberumratings.com.br/detalhes-ativo/28346
2026-09-25,CITY FUNDO DE INVESTIMENTO EM DIREITOS CREDITÓRIOS NÃO PADRONIZADO,FIDC,https://www.liberumratings.com.br/detalhes-ativo/28393
2026-09-25,KEYCASH HOME EQUITY FUNDO DE INVESTIMENTO EM DIREITOS CREDITÓRIOS,FIDC,https://www.liberumratings.com.br/detalhes-ativo/28386
2026-09-25,PAGOL FUNDO DE INVESTIMENTO EM DIREITOS CREDITORIOS,FIDC,https://www.liberumratings.com.br/detalhes-ativo/28383
2026-09-25,TMOV FUNDO DE INVESTIMENTO EM DIREITOS CREDITORIOS,FIDC,https://www.liberumratings.com.br/detalhes-ativo/28391
2026-09-25,BARCELONA FUNDO DE INVESTIMENTO EM DIREITOS CREDITORIOS,FIDC,https://www.liberumratings.com.br/detalhes-ativo/28396
2026-09-25,FUNDO DE INVESTIMENTO EM DIREITOS CREDITORIOS SANTA CRUZ CAPITAL,FIDC,https://www.liberumratings.com.br/detalhes-ativo/28380
2026-09-25,JGM LP FUNDO DE INVESTIMENTO EM DIREITOS CREDITÓRIOS MULTISSETORIAL,FIDC,https://www.liberumratings.com.br/detalhes-ativo/28381
2026-09-25,C+ VALORA FUNDO DE INVESTIMENTO EM DIREITOS CREDITÓRIOS,FIDC,https://www.liberumratings.com.br/detalhes-ativo/28388
2026-09-25,FUNDO DE INVESTIMENTO EM DIREITOS CREDITÓRIOS AGORA TELECOM,FIDC,https://www.liberumratings.com.br/detalhes-ativo/28394
2026-09-25,HT3 FUNDO DE INVESTIMENTO EM DIREITOS CREDITÓRIOS RESPONSABILIDADE LIMITADA,FIDC,https://www.liberumratings.com.br/detalhes-ativo/28390
2026-09-25,CITY 02 FUNDO DE INVESTIMENTO EM DIREITOS CREDITÓRIOS NÃO PADRONIZADOS RESPONSABILIDADE ILIMITADA,FIDC,https://www.liberumratings.com.br/detalhes-ativo/28384
2026-09-25,GRIF CRÉDITO PULVERIZADO FUNDO DE INVESTIMENTO EM DIREITOS CREDITÓRIOS RESPONSABILIDADE LIMITADA,FIDC,https://www.liberumratings.com.br/detalhes-ativo/28389
2026-09-25,VECTOR FUNDO DE INVESTIMENTO EM DIREITOS CREDITÓRIOS MULTISSETORIAL,FIDC,https://www.liberumratings.com.br/detalhes-ativo/28336
2026-09-25,Fundo de Investimento em Direitos Creditórios Empírica Mezzo Saúde,FIDC,https://www.liberumratings.com.br/detalhes-ativo/28209
2026-09-25,MGW ATIVOS FUNDO DE INVESTIMENTO EM DIREITOS CREDITÓRIOS RESPONSABILIDADE LIMITADA,FIDC,https://www.liberumratings.com.br/detalhes-ativo/28387
2026-09-25,LARCA CAPITAL FUNDO DE INVESTIMENTO EM DIREITOS CREDITÓRIOS RESPONSABILIDADE LIMITADA,FIDC,https://www.liberumratings.com.br/detalhes-ativo/28283
2026-09-25,MULTIPLIK FUNDO DE INVESTIMENTO EM DIREITOS CREDITÓRIOS MULTISSETORIAL LP,FIDC,https://www.liberumratings.com.br/detalhes-ativo/28356
2026-09-25,CONSIGA MAIS FUNDO DE INVESTIMENTO EM DIREITOS CREDITÓRIOS,FIDC,https://www.liberumratings.com.br/detalhes-ativo/28372
2026-09-25,AURUM - FUNDO DE INVESTIMENTO EM DIREITOS CREDITORIOS MULTISSETORIAL LP,FIDC,https://www.liberumratings.com.br/detalhes-ativo/28371
2026-09-25,FUNDO DE INVESTIMENTO EM DIREITOS CREDITÓRIOS PAGBEM,FIDC,https://www.liberumratings.com.br/detalhes-ativo/28385
2026-09-25,LIBRA II FUNDO DE INVESTIMENTO EM DIREITOS CREDITÓRIOS MULTISSETORIAL,FIDC,https://www.liberumratings.com.br/detalhes-ativo/28328
2026-09-25,GARSON BR FUNDO DE INVESTIMENTO EM DIREITOS CREDITORIOS RESPONSABILIDADE LIMITADA,FIDC,https://www.liberumratings.com.br/detalhes-ativo/28379
2026-09-25,LARCA CONSIGNADO III FUNDO DE INVESTIMENTO EM DIREITOS CREDITORIOS - RESPONSABILIDADE LIMITADA,FIDC,https://www.liberumratings.com.br/detalhes-ativo/28368
2026-09-25,FUNDO DE INVESTIMENTO EM DIREITOS CREDITÓRIOS GOAL RJ,FIDC,https://www.liberumratings.com.br/detalhes-ativo/27472
2026-09-25,FUNDO DE INVESTIMENTO EM DIREITOS CREDITÓRIOS ASAAS,FIDC,https://www.liberumratings.com.br/detalhes-ativo/28369
2026-09-25,DIRETA CAPITAL FUNDO DE INVESTIMENTO EM DIREITOS CREDITÓRIOS MULTISETORIAL DE CLASSE ÚNICA FECHADA,FIDC,https://www.liberumratings.com.br/detalhes-ativo/28113
2026-09-25,GFM FUNDO DE INVESTIMENTO EM DIREITOS CREDITORIOS MULTICREDITO,FIDC,https://www.liberumratings.com.br/detalhes-ativo/28375
2026-09-25,Harpia Fundo de Investimentos em Direitos Creditórios,FIDC,https://www.liberumratings.com.br/detalhes-ativo/28370
2026-09-25,KEYCASH HOME EQUITY FUNDO DE INVESTIMENTO EM DIREITOS CREDITÓRIOS,FIDC,https://www.liberumratings.com.br/detalhes-ativo/28358
2026-09-25,Basso Fundo de Investimento em Direitos Creditórios,FIDC,https://www.liberumratings.com.br/detalhes-ativo/28292
2026-09-25,WFR FUNDO DE INVESTIMENTO EM DIREITOS CREDITORIOS MULTISSETORIAL,FIDC,https://www.liberumratings.com.br/detalhes-ativo/28362
2026-09-25,FINTRUST FUNDO DE INVESTIMENTO EM DIREITOS CREDITÓRIOS RESPONSABILIDADE LIMITADA,FIDC,https://www.liberumratings.com.br/detalhes-ativo/28357
2026-09-25,FUNDO DE INVESTIMENTO EM DIREITOS CREDITORIOS SABIA CREDIT,FIDC,https://www.liberumratings.com.br/detalhes-ativo/28266
2026-09-25,VIA CAPITAL ADAMANTUS FUNDO DE INVESTIMENTO EM DIREITOS CREDITORIOS MULTISSETORIAL,FIDC,https://www.liberumratings.com.br/detalhes-ativo/28348
2026-09-25,EOS FUNDO DE INVESTIMENTO EM DIREITOS CREDITORIOS WH,FIDC,https://www.liberumratings.com.br/detalhes-ativo/28355
2026-09-25,SF4 FUNDO DE INVESTIMENTO EM DIREITOS CREDITORIOS RESPONSABILIDADE LIMITADA,FIDC,https://www.liberumratings.com.br/detalhes-ativo/28361
2026-09-25,CAPITAL FINANÇAS FUNDO DE INVESTIMENTO EM DIREITOS CREDITORIOS,FIDC,https://www.liberumratings.com.br/detalhes-ativo/28206
2026-09-25,FUNDO DE INVESTIMENTO EM DIREITOS CREDITÓRIOS ANGÁ SABEMI CONSIGNADOS VII - RESPONSABILIDADE LIMITADA,FIDC,https://www.liberumratings.com.br/detalhes-ativo/28364
2026-09-25,COOPERA FUNDO DE INVESTIMENTO EM DIREITOS CREDITORIOS RESPONSABILIDADE LIMITADA,FIDC,https://www.liberumratings.com.br/detalhes-ativo/26992
2026-09-25,Fundo de Investimentos em Direitos Creditórios Premium Solis,FIDC,https://www.liberumratings.com.br/detalhes-ativo/28256
2026-09-25,FUNDO DE INVESTIMENTO EM DIREITOS CREDITÓRIOS ANGÁ SABEMI CONSIGNADOS VII - RESPONSABILIDADE LIMITADA,FIDC,https://www.liberumratings.com.br/detalhes-ativo/28347
2026-09-25,Lotus Performance Fundo de Investimento em Direitos Creditórios Multissetorial LP,FIDC,https://www.liberumratings.com.br/detalhes-ativo/28345
2026-09-25,ARGENTA FUNDO DE INVESTIMENTO EM DIREITOS CREDITORIOS MERCANTIS DE RESPONSABILIDADE LIMITADA,FIDC,https://www.liberumratings.com.br/detalhes-ativo/28353
2026-09-25,CRESTONE I FUNDO DE INVESTIMENTO EM DIREITOS CREDITÓRIOS,FIDC,https://www.liberumratings.com.br/detalhes-ativo/28352
2026-09-25,DELTA FUNDO DE INVESTIMENTO EM DIREITOS CREDITÓRIOS MULTISEGMENTOS,FIDC,https://www.liberumratings.com.br/detalhes-ativo/28351
2026-09-25,MLC 1A - FUNDO DE INVESTIMENTO EM DIREITOS CREDITÓRIOS - RESPONSABILIDADE LIMITADA,FIDC,https://www.liberumratings.com.br/detalhes-ativo/28354
2026-09-25,FRADINHO N FUNDO DE INVESTIMENTO EM DIREITOS CREDITÓRIOS RESPONSABILIDADE LIMITADA,FIDC,https://www.liberumratings.com.br/detalhes-ativo/28289
2026-09-25,METROPOLITANA ATIVOS FUNDO DE INVESTIMENTO EM DIREITOS CREDITÓRIOS MULTISSETORIAL LP,FIDC,https://www.liberumratings.com.br/detalhes-ativo/28339
2026-09-25,VIA CAPITAL ARTEMUS FUNDO DE INVESTIMENTO EM DIREITOS CREDITÓRIOS MULTISSETORIAL,FIDC,https://www.liberumratings.com.br/detalhes-ativo/28295
2026-09-25,FUNDO DE INVESTIMENTO EM DIREITOS CREDITÓRIOS ANGÁ SABEMI CONSIGNADOS VI - RESPONSABILIDADE LIMITADA,FIDC,https://www.liberumratings.com.br/detalhes-ativo/28343
2026-09-25,FUNDO DE INVESTIMENTO EM DIREITOS CREDITÓRIOS PREMIER,FIDC,https://www.liberumratings.com.br/detalhes-ativo/28344
2026-09-25,ÁRTICO MIDDLE CORPORATE FUNDO DE INVESTIMENTO EM DIREITOS CREDITÓRIOS,FIDC,https://www.liberumratings.com.br/detalhes-ativo/28313
2026-09-25,FUNDO DE INVESTIMENTO EM DIREITOS CREDITORIOS ONIX PRIME,FIDC,https://www.liberumratings.com.br/detalhes-ativo/28340
2026-09-25,SG II A Fundo De Investimento Em Cotas De Fundos De Investimento Em Direitos Creditorios Nao-Padronizados,FIDC,https://www.liberumratings.com.br/detalhes-ativo/28342
2026-09-25,U.NIC FUNDO DE INVESTIMENTO EM DIREITOS CREDITÓRIOS,FIDC,https://www.liberumratings.com.br/detalhes-ativo/28281
2026-09-25,LIBRA FUNDO DE INVESTIMENTO EM DIREITOS CREDITÓRIOS MULTISSETORIAL,FIDC,https://www.liberumratings.com.br/detalhes-ativo/28338
2026-09-25,MILAS FUNDO DE INVESTIMENTO EM DIREITOS CREDITÓRIOS NÃO PADRONIZADOS RESPONSABILIDADE LIMITADA,FIDC,https://www.liberumratings.com.br/detalhes-ativo/28341
2026-09-25,D'ORO CAPITAL FUNDO DE INVESTIMENTO EM DIREITOS CREDITORIOS CRÉDITO CORPORATIVO RESPONSABILIDADE LIMITADA,FIDC,https://www.liberumratings.com.br/detalhes-ativo/28337
2026-09-25,Violin 8432 (2) Créditos Judiciais Fundo de Investimento em Direitos Creditórios Não-Padronizados,FIDC,https://www.liberumratings.com.br/detalhes-ativo/28335
2026-09-25,REALINVEST FUNDO DE INVESTIMENTO EM DIREITOS CREDITORIOS,FIDC,https://www.liberumratings.com.br/detalhes-ativo/28315
2026-09-25,AFA CREDIT OPPORTUNITY FUNDO DE INVESTIMENTO EM DIREITOS CREDITORIOS,FIDC,https://www.liberumratings.com.br/detalhes-ativo/28312
2026-09-25,STARS BANK FUNDO DE INVESTIMENTO EM DIREITOS CREDITORIOS LP,FIDC,https://www.liberumratings.com.br/detalhes-ativo/28087
2026-09-25,FUNDO DE INVESTIMENTO EM DIREITOS CREDITÓRIOS GOAL RJ,FIDC,https://www.liberumratings.com.br/detalhes-ativo/28327
2026-09-25,MOKA FUND I FUNDO DE INVESTIMENTO EM DIREITOS CREDITÓRIOS,FIDC,https://www.liberumratings.com.br/detalhes-ativo/28330
2026-09-25,BANFITA FUNDO DE INVESTIMENTO EM DIREITOS CREDITORIOS MULTISSETORIAL,FIDC,https://www.liberumratings.com.br/detalhes-ativo/28172
2026-09-25,FUNDO DE INVESTIMENTO EM DIREITOS CREDITÓRIOS CONCRÉDITO DE RESPONSABILIDADE ILIMITADA,FIDC,https://www.liberumratings.com.br/detalhes-ativo/28308
2026-09-25,FUNDO DE INVESTIMENTO EM DIREITOS CREDITÓRIOS POUPACRED RESPONSABILIDADE  ILIMITADA,FIDC,https://www.liberumratings.com.br/detalhes-ativo/28307
2026-09-25,MULTI RECEBÍVEIS III FUNDO DE INVESTIMENTO EM DIREITOS CREDITÓRIOS,FIDC,https://www.liberumratings.com.br/detalhes-ativo/28286
2026-09-25,OPERA FUNDO DE INVESTIMENTO EM DIREITOS CREDITORIOS MULTISETORIAL,FIDC,https://www.liberumratings.com.br/detalhes-ativo/28290
2026-09-25,Sifra Plus Multissegmento Fundo de Investimento em Direitos Creditórios,FIDC,https://www.liberumratings.com.br/detalhes-ativo/28303
2026-09-25,DCASH FUNDO DE INVESTIMENTO EM DIREITOS CREDITORIOS,FIDC,https://www.liberumratings.com.br/detalhes-ativo/28305
2026-09-25,HUBCRED FUNDO DE INVESTIMENTO EM DIREITOS CREDITORIOS,FIDC,https://www.liberumratings.com.br/detalhes-ativo/28331
2026-09-25,FUNDO DE INVESTIMENTO EM DIREITOS CREDITÓRIOS LF I – SEGMENTO FINANCEIRO – RESPONSABILIDADE LIMITADA,FIDC,https://www.liberumratings.com.br/detalhes-ativo/28333
2026-09-25,SAN PRECA FEDERAL I FUNDO DE INVESTIMENTO EM DIREITOS CREDITÓRIOS – RESPONSABILIDADE LIMITADA,FIDC,https://www.liberumratings.com.br/detalhes-ativo/28334
2026-09-25,KOBOLD H FUNDO DE INVESTIMENTO EM DIREITOS CREDITÓRIOS RESPONSABILIDADE LIMITADA,FIDC,https://www.liberumratings.com.br/detalhes-ativo/28332
2026-09-25,SATURNO FUNDO DE INVESTIMENTO EM DIREITOS CREDITORIOS,FIDC,https://www.liberumratings.com.br/detalhes-ativo/28309
2026-09-25,INTER SIMPLES FUNDO DE INVESTIMENTO EM DIREITOS CREDITÓRIOS MULTISSETORIAL – RESPONSABILIDADE LIMITADA,FIDC,https://www.liberumratings.com.br/detalhes-ativo/28320
2026-09-25,NANBAN FUNDO DE INVESTIMENTO EM DIREITOS CREDITÓRIOS NÃO PADRONIZADOS RESPONSABILIDADE LIMITADA,FIDC,https://www.liberumratings.com.br/detalhes-ativo/28324
2026-09-25,CRESTONE I FUNDO DE INVESTIMENTO EM DIREITOS CREDITÓRIOS,FIDC,https://www.liberumratings.com.br/detalhes-ativo/28325
2026-09-25,C3E CRÉDITOS JUDICIAIS FUNDO DE INVESTIMENTO EM COTAS DE FUNDOS DE INVESTIMENTO EM DIREITOS CREDITÓRIOS DE RESPONSABILIDADE LIMITADA,FIDC,https://www.liberumratings.com.br/detalhes-ativo/28323
2026-09-25,ELDORADO FUNDO DE INVESTIMENTO EM DIREITOS CREDITÓRIOS NÃO-PADRONIZADOS,FIDC,https://www.liberumratings.com.br/detalhes-ativo/28321
2026-09-25,MALMO FICFIDC-NP,FIDC,https://www.liberumratings.com.br/detalhes-ativo/28322
2026-09-25,LEVER FUNDO DE INVESTIMENTO EM DIREITOS CREDITÓRIOS,FIDC,https://www.liberumratings.com.br/detalhes-ativo/28317
2026-09-25,FUNDO DE INVESTIMENTO EM DIREITOS CREDITORIOS BIZCAPITAL EMPIRICA PME RESPONSABILIDADE LIMITADA,FIDC,https://www.liberumratings.com.br/detalhes-ativo/28318
2026-09-25,Fundo de Investimento em Direitos Creditórios Não Padronizados Sifra Performance,FIDC,https://www.liberumratings.com.br/detalhes-ativo/28288
2026-09-25,IRLA FUNDO DE INVESTIMENTO EM DIREITOS CREDITORIOS MULTISSETORIAL,FIDC,https://www.liberumratings.com.br/detalhes-ativo/28316
2026-09-25,DIP FINANCING 11 FUNDO DE INVESTIMENTO EM DIREITOS CREDITORIOS NAO-PADRONIZADOS,FIDC,https://www.liberumratings.com.br/detalhes-ativo/28314
2026-09-25,JGP ESTRUTURADOS FUNDO DE INVESTIMENTO EM DIREITOS CREDITÓRIOS – RESPONSABILIDADE LIMITADA,FIDC,https://www.liberumratings.com.br/detalhes-ativo/28319
2026-09-25,JC 4870 II FUNDO DE INVESTIMENTO EM DIREITOS CREDITÓRIOS NÃO-PADRONIZADOS,FIDC,https://www.liberumratings.com.br/detalhes-ativo/28311
2026-09-25,JC 4870 FUNDO DE INVESTIMENTO EM DIREITOS CREDITÓRIOS - NÃO PADRONIZADO,FIDC,https://www.liberumratings.com.br/detalhes-ativo/28310
2026-09-25,ACREDITAR FUNDO DE INVESTIMENTO EM DIREITOS CREDITORIOS,FIDC,https://www.liberumratings.com.br/detalhes-ativo/28296
2026-09-25,C3E CRÉDITOS JUDICIAIS FUNDO DE INVESTIMENTO EM DIREITOS CREDITÓRIOS DE RESPONSABILIDADE LIMITADA,FIDC,https://www.liberumratings.com.br/detalhes-ativo/28304
2026-09-25,Credit Brasil Fundo de Investimento em Direitos Creditórios Multissetorial Master,FIDC,https://www.liberumratings.com.br/detalhes-ativo/28300
2026-09-25,Mav Alternative Credit Fundo de Investimento em Direitos Creditórios Não-Padronizados,FIDC,https://www.liberumratings.com.br/detalhes-ativo/28302
2026-09-25,HOPE I FUNDO DE INVESTIMENTO EM DIREITOS CREDITÓRIOS MULTISSEGMENTOS,FIDC,https://www.liberumratings.com.br/detalhes-ativo/28293
2026-09-25,SC FUNDO DE INVESTIMENTO EM DIREITOS CREDITÓRIOS,FIDC,https://www.liberumratings.com.br/detalhes-ativo/28285
2026-09-25,ST 1001 FUNDO DE INVESTIMENTO EM DIREITOS CREDITORIOS,FIDC,https://www.liberumratings.com.br/detalhes-ativo/28299
2026-09-25,NO STRESS FUNDO DE INVESTIMENTO EM DIREITOS CREDITORIOS NAO PADRONIZADOS,FIDC,https://www.liberumratings.com.br/detalhes-ativo/28298
2026-09-25,Fundo de Investimento em Direitos Creditórios Multissetorial DB 18,FIDC,https://www.liberumratings.com.br/detalhes-ativo/28301
2026-09-25,NOVA CAPITAL FUNDO DE INVESTIMENTO EM DIREITOS CREDITORIOS,FIDC,https://www.liberumratings.com.br/detalhes-ativo/28230
2026-09-25,Fundo de Investimento em Direitos Creditórios Capital 5,FIDC,https://www.liberumratings.com.br/detalhes-ativo/28294
2026-09-25,MR FUNDO DE INVESTIMENTO EM DIREITOS CREDITÓRIOS,FIDC,https://www.liberumratings.com.br/detalhes-ativo/28187
2026-09-25,FUNDO DE INVESTIMENTO EM DIREITOS CREDITORIOS IRON CAPITAL MEUCASHCARD,FIDC,https://www.liberumratings.com.br/detalhes-ativo/28214
2026-09-25,SPS ALGARVE DELTA CRÉDITOS JUDICIAIS FUNDO DE INVESTIMENTO EM  DIREITOS CREDITÓRIOS DE RESPONSABILIDADE LIMITADA,FIDC,https://www.liberumratings.com.br/detalhes-ativo/28287
2026-09-25,FAMA FUNDO DE INVESTIMENTO EM DIREITOS CREDITÓRIOS,FIDC,https://www.liberumratings.com.br/detalhes-ativo/28279
2026-09-25,Fundo de Investimentos em Direitos Creditórios Multissetorial ONE7 LP,FIDC,https://www.liberumratings.com.br/detalhes-ativo/28265
2026-09-25,IGNIS CAPITAL FUNDO DE INVESTIMENTO EM DIREITOS CREDITÓRIOS,FIDC,https://www.liberumratings.com.br/detalhes-ativo/28270
2026-09-25,SIFRA ENERGY PODIUM FUNDO DE INVESTIMENTO EM DIREITOS CREDITORIOS,FIDC,https://www.liberumratings.com.br/detalhes-ativo/28280
2026-09-25,NANBAN FUNDO DE INVESTIMENTO EM DIREITOS CREDITÓRIOS NÃO PADRONIZADOS RESPONSABILIDADE LIMITADA,FIDC,https://www.liberumratings.com.br/detalhes-ativo/28282
2026-09-25,TITAN FUNDO DE INVESTIMENTO EM DIREITOS CREDITORIOS,FIDC,https://www.liberumratings.com.br/detalhes-ativo/28274
2026-09-25,MS MULTI FUNDO DE INVESTIMENTO EM DIREITOS CREDITÓRIOS,FIDC,https://www.liberumratings.com.br/detalhes-ativo/28268
2026-09-25,MLC 1A - FUNDO DE INVESTIMENTO EM DIREITOS CREDITÓRIOS - RESPONSABILIDADE LIMITADA,FIDC,https://www.liberumratings.com.br/detalhes-ativo/28277
2026-09-25,AEG 4 FUNDOS DE INVESTIMENTO EM DIREITOS CREDITÓRIOS DE RESPONSABILIDADE LIMITADA,FIDC,https://www.liberumratings.com.br/detalhes-ativo/28275
2026-09-25,GAIA Fundo de Investimento em Direitos Creditorios Não Padronizados,FIDC,https://www.liberumratings.com.br/detalhes-ativo/28278
2026-09-25,ACL NP FUNDO DE INVESTIMENTO EM DIREITOS CREDITORIOS NAO PADRONIZADOS,FIDC,https://www.liberumratings.com.br/detalhes-ativo/28271
2026-09-25,INVISTA III FUNDO DE INVESTIMENTO EM DIREITOS CREDITÓRIOS – RESPONSABILIDADE LIMITADA,FIDC,https://www.liberumratings.com.br/detalhes-ativo/28261
2026-09-25,CERUS FUNDO DE INVESTIMENTO EM DIREITOS CREDITORIOS,FIDC,https://www.liberumratings.com.br/detalhes-ativo/28252
2026-09-25,ESTÍMULO BRASIL FUNDO DE INVESTIMENTO EM DIREITOS CREDITÓRIOS IS DE RESPONSABILIDADE LIMITADA,FIDC,https://www.liberumratings.com.br/detalhes-ativo/28272
2026-09-25,MATRIZ FUNDO DE INVESTIMENTO EM COTAS DE FUNDOS DE INVESTIMENTO EM DIREITOS CREDITÓRIOS,FIDC,https://www.liberumratings.com.br/detalhes-ativo/28273
2026-09-25,SG III Fundo de Investimento em Cotas de Fundo de Investimento em Direitos Creditório - NP,FIDC,https://www.liberumratings.com.br/detalhes-ativo/28269
2026-09-25,ARGENTA FUNDO DE INVESTIMENTO EM DIREITOS CREDITORIOS MERCANTIS DE RESPONSABILIDADE LIMITADA,FIDC,https://www.liberumratings.com.br/detalhes-ativo/28241
2026-09-25,SG JC III FIC FIDC NP,FIDC,https://www.liberumratings.com.br/detalhes-ativo/28267
2026-09-25,JC 4870 VI FUNDO DE INVESTIMENTO EM DIREITOS CREDITORIOS NAO PADRONIZADOS FIDC-NP,FIDC,https://www.liberumratings.com.br/detalhes-ativo/28263
2026-09-25,QANTIC IONIQ FUNDO DE INVESTIMENTO EM DIREITOS CREDITÓRIOS,FIDC,https://www.liberumratings.com.br/detalhes-ativo/28264
2026-09-25,Fundo de Investimento em Direitos Creditórios Capital 5,FIDC,https://www.liberumratings.com.br/detalhes-ativo/28253
2026-09-25,UA FUNDO DE INVESTIMENTO EM DIREITOS CREDITÓRIOS NÃO-PADRONIZADOS,FIDC,https://www.liberumratings.com.br/detalhes-ativo/28258
2026-09-25,GPR FUNDO DE INVESTIMENTO EM DIREITOS CREDITORIOS,FIDC,https://www.liberumratings.com.br/detalhes-ativo/28224
2026-09-25,JC Diversificado VI Fundo de Investimento em Direitos Creditorios Não-Padronizado,FIDC,https://www.liberumratings.com.br/detalhes-ativo/28240
2026-09-25,NEB FUNDO DE INVESTIMENTO EM DIREITOS CREDITÓRIOS RESPONSABILIDADE LIMITADA,FIDC,https://www.liberumratings.com.br/detalhes-ativo/28259
2026-09-25,PORTLAND CRÉDITOS JUDICIAIS FUNDO DE INVESTIMENTO EM DIREITOS CREDITÓRIOS,FIDC,https://www.liberumratings.com.br/detalhes-ativo/28255
2026-09-25,JGP ESTRUTURADOS III FUNDO DE INVESTIMENTO EM DIREITOS CREDITORIOS,FIDC,https://www.liberumratings.com.br/detalhes-ativo/28254
2026-09-25,SG IV LOCAL ATIVOS JUDICIAIS FUNDO DE  INVESTIMENTO EM COTAS DE FUNDOS DE INVESTIMENTO EM DIREITOS  CREDITÓRIOS,FIDC,https://www.liberumratings.com.br/detalhes-ativo/28251
2026-09-25,JC SILOS FUNDO DE INVESTIMENTO EM DIREITOS CREDITÓRIOS NÃO-PADRONIZADO,FIDC,https://www.liberumratings.com.br/detalhes-ativo/28242
2026-09-25,JC Créditos Judiciais Fundo de Investimento em Direitos Creditórios Não-Padronizados,FIDC,https://www.liberumratings.com.br/detalhes-ativo/28247
2026-09-25,FRUIT CREEK CRÉDITOS JUDICIAIS FUNDO DE INVESTIMENTO EM DIREITOS CREDITÓRIOS,FIDC,https://www.liberumratings.com.br/detalhes-ativo/28244
2026-09-25,MOBIUS TOTAL RETURN 1 - FUNDO DE INVESTIMENTO EM DIREITOS CREDITORIOS,FIDC,https://www.liberumratings.com.br/detalhes-ativo/28245
2026-09-25,BH FUNDO DE INVESTIMENTO EM DIREITOS CREDITÓRIOS,FIDC,https://www.liberumratings.com.br/detalhes-ativo/28243
2026-09-25,MOBIUS VD TOTAL RETURN 1 - FUNDO DE INVESTIMENTO EM DIREITOS CREDITORIOS,FIDC,https://www.liberumratings.com.br/detalhes-ativo/28246
2026-09-25,JC Diversificado III Fundo de Investimento em Direitos Creditórios Não-Padronizado,FIDC,https://www.liberumratings.com.br/detalhes-ativo/28249
2026-09-25,AGROFORTE - FUNDO DE INVESTIMENTO EM DIREITOS CREDITÓRIOS - RESPONSABILIDADE LIMITADA,FIDC,https://www.liberumratings.com.br/detalhes-ativo/28164
2026-09-25,AGHI FUNDO DE INVESTIMENTO EM DIREITOS CREDITÓRIOS NÃO-PADRONIZADOS,FIDC,https://www.liberumratings.com.br/detalhes-ativo/28239
2026-09-25,SGC UT FIDC NP,FIDC,https://www.liberumratings.com.br/detalhes-ativo/28238
2026-09-25,JC 4870 V FUNDO DE INVESTIMENTO EM DIREITOS CREDITÓRIOS NÃO PADRONIZADOS - FIDC-NP,FIDC,https://www.liberumratings.com.br/detalhes-ativo/28237
2026-09-25,NPL SN FUNDO DE INVESTIMENTO EM DIREITOS CREDITORIOS RESPONSABILIDADE LIMITADA,FIDC,https://www.liberumratings.com.br/detalhes-ativo/28232
2026-09-25,GRANCRED SP FUNDO DE INVESTIMENTO EM DIREITOS CREDITÓRIOS MULTISSETORIAL,FIDC,https://www.liberumratings.com.br/detalhes-ativo/28234
2026-09-25,FUNDO DE INVESTIMENTO EM DIREITOS CREDITÓRIOS ANGÁ SABEMI CONSIGNADOS VI - RESPONSABILIDADE LIMITADA,FIDC,https://www.liberumratings.com.br/detalhes-ativo/28116
2026-09-25,ST 1001 FUNDO DE INVESTIMENTO EM DIREITOS CREDITORIOS,FIDC,https://www.liberumratings.com.br/detalhes-ativo/28233
2026-09-25,VIA CAPITAL ARTEMUS FUNDO DE INVESTIMENTO EM DIREITOS CREDITÓRIOS MULTISSETORIAL,FIDC,https://www.liberumratings.com.br/detalhes-ativo/28177
2026-09-25,SIGMA CREDIT FUNDO DE INVESTIMENTO EM DIREITOS CREDITORIOS,FIDC,https://www.liberumratings.com.br/detalhes-ativo/28222
2026-09-25,LGX FUNDO DE INVESTIMENTO EM DIREITOS CREDITÓRIOS – RESPONSABILIDADE LIMITADA,FIDC,https://www.liberumratings.com.br/detalhes-ativo/28179
2026-09-25,SIGMA CREDIT FEEDER FUNDO DE INVESTIMENTO EM DIREITOS CREDITÓRIOS,FIDC,https://www.liberumratings.com.br/detalhes-ativo/28223
2026-09-25,FUNDO DE INVESTIMENTO EM DIREITOS CREDITÓRIOS CONSIGNADO Q1,FIDC,https://www.liberumratings.com.br/detalhes-ativo/28215
2026-09-25,AURI FUNDO DE INVESTIMENTO EM DIREITOS CREDITORIOS RESPONSABILIDADE LIMITADA,FIDC,https://www.liberumratings.com.br/detalhes-ativo/28226
2026-09-25,Trevys Fundo de Investimentos em Direitos Creditórios,FIDC,https://www.liberumratings.com.br/detalhes-ativo/28231
2026-09-25,INVISTA ATIVOS ALTERNATIVOS I FUNDO DE INVESTIMENTO EM DIREITOS CREDITÓRIOS,FIDC,https://www.liberumratings.com.br/detalhes-ativo/28229
2026-09-25,MACCA CONSIGNADO PUBLICO FUNDO DE INVESTIMENTO EM DIREITOS CREDITORIOS RESPONSABILIDADE LIMITADA,FIDC,https://www.liberumratings.com.br/detalhes-ativo/28227
2026-09-25,FINTRUST FUNDO DE INVESTIMENTO EM DIREITOS CREDITORIOS,FIDC,https://www.liberumratings.com.br/detalhes-ativo/28210
2026-09-25,ESTÍMULO BRASIL FUNDO DE INVESTIMENTO EM DIREITOS CREDITÓRIOS IS DE RESPONSABILIDADE LIMITADA,FIDC,https://www.liberumratings.com.br/detalhes-ativo/28203
2026-09-25,U.NIC FUNDO DE INVESTIMENTO EM DIREITOS CREDITÓRIOS,FIDC,https://www.liberumratings.com.br/detalhes-ativo/28219
2026-09-25,FRADINHO N FUNDO DE INVESTIMENTO EM DIREITOS CREDITÓRIOS RESPONSABILIDADE LIMITADA,FIDC,https://www.liberumratings.com.br/detalhes-ativo/28221
2026-09-25,CONDOCONTA FUNDO DE INVESTIMENTO EM DIREITOS CREDITORIOS NAO-PADRONIZADO,FIDC,https://www.liberumratings.com.br/detalhes-ativo/28218
2026-09-25,HOPE I FUNDO DE INVESTIMENTO EM DIREITOS CREDITÓRIOS MULTISSEGMENTOS,FIDC,https://www.liberumratings.com.br/detalhes-ativo/28212
2026-09-25,PHD FUNDO DE INVESTIMENTO EM DIREITOS CREDITORIOS,FIDC,https://www.liberumratings.com.br/detalhes-ativo/28220
2026-09-25,R&G FUNDO DE INVESTIMENTO EM DIREITOS CREDITÓRIOS MULTISEGMENTOS,FIDC,https://www.liberumratings.com.br/detalhes-ativo/28213
2026-09-25,ÁRTICO MIDDLE CORPORATE FUNDO DE INVESTIMENTO EM DIREITOS CREDITÓRIOS,FIDC,https://www.liberumratings.com.br/detalhes-ativo/28194
2026-09-25,SELLOR FUNDO DE INVESTIMENTO EM DIREITOS CREDITORIOS MULTISSETORIAL,FIDC,https://www.liberumratings.com.br/detalhes-ativo/28128
2026-09-25,ACREDITAR FUNDO DE INVESTIMENTO EM DIREITOS CREDITORIOS,FIDC,https://www.liberumratings.com.br/detalhes-ativo/28202
2026-09-25,NACIONAL FEITO PRA VOCÊ FUNDO DE INVESTIMENTO EM DIREITOS CREDITÓRIOS DE RESPONSABILIDADE LIMITADA,FIDC,https://www.liberumratings.com.br/detalhes-ativo/28207
2026-09-25,KEYCASH HOME EQUITY FUNDO DE INVESTIMENTO EM DIREITOS CREDITÓRIOS,FIDC,https://www.liberumratings.com.br/detalhes-ativo/28208
2026-09-25,RDF Fundo de Investimento em Direitos Creditórios,FIDC,https://www.liberumratings.com.br/detalhes-ativo/28205
2026-09-25,FUNDO DE INVESTIMENTO EM DIREITOS CREDITÓRIOS FINANCEIROS FACTA CONSIGNADO INSS DE RESPONSABILIDADE LIMITADA,FIDC,https://www.liberumratings.com.br/detalhes-ativo/28190
2026-09-25,Fundo de Investimento em Direitos Creditórios Multissetorial Milênio Recebíveis LP,FIDC,https://www.liberumratings.com.br/detalhes-ativo/28204
2026-09-25,MOKA FUND I FUNDO DE INVESTIMENTO EM DIREITOS CREDITÓRIOS,FIDC,https://www.liberumratings.com.br/detalhes-ativo/28191
2026-09-25,Lotus Performance Fundo de Investimento em Direitos Creditórios Multissetorial LP,FIDC,https://www.liberumratings.com.br/detalhes-ativo/28200
2026-09-25,AURUM - FUNDO DE INVESTIMENTO EM DIREITOS CREDITORIOS MULTISSETORIAL LP,FIDC,https://www.liberumratings.com.br/detalhes-ativo/28197
2026-09-25,GFM FUNDO DE INVESTIMENTO EM DIREITOS CREDITORIOS MULTICREDITO,FIDC,https://www.liberumratings.com.br/detalhes-ativo/28189
2026-09-25,VIA CAPITAL ARTEMUS FUNDO DE INVESTIMENTO EM DIREITOS CREDITÓRIOS MULTISSETORIAL,FIDC,https://www.liberumratings.com.br/detalhes-ativo/28201
2026-09-25,FAMA FUNDO DE INVESTIMENTO EM DIREITOS CREDITÓRIOS,FIDC,https://www.liberumratings.com.br/detalhes-ativo/28199
2026-09-25,COOPERA FUNDO DE INVESTIMENTO EM DIREITOS CREDITORIOS,FIDC,https://www.liberumratings.com.br/detalhes-ativo/28130
2026-09-25,FUNDO DE INVESTIMENTO EM DIREITOS CREDITÓRIOS GOAL RJ,FIDC,https://www.liberumratings.com.br/detalhes-ativo/28176
2026-09-25,VIA CAPITAL ADAMANTUS FUNDO DE INVESTIMENTO EM DIREITOS CREDITORIOS MULTISSETORIAL,FIDC,https://www.liberumratings.com.br/detalhes-ativo/28159
2026-09-25,INVISTA ATIVOS ALTERNATIVOS I FUNDO DE INVESTIMENTO EM DIREITOS CREDITÓRIOS,FIDC,https://www.liberumratings.com.br/detalhes-ativo/28192
2026-09-25,SL FUNDO DE INVESTIMENTO EM DIREITOS CREDITÓRIOS - RESPONSABILIDADE LIMITADA,FIDC,https://www.liberumratings.com.br/detalhes-ativo/28196
2026-09-25,Fundo de Investimento em Direitos Creditórios  Multissetorial Prévia,FIDC,https://www.liberumratings.com.br/detalhes-ativo/28195
2026-09-25,FUNDO DE INVESTIMENTO EM DIREITOS CREDITÓRIOS PREMIER,FIDC,https://www.liberumratings.com.br/detalhes-ativo/28181
2026-09-25,BRZ CAPITAL CONSIG I FUNDO DE INVESTIMENTO EM DIREITOS CREDITORIOS RESPONSABILIDADE LIMITADA,FIDC,https://www.liberumratings.com.br/detalhes-ativo/28178
2026-09-25,REALINVEST FUNDO DE INVESTIMENTO EM DIREITOS CREDITORIOS,FIDC,https://www.liberumratings.com.br/detalhes-ativo/27982
2026-09-25,BLUEFIN FUNDO DE INVESTIMENTO EM DIREITOS CREDITÓRIOS,FIDC,https://www.liberumratings.com.br/detalhes-ativo/28185
2026-09-25,DIP FINANCING 11 FUNDO DE INVESTIMENTO EM DIREITOS CREDITORIOS NAO-PADRONIZADOS,FIDC,https://www.liberumratings.com.br/detalhes-ativo/28182
2026-09-25,MILAS FUNDO DE INVESTIMENTO EM DIREITOS CREDITÓRIOS NÃO PADRONIZADOS RESPONSABILIDADE LIMITADA,FIDC,https://www.liberumratings.com.br/detalhes-ativo/28186
2026-09-25,FLUXASSET FUNDO DE INVESTIMENTO EM DIREITOS CREDITÓRIOS MULTISSETORIAL,FIDC,https://www.liberumratings.com.br/detalhes-ativo/28173
2026-09-25,FUNDO DE INVESTIMENTO EM DIREITOS CREDITORIOS EMPIRICA CREDITAS AUTO,FIDC,https://www.liberumratings.com.br/detalhes-ativo/28174
2026-09-25,FUNDO DE INVESTIMENTO EM DIREITOS CREDITORIOS ONIX PRIME,FIDC,https://www.liberumratings.com.br/detalhes-ativo/28082
2026-09-25,OLIVEIRA TRUST DISTRIBUIDORA DE TITULOS E VALORES MOBILIARIOS S.A.,Empresa,https://www.liberumratings.com.br/detalhes-ativo/27968
2026-09-25,OLIVEIRA TRUST SERVICER S.A.,Empresa,https://www.liberumratings.com.br/detalhes-ativo/27966
2026-09-25,LCBANK FUNDO DE INVESTIMENTO EM DIREITOS CREDITORIOS NAO PADRONIZADOS,FIDC,https://www.liberumratings.com.br/detalhes-ativo/28158
2026-09-25,FUNDO DE INVESTIMENTO EM DIREITOS CREDITÓRIOS CONCRÉDITO DE RESPONSABILIDADE ILIMITADA,FIDC,https://www.liberumratings.com.br/detalhes-ativo/28168
2026-09-25,LARCA CONSIGNADO III FUNDO DE INVESTIMENTO EM DIREITOS CREDITORIOS - RESPONSABILIDADE LIMITADA,FIDC,https://www.liberumratings.com.br/detalhes-ativo/28140
2026-09-25,FUNDO DE INVESTIMENTO EM DIREITOS CREDITÓRIOS POUPACRED RESPONSABILIDADE  ILIMITADA,FIDC,https://www.liberumratings.com.br/detalhes-ativo/28170
2026-09-25,FUNDO DE INVESTIMENTO EM DIREITOS CREDITÓRIOS CONCRÉDITO II RESPONSABILIDADE LIMITADA,FIDC,https://www.liberumratings.com.br/detalhes-ativo/28169
2026-09-25,JGM LP FUNDO DE INVESTIMENTO EM DIREITOS CREDITÓRIOS MULTISSETORIAL,FIDC,https://www.liberumratings.com.br/detalhes-ativo/28166
2026-09-25,AUDAX CAPITAL FUNDO DE INVESTIMENTO EM DIREITOS CREDITORIOS,FIDC,https://www.liberumratings.com.br/detalhes-ativo/28167
2026-09-25,MORIAH - FUNDO DE INVESTIMENTOS EM DIREITOS CREDITORIOS,FIDC,https://www.liberumratings.com.br/detalhes-ativo/28146
2026-09-25,FUNDO DE INVESTIMENTO EM DIREITOS CREDITÓRIOS EMPÍRICA HOME EQUITY,FIDC,https://www.liberumratings.com.br/detalhes-ativo/28163
2026-09-25,RIDOLFINVEST 2  FUNDO DE INVESTIMENTO EM DIREITOS CREDITÓRIOS NÃO PADRONIZADOS RESPONSABILIDADE LIMITADA,FIDC,https://www.liberumratings.com.br/detalhes-ativo/28161
2026-09-25,PHD FUNDO DE INVESTIMENTO EM DIREITOS CREDITORIOS,FIDC,https://www.liberumratings.com.br/detalhes-ativo/28009
2026-09-25,Fundo de Investimento em Direitos Creditórios Energia Solar,FIDC,https://www.liberumratings.com.br/detalhes-ativo/28076
2026-09-25,Sifra Plus Multissegmento Fundo de Investimento em Direitos Creditórios,FIDC,https://www.liberumratings.com.br/detalhes-ativo/28165
2026-09-25,Harpia Fundo de Investimentos em Direitos Creditórios,FIDC,https://www.liberumratings.com.br/detalhes-ativo/28160
2026-09-25,Fundo de Investimento em Direitos Creditórios  Multissetorial Prévia,FIDC,https://www.liberumratings.com.br/detalhes-ativo/28137
2026-09-25,GRANCRED SP FUNDO DE INVESTIMENTO EM DIREITOS CREDITÓRIOS MULTISSETORIAL,FIDC,https://www.liberumratings.com.br/detalhes-ativo/28133
2026-09-25,SEJA FUNDO DE INVESTIMENTO EM DIREITOS CREDITÓRIOS,FIDC,https://www.liberumratings.com.br/detalhes-ativo/28154
2026-09-25,SQUID FUNDO DE INVESTIMENTO EM DIRETOS CREDITÓRIOS,FIDC,https://www.liberumratings.com.br/detalhes-ativo/28143
2026-09-25,ACELERA VAREJO FUNDO DE INVESTIMENTO EM DIREITOS CREDITORIOS,FIDC,https://www.liberumratings.com.br/detalhes-ativo/28089
2026-09-25,MATRIZ FUNDO DE INVESTIMENTO EM COTAS DE FUNDOS DE INVESTIMENTO EM DIREITOS CREDITÓRIOS,FIDC,https://www.liberumratings.com.br/detalhes-ativo/28145
2026-09-25,MS MULTI FUNDO DE INVESTIMENTO EM DIREITOS CREDITÓRIOS,FIDC,https://www.liberumratings.com.br/detalhes-ativo/28156
2026-09-25,NOVA CAPITAL FUNDO DE INVESTIMENTO EM DIREITOS CREDITORIOS,FIDC,https://www.liberumratings.com.br/detalhes-ativo/28111
2026-09-25,MATRIZ FUNDO DE INVESTIMENTO EM DIREITOS CREDITORIOS,FIDC,https://www.liberumratings.com.br/detalhes-ativo/28144
2026-09-25,Fundo de Investimentos em Direitos Creditórios Premium Solis,FIDC,https://www.liberumratings.com.br/detalhes-ativo/28155
2026-09-25,CERUS FUNDO DE INVESTIMENTO EM DIREITOS CREDITORIOS,FIDC,https://www.liberumratings.com.br/detalhes-ativo/28141
2026-09-25,FUNDO DE INVESTIMENTO EM DIREITOS CREDITÓRIOS ASAAS,FIDC,https://www.liberumratings.com.br/detalhes-ativo/28090
2026-09-25,Fundo de Investimentos em Direitos Creditórios Multissetorial ONE7 LP,FIDC,https://www.liberumratings.com.br/detalhes-ativo/28115
2026-09-25,IRLA FUNDO DE INVESTIMENTO EM DIREITOS CREDITORIOS MULTISSETORIAL,FIDC,https://www.liberumratings.com.br/detalhes-ativo/28153
2026-09-25,CENTRUM FUNDO DE INVESTIMENTO EM DIREITOS CREDITORIOS,FIDC,https://www.liberumratings.com.br/detalhes-ativo/28138
2026-09-25,Garson Fundo de Investimento em Direitos Creditórios,FIDC,https://www.liberumratings.com.br/detalhes-ativo/28157
2026-09-25,SF4 FUNDO DE INVESTIMENTO EM DIREITOS CREDITORIOS RESPONSABILIDADE LIMITADA,FIDC,https://www.liberumratings.com.br/detalhes-ativo/28125
2026-09-25,Fundo de Investimento Em Direitos Creditórios Empírica Oportuna Precatórios Federais,FIDC,https://www.liberumratings.com.br/detalhes-ativo/28099
2026-09-25,GARSON BR FUNDO DE INVESTIMENTO EM DIREITOS CREDITORIOS RESPONSABILIDADE LIMITADA,FIDC,https://www.liberumratings.com.br/detalhes-ativo/28151
2026-09-25,GARSON CARD FUNDO DE INVESTIMENTO EM DIREITOS CREDITORIOS RESPONSABILIDADE LIMITADA,FIDC,https://www.liberumratings.com.br/detalhes-ativo/28150
2026-09-25,KOBOLD H FUNDO DE INVESTIMENTO EM DIREITOS CREDITÓRIOS RESPONSABILIDADE LIMITADA,FIDC,https://www.liberumratings.com.br/detalhes-ativo/28148
2026-09-25,Fundo de Investimento em Direitos Creditórios Capital 5,FIDC,https://www.liberumratings.com.br/detalhes-ativo/28132
2026-09-25,FUNDO DE INVESTIMENTO EM DIREITOS CREDITÓRIOS AGORA TELECOM,FIDC,https://www.liberumratings.com.br/detalhes-ativo/28131
2026-09-25,Fundo de Investimento em Direitos Creditórios Multissetorial DB 18,FIDC,https://www.liberumratings.com.br/detalhes-ativo/28147
2026-09-25,SILVER STONE FUNDO DE INVESTIMENTO EM DIREITOS CREDITÓRIOS MULTISSETORIAL,FIDC,https://www.liberumratings.com.br/detalhes-ativo/28018
2026-09-25,RIVO FUNDO DE INVESTIMENTO EM DIREITOS CREDITÓRIOS,FIDC,https://www.liberumratings.com.br/detalhes-ativo/28142
2026-09-25,AFA CREDIT OPPORTUNITY FUNDO DE INVESTIMENTO EM DIREITOS CREDITORIOS,FIDC,https://www.liberumratings.com.br/detalhes-ativo/28122
2026-09-25,MULTI RECEBÍVEIS III FUNDO DE INVESTIMENTO EM DIREITOS CREDITÓRIOS,FIDC,https://www.liberumratings.com.br/detalhes-ativo/28094
2026-09-25,MULTI RECEBÍVEIS II FUNDO DE INVESTIMENTO EM DIREITOS CREDITÓRIOS MULTISEGMENTOS,FIDC,https://www.liberumratings.com.br/detalhes-ativo/28091
2026-09-25,FUNDO DE INVESTIMENTO EM DIREITOS CREDITÓRIOS ANGÁ SABEMI CONSIGNADOS VII - RESPONSABILIDADE LIMITADA,FIDC,https://www.liberumratings.com.br/detalhes-ativo/28124
2026-09-25,KOBOLD H FUNDO DE INVESTIMENTO EM DIREITOS CREDITÓRIOS RESPONSABILIDADE LIMITADA,FIDC,https://www.liberumratings.com.br/detalhes-ativo/28139
2026-09-25,LIBRA FUNDO DE INVESTIMENTO EM DIREITOS CREDITÓRIOS MULTISSETORIAL,FIDC,https://www.liberumratings.com.br/detalhes-ativo/28136
2026-09-25,BOREAL I FUNDO DE INVESTIMENTO EM DIREITOS CREDITORIOS  - RESPONSABILIDADE LIMITADA,FIDC,https://www.liberumratings.com.br/detalhes-ativo/28120
2026-09-25,LARCA CONSIGNADO FUNDO DE INVESTIMENTO EM DIREITOS CREDITORIOS RESPONSABILIDADE LIMITADA,FIDC,https://www.liberumratings.com.br/detalhes-ativo/27889
2026-09-25,LARCA CONSIGNADO II FUNDO DE INVESTIMENTO EM DIREITOS CREDITÓRIOS RESPONSABILIDADE LIMITADA,FIDC,https://www.liberumratings.com.br/detalhes-ativo/27890
2026-09-25,SC FUNDO DE INVESTIMENTO EM DIREITOS CREDITÓRIOS,FIDC,https://www.liberumratings.com.br/detalhes-ativo/28012
2026-09-25,911 BANK MULTI ESTRATEGIA FUNDO DE INVESTIMENTO EM DIREITOS  CREDITORIOS,FIDC,https://www.liberumratings.com.br/detalhes-ativo/28114
2026-09-25,DELTA FUNDO DE INVESTIMENTO EM DIREITOS CREDITÓRIOS MULTISEGMENTOS,FIDC,https://www.liberumratings.com.br/detalhes-ativo/28123
2026-09-25,CLM FUNDO DE INVESTIMENTO EM DIREITOS CREDITÓRIOS MULTISSETORIAL,FIDC,https://www.liberumratings.com.br/detalhes-ativo/28088
2026-09-25,LEVER FUNDO DE INVESTIMENTO EM DIREITOS CREDITÓRIOS,FIDC,https://www.liberumratings.com.br/detalhes-ativo/28084
2026-09-25,SIFRA ENERGY PODIUM FUNDO DE INVESTIMENTO EM DIREITOS CREDITORIOS,FIDC,https://www.liberumratings.com.br/detalhes-ativo/28121
2026-09-25,CREDIHOME FUNDO DE INVESTIMENTO EM DIREITOS CREDITORIOS,FIDC,https://www.liberumratings.com.br/detalhes-ativo/28103
2026-09-25,OPERA FUNDO DE INVESTIMENTO EM DIREITOS CREDITORIOS MULTISETORIAL,FIDC,https://www.liberumratings.com.br/detalhes-ativo/28052
2026-09-25,VENTURA FUNDO DE INVESTIMENTO EM DIREITOS CREDITORIOS,FIDC,https://www.liberumratings.com.br/detalhes-ativo/28051
2026-09-25,FUNDO DE INVESTIMENTO EM DIREITOS CREDITORIOS BIZCAPITAL EMPIRICA PME RESPONSABILIDADE LIMITADA,FIDC,https://www.liberumratings.com.br/detalhes-ativo/28119
2026-09-25,MR FUNDO DE INVESTIMENTO EM DIREITOS CREDITÓRIOS,FIDC,https://www.liberumratings.com.br/detalhes-ativo/28107
2026-09-25,IGNIS CAPITAL FUNDO DE INVESTIMENTO EM DIREITOS CREDITÓRIOS,FIDC,https://www.liberumratings.com.br/detalhes-ativo/28117
2026-09-25,WFR FUNDO DE INVESTIMENTO EM DIREITOS CREDITORIOS MULTISSETORIAL,FIDC,https://www.liberumratings.com.br/detalhes-ativo/28086
2026-09-25,Trevys Fundo de Investimentos em Direitos Creditórios,FIDC,https://www.liberumratings.com.br/detalhes-ativo/28079
2026-09-25,RIVO FUNDO DE INVESTIMENTO EM DIREITOS CREDITÓRIOS,FIDC,https://www.liberumratings.com.br/detalhes-ativo/28109
2026-09-25,EOS FUNDO DE INVESTIMENTO EM DIREITOS CREDITORIOS WH,FIDC,https://www.liberumratings.com.br/detalhes-ativo/28118
2026-09-25,CONFIANÇA FUNDO DE INVESTIMENTO EM DIREITOS CREDITORIOS,FIDC,https://www.liberumratings.com.br/detalhes-ativo/28098
2026-09-25,HUBCRED FUNDO DE INVESTIMENTO EM DIREITOS CREDITORIOS,FIDC,https://www.liberumratings.com.br/detalhes-ativo/28110
2026-09-25,MGW ATIVOS FUNDO DE INVESTIMENTO EM DIREITOS CREDITÓRIOS RESPONSABILIDADE LIMITADA,FIDC,https://www.liberumratings.com.br/detalhes-ativo/28112
2026-09-25,TOPCRED FUNDO DE INVESTIMENTO EM DIREITOS CREDITORIOS,FIDC,https://www.liberumratings.com.br/detalhes-ativo/28073
2026-09-25,SATURNO FUNDO DE INVESTIMENTO EM DIREITOS CREDITORIOS,FIDC,https://www.liberumratings.com.br/detalhes-ativo/28106
2026-09-25,MT FUNDO DE INVESTIMENTO EM DIREITOS CREDITORIOS NAO PADRONIZADOS,FIDC,https://www.liberumratings.com.br/detalhes-ativo/28020
2026-09-25,LARCA CAPITAL FUNDO DE INVESTIMENTO EM DIREITOS CREDITÓRIOS RESPONSABILIDADE LIMITADA,FIDC,https://www.liberumratings.com.br/detalhes-ativo/27891
2026-09-25,FUNDO DE INVESTIMENTO EM DIREITOS CREDITÓRIOS ZIPDIN I,FIDC,https://www.liberumratings.com.br/detalhes-ativo/28105
2026-09-25,ST 1001 FUNDO DE INVESTIMENTO EM DIREITOS CREDITORIOS,FIDC,https://www.liberumratings.com.br/detalhes-ativo/27964
2026-09-25,MULTIPLIK FUNDO DE  INVESTIMENTO EM DIREITOS CREDITÓRIOS MULTISSETORIAL LP,FIDC,https://www.liberumratings.com.br/detalhes-ativo/28005
2026-09-25,VERSATILE FUNDO DE INVESTIMENTO EM DIREITOS CREDITORIOS,FIDC,https://www.liberumratings.com.br/detalhes-ativo/28019
2026-09-25,Mav Alternative Credit Fundo de Investimento em Direitos Creditórios Não-Padronizados,FIDC,https://www.liberumratings.com.br/detalhes-ativo/28104
2026-09-25,GII Gestão Inteligente Fundo de Investimento em Direitos Creditórios,FIDC,https://www.liberumratings.com.br/detalhes-ativo/28101
2026-09-25,FUNDO DE INVESTIMENTO EM DIREITOS CREDITÓRIOS TRADEPAY VAREJO I,FIDC,https://www.liberumratings.com.br/detalhes-ativo/28100
2026-09-25,D'ORO CAPITAL FUNDO DE INVESTIMENTO EM DIREITOS CREDITORIOS CRÉDITO CORPORATIVO,FIDC,https://www.liberumratings.com.br/detalhes-ativo/28077
2026-09-25,Pinarello Fundo de Investimento em Direitos Creditórios,FIDC,https://www.liberumratings.com.br/detalhes-ativo/28067
2026-09-25,FUNDO DE INVESTIMENTO EM DIREITOS CREDITORIOS SANTA CRUZ CAPITAL,FIDC,https://www.liberumratings.com.br/detalhes-ativo/28075
2026-09-25,GALAPAGOS WM FUNDO DE INVESTIMENTO EM DIREITOS CREDITÓRIOS,FIDC,https://www.liberumratings.com.br/detalhes-ativo/28092
2026-09-25,INTRABANK FUNDO DE INVESTIMENTO EM DIREITOS CREDITÓRIOS RESPONSABILIDADE ILIMITADA,FIDC,https://www.liberumratings.com.br/detalhes-ativo/28096
2026-09-25,NO STRESS FUNDO DE INVESTIMENTO EM DIREITOS CREDITORIOS NAO PADRONIZADOS,FIDC,https://www.liberumratings.com.br/detalhes-ativo/28097
2026-09-25,INVISTA III FUNDO DE INVESTIMENTO EM DIREITOS CREDITÓRIOS – RESPONSABILIDADE LIMITADA,FIDC,https://www.liberumratings.com.br/detalhes-ativo/27992
2026-09-25,Fundo de Investimento Em Direitos Creditórios Empírica Oportuna Precatórios Federais,FIDC,https://www.liberumratings.com.br/detalhes-ativo/27748
2026-09-25,Fundo de Investimento em Direitos Creditórios Kovi I,FIDC,https://www.liberumratings.com.br/detalhes-ativo/28093
2026-09-25,RCL3X FIAGRO - DIREITOS CREDITÓRIOS,FIDC,https://www.liberumratings.com.br/detalhes-ativo/28085
2026-09-25,GARSON CARD FUNDO DE INVESTIMENTO EM DIREITOS CREDITORIOS RESPONSABILIDADE LIMITADA,FIDC,https://www.liberumratings.com.br/detalhes-ativo/27295
2026-09-25,LCBANK FUNDO DE INVESTIMENTO EM DIREITOS CREDITORIOS NAO PADRONIZADOS,FIDC,https://www.liberumratings.com.br/detalhes-ativo/27592
2026-09-25,Fundo de Investimento em Direitos Creditórios Kovi I,FIDC,https://www.liberumratings.com.br/detalhes-ativo/27433
2026-09-25,Pagbem Fundo de Investimentos em Direitos Creditórios,FIDC,https://www.liberumratings.com.br/detalhes-ativo/28072
2026-09-25,Credit Brasil Fundo de Investimento em Direitos Creditórios Multissetorial Master,FIDC,https://www.liberumratings.com.br/detalhes-ativo/28078
2026-09-25,SG III Fundo de Investimento em Cotas de Fundo de Investimento em Direitos Creditório - NP,FIDC,https://www.liberumratings.com.br/detalhes-ativo/28083
2026-09-25,GRIF CRÉDITO PULVERIZADO FUNDO DE INVESTIMENTO EM DIREITOS CREDITÓRIOS RESPONSABILIDADE LIMITADA,FIDC,https://www.liberumratings.com.br/detalhes-ativo/28070
2026-09-25,ELDORADO FUNDO DE INVESTIMENTO EM DIREITOS CREDITÓRIOS NÃO-PADRONIZADOS,FIDC,https://www.liberumratings.com.br/detalhes-ativo/28069
2026-09-25,RUBI FUNDO DE INVESTIMENTO EM DIREITOS CREDITORIOS MULTISETORIAL RESPONSABILIDADE LIMITADA,FIDC,https://www.liberumratings.com.br/detalhes-ativo/28074
2026-09-25,GII Gestão Inteligente Fundo de Investimento em Direitos Creditórios,FIDC,https://www.liberumratings.com.br/detalhes-ativo/27952
2026-09-25,LITUS FUNDO DE INVESTIMENTO EM DIREITOS CREDITÓRIOS MULTISEGMENTOS,FIDC,https://www.liberumratings.com.br/detalhes-ativo/28002
2026-09-25,INTER SIMPLES FUNDO DE INVESTIMENTO EM DIREITOS CREDITÓRIOS MULTISSETORIAL – RESPONSABILIDADE LIMITADA,FIDC,https://www.liberumratings.com.br/detalhes-ativo/28068
2026-09-25,BLUEFIN FUNDO DE INVESTIMENTO EM DIREITOS CREDITÓRIOS,FIDC,https://www.liberumratings.com.br/detalhes-ativo/28080
2026-09-25,LIBRA FUNDO DE INVESTIMENTO EM DIREITOS CREDITÓRIOS MULTISSETORIAL,FIDC,https://www.liberumratings.com.br/detalhes-ativo/28021
2026-09-25,LIBRA II FUNDO DE INVESTIMENTO EM DIREITOS CREDITÓRIOS MULTISSETORIAL,FIDC,https://www.liberumratings.com.br/detalhes-ativo/28065
2026-09-25,TMOV FUNDO DE INVESTIMENTO EM DIREITOS CREDITORIOS,FIDC,https://www.liberumratings.com.br/detalhes-ativo/28028
2026-09-25,FRADINHO N FUNDO DE INVESTIMENTO EM DIREITOS CREDITÓRIOS RESPONSABILIDADE LIMITADA,FIDC,https://www.liberumratings.com.br/detalhes-ativo/27993
2026-09-25,FUNDO DE INVESTIMENTO EM DIREITOS CREDITORIOS IRON CAPITAL MEUCASHCARD,FIDC,https://www.liberumratings.com.br/detalhes-ativo/27987
2026-09-25,METROPOLITANA ATIVOS FUNDO DE INVESTIMENTO EM DIREITOS CREDITÓRIOS MULTISSETORIAL LP,FIDC,https://www.liberumratings.com.br/detalhes-ativo/28013
2026-09-25,Fundo de Investimento em Direitos Creditórios Multissetorial DB 18,FIDC,https://www.liberumratings.com.br/detalhes-ativo/28008
2026-09-25,KOBOLD H FUNDO DE INVESTIMENTO EM DIREITOS CREDITÓRIOS RESPONSABILIDADE LIMITADA,FIDC,https://www.liberumratings.com.br/detalhes-ativo/28006
2026-09-25,JGP ESTRUTURADOS FUNDO DE INVESTIMENTO EM DIREITOS CREDITÓRIOS – RESPONSABILIDADE LIMITADA,FIDC,https://www.liberumratings.com.br/detalhes-ativo/28062
2026-09-25,MLC 1A - FUNDO DE INVESTIMENTO EM DIREITOS CREDITÓRIOS - RESPONSABILIDADE LIMITADA,FIDC,https://www.liberumratings.com.br/detalhes-ativo/28063
2026-09-25,SG IV LOCAL ATIVOS JUDICIAIS FUNDO DE  INVESTIMENTO EM COTAS DE FUNDOS DE INVESTIMENTO EM DIREITOS  CREDITÓRIOS,FIDC,https://www.liberumratings.com.br/detalhes-ativo/28054
2026-09-25,JGP ESTRUTURADOS III FUNDO DE INVESTIMENTO EM DIREITOS CREDITORIOS,FIDC,https://www.liberumratings.com.br/detalhes-ativo/28061
2026-09-25,QANTIC IONIQ FUNDO DE INVESTIMENTO EM DIREITOS CREDITÓRIOS,FIDC,https://www.liberumratings.com.br/detalhes-ativo/28055
2026-09-25,JC SILOS FUNDO DE INVESTIMENTO EM DIREITOS CREDITÓRIOS NÃO-PADRONIZADO,FIDC,https://www.liberumratings.com.br/detalhes-ativo/28060
2026-09-25,AEG 4 FUNDOS DE INVESTIMENTO EM DIREITOS CREDITÓRIOS DE RESPONSABILIDADE LIMITADA,FIDC,https://www.liberumratings.com.br/detalhes-ativo/28059
2026-09-25,GAIA Fundo de Investimento em Direitos Creditorios Não Padronizados,FIDC,https://www.liberumratings.com.br/detalhes-ativo/28058
2026-09-25,SL FUNDO DE INVESTIMENTO EM DIREITOS CREDITÓRIOS - RESPONSABILIDADE LIMITADA,FIDC,https://www.liberumratings.com.br/detalhes-ativo/28056
2026-09-25,SAN PRECA FEDERAL I FUNDO DE INVESTIMENTO EM DIREITOS CREDITÓRIOS – RESPONSABILIDADE LIMITADA,FIDC,https://www.liberumratings.com.br/detalhes-ativo/28057
2026-09-25,TITAN FUNDO DE INVESTIMENTO EM DIREITOS CREDITORIOS,FIDC,https://www.liberumratings.com.br/detalhes-ativo/28053
2026-09-25,HT3 FUNDO DE INVESTIMENTO EM DIREITOS CREDITÓRIOS RESPONSABILIDADE LIMITADA,FIDC,https://www.liberumratings.com.br/detalhes-ativo/28039
2026-09-25,AURI FUNDO DE INVESTIMENTO EM DIREITOS CREDITORIOS RESPONSABILIDADE LIMITADA,FIDC,https://www.liberumratings.com.br/detalhes-ativo/27942
2026-09-25,Reag Special Situation Fundo de Investimento em Direitos Creditórios Padronizados Aberto,FIDC,https://www.liberumratings.com.br/detalhes-ativo/28036
2026-09-25,NEB FUNDO DE INVESTIMENTO EM DIREITOS CREDITÓRIOS RESPONSABILIDADE LIMITADA,FIDC,https://www.liberumratings.com.br/detalhes-ativo/28027
2026-09-25,UA FUNDO DE INVESTIMENTO EM DIREITOS CREDITÓRIOS NÃO-PADRONIZADOS,FIDC,https://www.liberumratings.com.br/detalhes-ativo/28030
2026-09-25,MALMO FICFIDC-NP,FIDC,https://www.liberumratings.com.br/detalhes-ativo/28050
2026-09-25,W CAPITAL I - FUNDO DE INVESTIMENTO EM DIREITOS CREDITÓRIOS,FIDC,https://www.liberumratings.com.br/detalhes-ativo/28049
2026-09-25,JC Diversificado VI Fundo de Investimento em Direitos Creditorios Não-Padronizado,FIDC,https://www.liberumratings.com.br/detalhes-ativo/28048
2026-09-25,JC 4870 II FUNDO DE INVESTIMENTO EM DIREITOS CREDITÓRIOS NÃO-PADRONIZADOS,FIDC,https://www.liberumratings.com.br/detalhes-ativo/28047
2026-09-25,JC 4870 FUNDO DE INVESTIMENTO EM DIREITOS CREDITÓRIOS - NÃO PADRONIZADO,FIDC,https://www.liberumratings.com.br/detalhes-ativo/28046
2026-09-25,C3E CRÉDITOS JUDICIAIS FUNDO DE INVESTIMENTO EM COTAS DE FUNDOS DE INVESTIMENTO EM DIREITOS CREDITÓRIOS DE RESPONSABILIDADE LIMITADA,FIDC,https://www.liberumratings.com.br/detalhes-ativo/28045
2026-09-25,C3E CRÉDITOS JUDICIAIS FUNDO DE INVESTIMENTO EM DIREITOS CREDITÓRIOS DE RESPONSABILIDADE LIMITADA,FIDC,https://www.liberumratings.com.br/detalhes-ativo/28044
2026-09-25,BH FUNDO DE INVESTIMENTO EM DIREITOS CREDITÓRIOS,FIDC,https://www.liberumratings.com.br/detalhes-ativo/28043
2026-09-25,ALGARVE MEDITERRÂNEO FUNDO DE INVESTIMENTO EM DIREITOS CREDITÓRIOS NÃO PADRONIZADOS,FIDC,https://www.liberumratings.com.br/detalhes-ativo/28042
2026-09-25,MOBIUS VD TOTAL RETURN 1 - FUNDO DE INVESTIMENTO EM DIREITOS CREDITORIOS,FIDC,https://www.liberumratings.com.br/detalhes-ativo/28041
2026-09-25,MOBIUS TOTAL RETURN 1 - FUNDO DE INVESTIMENTO EM DIREITOS CREDITORIOS,FIDC,https://www.liberumratings.com.br/detalhes-ativo/28040
2026-09-25,JC 4870 VI FUNDO DE INVESTIMENTO EM DIREITOS CREDITORIOS NAO PADRONIZADOS FIDC-NP,FIDC,https://www.liberumratings.com.br/detalhes-ativo/28038
2026-09-25,SG JC III FIC FIDC NP,FIDC,https://www.liberumratings.com.br/detalhes-ativo/28037
2026-09-25,JC Diversificado III Fundo de Investimento em Direitos Creditórios Não-Padronizado,FIDC,https://www.liberumratings.com.br/detalhes-ativo/28035
2026-09-25,FRUIT CREEK CRÉDITOS JUDICIAIS FUNDO DE INVESTIMENTO EM DIREITOS CREDITÓRIOS,FIDC,https://www.liberumratings.com.br/detalhes-ativo/28034
2026-09-25,JC Créditos Judiciais Fundo de Investimento em Direitos Creditórios Não-Padronizados,FIDC,https://www.liberumratings.com.br/detalhes-ativo/28033
2026-09-25,SG II A Fundo De Investimento Em Cotas De Fundos De Investimento Em Direitos Creditorios Nao-Padronizados,FIDC,https://www.liberumratings.com.br/detalhes-ativo/28032
2026-09-25,PORTLAND CRÉDITOS JUDICIAIS FUNDO DE INVESTIMENTO EM DIREITOS CREDITÓRIOS,FIDC,https://www.liberumratings.com.br/detalhes-ativo/28031
2026-09-25,CRESTONE I FUNDO DE INVESTIMENTO EM DIREITOS CREDITÓRIOS,FIDC,https://www.liberumratings.com.br/detalhes-ativo/28029
2026-09-25,SPS ALGARVE DELTA CRÉDITOS JUDICIAIS FUNDO DE INVESTIMENTO EM  DIREITOS CREDITÓRIOS DE RESPONSABILIDADE LIMITADA,FIDC,https://www.liberumratings.com.br/detalhes-ativo/28025
2026-09-25,JC 4870 V FUNDO DE INVESTIMENTO EM DIREITOS CREDITÓRIOS NÃO PADRONIZADOS - FIDC-NP,FIDC,https://www.liberumratings.com.br/detalhes-ativo/28024
2026-09-25,Violin 8432 (2) Créditos Judiciais Fundo de Investimento em Direitos Creditórios Não-Padronizados,FIDC,https://www.liberumratings.com.br/detalhes-ativo/28023
2026-09-25,SGC UT FIDC NP,FIDC,https://www.liberumratings.com.br/detalhes-ativo/28022
2026-09-25,ATLÂNTICO FUNDO DE INVESTIMENTO EM DIREITOS CREDITÓRIOS RESPONSABILIDADE LIMITADA,FIDC,https://www.liberumratings.com.br/detalhes-ativo/28015
2026-09-25,MORIAH - FUNDO DE INVESTIMENTOS EM DIREITOS CREDITORIOS,FIDC,https://www.liberumratings.com.br/detalhes-ativo/27994
2026-09-25,ACL NP FUNDO DE INVESTIMENTO EM DIREITOS CREDITORIOS NAO PADRONIZADOS,FIDC,https://www.liberumratings.com.br/detalhes-ativo/28017
2026-09-25,BARCELONA FUNDO DE INVESTIMENTO EM DIREITOS CREDITORIOS,FIDC,https://www.liberumratings.com.br/detalhes-ativo/27999
2026-09-25,MGW ATIVOS FUNDO DE INVESTIMENTO EM DIREITOS CREDITÓRIOS RESPONSABILIDADE LIMITADA,FIDC,https://www.liberumratings.com.br/detalhes-ativo/28014
2026-09-25,ACREDITAR FUNDO DE INVESTIMENTO EM DIREITOS CREDITORIOS,FIDC,https://www.liberumratings.com.br/detalhes-ativo/27953
2026-09-25,LGX FUNDO DE INVESTIMENTO EM DIREITOS CREDITÓRIOS – RESPONSABILIDADE LIMITADA,FIDC,https://www.liberumratings.com.br/detalhes-ativo/27896
2026-09-25,FLUXASSET FUNDO DE INVESTIMENTO EM DIREITOS CREDITÓRIOS MULTISSETORIAL,FIDC,https://www.liberumratings.com.br/detalhes-ativo/28007
2026-09-25,AGHI FUNDO DE INVESTIMENTO EM DIREITOS CREDITÓRIOS NÃO-PADRONIZADOS,FIDC,https://www.liberumratings.com.br/detalhes-ativo/28010
2026-09-25,SIGMA CREDIT FEEDER FUNDO DE INVESTIMENTO EM DIREITOS CREDITÓRIOS,FIDC,https://www.liberumratings.com.br/detalhes-ativo/28004
2026-09-25,SIGMA CREDIT FUNDO DE INVESTIMENTO EM DIREITOS CREDITORIOS,FIDC,https://www.liberumratings.com.br/detalhes-ativo/28003
2026-09-25,Basso Fundo de Investimento em Direitos Creditórios,FIDC,https://www.liberumratings.com.br/detalhes-ativo/27969
2026-09-25,Harpia Fundo de Investimentos em Direitos Creditórios,FIDC,https://www.liberumratings.com.br/detalhes-ativo/28000
2026-09-25,ESTÍMULO BRASIL FUNDO DE INVESTIMENTO EM DIREITOS CREDITÓRIOS IS DE RESPONSABILIDADE LIMITADA,FIDC,https://www.liberumratings.com.br/detalhes-ativo/27977
2026-09-25,AUDAX CAPITAL FUNDO DE INVESTIMENTO EM DIREITOS CREDITORIOS,FIDC,https://www.liberumratings.com.br/detalhes-ativo/27989
2026-09-25,FUNDO DE INVESTIMENTO EM DIREITOS CREDITÓRIOS GOAL RJ,FIDC,https://www.liberumratings.com.br/detalhes-ativo/27957
2026-09-25,CENTRUM FUNDO DE INVESTIMENTO EM DIREITOS CREDITORIOS,FIDC,https://www.liberumratings.com.br/detalhes-ativo/27903
2026-09-25,AURUM - FUNDO DE INVESTIMENTO EM DIREITOS CREDITORIOS MULTISSETORIAL LP,FIDC,https://www.liberumratings.com.br/detalhes-ativo/27949
2026-09-25,GPR FUNDO DE INVESTIMENTO EM DIREITOS CREDITORIOS,FIDC,https://www.liberumratings.com.br/detalhes-ativo/28001
2026-09-25,BRZ CAPITAL CONSIG I FUNDO DE INVESTIMENTO EM DIREITOS CREDITORIOS RESPONSABILIDADE LIMITADA,FIDC,https://www.liberumratings.com.br/detalhes-ativo/27997
2026-09-25,BRZ CAPITAL CONSIG I FUNDO DE INVESTIMENTO EM DIREITOS CREDITORIOS RESPONSABILIDADE LIMITADA,FIDC,https://www.liberumratings.com.br/detalhes-ativo/27995
2026-09-25,CONSIGNADOS V FUNDOS DE INVESTIMENTO EM DIREITOS CREDITORIOS RESPONSABILIDADE LIMITADA,FIDC,https://www.liberumratings.com.br/detalhes-ativo/27996
2026-09-25,DELTA FUNDO DE INVESTIMENTO EM DIREITOS CREDITÓRIOS MULTISEGMENTOS,FIDC,https://www.liberumratings.com.br/detalhes-ativo/27981
2026-09-25,JGM LP FUNDO DE INVESTIMENTO EM DIREITOS CREDITÓRIOS MULTISSETORIAL,FIDC,https://www.liberumratings.com.br/detalhes-ativo/27918
2026-09-25,INVISTA ATIVOS ALTERNATIVOS I FUNDO DE INVESTIMENTO EM DIREITOS CREDITÓRIOS,FIDC,https://www.liberumratings.com.br/detalhes-ativo/27998
2026-09-25,FUNDO DE INVESTIMENTOS EM DIREITOS CREDITORIOS MULTISETORIAL HOPE LP,FIDC,https://www.liberumratings.com.br/detalhes-ativo/27991
2026-09-25,FUNDO DE INVESTIMENTO EM DIREITOS CREDITÓRIOS EMPÍRICA HOME EQUITY,FIDC,https://www.liberumratings.com.br/detalhes-ativo/27939
2026-09-25,Creditise Fundo de Investimentos em Direitos Creditórios Não Padronizado,FIDC,https://www.liberumratings.com.br/detalhes-ativo/27990
2026-09-25,FAMA FUNDO DE INVESTIMENTO EM DIREITOS CREDITÓRIOS,FIDC,https://www.liberumratings.com.br/detalhes-ativo/27979
2026-09-25,MILAS FUNDO DE INVESTIMENTO EM DIREITOS CREDITÓRIOS NÃO PADRONIZADOS RESPONSABILIDADE LIMITADA,FIDC,https://www.liberumratings.com.br/detalhes-ativo/27986
2026-09-25,FUNDO DE INVESTIMENTO EM DIREITOS CREDITORIOS CONCREDITO DE RESPONSABILIDADE ILIMITADA,FIDC,https://www.liberumratings.com.br/detalhes-ativo/27980
2026-09-25,VIA CAPITAL ARTEMUS FUNDO DE INVESTIMENTO EM DIREITOS CREDITÓRIOS MULTISSETORIAL,FIDC,https://www.liberumratings.com.br/detalhes-ativo/27926
2026-09-25,DIP FINANCING 11 FUNDO DE INVESTIMENTO EM DIREITOS CREDITORIOS NAO-PADRONIZADOS,FIDC,https://www.liberumratings.com.br/detalhes-ativo/27974
2026-09-25,C+ VALORA FUNDO DE INVESTIMENTO EM DIREITOS CREDITÓRIOS,FIDC,https://www.liberumratings.com.br/detalhes-ativo/27931
2026-09-25,CONSIGA MAIS FUNDO DE INVESTIMENTO EM DIREITOS CREDITÓRIOS,FIDC,https://www.liberumratings.com.br/detalhes-ativo/27930
2026-09-25,DEL MONTE FUNDO DE INVESTIMENTO EM DIREITOS CREDITÓRIOS MULTISEGMENTOS,FIDC,https://www.liberumratings.com.br/detalhes-ativo/27973
2026-09-25,COOPERA FUNDO DE INVESTIMENTO EM DIREITOS CREDITORIOS,FIDC,https://www.liberumratings.com.br/detalhes-ativo/27946
2026-09-25,FUNDO DE INVESTIMENTO EM DIREITOS CREDITÓRIOS CONSIGNADO Q1,FIDC,https://www.liberumratings.com.br/detalhes-ativo/27975
2026-09-25,RDF Fundo de Investimento em Direitos Creditórios,FIDC,https://www.liberumratings.com.br/detalhes-ativo/27892
2026-09-25,Genesis Fundo de Investimento em Direitos Creditórios,FIDC,https://www.liberumratings.com.br/detalhes-ativo/27971
2026-09-25,RCL3X FIAGRO - DIREITOS CREDITÓRIOS,FIDC,https://www.liberumratings.com.br/detalhes-ativo/27965
2026-09-25,GRANCRED SP FUNDO DE INVESTIMENTO EM DIREITOS CREDITÓRIOS MULTISSETORIAL,FIDC,https://www.liberumratings.com.br/detalhes-ativo/27941
2026-09-25,Fundo de Investimento em Direitos Creditórios Não Padronizados Sifra Performance,FIDC,https://www.liberumratings.com.br/detalhes-ativo/27972
2026-09-25,MUNDI FUNDO DE INVESTIMENTO EM DIREITOS CREDITÓRIOS MULTISEGMENTOS,FIDC,https://www.liberumratings.com.br/detalhes-ativo/27976
2026-09-25,CONDOCONTA FUNDO DE INVESTIMENTO EM DIREITOS CREDITORIOS NAO-PADRONIZADO,FIDC,https://www.liberumratings.com.br/detalhes-ativo/27959
2026-09-25,SPS ALGARVE DELTA CRÉDITOS JUDICIAIS FUNDO DE INVESTIMENTO EM  DIREITOS CREDITÓRIOS DE RESPONSABILIDADE LIMITADA,FIDC,https://www.liberumratings.com.br/detalhes-ativo/27800
2026-09-25,KEYCASH HOME EQUITY FUNDO DE INVESTIMENTO EM DIREITOS CREDITÓRIOS,FIDC,https://www.liberumratings.com.br/detalhes-ativo/27956
2026-09-25,Fundo de Investimentos em Direitos Creditórios Premium Solis,FIDC,https://www.liberumratings.com.br/detalhes-ativo/27940
2026-09-25,MENTORE FUNDO DE INVESTIMENTO EM DIREITOS CREDITORIOS,FIDC,https://www.liberumratings.com.br/detalhes-ativo/27921
2026-09-25,FUNDO DE INVESTIMENTO EM DIREITOS CREDITÓRIOS TRADEPAY VAREJO I,FIDC,https://www.liberumratings.com.br/detalhes-ativo/27776
2026-09-25,IRLA FUNDO DE INVESTIMENTO EM DIREITOS CREDITORIOS MULTISSETORIAL,FIDC,https://www.liberumratings.com.br/detalhes-ativo/27948
2026-09-25,Fundo de Investimento em Direitos Creditórios Multissetorial Milênio Recebíveis LP,FIDC,https://www.liberumratings.com.br/detalhes-ativo/27884
2026-09-25,GARSON BR FUNDO DE INVESTIMENTO EM DIREITOS CREDITORIOS RESPONSABILIDADE LIMITADA,FIDC,https://www.liberumratings.com.br/detalhes-ativo/27963
2026-09-25,Garson Fundo de Investimento em Direitos Creditórios,FIDC,https://www.liberumratings.com.br/detalhes-ativo/27950
2026-09-25,FUNDO DE INVESTIMENTO EM DIREITOS CREDITORIOS PH TECH RESPONSABILIDADE ILIMITADA,FIDC,https://www.liberumratings.com.br/detalhes-ativo/27944
2026-09-25,MATRIZ FUNDO DE INVESTIMENTO EM DIREITOS CREDITORIOS,FIDC,https://www.liberumratings.com.br/detalhes-ativo/27960
2026-09-25,MATRIZ FUNDO DE INVESTIMENTO EM COTAS DE FUNDOS DE INVESTIMENTO EM DIREITOS CREDITÓRIOS,FIDC,https://www.liberumratings.com.br/detalhes-ativo/27961
2026-09-25,FUNDO DE INVESTIMENTO EM DIREITOS CREDITÓRIOS POUPACRED RESPONSABILIDADE  ILIMITADA,FIDC,https://www.liberumratings.com.br/detalhes-ativo/27945
2026-09-25,Fundo de Investimento em Direitos Creditórios Capital 5,FIDC,https://www.liberumratings.com.br/detalhes-ativo/27937
2026-09-25,VIA CAPITAL ADAMANTUS FUNDO DE INVESTIMENTO EM DIREITOS CREDITORIOS MULTISSETORIAL,FIDC,https://www.liberumratings.com.br/detalhes-ativo/27754
2026-09-25,BRZ CAPITAL CONSIG I FUNDO DE INVESTIMENTO EM DIREITOS CREDITORIOS RESPONSABILIDADE LIMITADA,FIDC,https://www.liberumratings.com.br/detalhes-ativo/27749
2026-09-25,CONFIANÇA FUNDO DE INVESTIMENTO EM DIREITOS CREDITORIOS,FIDC,https://www.liberumratings.com.br/detalhes-ativo/27924
2026-09-25,Fundo de Investimentos em Direitos Creditórios Multissetorial ONE7 LP,FIDC,https://www.liberumratings.com.br/detalhes-ativo/27927
2026-09-25,FUNDO DE INVESTIMENTO EM DIREITOS CREDITORIOS SABIA CREDIT,FIDC,https://www.liberumratings.com.br/detalhes-ativo/27935
2026-09-25,JUNTOS CAPITAL FUNDO DE INVESTIMENTO EM DIREITOS CREDITORIOS,FIDC,https://www.liberumratings.com.br/detalhes-ativo/27951
2026-09-25,FUNDO DE INVESTIMENTO EM DIREITOS CREDITORIOS EMPIRICA CREDITAS AUTO,FIDC,https://www.liberumratings.com.br/detalhes-ativo/27929
2026-09-25,RIDOLFINVEST 2  FUNDO DE INVESTIMENTO EM DIREITOS CREDITÓRIOS NÃO PADRONIZADOS RESPONSABILIDADE LIMITADA,FIDC,https://www.liberumratings.com.br/detalhes-ativo/27947
2026-09-25,Fundo de Investimento em Direitos Creditórios Energia Solar,FIDC,https://www.liberumratings.com.br/detalhes-ativo/27954
2026-09-25,MOKA FUND I FUNDO DE INVESTIMENTO EM DIREITOS CREDITÓRIOS,FIDC,https://www.liberumratings.com.br/detalhes-ativo/27925
2026-09-25,SEJA FUNDO DE INVESTIMENTO EM DIREITOS CREDITÓRIOS,FIDC,https://www.liberumratings.com.br/detalhes-ativo/27887
2026-09-25,KP GUARDIAN FUNDO DE INVESTIMENTO EM COTAS DE FUNDOS DE INVESTIMENTO EM DIREITOS CREDITÓRIOS RESPONSABILIDADE LIMITADA,FIDC,https://www.liberumratings.com.br/detalhes-ativo/27955
2026-09-25,MULTI RECEBÍVEIS III FUNDO DE INVESTIMENTO EM DIREITOS CREDITÓRIOS,FIDC,https://www.liberumratings.com.br/detalhes-ativo/27916
2026-09-25,FUNDO DE INVESTIMENTO EM DIREITOS CREDITÓRIOS ASAAS,FIDC,https://www.liberumratings.com.br/detalhes-ativo/27933
2026-09-25,NACIONAL FEITO PRA VOCÊ FUNDO DE INVESTIMENTO EM DIREITOS CREDITÓRIOS DE RESPONSABILIDADE LIMITADA,FIDC,https://www.liberumratings.com.br/detalhes-ativo/27905
2026-09-25,R&G FUNDO DE INVESTIMENTO EM DIREITOS CREDITÓRIOS MULTISEGMENTOS,FIDC,https://www.liberumratings.com.br/detalhes-ativo/27867
2026-09-25,MULTI RECEBÍVEIS II FUNDO DE INVESTIMENTO EM DIREITOS CREDITÓRIOS MULTISEGMENTOS,FIDC,https://www.liberumratings.com.br/detalhes-ativo/27914
2026-09-25,FUNDO DE INVESTIMENTO EM DIREITOS CREDITORIOS SANTA CRUZ CAPITAL,FIDC,https://www.liberumratings.com.br/detalhes-ativo/27911
2026-09-25,U.NIC FUNDO DE INVESTIMENTO EM DIREITOS CREDITÓRIOS,FIDC,https://www.liberumratings.com.br/detalhes-ativo/27943
2026-09-25,Harpia Fundo de Investimentos em Direitos Creditórios,FIDC,https://www.liberumratings.com.br/detalhes-ativo/27936
2026-09-25,Lotus Performance Fundo de Investimento em Direitos Creditórios Multissetorial LP,FIDC,https://www.liberumratings.com.br/detalhes-ativo/27917
2026-09-25,MS MULTI FUNDO DE INVESTIMENTO EM DIREITOS CREDITÓRIOS,FIDC,https://www.liberumratings.com.br/detalhes-ativo/27932
2026-09-25,D'ORO CAPITAL FUNDO DE INVESTIMENTO EM DIREITOS CREDITORIOS CRÉDITO CORPORATIVO,FIDC,https://www.liberumratings.com.br/detalhes-ativo/27915
2026-09-25,RIVO FUNDO DE INVESTIMENTO EM DIREITOS CREDITÓRIOS,FIDC,https://www.liberumratings.com.br/detalhes-ativo/27934
2026-09-25,Creditise Fundo de Investimentos em Direitos Creditórios Não Padronizado,FIDC,https://www.liberumratings.com.br/detalhes-ativo/27938
2026-09-25,Credit Brasil Fundo de Investimento em Direitos Creditórios Multissetorial Master,FIDC,https://www.liberumratings.com.br/detalhes-ativo/27855
2026-09-25,MUNDI FUNDO DE INVESTIMENTO EM DIREITOS CREDITÓRIOS MULTISEGMENTOS,FIDC,https://www.liberumratings.com.br/detalhes-ativo/27897
2026-09-25,Red Performance Fundo De Investimento Em Direitos Creditórios Não Padronizados De Responsabilidade Limitada,FIDC,https://www.liberumratings.com.br/detalhes-ativo/27909
2026-09-25,DIRETA CAPITAL FUNDO DE INVESTIMENTO EM DIREITOS CREDITÓRIOS MULTISETORIAL DE CLASSE ÚNICA FECHADA DE RESPONSABILIDADE LIMITADA,FIDC,https://www.liberumratings.com.br/detalhes-ativo/27771
2026-09-25,FIDC Brasilfactors Crédito Corporativo,FIDC,https://www.liberumratings.com.br/detalhes-ativo/27812
2026-09-25,FUNDO DE INVESTIMENTO EM DIREITOS CREDITÓRIOS ANGÁ SABEMI CONSIGNADOS VII - RESPONSABILIDADE LIMITADA,FIDC,https://www.liberumratings.com.br/detalhes-ativo/27923
2026-09-25,Fundo de Investimento em Direitos Creditórios Angá Sabemi Consignados VIII,FIDC,https://www.liberumratings.com.br/detalhes-ativo/27922
2026-09-25,FUNDO DE INVESTIMENTO EM DIREITOS CREDITORIOS LESTE FICTOR CONSIGNADO RESPONSABILIDADE LIMITADA,FIDC,https://www.liberumratings.com.br/detalhes-ativo/27910
2026-09-25,WK FUNDO DE INVESTIMENTO EM DIREITOS CREDITORIOS,FIDC,https://www.liberumratings.com.br/detalhes-ativo/27920
2026-09-25,FUNDO DE INVESTIMENTO EM DIREITOS CREDITÓRIOS ANGÁ SABEMI CONSIGNADOS VI - RESPONSABILIDADE LIMITADA,FIDC,https://www.liberumratings.com.br/detalhes-ativo/27863
2026-09-25,OCEAN ASSET FUNDO DE INVESTIMENTO EM DIREITOS CREDITORIOS,FIDC,https://www.liberumratings.com.br/detalhes-ativo/27902
2026-09-25,STARS BANK FUNDO DE INVESTIMENTO EM DIREITOS CREDITORIOS LP,FIDC,https://www.liberumratings.com.br/detalhes-ativo/27788
2026-09-25,RUBI FUNDO DE INVESTIMENTO EM DIREITOS CREDITORIOS MULTISETORIAL RESPONSABILIDADE LIMITADA,FIDC,https://www.liberumratings.com.br/detalhes-ativo/27876
2026-09-25,MALMO FICFIDC-NP,FIDC,https://www.liberumratings.com.br/detalhes-ativo/27820
2026-09-25,FUNDO DE INVESTIMENTO EM DIREITOS CREDITORIOS SABIA CREDIT,FIDC,https://www.liberumratings.com.br/detalhes-ativo/27782
2026-09-25,OPHIR FUNDO DE INVESTIMENTO EM DIREITOS CREDITORIOS,FIDC,https://www.liberumratings.com.br/detalhes-ativo/27783
2026-09-25,ARGENTA FUNDO DE INVESTIMENTO EM DIREITOS CREDITORIOS MERCANTIS DE RESPONSABILIDADE LIMITADA,FIDC,https://www.liberumratings.com.br/detalhes-ativo/27864
2026-09-25,CITY FUNDO DE INVESTIMENTO EM DIREITOS CREDITÓRIOS NÃO PADRONIZADO,FIDC,https://www.liberumratings.com.br/detalhes-ativo/27912
2026-09-25,CITY 02 FUNDO DE INVESTIMENTO EM DIREITOS CREDITÓRIOS NÃO PADRONIZADOS RESPONSABILIDADE ILIMITADA,FIDC,https://www.liberumratings.com.br/detalhes-ativo/27913
2026-09-25,FUNDO DE INVESTIMENTO EM DIREITOS CREDITÓRIOS PREMIER,FIDC,https://www.liberumratings.com.br/detalhes-ativo/27907
2026-09-25,SQUID FUNDO DE INVESTIMENTO EM DIRETOS CREDITÓRIOS,FIDC,https://www.liberumratings.com.br/detalhes-ativo/27904
2026-09-25,ELLEVE NPL FUNDO DE INVESTIMENTO EM DIREITOS CREDITÓRIOS - NÃO PADRONIZADOS,FIDC,https://www.liberumratings.com.br/detalhes-ativo/27908
2026-09-25,FUNDO DE INVESTIMENTO EM DIREITOS CREDITÓRIOS FINANCEIROS FACTA CONSIGNADO INSS DE RESPONSABILIDADE LIMITADA,FIDC,https://www.liberumratings.com.br/detalhes-ativo/27881
2026-09-25,CLM FUNDO DE INVESTIMENTO EM DIREITOS CREDITÓRIOS MULTISSETORIAL,FIDC,https://www.liberumratings.com.br/detalhes-ativo/27895
2026-09-25,Fundo de Investimento em Direitos Creditórios  Multissetorial Prévia,FIDC,https://www.liberumratings.com.br/detalhes-ativo/27901
2026-09-25,SATURNO FUNDO DE INVESTIMENTO EM DIREITOS CREDITORIOS,FIDC,https://www.liberumratings.com.br/detalhes-ativo/27906
2026-09-25,FOUR CREDIT FUNDO DE INVESTIMENTO EM DIREITOS CREDITORIOS,FIDC,https://www.liberumratings.com.br/detalhes-ativo/27894
2026-09-25,CONSIGNADOS V FUNDOS DE INVESTIMENTO EM DIREITOS CREDITORIOS RESPONSABILIDADE LIMITADA,FIDC,https://www.liberumratings.com.br/detalhes-ativo/27898
2026-09-25,MLC1 FUNDO DE INVESTIMENTO EM DIREITOS CREDITÓRIOS - RESPONSABILIDADE LIMITADA,FIDC,https://www.liberumratings.com.br/detalhes-ativo/27888
2026-09-25,FUNDO DE INVESTIMENTO EM DIREITOS CREDITORIOS BIZCAPITAL EMPIRICA PME RESPONSABILIDADE LIMITADA,FIDC,https://www.liberumratings.com.br/detalhes-ativo/27899
2026-09-25,AFA HIGH YIELD CREDIT OPPORTUNITY FUNDO DE INVESTIMENTO EM DIREITOS CREDITORIOS,FIDC,https://www.liberumratings.com.br/detalhes-ativo/27872
2026-09-25,911 BANK MULTI ESTRATEGIA FUNDO DE INVESTIMENTO EM DIREITOS  CREDITORIOS,FIDC,https://www.liberumratings.com.br/detalhes-ativo/27880
2026-09-25,INTRABANK FUNDO DE INVESTIMENTO EM DIREITOS CREDITÓRIOS NÃO PADRONIZADOS,FIDC,https://www.liberumratings.com.br/detalhes-ativo/27900
2026-09-25,CREDIHOME FUNDO DE INVESTIMENTO EM DIREITOS CREDITORIOS,FIDC,https://www.liberumratings.com.br/detalhes-ativo/27883
2026-09-25,ÁRTICO MIDDLE CORPORATE FUNDO DE INVESTIMENTO EM DIREITOS CREDITÓRIOS,FIDC,https://www.liberumratings.com.br/detalhes-ativo/27858
2026-09-25,GRIF CRÉDITO PULVERIZADO FUNDO DE INVESTIMENTO EM DIREITOS CREDITÓRIOS RESPONSABILIDADE LIMITADA,FIDC,https://www.liberumratings.com.br/detalhes-ativo/27893
2026-09-25,TOPCRED FUNDO DE INVESTIMENTO EM DIREITOS CREDITORIOS,FIDC,https://www.liberumratings.com.br/detalhes-ativo/27885
2026-09-25,SANTIAGO HOME EQUITY FUNDO DE INVESTIMENTO EM DIREITOS  CREDITÓRIOS,FIDC,https://www.liberumratings.com.br/detalhes-ativo/27811
2026-09-25,Fundo de Investimento em Direitos Creditórios Empírica Mezzo Saúde,FIDC,https://www.liberumratings.com.br/detalhes-ativo/27862
2026-09-25,WFR FUNDO DE INVESTIMENTO EM DIREITOS CREDITORIOS MULTISSETORIAL,FIDC,https://www.liberumratings.com.br/detalhes-ativo/27874
2026-09-25,FUNDO DE INVESTIMENTO EM DIREITOS CREDITÓRIOS AGORA TELECOM,FIDC,https://www.liberumratings.com.br/detalhes-ativo/27878
2026-09-25,ESPRESSO CRÉDITOS JUDICIAIS FUNDO DE INVESTIMENTO EM DIREITOS CREDITÓRIOS NÃO-PADRONIZADOS,FIDC,https://www.liberumratings.com.br/detalhes-ativo/27882
2026-09-25,VIOLIN 8432 CRÉDITOS JUDICIAIS FUNDO DE INVESTIMENTO EM DIREITOS CREDITÓRIOS NÃO-PADRONIZADOS,FIDC,https://www.liberumratings.com.br/detalhes-ativo/27877
2026-09-25,KP GUARDIAN FUNDO DE INVESTIMENTO EM COTAS DE FUNDOS DE INVESTIMENTO EM DIREITOS CREDITÓRIOS RESPONSABILIDADE LIMITADA,FIDC,https://www.liberumratings.com.br/detalhes-ativo/27875
2026-09-25,ELDORADO FUNDO DE INVESTIMENTO EM DIREITOS CREDITÓRIOS NÃO-PADRONIZADOS,FIDC,https://www.liberumratings.com.br/detalhes-ativo/27879
2026-09-25,ARPEL CAPITAL FUNDO DE INVESTIMENTO EM DIREITOS CREDITORIOS,FIDC,https://www.liberumratings.com.br/detalhes-ativo/27871
2026-09-25,FUNDO DE INVESTIMENTO EM DIREITOS CREDITÓRIOS CONSORCIEI I – RESPONSABILIDADE LIMITADA,FIDC,https://www.liberumratings.com.br/detalhes-ativo/27873
2026-09-25,ACELERA VAREJO FUNDO DE INVESTIMENTO EM DIREITOS CREDITORIOS,FIDC,https://www.liberumratings.com.br/detalhes-ativo/27866
2026-09-25,PAGOL FUNDO DE INVESTIMENTO EM DIREITOS CREDITORIOS,FIDC,https://www.liberumratings.com.br/detalhes-ativo/27860
2026-09-25,SG IV LOCAL ATIVOS JUDICIAIS FUNDO DE  INVESTIMENTO EM COTAS DE FUNDOS DE INVESTIMENTO EM DIREITOS  CREDITÓRIOS,FIDC,https://www.liberumratings.com.br/detalhes-ativo/27869
2026-09-25,Sifra Plus Multissegmento Fundo de Investimento em Direitos Creditórios,FIDC,https://www.liberumratings.com.br/detalhes-ativo/27868
2026-09-25,FUNDO DE INVESTIMENTO EM DIREITOS CREDITORIOS ONIX PRIME,FIDC,https://www.liberumratings.com.br/detalhes-ativo/27857
2026-09-25,HUBCRED FUNDO DE INVESTIMENTO EM DIREITOS CREDITORIOS,FIDC,https://www.liberumratings.com.br/detalhes-ativo/27861
2026-09-25,LARCA CAPITAL FUNDO DE INVESTIMENTO EM DIREITOS CREDITÓRIOS RESPONSABILIDADE LIMITADA,FIDC,https://www.liberumratings.com.br/detalhes-ativo/27785
2026-09-25,Pagbem Fundo de Investimentos em Direitos Creditórios,FIDC,https://www.liberumratings.com.br/detalhes-ativo/27859
2026-09-25,GFM FUNDO DE INVESTIMENTO EM DIREITOS CREDITORIOS MULTICREDITO,FIDC,https://www.liberumratings.com.br/detalhes-ativo/27773
2026-09-25,MLC1 FUNDO DE INVESTIMENTO EM DIREITOS CREDITÓRIOS - RESPONSABILIDADE LIMITADA,FIDC,https://www.liberumratings.com.br/detalhes-ativo/27853
2026-09-25,Pinarello Fundo de Investimento em Direitos Creditórios,FIDC,https://www.liberumratings.com.br/detalhes-ativo/27781
2026-09-25,ATTALANTA FUNDO DE INVESTIMENTO EM DIREITOS CREDITÓRIOS CRÉDITO CORPORATIVO,FIDC,https://www.liberumratings.com.br/detalhes-ativo/27798
2026-09-25,FRUIT CREEK CRÉDITOS JUDICIAIS FUNDO DE INVESTIMENTO EM DIREITOS CREDITÓRIOS,FIDC,https://www.liberumratings.com.br/detalhes-ativo/27854
2026-09-25,EOS FUNDO DE INVESTIMENTO EM DIREITOS CREDITORIOS WH,FIDC,https://www.liberumratings.com.br/detalhes-ativo/27852
2026-09-25,LEVER FUNDO DE INVESTIMENTO EM DIREITOS CREDITÓRIOS,FIDC,https://www.liberumratings.com.br/detalhes-ativo/27856
2026-09-25,CAPITAL FINANÇAS FUNDO DE INVESTIMENTO EM DIREITOS CREDITORIOS,FIDC,https://www.liberumratings.com.br/detalhes-ativo/27775
2026-09-25,CERUS FUNDO DE INVESTIMENTO EM DIREITOS CREDITORIOS,FIDC,https://www.liberumratings.com.br/detalhes-ativo/27780
2026-09-25,MR FUNDO DE INVESTIMENTO EM DIREITOS CREDITÓRIOS,FIDC,https://www.liberumratings.com.br/detalhes-ativo/27802
2026-09-25,INTER SIMPLES FUNDO DE INVESTIMENTO EM DIREITOS CREDITÓRIOS MULTISSETORIAL – RESPONSABILIDADE LIMITADA,FIDC,https://www.liberumratings.com.br/detalhes-ativo/27847
2026-09-25,JC 4870 VI FUNDO DE INVESTIMENTO EM DIREITOS CREDITORIOS NAO PADRONIZADOS FIDC-NP,FIDC,https://www.liberumratings.com.br/detalhes-ativo/27851
2026-09-25,JC BG FICFIDC NP,FIDC,https://www.liberumratings.com.br/detalhes-ativo/27846
2026-09-25,JC BG Fundo de Investimento em Direitos Creditórios Não-Padronizados – FIDC NP,FIDC,https://www.liberumratings.com.br/detalhes-ativo/27799
2026-09-25,ACL NP FUNDO DE INVESTIMENTO EM DIREITOS CREDITORIOS NAO PADRONIZADOS,FIDC,https://www.liberumratings.com.br/detalhes-ativo/27838
2026-09-25,W CAPITAL I - FUNDO DE INVESTIMENTO EM DIREITOS CREDITÓRIOS,FIDC,https://www.liberumratings.com.br/detalhes-ativo/27830
2026-09-25,JC Diversificado VI Fundo de Investimento em Direitos Creditorios Não-Padronizado,FIDC,https://www.liberumratings.com.br/detalhes-ativo/27827
2026-09-25,JC 4870 II FUNDO DE INVESTIMENTO EM DIREITOS CREDITÓRIOS NÃO-PADRONIZADOS,FIDC,https://www.liberumratings.com.br/detalhes-ativo/27826
2026-09-25,JGP ESTRUTURADOS FUNDO DE INVESTIMENTO EM DIREITOS CREDITÓRIOS – RESPONSABILIDADE LIMITADA,FIDC,https://www.liberumratings.com.br/detalhes-ativo/27824
2026-09-25,JC 4870 Fundo de Investimento em Direitos Creditório - Não Padronizado,FIDC,https://www.liberumratings.com.br/detalhes-ativo/27823
2026-09-25,PORTLAND CRÉDITOS JUDICIAIS FUNDO DE INVESTIMENTO EM DIREITOS CREDITÓRIOS,FIDC,https://www.liberumratings.com.br/detalhes-ativo/27818
2026-09-25,C3E CRÉDITOS JUDICIAIS FUNDO DE INVESTIMENTO EM COTAS DE FUNDOS DE INVESTIMENTO EM DIREITOS CREDITÓRIOS DE RESPONSABILIDADE LIMITADA,FIDC,https://www.liberumratings.com.br/detalhes-ativo/27816
2026-09-25,C3E CRÉDITOS JUDICIAIS FUNDO DE INVESTIMENTO EM DIREITOS CREDITÓRIOS DE RESPONSABILIDADE LIMITADA,FIDC,https://www.liberumratings.com.br/detalhes-ativo/27805
2026-09-25,JGP ESTRUTURADOS III FUNDO DE INVESTIMENTO EM DIREITOS CREDITORIOS,FIDC,https://www.liberumratings.com.br/detalhes-ativo/27833
2026-09-25,ALGARVE MEDITERRÂNEO FUNDO DE INVESTIMENTO EM DIREITOS CREDITÓRIOS NÃO PADRONIZADOS,FIDC,https://www.liberumratings.com.br/detalhes-ativo/27831
2026-09-25,NO STRESS FUNDO DE INVESTIMENTO EM DIREITOS CREDITORIOS NAO PADRONIZADOS,FIDC,https://www.liberumratings.com.br/detalhes-ativo/27797
2026-09-25,JC SILOS FUNDO DE INVESTIMENTO EM DIREITOS CREDITÓRIOS NÃO-PADRONIZADO,FIDC,https://www.liberumratings.com.br/detalhes-ativo/27813
2026-09-25,AEG 4 FUNDOS DE INVESTIMENTO EM DIREITOS CREDITÓRIOS DE RESPONSABILIDADE LIMITADA,FIDC,https://www.liberumratings.com.br/detalhes-ativo/27819
2026-09-25,Mav Alternative Credit Fundo de Investimento em Direitos Creditórios Não-Padronizados,FIDC,https://www.liberumratings.com.br/detalhes-ativo/27829
2026-09-25,GAIA Fundo de Investimento em Direitos Creditorios Não Padronizados,FIDC,https://www.liberumratings.com.br/detalhes-ativo/27817
2026-09-25,SAN PRECA FEDERAL I FUNDO DE INVESTIMENTO EM DIREITOS CREDITÓRIOS – RESPONSABILIDADE LIMITADA,FIDC,https://www.liberumratings.com.br/detalhes-ativo/27814
2026-09-25,JC Créditos Judiciais Fundo de Investimento em Direitos Creditórios Não-Padronizados,FIDC,https://www.liberumratings.com.br/detalhes-ativo/27809
2026-09-25,SL FUNDO DE INVESTIMENTO EM DIREITOS CREDITÓRIOS - RESPONSABILIDADE LIMITADA,FIDC,https://www.liberumratings.com.br/detalhes-ativo/27808
2026-09-25,MLC 1A - FUNDO DE INVESTIMENTO EM DIREITOS CREDITÓRIOS - RESPONSABILIDADE LIMITADA,FIDC,https://www.liberumratings.com.br/detalhes-ativo/27843
2026-09-25,BLUEFIN FUNDO DE INVESTIMENTO EM DIREITOS CREDITÓRIOS,FIDC,https://www.liberumratings.com.br/detalhes-ativo/27806
2026-09-25,MOBIUS TOTAL RETURN 1 - FUNDO DE INVESTIMENTO EM DIREITOS CREDITORIOS,FIDC,https://www.liberumratings.com.br/detalhes-ativo/27835
2026-09-25,MOBIUS VD TOTAL RETURN 1 - FUNDO DE INVESTIMENTO EM DIREITOS CREDITORIOS,FIDC,https://www.liberumratings.com.br/detalhes-ativo/27810
2026-09-25,BH FUNDO DE INVESTIMENTO EM DIREITOS CREDITÓRIOS,FIDC,https://www.liberumratings.com.br/detalhes-ativo/27836
2026-09-25,SF4 FUNDO DE INVESTIMENTO EM DIREITOS CREDITORIOS RESPONSABILIDADE LIMITADA,FIDC,https://www.liberumratings.com.br/detalhes-ativo/27792
2026-09-25,SG JC III FIC FIDC NP,FIDC,https://www.liberumratings.com.br/detalhes-ativo/27845
2026-09-25,SG III Fundo de Investimento em Cotas de Fundo de Investimento em Direitos Creditório - NP,FIDC,https://www.liberumratings.com.br/detalhes-ativo/27849
2026-09-25,GRIFO FUNDO DE INVESTIMENTO EM DIREITOS CREDITÓRIOS PADRONIZADOS MULTISSETORIAL,FIDC,https://www.liberumratings.com.br/detalhes-ativo/27789
2026-09-25,SIFRA ENERGY PODIUM FUNDO DE INVESTIMENTO EM DIREITOS CREDITORIOS,FIDC,https://www.liberumratings.com.br/detalhes-ativo/27791
2026-09-25,FUNDO DE INVESTIMENTO EM DIREITOS CREDITÓRIOS LF I – SEGMENTO FINANCEIRO – RESPONSABILIDADE LIMITADA,FIDC,https://www.liberumratings.com.br/detalhes-ativo/27724
2026-09-25,JC Diversificado III Fundo de Investimento em DireitosS Creditorios Não-Padronizado,FIDC,https://www.liberumratings.com.br/detalhes-ativo/27842
2026-09-25,NANBAN II FUNDO DE INVESTIMENTO EM DIREITOS CREDITÓRIOS RESPONSABILIDADE LIMITADA,FIDC,https://www.liberumratings.com.br/detalhes-ativo/27841
2026-09-25,VIOLIN 8432 CRÉDITOS JUDICIAIS FUNDO DE INVESTIMENTO EM DIREITOS CREDITÓRIOS NÃO-PADRONIZADOS,FIDC,https://www.liberumratings.com.br/detalhes-ativo/27840
2026-09-25,NEB FUNDO DE INVESTIMENTO EM DIREITOS CREDITÓRIOS NÃO-PADRONIZADOS,FIDC,https://www.liberumratings.com.br/detalhes-ativo/27815
2026-09-25,SG II A Fundo De Investimento Em Cotas De Fundos De Investimento Em Direitos Creditorios Nao-Padronizados,FIDC,https://www.liberumratings.com.br/detalhes-ativo/27839
2026-09-25,GRU FUNDO DE INVESTIMENTO EM DIREITOS CREDITORIOS,FIDC,https://www.liberumratings.com.br/detalhes-ativo/27794
2026-09-25,SGC UT FIDC NP,FIDC,https://www.liberumratings.com.br/detalhes-ativo/27837
2026-09-25,Violin 8432 (2) Créditos Judiciais Fundo de Investimento em Direitos Creditórios Não-Padronizados,FIDC,https://www.liberumratings.com.br/detalhes-ativo/27821
2026-09-25,CRESTONE I FUNDO DE INVESTIMENTO EM DIREITOS CREDITÓRIOS,FIDC,https://www.liberumratings.com.br/detalhes-ativo/27834
2026-09-25,Reag Special Situation Fundo de Investimento em Direitos Creditórios Padronizados Aberto,FIDC,https://www.liberumratings.com.br/detalhes-ativo/27832
2026-09-25,UA FUNDO DE INVESTIMENTO EM DIREITOS CREDITÓRIOS NÃO-PADRONIZADOS,FIDC,https://www.liberumratings.com.br/detalhes-ativo/27828
2026-09-25,ESPRESSO CRÉDITOS JUDICIAIS FUNDO DE INVESTIMENTO EM DIREITOS CREDITÓRIOS NÃO-PADRONIZADOS,FIDC,https://www.liberumratings.com.br/detalhes-ativo/27825
2026-09-25,AGHI FUNDO DE INVESTIMENTO EM DIREITOS CREDITÓRIOS NÃO-PADRONIZADOS,FIDC,https://www.liberumratings.com.br/detalhes-ativo/27807
2026-09-25,VENTURA FUNDO DE INVESTIMENTO EM DIREITOS CREDITORIOS,FIDC,https://www.liberumratings.com.br/detalhes-ativo/27774
2026-09-25,SANTIAGO HOME EQUITY FUNDO DE INVESTIMENTO EM DIREITOS  CREDITÓRIOS,FIDC,https://www.liberumratings.com.br/detalhes-ativo/27736
2026-09-25,DELTA FUNDO DE INVESTIMENTO EM DIREITOS CREDITÓRIOS MULTISEGMENTOS,FIDC,https://www.liberumratings.com.br/detalhes-ativo/27786
2026-09-25,JC 4870 V FUNDO DE INVESTIMENTO EM DIREITOS CREDITÓRIOS NÃO PADRONIZADOS - FIDC-NP,FIDC,https://www.liberumratings.com.br/detalhes-ativo/27804
2026-09-25,FUNDO DE INVESTIMENTO EM DIREITOS CREDITORIOS EMPIRICA CREDITAS AUTO,FIDC,https://www.liberumratings.com.br/detalhes-ativo/27743
2026-09-25,PATAGONIA FUNDO DE INVESTIMENTO EM DIREITOS CREDITORIOS NAO PADRONIZADOS,FIDC,https://www.liberumratings.com.br/detalhes-ativo/27787
2026-09-25,ST 1001 FUNDO DE INVESTIMENTO EM DIREITOS CREDITORIOS,FIDC,https://www.liberumratings.com.br/detalhes-ativo/27681
2026-09-25,PHD FUNDO DE INVESTIMENTO EM DIREITOS CREDITORIOS,FIDC,https://www.liberumratings.com.br/detalhes-ativo/27737
2026-09-25,ESMERALDA  FUNDO DE INVESTIMENTO EM DIREITOS CREDITÓRIOS,FIDC,https://www.liberumratings.com.br/detalhes-ativo/27596
2026-09-25,LGX FUNDO DE INVESTIMENTO EM DIREITOS CREDITÓRIOS – RESPONSABILIDADE LIMITADA,FIDC,https://www.liberumratings.com.br/detalhes-ativo/27718
2026-09-25,BOREAL I FUNDO DE INVESTIMENTO EM DIREITOS CREDITORIOS  - RESPONSABILIDADE LIMITADA,FIDC,https://www.liberumratings.com.br/detalhes-ativo/27770
2026-09-25,NXC CAPITAL FUNDO DE INVESTIMENTO EM DIREITOS CREDITÓRIOS,FIDC,https://www.liberumratings.com.br/detalhes-ativo/27778
2026-09-25,3S FUNDO DE INVESTIMENTO EM COTAS DE FUNDO DE INVESTIMENTO EM DIREITOS CREDITORIOS,FIDC,https://www.liberumratings.com.br/detalhes-ativo/27721
2026-09-25,Trevys Fundo de Investimentos em Direitos Creditórios,FIDC,https://www.liberumratings.com.br/detalhes-ativo/27520
2026-09-25,JGM LP FUNDO DE INVESTIMENTO EM DIREITOS CREDITÓRIOS MULTISSETORIAL,FIDC,https://www.liberumratings.com.br/detalhes-ativo/27777
2026-09-25,Red Performance Fundo de Investimentos em Direitos Creditórios Não Padronizados,FIDC,https://www.liberumratings.com.br/detalhes-ativo/27758
2026-09-25,RIVO FUNDO DE INVESTIMENTO EM DIREITOS CREDITÓRIOS,FIDC,https://www.liberumratings.com.br/detalhes-ativo/27765
2026-09-25,FUNDO DE INVESTIMENTO EM DIREITOS CREDITÓRIOS AGORA TELECOM,FIDC,https://www.liberumratings.com.br/detalhes-ativo/27707
2026-09-25,MS MULTI FUNDO DE INVESTIMENTO EM DIREITOS CREDITÓRIOS,FIDC,https://www.liberumratings.com.br/detalhes-ativo/27761
2026-09-25,FUNDO DE INVESTIMENTO EM DIREITOS CREDITÓRIOS GOAL RJ,FIDC,https://www.liberumratings.com.br/detalhes-ativo/27630
2026-09-25,FUNDO DE INVESTIMENTO EM DIREITOS CREDITÓRIOS PREMIER,FIDC,https://www.liberumratings.com.br/detalhes-ativo/27767
2026-09-25,FUNDO DE INVESTIMENTO EM DIREITOS CREDITORIOS CONCREDITO DE RESPONSABILIDADE ILIMITADA,FIDC,https://www.liberumratings.com.br/detalhes-ativo/27766
2026-09-25,FUNDO DE INVESTIMENTO EM DIREITOS CREDITÓRIOS EMPÍRICA HOME EQUITY,FIDC,https://www.liberumratings.com.br/detalhes-ativo/27533
2026-09-25,CLM FUNDO DE INVESTIMENTO EM DIREITOS CREDITÓRIOS MULTISSETORIAL,FIDC,https://www.liberumratings.com.br/detalhes-ativo/27506
2026-09-25,JGM LP FUNDO DE INVESTIMENTO EM DIREITOS CREDITÓRIOS MULTISSETORIAL,FIDC,https://www.liberumratings.com.br/detalhes-ativo/27768
2026-09-25,FUNDO DE INVESTIMENTO EM DIREITOS CREDITÓRIOS CONCRÉDITO II RESPONSABILIDADE LIMITADA,FIDC,https://www.liberumratings.com.br/detalhes-ativo/27762
2026-09-25,Plata I Fundo de Investimento em Direitos Creditórios Multissegmentos,FIDC,https://www.liberumratings.com.br/detalhes-ativo/27757
2026-09-25,AGROFORTE - FUNDO DE INVESTIMENTO EM DIREITOS CREDITORIOS,FIDC,https://www.liberumratings.com.br/detalhes-ativo/27760
2026-09-25,Fundo de Investimentos em Direitos Creditórios Premium Solis,FIDC,https://www.liberumratings.com.br/detalhes-ativo/27755
2026-09-25,RDF Fundo de Investimento em Direitos Creditórios,FIDC,https://www.liberumratings.com.br/detalhes-ativo/27763
2026-09-25,AURUM - FUNDO DE INVESTIMENTO EM DIREITOS CREDITORIOS MULTISSETORIAL LP,FIDC,https://www.liberumratings.com.br/detalhes-ativo/27751
2026-09-25,U.NIC FUNDO DE INVESTIMENTO EM DIREITOS CREDITÓRIOS,FIDC,https://www.liberumratings.com.br/detalhes-ativo/27756
2026-09-25,ELLEVE NPL FUNDO DE INVESTIMENTO EM DIREITOS CREDITÓRIOS - NÃO PADRONIZADOS,FIDC,https://www.liberumratings.com.br/detalhes-ativo/27709
2026-09-25,Fundo de Investimento em Direitos Creditórios Multissetorial DB 18,FIDC,https://www.liberumratings.com.br/detalhes-ativo/27759
2026-09-25,DEL MONTE FUNDO DE INVESTIMENTO EM DIREITOS CREDITÓRIOS MULTISEGMENTOS,FIDC,https://www.liberumratings.com.br/detalhes-ativo/27733
2026-09-25,LARCA CONSIGNADO II FUNDO DE INVESTIMENTO EM DIREITOS CREDITÓRIOS RESPONSABILIDADE LIMITADA,FIDC,https://www.liberumratings.com.br/detalhes-ativo/27726
2026-09-25,LARCA CONSIGNADO FUNDO DE INVESTIMENTO EM DIREITOS CREDITORIOS RESPONSABILIDADE LIMITADA,FIDC,https://www.liberumratings.com.br/detalhes-ativo/27725
2026-09-25,SG FUNDO DE INVESTIMENTO EM DIREITOS CREDITÓRIOS,FIDC,https://www.liberumratings.com.br/detalhes-ativo/27752
2026-09-25,RIDOLFINVEST 2  FUNDO DE INVESTIMENTO EM DIREITOS CREDITÓRIOS NÃO PADRONIZADOS RESPONSABILIDADE LIMITADA,FIDC,https://www.liberumratings.com.br/detalhes-ativo/27753
2026-09-25,BRZ CONSIGNADOS V FUNDOS DE INVESTIMENTO EM DIREITOS CREDITORIOS RESPONSABILIDADE LIMITADA,FIDC,https://www.liberumratings.com.br/detalhes-ativo/27750
2026-09-25,WFR FUNDO DE INVESTIMENTO EM DIREITOS CREDITORIOS MULTISSETORIAL,FIDC,https://www.liberumratings.com.br/detalhes-ativo/27629
2026-09-25,KOBOLD MFS FUNDO DE INVESTIMENTO EM DIREITOS CREDITÓRIOS NÃO PADRONIZADOS,FIDC,https://www.liberumratings.com.br/detalhes-ativo/27610
2026-09-25,FUNDO DE INVESTIMENTO EM DIREITOS CREDITÓRIOS CONSIGNADO Q1,FIDC,https://www.liberumratings.com.br/detalhes-ativo/27740
2026-09-25,Fundo de Investimento em Direitos Creditórios Não Padronizados Sifra Performance,FIDC,https://www.liberumratings.com.br/detalhes-ativo/27744
2026-09-25,RIDOLFINVEST 2  FUNDO DE INVESTIMENTO EM DIREITOS CREDITÓRIOS NÃO PADRONIZADOS RESPONSABILIDADE LIMITADA,FIDC,https://www.liberumratings.com.br/detalhes-ativo/27747
2026-09-25,VIA CAPITAL ARTEMUS FUNDO DE INVESTIMENTO EM DIREITOS CREDITÓRIOS MULTISSETORIAL,FIDC,https://www.liberumratings.com.br/detalhes-ativo/27723
2026-09-25,GVN FUNDO DE INVESTIMENTO EM DIREITOS CREDITÓRIOS,FIDC,https://www.liberumratings.com.br/detalhes-ativo/27734
2026-09-25,DIP FINANCING 11 FUNDO DE INVESTIMENTO EM DIREITOS CREDITORIOS NAO-PADRONIZADOS,FIDC,https://www.liberumratings.com.br/detalhes-ativo/27738
2026-09-25,FUNDO DE INVESTIMENTO EM DIREITOS CREDITORIOS LESTE FICTOR CONSIGNADO RESPONSABILIDADE LIMITADA,FIDC,https://www.liberumratings.com.br/detalhes-ativo/27741
2026-09-25,GRIF CRÉDITO PULVERIZADO FUNDO DE INVESTIMENTO EM DIREITOS CREDITÓRIOS RESPONSABILIDADE LIMITADA,FIDC,https://www.liberumratings.com.br/detalhes-ativo/27739
2026-09-25,INVISTA ATIVOS ALTERNATIVOS I FUNDO DE INVESTIMENTO EM DIREITOS CREDITÓRIOS,FIDC,https://www.liberumratings.com.br/detalhes-ativo/27659
2026-09-25,CHIMERA NPL & SPECIAL OPPORTUNITIES II FUNDO DE INVESTIMENTO EM DIREITOS CREDITÓRIOS DE RESPONSABILIDADE LIMITADA,FIDC,https://www.liberumratings.com.br/detalhes-ativo/27742
2026-09-25,CITY 02 FUNDO DE INVESTIMENTO EM DIREITOS CREDITÓRIOS NÃO PADRONIZADOS RESPONSABILIDADE ILIMITADA,FIDC,https://www.liberumratings.com.br/detalhes-ativo/27717
2026-09-25,CITY FUNDO DE INVESTIMENTO EM DIREITOS CREDITÓRIOS NÃO PADRONIZADO,FIDC,https://www.liberumratings.com.br/detalhes-ativo/27735
2026-09-25,JGM LP FUNDO DE INVESTIMENTO EM DIREITOS CREDITÓRIOS MULTISSETORIAL,FIDC,https://www.liberumratings.com.br/detalhes-ativo/27728
2026-09-25,Virgo Companhia de Securitização S.A,CRI,https://www.liberumratings.com.br/detalhes-ativo/27731
2026-09-25,911 BANK MULTI ESTRATEGIA FUNDO DE INVESTIMENTO EM DIREITOS  CREDITORIOS,FIDC,https://www.liberumratings.com.br/detalhes-ativo/27710
2026-09-25,WM GALAPAGOS FUNDO DE INVESTIMENTO EM COTAS DE FUNDO DE INVESTIMENTO EM DIREITOS CREDITORIOS NÃO PADRONIZADOS,FIDC,https://www.liberumratings.com.br/detalhes-ativo/27701
2026-09-25,MORIAH - FUNDO DE INVESTIMENTOS EM DIREITOS CREDITORIOS,FIDC,https://www.liberumratings.com.br/detalhes-ativo/27732
2026-09-25,Harpia Fundo de Investimentos em Direitos Creditórios,FIDC,https://www.liberumratings.com.br/detalhes-ativo/27719
2026-09-25,SIGMA CREDIT FEEDER FUNDO DE INVESTIMENTO EM DIREITOS CREDITÓRIOS,FIDC,https://www.liberumratings.com.br/detalhes-ativo/27722
2026-09-25,SIGMA CREDIT FUNDO DE INVESTIMENTO EM DIREITOS CREDITORIOS,FIDC,https://www.liberumratings.com.br/detalhes-ativo/27576
2026-09-25,Genesis Fundo de Investimento em Direitos Creditórios,FIDC,https://www.liberumratings.com.br/detalhes-ativo/27720
2026-09-25,OPERA FUNDO DE INVESTIMENTO EM DIREITOS CREDITORIOS MULTISETORIAL,FIDC,https://www.liberumratings.com.br/detalhes-ativo/27730
2026-09-25,Fundo de Investimento em Direitos Creditórios Multissetorial Milênio Recebíveis LP,FIDC,https://www.liberumratings.com.br/detalhes-ativo/27712
2026-09-25,MITTU FUNDO DE INVESTIMENTO EM DIREITOS CREDITORIOS,FIDC,https://www.liberumratings.com.br/detalhes-ativo/27727
2026-09-25,AUDAX CAPITAL FUNDO DE INVESTIMENTO EM DIREITOS CREDITORIOS,FIDC,https://www.liberumratings.com.br/detalhes-ativo/27713
2026-09-25,LIBRA II FUNDO DE INVESTIMENTO EM DIREITOS CREDITÓRIOS MULTISSETORIAL,FIDC,https://www.liberumratings.com.br/detalhes-ativo/27708
2026-09-25,LIBRA FUNDO DE INVESTIMENTO EM DIREITOS CREDITÓRIOS MULTISSETORIAL,FIDC,https://www.liberumratings.com.br/detalhes-ativo/27698
2026-09-25,MATRIZ FUNDO DE INVESTIMENTO EM COTAS DE FUNDOS DE INVESTIMENTO EM DIREITOS CREDITÓRIOS,FIDC,https://www.liberumratings.com.br/detalhes-ativo/27635
2026-09-25,MATRIZ FUNDO DE INVESTIMENTO EM DIREITOS CREDITORIOS,FIDC,https://www.liberumratings.com.br/detalhes-ativo/27634
2026-09-25,MITTU FUNDO DE INVESTIMENTO EM DIREITOS CREDITORIOS,FIDC,https://www.liberumratings.com.br/detalhes-ativo/27706
2026-09-25,FUNDO DE INVESTIMENTOS EM DIREITOS CREDITORIOS MULTISETORIAL HOPE LP,FIDC,https://www.liberumratings.com.br/detalhes-ativo/27715
2026-09-25,IRLA FUNDO DE INVESTIMENTO EM DIREITOS CREDITORIOS MULTISSETORIAL,FIDC,https://www.liberumratings.com.br/detalhes-ativo/27711
2026-09-25,FUNDO DE INVESTIMENTO EM DIREITOS CREDITORIOS BIZCAPITAL EMPIRICA PME RESPONSABILIDADE LIMITADA,FIDC,https://www.liberumratings.com.br/detalhes-ativo/27714
2026-09-25,Creditise Fundo de Investimentos em Direitos Creditórios Não Padronizado,FIDC,https://www.liberumratings.com.br/detalhes-ativo/27680
2026-09-25,OPERA FUNDO DE INVESTIMENTO EM DIREITOS CREDITORIOS MULTISETORIAL,FIDC,https://www.liberumratings.com.br/detalhes-ativo/27574
2026-09-25,VERSATILE FUNDO DE INVESTIMENTO EM DIREITOS CREDITORIOS,FIDC,https://www.liberumratings.com.br/detalhes-ativo/27645
2026-09-25,MOKA FUND I FUNDO DE INVESTIMENTO EM DIREITOS CREDITÓRIOS,FIDC,https://www.liberumratings.com.br/detalhes-ativo/27548
2026-09-25,INVISTA III FUNDO DE INVESTIMENTO EM DIREITOS CREDITÓRIOS,FIDC,https://www.liberumratings.com.br/detalhes-ativo/27572
2026-09-25,NXC CAPITAL FUNDO DE INVESTIMENTO EM DIREITOS CREDITÓRIOS,FIDC,https://www.liberumratings.com.br/detalhes-ativo/27704
2026-09-25,Fundo de Investimento em Direitos Creditórios Empírica Mezzo Saúde,FIDC,https://www.liberumratings.com.br/detalhes-ativo/27556
2026-09-25,CREDIHOME FUNDO DE INVESTIMENTO EM DIREITOS CREDITORIOS,FIDC,https://www.liberumratings.com.br/detalhes-ativo/27703
2026-09-25,FUNDO DE INVESTIMENTO EM DIREITOS CREDITORIOS IRON CAPITAL MEUCASHCARD,FIDC,https://www.liberumratings.com.br/detalhes-ativo/27668
2026-09-25,MENTORE FUNDO DE INVESTIMENTO EM DIREITOS CREDITORIOS,FIDC,https://www.liberumratings.com.br/detalhes-ativo/27657
2026-09-25,WK FUNDO DE INVESTIMENTO EM DIREITOS CREDITORIOS,FIDC,https://www.liberumratings.com.br/detalhes-ativo/27688
2026-09-25,Fundo de Investimento em Direitos Creditórios Empírica Recarga Virtual,FIDC,https://www.liberumratings.com.br/detalhes-ativo/27535
2026-09-25,ALFA FUNDO DE INVESTIMENTO EM DIREITOS CREDITÓRIOS MULTISSETORIAL,FIDC,https://www.liberumratings.com.br/detalhes-ativo/27686
2026-09-25,FUNDO DE INVESTIMENTO EM DIREITOS CREDITORIOS FRADINHO,FIDC,https://www.liberumratings.com.br/detalhes-ativo/27687
2026-09-25,CRESTONE I FUNDO DE INVESTIMENTO EM DIREITOS CREDITORIOS NAO PADRONIZADOS,FIDC,https://www.liberumratings.com.br/detalhes-ativo/27694
2026-09-25,Fundo de Investimento em Direitos Creditórios Angá Sabemi Consignados VII,FIDC,https://www.liberumratings.com.br/detalhes-ativo/27669
2026-09-25,Reag Special Situation Fundo de Investimento em Direitos Creditórios Padronizados Aberto,FIDC,https://www.liberumratings.com.br/detalhes-ativo/27696
2026-09-25,Fundo de Investimento em Direitos Creditórios Angá Sabemi Consignados VIII,FIDC,https://www.liberumratings.com.br/detalhes-ativo/27670
2026-09-25,JC Diversificado III Fundo de Investimento em DireitosS Creditorios Não-Padronizado,FIDC,https://www.liberumratings.com.br/detalhes-ativo/27697
2026-09-25,SG JC III FIC FIDC NP,FIDC,https://www.liberumratings.com.br/detalhes-ativo/27702
2026-09-25,SG III Fundo de Investimento em Cotas de Fundo de Investimento em Direitos Creditório - NP,FIDC,https://www.liberumratings.com.br/detalhes-ativo/27661
2026-09-25,Milas Fundo de Investimentos em Direitos Creditórios - Não Padronizado,FIDC,https://www.liberumratings.com.br/detalhes-ativo/27695
2026-09-25,UA FUNDO DE INVESTIMENTO EM DIREITOS CREDITÓRIOS NÃO-PADRONIZADOS,FIDC,https://www.liberumratings.com.br/detalhes-ativo/27693
2026-09-25,ESPRESSO CRÉDITOS JUDICIAIS FUNDO DE INVESTIMENTO EM DIREITOS CREDITÓRIOS NÃO-PADRONIZADOS,FIDC,https://www.liberumratings.com.br/detalhes-ativo/27692
2026-09-25,NANBAN II FUNDO DE INVESTIMENTO EM DIREITOS CREDITÓRIOS NÃO-PADRONIZADOS,FIDC,https://www.liberumratings.com.br/detalhes-ativo/27699
2026-09-25,CONDOCONTA FUNDO DE INVESTIMENTO EM DIREITOS CREDITORIOS NAO-PADRONIZADO,FIDC,https://www.liberumratings.com.br/detalhes-ativo/27550
2026-09-25,FUNDO DE INVESTIMENTOS EM DIREITOS CREDITÓRIOS GRIFO,FIDC,https://www.liberumratings.com.br/detalhes-ativo/27545
2026-09-25,OPHIR FUNDO DE INVESTIMENTO EM DIREITOS CREDITORIOS,FIDC,https://www.liberumratings.com.br/detalhes-ativo/27683
2026-09-25,CHIMERA NPL & SPECIAL OPPORTUNITIES II FUNDO DE INVESTIMENTO EM DIREITOS CREDITÓRIOS DE RESPONSABILIDADE LIMITADA,FIDC,https://www.liberumratings.com.br/detalhes-ativo/27684
2026-09-25,MULTI RECEBIVEIS II FUNDO DE INVESTIMENTO EM DIREITOS CREDITORIOS,FIDC,https://www.liberumratings.com.br/detalhes-ativo/27685
2026-09-25,EOS FUNDO DE INVESTIMENTO EM DIREITOS CREDITORIOS WH,FIDC,https://www.liberumratings.com.br/detalhes-ativo/27682
2026-09-25,NO STRESS FUNDO DE INVESTIMENTO EM DIREITOS CREDITORIOS NAO PADRONIZADOS,FIDC,https://www.liberumratings.com.br/detalhes-ativo/27678
2026-09-25,MULTI RECEBIVEIS II FUNDO DE INVESTIMENTO EM DIREITOS CREDITORIOS,FIDC,https://www.liberumratings.com.br/detalhes-ativo/27585
2026-09-25,MULTI RECEBÍVEIS III FUNDO DE INVESTIMENTO EM DIREITOS CREDITÓRIOS,FIDC,https://www.liberumratings.com.br/detalhes-ativo/27587
2026-09-25,FUNDO DE INVESTIMENTO EM DIREITOS CREDITÓRIOS ASAAS,FIDC,https://www.liberumratings.com.br/detalhes-ativo/27608
2026-09-25,NEB FUNDO DE INVESTIMENTO EM DIREITOS CREDITÓRIOS NÃO-PADRONIZADOS,FIDC,https://www.liberumratings.com.br/detalhes-ativo/27646
2026-09-25,JC 4870 VI FUNDO DE INVESTIMENTO EM DIREITOS CREDITORIOS NAO PADRONIZADOS FIDC-NP,FIDC,https://www.liberumratings.com.br/detalhes-ativo/27679
2026-09-25,SG II A Fundo De Investimento Em Cotas De Fundos De Investimento Em Direitos Creditorios Nao-Padronizados,FIDC,https://www.liberumratings.com.br/detalhes-ativo/27673
2026-09-25,SG IV Local Fundo de Investimento em Cotas de Fundo de Investimento em Direitos Creditório - Não Padronizado,FIDC,https://www.liberumratings.com.br/detalhes-ativo/27676
2026-09-25,C3E CRÉDITOS JUDICIAIS FUNDO DE INVESTIMENTO EM DIREITOS CREDITÓRIOS NÃO PADRONIZADOS,FIDC,https://www.liberumratings.com.br/detalhes-ativo/27664
2026-09-25,AFA HIGH YIELD CREDIT OPPORTUNITY FUNDO DE INVESTIMENTO EM DIREITOS CREDITORIOS,FIDC,https://www.liberumratings.com.br/detalhes-ativo/27603
2026-09-25,C3E CJ FIC – FIDC,FIDC,https://www.liberumratings.com.br/detalhes-ativo/27642
2026-09-25,PORTLAND CRÉDITOS JUDICIAIS FUNDO DE INVESTIMENTO EM DIREITOS CREDITÓRIOS NÃO-PADRONIZADOS,FIDC,https://www.liberumratings.com.br/detalhes-ativo/27643
2026-09-25,MALMO FICFIDC-NP,FIDC,https://www.liberumratings.com.br/detalhes-ativo/27644
2026-09-25,JC 4870 Fundo de Investimento em Direitos Creditório - Não Padronizado,FIDC,https://www.liberumratings.com.br/detalhes-ativo/27660
2026-09-25,JC BG FICFIDC NP,FIDC,https://www.liberumratings.com.br/detalhes-ativo/27648
2026-09-25,JC BG Fundo de Investimento em Direitos Creditórios Não-Padronizados – FIDC NP,FIDC,https://www.liberumratings.com.br/detalhes-ativo/27649
2026-09-25,JGP ESTRUTURADOS FUNDO DE INVESTIMENTO EM DIREITOS CREDITORIOS NAO PADRONIZADOS,FIDC,https://www.liberumratings.com.br/detalhes-ativo/27654
2026-09-25,JC 4870 II FUNDO DE INVESTIMENTO EM DIREITOS CREDITÓRIOS NÃO-PADRONIZADOS,FIDC,https://www.liberumratings.com.br/detalhes-ativo/27662
2026-09-25,JC Diversificado VI Fundo de Investimento em Direitos Creditorios Não-Padronizado,FIDC,https://www.liberumratings.com.br/detalhes-ativo/27656
2026-09-25,W CAPITAL I - FUNDO DE INVESTIMENTO EM DIREITOS CREDITÓRIOS,FIDC,https://www.liberumratings.com.br/detalhes-ativo/27667
2026-09-25,ALGARVE MEDITERRÂNEO FUNDO DE INVESTIMENTO EM DIREITOS CREDITÓRIOS NÃO PADRONIZADOS,FIDC,https://www.liberumratings.com.br/detalhes-ativo/27658
2026-09-25,JGP ESTRUTURADOS III FUNDO DE INVESTIMENTO EM DIREITOS CREDITORIOS,FIDC,https://www.liberumratings.com.br/detalhes-ativo/27651
2026-09-25,MOBIUS VD TOTAL RETURN 1 - FUNDO DE INVESTIMENTO EM DIREITOS CREDITORIOS,FIDC,https://www.liberumratings.com.br/detalhes-ativo/27677
2026-09-25,MLC 1A FUNDO DE INVESTIMENTO EM DIREITOS CREDITORIOS NÃO PADRONIZADOS,FIDC,https://www.liberumratings.com.br/detalhes-ativo/27674
2026-09-25,MÖBIUS LEGAL CLAIMS 1 - FUNDO DE INVESTIMENTO EM DIREITOS CREDITÓRIOS NÃO-PADRONIZADOS,FIDC,https://www.liberumratings.com.br/detalhes-ativo/27675
2026-09-25,FRUIT CREEK CRÉDITOS JUDICIAIS FUNDO DE INVESTIMENTO EM DIREITOS CREDITÓRIOS NÃO-PADRONIZADOS,FIDC,https://www.liberumratings.com.br/detalhes-ativo/27665
2026-09-25,PATAGONIA FUNDO DE INVESTIMENTO EM DIREITOS CREDITORIOS NAO PADRONIZADOS,FIDC,https://www.liberumratings.com.br/detalhes-ativo/27612
2026-09-25,SOLIS RECEBÍVEIS COMERCIAIS FIC FIDC,FIDC,https://www.liberumratings.com.br/detalhes-ativo/27663
2026-09-25,GII Gestão Inteligente Fundo de Investimento em Direitos Creditórios,FIDC,https://www.liberumratings.com.br/detalhes-ativo/27583
2026-09-25,Fundo de Investimentos em Direitos Creditórios Multissetorial ONE7 LP,FIDC,https://www.liberumratings.com.br/detalhes-ativo/27544
2026-09-25,BH FUNDO DE INVESTIMENTO EM DIREITOS CREDITÓRIOS NÃO-PADRONIZADOS,FIDC,https://www.liberumratings.com.br/detalhes-ativo/27653
2026-09-25,MOBIUS TOTAL RETURN 1 - FUNDO DE INVESTIMENTO EM DIREITOS CREDITORIOS - NAO PADRONIZADOS,FIDC,https://www.liberumratings.com.br/detalhes-ativo/27655
2026-09-25,Mav Alternative Credit Fundo de Investimento em Direitos Creditórios Não-Padronizados,FIDC,https://www.liberumratings.com.br/detalhes-ativo/27650
2026-09-25,D'ORO CAPITAL FUNDO DE INVESTIMENTO EM DIREITOS CREDITORIOS CRÉDITO CORPORATIVO,FIDC,https://www.liberumratings.com.br/detalhes-ativo/27580
2026-09-25,VERSATILE FUNDO DE INVESTIMENTO EM DIREITOS CREDITORIOS,FIDC,https://www.liberumratings.com.br/detalhes-ativo/27376
2026-09-25,AEG 4 FUNDOS DE INVESTIMENTO EM DIREITOS CREDITÓRIOS DE RESPONSABILIDADE LIMITADA,FIDC,https://www.liberumratings.com.br/detalhes-ativo/27632
2026-09-25,GAIA Fundo de Investimento em Direitos Creditorios Não Padronizados,FIDC,https://www.liberumratings.com.br/detalhes-ativo/27637
2026-09-25,SAN PRECA FEDERAL I FUNDO DE INVESTIMENTO EM DIREITOS CREDITÓRIOS NÃO-PADRONIZADOS,FIDC,https://www.liberumratings.com.br/detalhes-ativo/27638
2026-09-25,JC Créditos Judiciais Fundo de Investimento em Direitos Creditórios Não-Padronizados,FIDC,https://www.liberumratings.com.br/detalhes-ativo/27639
2026-09-25,JC SILOS FUNDO DE INVESTIMENTO EM DIREITOS CREDITÓRIOS NÃO-PADRONIZADO,FIDC,https://www.liberumratings.com.br/detalhes-ativo/27631
2026-09-25,BLUEFIN FUNDO DE INVESTIMENTO EM DIREITOS CREDITORIOS NAO PADRONIZADOS,FIDC,https://www.liberumratings.com.br/detalhes-ativo/27641
2026-09-25,SL FUNDO DE INVESTIMENTO EM DIREITOS CREDITÓRIOS,FIDC,https://www.liberumratings.com.br/detalhes-ativo/27640
2026-09-25,Violin 8432 (2) Créditos Judiciais Fundo de Investimento em Direitos Creditórios Não-Padronizados,FIDC,https://www.liberumratings.com.br/detalhes-ativo/27636
2026-09-25,VIOLIN 8432 CRÉDITOS JUDICIAIS FUNDO DE INVESTIMENTO EM DIREITOS CREDITÓRIOS NÃO-PADRONIZADOS,FIDC,https://www.liberumratings.com.br/detalhes-ativo/27633
2026-09-25,JC 4870 V FUNDO DE INVESTIMENTO EM DIREITOS CREDITÓRIOS NÃO PADRONIZADOS - FIDC-NP,FIDC,https://www.liberumratings.com.br/detalhes-ativo/27623
2026-09-25,Sifra Plus Multissegmento Fundo de Investimento em Direitos Creditórios,FIDC,https://www.liberumratings.com.br/detalhes-ativo/27619
2026-09-25,SIFRA ENERGY PODIUM FUNDO DE INVESTIMENTO EM DIREITOS CREDITORIOS,FIDC,https://www.liberumratings.com.br/detalhes-ativo/27618
2026-09-25,SPS ALGARVE DELTA CRÉDITOS JUDICIAIS FUNDO DE INVESTIMENTO EM DIREITOS CREDITÓRIOS NÃO PADRONIZADOS,FIDC,https://www.liberumratings.com.br/detalhes-ativo/27621
2026-09-25,AGHI FUNDO DE INVESTIMENTO EM DIREITOS CREDITÓRIOS NÃO-PADRONIZADOS,FIDC,https://www.liberumratings.com.br/detalhes-ativo/27620
2026-09-25,SGC UT FIDC NP,FIDC,https://www.liberumratings.com.br/detalhes-ativo/27622
2026-09-25,MR FUNDO DE INVESTIMENTO EM DIREITOS CREDITÓRIOS,FIDC,https://www.liberumratings.com.br/detalhes-ativo/27543
2026-09-25,HT3 FUNDO DE INVESTIMENTO EM DIREITOS CREDITÓRIOS RESPONSABILIDADE LIMITADA,FIDC,https://www.liberumratings.com.br/detalhes-ativo/27611
2026-09-25,AURI FUNDO DE INVESTIMENTO EM DIREITOS CREDITORIOS RESPONSABILIDADE LIMITADA,FIDC,https://www.liberumratings.com.br/detalhes-ativo/27609
2026-09-25,ARPEL CAPITAL FUNDO DE INVESTIMENTO EM DIREITOS CREDITORIOS,FIDC,https://www.liberumratings.com.br/detalhes-ativo/27579
2026-09-25,GALAPAGOS ARQUIPÉLAGO FUNDO DE INVESTIMENTO EM DIREITOS CREDITÓRIOS NP,FIDC,https://www.liberumratings.com.br/detalhes-ativo/27122
2026-09-25,CONSIGA MAIS FUNDO DE INVESTIMENTO EM DIREITOS CREDITÓRIOS,FIDC,https://www.liberumratings.com.br/detalhes-ativo/27599
2026-09-25,C+ VALORA FUNDO DE INVESTIMENTO EM DIREITOS CREDITÓRIOS,FIDC,https://www.liberumratings.com.br/detalhes-ativo/27586
2026-09-25,Fundo de Investimento em Direitos Creditórios Não Padronizados Multissetorial R&G LP,FIDC,https://www.liberumratings.com.br/detalhes-ativo/27513
2026-09-25,Lotus Performance Fundo de Investimento em Direitos Creditórios Multissetorial LP,FIDC,https://www.liberumratings.com.br/detalhes-ativo/27571
2026-09-25,LEVER FUNDO DE INVESTIMENTO EM DIREITOS CREDITÓRIOS,FIDC,https://www.liberumratings.com.br/detalhes-ativo/27593
2026-09-25,HUBCRED FUNDO DE INVESTIMENTO EM DIREITOS CREDITORIOS,FIDC,https://www.liberumratings.com.br/detalhes-ativo/27600
2026-09-25,MT FUNDO DE INVESTIMENTO EM DIREITOS CREDITORIOS NAO PADRONIZADOS,FIDC,https://www.liberumratings.com.br/detalhes-ativo/27601
2026-09-25,ELDORADO FUNDO DE INVESTIMENTO EM DIREITOS CREDITÓRIOS NÃO-PADRONIZADOS,FIDC,https://www.liberumratings.com.br/detalhes-ativo/27602
2026-09-25,NOVA CAPITAL FUNDO DE INVESTIMENTO EM DIREITOS CREDITORIOS,FIDC,https://www.liberumratings.com.br/detalhes-ativo/27555
2026-09-25,RUBI FUNDO DE INVESTIMENTO EM DIREITOS CREDITORIOS MULTISETORIAL,FIDC,https://www.liberumratings.com.br/detalhes-ativo/27589
2026-09-25,ACL NP FUNDO DE INVESTIMENTO EM DIREITOS CREDITORIOS NAO PADRONIZADOS,FIDC,https://www.liberumratings.com.br/detalhes-ativo/27588
2026-09-25,MUNDI FUNDO DE INVESTIMENTO EM DIREITOS CREDITÓRIOS MULTISEGMENTOS,FIDC,https://www.liberumratings.com.br/detalhes-ativo/27590
2026-09-25,FAMA FUNDO DE INVESTIMENTO EM DIREITOS CREDITÓRIOS,FIDC,https://www.liberumratings.com.br/detalhes-ativo/27591
2026-09-25,GPR FUNDO DE INVESTIMENTO EM DIREITOS CREDITORIOS,FIDC,https://www.liberumratings.com.br/detalhes-ativo/27581
2026-09-25,TOPCRED FUNDO DE INVESTIMENTO EM DIREITOS CREDITORIOS,FIDC,https://www.liberumratings.com.br/detalhes-ativo/27511
2026-09-25,QANTIC FUNDO DE INVESTIMENTO EM DIREITOS CREDITÓRIOS,FIDC,https://www.liberumratings.com.br/detalhes-ativo/27577
2026-09-25,CENTRUM FUNDO DE INVESTIMENTO EM DIREITOS CREDITORIOS,FIDC,https://www.liberumratings.com.br/detalhes-ativo/27584
2026-09-25,SG FUNDO DE INVESTIMENTO EM DIREITOS CREDITÓRIOS,FIDC,https://www.liberumratings.com.br/detalhes-ativo/27547
2026-09-25,GARSON BR FUNDO DE INVESTIMENTO EM DIREITOS CREDITORIOS RESPONSABILIDADE LIMITADA,FIDC,https://www.liberumratings.com.br/detalhes-ativo/27264
2026-09-25,ADICIONAL - FUNDO DE INVESTIMENTO EM DIREITOS CREDITÓRIOS MULTISEGMENTOS,FIDC,https://www.liberumratings.com.br/detalhes-ativo/27558
2026-09-25,FUNDO DE INVESTIMENTO EM DIREITOS CREDITORIOS ONIX PRIME,FIDC,https://www.liberumratings.com.br/detalhes-ativo/27554
2026-09-25,KP GUARDIAN FUNDO DE INVESTIMENTO EM COTAS DE FUNDOS DE INVESTIMENTO EM DIREITOS CREDITÓRIOS RESPONSABILIDADE LIMITADA,FIDC,https://www.liberumratings.com.br/detalhes-ativo/27582
2026-09-25,Credit Brasil Fundo de Investimento em Direitos Creditórios Multissetorial Master,FIDC,https://www.liberumratings.com.br/detalhes-ativo/27578
2026-09-25,FOUR CREDIT FUNDO DE INVESTIMENTO EM DIREITOS CREDITORIOS,FIDC,https://www.liberumratings.com.br/detalhes-ativo/27569
2026-09-25,FUNDO DE INVESTIMENTO EM DIREITOS CREDITÓRIOS ZIPDIN I,FIDC,https://www.liberumratings.com.br/detalhes-ativo/27570
2026-09-25,Garson Fundo de Investimento em Direitos Creditórios,FIDC,https://www.liberumratings.com.br/detalhes-ativo/27575
2026-09-25,FIDC Brasilfactors Crédito Corporativo,FIDC,https://www.liberumratings.com.br/detalhes-ativo/27565
2026-09-25,CONFIANÇA FUNDO DE INVESTIMENTO EM DIREITOS CREDITORIOS,FIDC,https://www.liberumratings.com.br/detalhes-ativo/27524
2026-09-25,ESTÍMULO FUNDO DE INVESTIMENTO EM DIREITOS CREDITÓRIOS,FIDC,https://www.liberumratings.com.br/detalhes-ativo/27568
2026-09-25,COOPERA FUNDO DE INVESTIMENTO EM DIREITOS CREDITORIOS,FIDC,https://www.liberumratings.com.br/detalhes-ativo/27331
2026-09-25,Fundo de Investimento em Direitos Creditórios  Multissetorial Prévia,FIDC,https://www.liberumratings.com.br/detalhes-ativo/27546
2026-09-25,Pagbem Fundo de Investimentos em Direitos Creditórios,FIDC,https://www.liberumratings.com.br/detalhes-ativo/27553
2026-09-25,ASPEN FUNDO DE INVESTIMENTO EM DIREITOS CREDITÓRIOS,FIDC,https://www.liberumratings.com.br/detalhes-ativo/27559
2026-09-25,Opea Securitizadora S.A.,CRI,https://www.liberumratings.com.br/detalhes-ativo/27561
2026-09-25,VALYOS Fundo de Investimentos Em Direitos Creditorios Imobiliarios,FIDC,https://www.liberumratings.com.br/detalhes-ativo/27563
2026-09-25,AUDAX CAPITAL FUNDO DE INVESTIMENTO EM DIREITOS CREDITORIOS,FIDC,https://www.liberumratings.com.br/detalhes-ativo/27557
2026-09-25,SEJA FUNDO DE INVESTIMENTO EM DIREITOS CREDITÓRIOS,FIDC,https://www.liberumratings.com.br/detalhes-ativo/27552
2026-09-25,ACELERA VAREJO FUNDO DE INVESTIMENTO EM DIREITOS CREDITORIOS,FIDC,https://www.liberumratings.com.br/detalhes-ativo/27324
2026-09-25,PAGOL FUNDO DE INVESTIMENTO EM DIREITOS CREDITORIOS,FIDC,https://www.liberumratings.com.br/detalhes-ativo/27534
2026-09-25,RCL3X FIAGRO - DIREITOS CREDITÓRIOS,FIDC,https://www.liberumratings.com.br/detalhes-ativo/27537
2026-09-25,ATTALANTA FUNDO DE INVESTIMENTO EM DIREITOS CREDITÓRIOS CRÉDITO CORPORATIVO,FIDC,https://www.liberumratings.com.br/detalhes-ativo/27551
2026-09-25,BENFICA FUNDO DE INVESTIMENTO EM DIREITOS CREDITÓRIOS,FIDC,https://www.liberumratings.com.br/detalhes-ativo/27519
2026-09-25,ARGENTA FUNDO DE INVESTIMENTO EM DIREITOS CREDITÓRIOS,FIDC,https://www.liberumratings.com.br/detalhes-ativo/27522
2026-09-25,TMOV FUNDO DE INVESTIMENTO EM DIREITOS CREDITORIOS,FIDC,https://www.liberumratings.com.br/detalhes-ativo/27319
2026-09-25,AUDAX CAPITAL FUNDO DE INVESTIMENTO EM DIREITOS CREDITORIOS,FIDC,https://www.liberumratings.com.br/detalhes-ativo/27527
2026-09-25,ARPEL CAPITAL FUNDO DE INVESTIMENTO EM DIREITOS CREDITORIOS,FIDC,https://www.liberumratings.com.br/detalhes-ativo/27380
2026-09-25,QANTIC FUNDO DE INVESTIMENTO EM DIREITOS CREDITÓRIOS,FIDC,https://www.liberumratings.com.br/detalhes-ativo/27542
2026-09-25,LIBRA II NP FUNDO DE INVESTIMENTO EM DIREITOS CREDITÓRIOS NÃO PADRONIZADOS MULTISSETORIAL,FIDC,https://www.liberumratings.com.br/detalhes-ativo/27541
2026-09-25,INTER SIMPLES FUNDO DE INVESTIMENTO EM DIREITOS CREDITORIOS MULTISSETORIAL,FIDC,https://www.liberumratings.com.br/detalhes-ativo/27539
2026-09-25,CAPITAL FINANÇAS FUNDO DE INVESTIMENTO EM DIREITOS CREDITORIOS,FIDC,https://www.liberumratings.com.br/detalhes-ativo/27504
2026-09-25,SAINT JOHN FUNDO DE INVESTIMENTO EM DIREITOS CREDITORIOS NAO-PADRONIZADOS,FIDC,https://www.liberumratings.com.br/detalhes-ativo/27538
2026-09-25,JUNTOS CAPITAL FUNDO DE INVESTIMENTO EM DIREITOS CREDITORIOS,FIDC,https://www.liberumratings.com.br/detalhes-ativo/27525
2026-09-25,Urbe Fundo de Investimento em Direitos Creditórios Multissetorial LP,FIDC,https://www.liberumratings.com.br/detalhes-ativo/27536
2026-09-25,Acreditar Fundo de Investimento em Direitos Creditórios,FIDC,https://www.liberumratings.com.br/detalhes-ativo/27531
2026-09-25,SATURNO FUNDO DE INVESTIMENTO EM DIREITOS CREDITORIOS,FIDC,https://www.liberumratings.com.br/detalhes-ativo/27528
2026-09-25,OCEAN ASSET FUNDO DE INVESTIMENTO EM DIREITOS CREDITORIOS,FIDC,https://www.liberumratings.com.br/detalhes-ativo/27404
2026-09-25,INTRABANK FUNDO DE INVESTIMENTO EM DIREITOS CREDITÓRIOS NÃO PADRONIZADOS,FIDC,https://www.liberumratings.com.br/detalhes-ativo/27512
2026-09-25,LEVER FUNDO DE INVESTIMENTO EM DIREITOS CREDITÓRIOS,FIDC,https://www.liberumratings.com.br/detalhes-ativo/27508
2026-09-25,CITY FUNDO DE INVESTIMENTO EM DIREITOS CREDITÓRIOS NÃO PADRONIZADO,FIDC,https://www.liberumratings.com.br/detalhes-ativo/27466
2026-09-25,Garson Fundo de Investimento em Direitos Creditórios,FIDC,https://www.liberumratings.com.br/detalhes-ativo/27518
2026-09-25,SÃO CRISTÓVÃO FUNDO DE INVESTIMENTO EM DIREITOS CREDITORIOS NAO-PADRONIZADO,FIDC,https://www.liberumratings.com.br/detalhes-ativo/27532
2026-09-25,DIRETA CAPITAL FUNDO DE INVESTIMENTO EM DIREITOS CREDITORIOS MULTISETORIAL,FIDC,https://www.liberumratings.com.br/detalhes-ativo/27389
2026-09-25,MGW ATIVOS FUNDO DE INVESTIMENTO EM DIREITOS CREDITÓRIOS RESPONSABILIDADE LIMITADA,FIDC,https://www.liberumratings.com.br/detalhes-ativo/27530
2026-09-25,SOLIS RECEBÍVEIS COMERCIAIS FIC FIDC,FIDC,https://www.liberumratings.com.br/detalhes-ativo/27529
2026-09-25,FUNDO DE INVESTIMENTO EM DIREITOS CREDITÓRIOS ASAAS,FIDC,https://www.liberumratings.com.br/detalhes-ativo/27481
2026-09-25,RDF Fundo de Investimento em Direitos Creditórios,FIDC,https://www.liberumratings.com.br/detalhes-ativo/27489
2026-09-25,VIA CAPITAL ARTEMUS FUNDO DE INVESTIMENTO EM DIREITOS CREDITÓRIOS MULTISSETORIAL,FIDC,https://www.liberumratings.com.br/detalhes-ativo/27480
2026-09-25,PHD FUNDO DE INVESTIMENTO EM DIREITOS CREDITORIOS,FIDC,https://www.liberumratings.com.br/detalhes-ativo/27285
2026-09-25,Pinarello Fundo de Investimento em Direitos Creditórios,FIDC,https://www.liberumratings.com.br/detalhes-ativo/27420
2026-09-25,OUTFIELD FUNDO DE INVESTIMENTO EM DIREITOS CREDITORIOS NAO PADRONIZADO,FIDC,https://www.liberumratings.com.br/detalhes-ativo/27523
2026-09-25,RIVO FUNDO DE INVESTIMENTO EM DIREITOS CREDITÓRIOS,FIDC,https://www.liberumratings.com.br/detalhes-ativo/27516
2026-09-25,VIA CAPITAL ADAMANTUS FUNDO DE INVESTIMENTO EM DIREITOS CREDITORIOS MULTISSETORIAL,FIDC,https://www.liberumratings.com.br/detalhes-ativo/27514
2026-09-25,QUARTER PRECATÓRIOS FIDC NP,FIDC,https://www.liberumratings.com.br/detalhes-ativo/27521
2026-09-25,PATAGONIA FUNDO DE INVESTIMENTO EM DIREITOS CREDITORIOS NAO PADRONIZADOS,FIDC,https://www.liberumratings.com.br/detalhes-ativo/27515
2026-09-25,ALFA FUNDO DE INVESTIMENTO EM DIREITOS CREDITÓRIOS MULTISSETORIAL,FIDC,https://www.liberumratings.com.br/detalhes-ativo/27517
2026-09-25,GRANCRED SP FUNDO DE INVESTIMENTO EM DIREITOS CREDITÓRIOS MULTISSETORIAL,FIDC,https://www.liberumratings.com.br/detalhes-ativo/27498
2026-09-25,AURUM - FUNDO DE INVESTIMENTO EM DIREITOS CREDITORIOS MULTISSETORIAL LP,FIDC,https://www.liberumratings.com.br/detalhes-ativo/27467
2026-09-25,FUNDO DE INVESTIMENTO EM DIREITOS CREDITORIOS SABIA CREDIT,FIDC,https://www.liberumratings.com.br/detalhes-ativo/27509
2026-09-25,CREDIHOME FUNDO DE INVESTIMENTO EM DIREITOS CREDITORIOS,FIDC,https://www.liberumratings.com.br/detalhes-ativo/27370
2026-09-25,GFM FUNDO DE INVESTIMENTO EM DIREITOS CREDITORIOS MULTICREDITO,FIDC,https://www.liberumratings.com.br/detalhes-ativo/27279
2026-09-25,SIGMA CREDIT FEEDER FUNDO DE INVESTIMENTO EM DIREITOS CREDITÓRIOS,FIDC,https://www.liberumratings.com.br/detalhes-ativo/27501
2026-09-25,FUNDO DE INVESTIMENTO EM DIREITOS CREDITORIOS FACTA CONSIGNADO INSS,FIDC,https://www.liberumratings.com.br/detalhes-ativo/27488
2026-09-25,FUNDO DE INVESTIMENTO EM DIREITOS CREDITÓRIOS AGORA TELECOM,FIDC,https://www.liberumratings.com.br/detalhes-ativo/27465
2026-09-25,SQUID FUNDO DE INVESTIMENTO EM DIRETOS CREDITÓRIOS,FIDC,https://www.liberumratings.com.br/detalhes-ativo/27479
2026-09-25,INVISTA I FIC FIDC MULTISSETORIAL NAO PADRONIZADO,FIDC,https://www.liberumratings.com.br/detalhes-ativo/27502
2026-09-25,Fundo de Investimento em Direitos Creditórios Energia Solar,FIDC,https://www.liberumratings.com.br/detalhes-ativo/27507
2026-09-25,VALYOS Fundo de Investimentos Em Direitos Creditorios Imobiliarios,FIDC,https://www.liberumratings.com.br/detalhes-ativo/27510
2026-09-25,PREMIUM RECEBÍVEIS I MULTISSETORIAL FUNDO DE INVESTIMENTO EM DIREITOS CREDITÓRIOS,FIDC,https://www.liberumratings.com.br/detalhes-ativo/27463
2026-09-25,Fundo de Investimento em Direitos Creditórios Angá Sabemi Consignados VI,FIDC,https://www.liberumratings.com.br/detalhes-ativo/27487
2026-09-25,AURI FUNDO DE INVESTIMENTO EM DIREITOS CREDITORIOS RESPONSABILIDADE LIMITADA,FIDC,https://www.liberumratings.com.br/detalhes-ativo/27252
2026-09-25,HT3 FUNDO DE INVESTIMENTO EM DIREITOS CREDITÓRIOS RESPONSABILIDADE LIMITADA,FIDC,https://www.liberumratings.com.br/detalhes-ativo/27052
2026-09-25,QANTIC FUNDO DE INVESTIMENTO EM DIREITOS CREDITÓRIOS,FIDC,https://www.liberumratings.com.br/detalhes-ativo/27477
2026-09-25,MORIAH - FUNDO DE INVESTIMENTOS EM DIREITOS CREDITORIOS,FIDC,https://www.liberumratings.com.br/detalhes-ativo/27478
2026-09-25,FUNDO DE INVESTIMENTO EM DIREITOS CREDITORIOS EMPIRICA CREDITAS AUTO,FIDC,https://www.liberumratings.com.br/detalhes-ativo/27455
2026-09-25,BARCELONA FUNDO DE INVESTIMENTO EM DIREITOS CREDITORIOS,FIDC,https://www.liberumratings.com.br/detalhes-ativo/27483
2026-09-25,L'ARCA CAPITAL FUNDO DE INVESTIMENTO EM DIREITOS CREDITORIOS,FIDC,https://www.liberumratings.com.br/detalhes-ativo/27503
2026-09-25,LARCA CONSIGNADO II FUNDO DE INVESTIMENTO EM DIREITOS CREDITÓRIOS RESPONSABILIDADE LIMITADA,FIDC,https://www.liberumratings.com.br/detalhes-ativo/27486
2026-09-25,LARCA CONSIGNADO FUNDO DE INVESTIMENTO EM DIREITOS CREDITORIOS RESPONSABILIDADE LIMITADA,FIDC,https://www.liberumratings.com.br/detalhes-ativo/27485
2026-09-25,Red Performance Fundo de Investimentos em Direitos Creditórios Não Padronizados,FIDC,https://www.liberumratings.com.br/detalhes-ativo/27399
2026-09-25,Fundo de Investimento em Direitos Creditórios Não Padronizados Sifra Performance,FIDC,https://www.liberumratings.com.br/detalhes-ativo/27360
2026-09-25,Eco Securitizadora de Direitos Creditórios do Agronegócio S.A.,CRA,https://www.liberumratings.com.br/detalhes-ativo/27500
2026-09-25,Habitasec Securitizadora S.A,CRI,https://www.liberumratings.com.br/detalhes-ativo/27497
2026-09-25,FUNDO DE INVESTIMENTO EM DIREITOS CREDITORIOS SANTA CRUZ CAPITAL,FIDC,https://www.liberumratings.com.br/detalhes-ativo/27482
2026-09-25,Credit Brasil Fundo de Investimento em Direitos Creditórios Multissetorial Master,FIDC,https://www.liberumratings.com.br/detalhes-ativo/27464
2026-09-25,RUBI FUNDO DE INVESTIMENTO EM DIREITOS CREDITORIOS MULTISETORIAL,FIDC,https://www.liberumratings.com.br/detalhes-ativo/27474
2026-09-25,MT FUNDO DE INVESTIMENTO EM DIREITOS CREDITORIOS NAO PADRONIZADOS,FIDC,https://www.liberumratings.com.br/detalhes-ativo/27475
2026-09-25,Fundo de Investimento Em Direitos Creditórios Empírica Oportuna Precatórios Federais,FIDC,https://www.liberumratings.com.br/detalhes-ativo/27436
2026-09-25,FUNDO DE INVESTIMENTO EM DIREITOS CREDITÓRIOS PREMIER,FIDC,https://www.liberumratings.com.br/detalhes-ativo/27432
2026-09-25,VENTURA FUNDO DE INVESTIMENTO EM DIREITOS CREDITORIOS,FIDC,https://www.liberumratings.com.br/detalhes-ativo/27462
2026-09-25,FUNDO DE INVESTIMENTO EM DIREITOS CREDITÓRIOS DEL MONTE NÃO PADRONIZADO,FIDC,https://www.liberumratings.com.br/detalhes-ativo/27447
2026-09-25,VALORTEC FUNDO DE INVESTIMENTO EM DIREITOS CREDITORIOS,FIDC,https://www.liberumratings.com.br/detalhes-ativo/27471
2026-09-25,KOBOLD MFS FUNDO DE INVESTIMENTO EM DIREITOS CREDITÓRIOS NÃO PADRONIZADOS,FIDC,https://www.liberumratings.com.br/detalhes-ativo/27456
2026-09-25,PREMIER RP FUNDO DE INVESTIMENTO EM DIREITOS CREDITORIOS,FIDC,https://www.liberumratings.com.br/detalhes-ativo/27470
2026-09-25,INVESTCAMP Fundo de Investimento em Direitos Creditorios,FIDC,https://www.liberumratings.com.br/detalhes-ativo/27469
2026-09-25,C&J FUNDO DE INVESTIMENTO EM DIREITOS CREDITORIOS,FIDC,https://www.liberumratings.com.br/detalhes-ativo/27468
2026-09-25,ELLEVE NPL FUNDO DE INVESTIMENTO EM DIREITOS CREDITÓRIOS - NÃO PADRONIZADOS,FIDC,https://www.liberumratings.com.br/detalhes-ativo/27459
2026-09-25,SF4 FUNDO DE INVESTIMENTO EM DIREITOS CREDITORIOS RESPONSABILIDADE LIMITADA,FIDC,https://www.liberumratings.com.br/detalhes-ativo/27320
2026-09-25,WFR FUNDO DE INVESTIMENTO EM DIREITOS CREDITORIOS MULTISSETORIAL,FIDC,https://www.liberumratings.com.br/detalhes-ativo/27458
2026-09-25,FIDC Brasilfactors Crédito Corporativo,FIDC,https://www.liberumratings.com.br/detalhes-ativo/27422
2026-09-25,Lotus Performance Fundo de Investimento em Direitos Creditórios Multissetorial LP,FIDC,https://www.liberumratings.com.br/detalhes-ativo/27454
2026-09-25,MATRIZ FUNDO DE INVESTIMENTO EM DIREITOS CREDITORIOS,FIDC,https://www.liberumratings.com.br/detalhes-ativo/27460
2026-09-25,MATRIZ FUNDO DE INVESTIMENTO EM COTAS DE FUNDOS DE INVESTIMENTO EM DIREITOS CREDITÓRIOS,FIDC,https://www.liberumratings.com.br/detalhes-ativo/27461
2026-09-25,DIP FINANCING 11 FUNDO DE INVESTIMENTO EM DIREITOS CREDITORIOS NAO-PADRONIZADOS,FIDC,https://www.liberumratings.com.br/detalhes-ativo/27206
2026-09-25,ASPEN FUNDO DE INVESTIMENTO EM DIREITOS CREDITÓRIOS,FIDC,https://www.liberumratings.com.br/detalhes-ativo/27457
2026-09-25,MULTI RECEBÍVEIS III FUNDO DE INVESTIMENTO EM DIREITOS CREDITÓRIOS,FIDC,https://www.liberumratings.com.br/detalhes-ativo/27439
2026-09-25,MITTU FUNDO DE INVESTIMENTO EM DIREITOS CREDITORIOS NAO PADRONIZADOS,FIDC,https://www.liberumratings.com.br/detalhes-ativo/27441
2026-09-25,FUNDO DE INVESTIMENTO EM DIREITOS CREDITÓRIOS ASAAS,FIDC,https://www.liberumratings.com.br/detalhes-ativo/27438
2026-09-25,3S FUNDO DE INVESTIMENTO EM COTAS DE FUNDO DE INVESTIMENTO EM DIREITOS CREDITORIOS,FIDC,https://www.liberumratings.com.br/detalhes-ativo/27450
2026-09-25,NXC CAPITAL FUNDO DE INVESTIMENTO EM DIREITOS CREDITÓRIOS,FIDC,https://www.liberumratings.com.br/detalhes-ativo/27442
2026-09-25,LGX FUNDO DE INVESTIMENTO EM DIREITOS CREDITÓRIOS NÃO-PADRONIZADOS RESPONSABILIDADE LIMITADA,FIDC,https://www.liberumratings.com.br/detalhes-ativo/27449
2026-09-25,SIGMA CREDIT FUNDO DE INVESTIMENTO EM DIREITOS CREDITORIOS,FIDC,https://www.liberumratings.com.br/detalhes-ativo/27446
2026-09-25,KP GUARDIAN FUNDO DE INVESTIMENTO EM COTAS DE FUNDOS DE INVESTIMENTO EM DIREITOS CREDITÓRIOS RESPONSABILIDADE LIMITADA,FIDC,https://www.liberumratings.com.br/detalhes-ativo/27453
2026-09-25,FAMA FUNDO DE INVESTIMENTO EM DIREITOS CREDITÓRIOS,FIDC,https://www.liberumratings.com.br/detalhes-ativo/27452
2026-09-25,GPR FUNDO DE INVESTIMENTO EM DIREITOS CREDITORIOS,FIDC,https://www.liberumratings.com.br/detalhes-ativo/27451
2026-09-25,ST 1001 FUNDO DE INVESTIMENTO EM DIREITOS CREDITORIOS,FIDC,https://www.liberumratings.com.br/detalhes-ativo/27437
2026-09-25,MULTI RECEBIVEIS II FUNDO DE INVESTIMENTO EM DIREITOS CREDITORIOS,FIDC,https://www.liberumratings.com.br/detalhes-ativo/27387
2026-09-25,FIDC BPD CONSIGNADO,FIDC,https://www.liberumratings.com.br/detalhes-ativo/27443
2026-09-25,Fundo de Investimentos em Direitos Creditórios Premium Solis,FIDC,https://www.liberumratings.com.br/detalhes-ativo/27444
2026-09-25,FUNDO DE INVESTIMENTOS EM DIREITOS CREDITÓRIOS GRIFO,FIDC,https://www.liberumratings.com.br/detalhes-ativo/27440
2026-09-25,FUNDO DE INVESTIMENTOS EM DIREITOS CREDITORIOS MULTISETORIAL HOPE LP,FIDC,https://www.liberumratings.com.br/detalhes-ativo/27390
2026-09-25,FUNDO DE INVESTIMENTO EM DIREITOS CREDITORIOS LESTE FICTOR CONSIGNADO RESPONSABILIDADE LIMITADA,FIDC,https://www.liberumratings.com.br/detalhes-ativo/27361
2026-09-25,JC 4870 V FUNDO DE INVESTIMENTO EM DIREITOS CREDITÓRIOS NÃO PADRONIZADOS - FIDC-NP,FIDC,https://www.liberumratings.com.br/detalhes-ativo/27445
2026-09-25,FUNDO DE INVESTIMENTO EM DIREITOS CREDITÓRIOS TRADEPAY VAREJO I,FIDC,https://www.liberumratings.com.br/detalhes-ativo/27234
2026-09-25,FUNDO DE INVESTIMENTO EM DIREITOS CREDITORIOS ONIX PRIME,FIDC,https://www.liberumratings.com.br/detalhes-ativo/27421
2026-09-25,AGROFORTE - FUNDO DE INVESTIMENTO EM DIREITOS CREDITORIOS,FIDC,https://www.liberumratings.com.br/detalhes-ativo/27428
2026-09-25,FUNDO DE INVESTIMENTO EM DIREITOS CREDITÓRIOS POUPACRED RESPONSABILIDADE  ILIMITADA,FIDC,https://www.liberumratings.com.br/detalhes-ativo/27435
2026-09-25,FUNDO DE INVESTIMENTO EM DIREITOS CREDITORIOS CONCREDITO DE RESPONSABILIDADE ILIMITADA,FIDC,https://www.liberumratings.com.br/detalhes-ativo/27400
2026-09-25,FUNDO DE INVESTIMENTO EM DIREITOS CREDITORIOS PH TECH RESPONSABILIDADE ILIMITADA,FIDC,https://www.liberumratings.com.br/detalhes-ativo/27393
2026-09-25,FUNDO DE INVESTIMENTO EM DIREITOS CREDITÓRIOS CONSIGNADO Q1,FIDC,https://www.liberumratings.com.br/detalhes-ativo/27434
2026-09-25,Fundo de Investimento em Direitos Creditórios Empírica Mezzo Saúde,FIDC,https://www.liberumratings.com.br/detalhes-ativo/27426
2026-09-25,MULTIPLIK FUNDO DE INVESTIMENTO EM DIREITOS CREDITORIOS MULTISSETORIAL LP,FIDC,https://www.liberumratings.com.br/detalhes-ativo/27170
2026-09-25,CHIMERA NPL & SPECIAL OPPORTUNITIES II FUNDO DE INVESTIMENTO EM DIREITOS CREDITORIOS NAO PADRONIZADO,FIDC,https://www.liberumratings.com.br/detalhes-ativo/27423
2026-09-25,FUNDO DE INVESTIMENTO EM DIREITOS CREDITORIOS BRZ CAPITAL CONSIG I,FIDC,https://www.liberumratings.com.br/detalhes-ativo/27431
2026-09-25,Centrum Fundo de Investimento em Direitos Creditórios NP,FIDC,https://www.liberumratings.com.br/detalhes-ativo/27304
2026-09-25,JC Diversificado VI Fundo de Investimento em Direitos Creditorios Não-Padronizado,FIDC,https://www.liberumratings.com.br/detalhes-ativo/27424
2026-09-25,JGP ESTRUTURADOS FUNDO DE INVESTIMENTO EM DIREITOS CREDITORIOS NAO PADRONIZADOS,FIDC,https://www.liberumratings.com.br/detalhes-ativo/27351
2026-09-25,BRZ CONSIGNADOS V FUNDOS DE INVESTIMENTO EM DIREITOS CREDITORIOS,FIDC,https://www.liberumratings.com.br/detalhes-ativo/27371
2026-09-25,JGP ESTRUTURADOS III FUNDO DE INVESTIMENTO EM DIREITOS CREDITORIOS,FIDC,https://www.liberumratings.com.br/detalhes-ativo/27419
2026-09-25,GRIF CRÉDITO PULVERIZADO FUNDO DE INVESTIMENTO EM DIREITOS CREDITÓRIOS,FIDC,https://www.liberumratings.com.br/detalhes-ativo/27429
2026-09-25,Fundo de Investimento em Direitos Creditórios  Multissetorial Prévia,FIDC,https://www.liberumratings.com.br/detalhes-ativo/27326
2026-09-25,911 BANK MULTI ESTRATEGIA FUNDO DE INVESTIMENTO EM DIREITOS  CREDITORIOS,FIDC,https://www.liberumratings.com.br/detalhes-ativo/27417
2026-09-25,Sifra Plus Multissegmento Fundo de Investimento em Direitos Creditórios,FIDC,https://www.liberumratings.com.br/detalhes-ativo/27388
2026-09-25,Genesis Fundo de Investimento em Direitos Creditórios Não  Padronizados,FIDC,https://www.liberumratings.com.br/detalhes-ativo/27427
2026-09-25,Mav Alternative Credit Fundo de Investimento em Direitos Creditórios Não-Padronizados,FIDC,https://www.liberumratings.com.br/detalhes-ativo/27416
2026-09-25,INVISTA I FIC FIDC MULTISSETORIAL NAO PADRONIZADO,FIDC,https://www.liberumratings.com.br/detalhes-ativo/27415
2026-09-25,MÖBIUS LEGAL CLAIMS 1 - FUNDO DE INVESTIMENTO EM DIREITOS CREDITÓRIOS NÃO-PADRONIZADOS,FIDC,https://www.liberumratings.com.br/detalhes-ativo/27312
2026-09-25,Urbe Fundo de Investimento em Direitos Creditórios Multissetorial LP,FIDC,https://www.liberumratings.com.br/detalhes-ativo/27418
2026-09-25,OPHIR FUNDO DE INVESTIMENTO EM DIREITOS CREDITORIOS,FIDC,https://www.liberumratings.com.br/detalhes-ativo/27282
2026-09-25,FUNDO DE INVESTIMENTO EM DIREITOS CREDITORIOS MULTISETORIAL EMPRESARIAL LP,FIDC,https://www.liberumratings.com.br/detalhes-ativo/27379
2026-09-25,Milas Fundo de Investimentos em Direitos Creditórios - Não Padronizado,FIDC,https://www.liberumratings.com.br/detalhes-ativo/27401
2026-09-25,ESTÍMULO FUNDO DE INVESTIMENTO EM DIREITOS CREDITÓRIOS,FIDC,https://www.liberumratings.com.br/detalhes-ativo/27267
2026-09-25,Fundo de Investimento em Direitos Creditórios Multissetorial Milênio Recebíveis LP,FIDC,https://www.liberumratings.com.br/detalhes-ativo/27396
2026-09-25,SIFRA ENERGY PODIUM FUNDO DE INVESTIMENTO EM DIREITOS CREDITORIOS,FIDC,https://www.liberumratings.com.br/detalhes-ativo/27395
2026-09-25,EOS FUNDO DE INVESTIMENTO EM DIREITOS CREDITORIOS WH,FIDC,https://www.liberumratings.com.br/detalhes-ativo/27407
2026-09-25,BH FUNDO DE INVESTIMENTO EM DIREITOS CREDITÓRIOS NÃO-PADRONIZADOS,FIDC,https://www.liberumratings.com.br/detalhes-ativo/27410
2026-09-25,CLM FUNDO DE INVESTIMENTO EM DIREITOS CREDITORIOS NÃO-PADRONIZADOS MULTISSETORIAL,FIDC,https://www.liberumratings.com.br/detalhes-ativo/27408
2026-09-25,Fundo de Investimento em Direitos Creditórios Angá Sabemi Consignados VIII,FIDC,https://www.liberumratings.com.br/detalhes-ativo/27411
2026-09-25,SOLIS RECEBÍVEIS COMERCIAIS I FIC FIDC,FIDC,https://www.liberumratings.com.br/detalhes-ativo/27414
2026-09-25,INVISTA III Fundo de Investimentos em Direitos Creditorios Não Padronizado,FIDC,https://www.liberumratings.com.br/detalhes-ativo/27402
2026-09-25,HUBCRED FUNDO DE INVESTIMENTO EM DIREITOS CREDITORIOS,FIDC,https://www.liberumratings.com.br/detalhes-ativo/27413
2026-09-25,Fundo de Investimento em Direitos Creditórios Angá Sabemi Consignados VII,FIDC,https://www.liberumratings.com.br/detalhes-ativo/27412
2026-09-25,LIBRA II NP FUNDO DE INVESTIMENTO EM DIREITOS CREDITÓRIOS NÃO PADRONIZADOS MULTISSETORIAL,FIDC,https://www.liberumratings.com.br/detalhes-ativo/27386
2026-09-25,JC BG Fundo de Investimento em Direitos Creditórios Não-Padronizados – FIDC NP,FIDC,https://www.liberumratings.com.br/detalhes-ativo/27350
2026-09-25,JC BG FICFIDC NP,FIDC,https://www.liberumratings.com.br/detalhes-ativo/27349
2026-09-25,MUNDI FUNDO DE INVESTIMENTO EM DIREITOS CREDITÓRIOS MULTISEGMENTOS,FIDC,https://www.liberumratings.com.br/detalhes-ativo/27406
2026-09-25,VERSATIL FUNDO DE INVESTIMENTO EM DIREITOS CREDITORIOS,FIDC,https://www.liberumratings.com.br/detalhes-ativo/27409
2026-09-25,WK FUNDO DE INVESTIMENTO EM DIREITOS CREDITORIOS,FIDC,https://www.liberumratings.com.br/detalhes-ativo/27405
2026-09-25,IRLA FUNDO DE INVESTIMENTO EM DIREITOS CREDITORIOS MULTISSETORIAL,FIDC,https://www.liberumratings.com.br/detalhes-ativo/27403
2026-09-25,NACIONAL FEITO PRA VOCÊ FUNDO DE INVESTIMENTO EM DIREITOS CREDITÓRIOS DE RESPONSABILIDADE LIMITADA,FIDC,https://www.liberumratings.com.br/detalhes-ativo/27325
2026-09-25,GVN FUNDO DE INVESTIMENTO EM DIREITOS CREDITÓRIOS,FIDC,https://www.liberumratings.com.br/detalhes-ativo/27392
2026-09-25,NEB FUNDO DE INVESTIMENTO EM DIREITOS CREDITÓRIOS NÃO-PADRONIZADOS,FIDC,https://www.liberumratings.com.br/detalhes-ativo/27309
2026-09-25,FATORI FUNDO DE INVESTIMENTO EM DIREITOS CREDITORIOS MULTISSETORIAL,FIDC,https://www.liberumratings.com.br/detalhes-ativo/27394
2026-09-25,NO STRESS FUNDO DE INVESTIMENTO EM DIREITOS CREDITORIOS NAO PADRONIZADOS,FIDC,https://www.liberumratings.com.br/detalhes-ativo/27382
2026-09-25,SG JC III FIC FIDC NP,FIDC,https://www.liberumratings.com.br/detalhes-ativo/27338
2026-09-25,MALMO FICFIDC-NP,FIDC,https://www.liberumratings.com.br/detalhes-ativo/27353
2026-09-25,AFA HIGH YIELD CREDIT OPPORTUNITY FUNDO DE INVESTIMENTO EM DIREITOS CREDITORIOS,FIDC,https://www.liberumratings.com.br/detalhes-ativo/27384
2026-09-25,STARS BANK FUNDO DE INVESTIMENTO EM DIREITOS CREDITORIOS LP,FIDC,https://www.liberumratings.com.br/detalhes-ativo/27286
2026-09-25,PORTLAND CRÉDITOS JUDICIAIS FUNDO DE INVESTIMENTO EM DIREITOS CREDITÓRIOS NÃO-PADRONIZADOS,FIDC,https://www.liberumratings.com.br/detalhes-ativo/27383
2026-09-25,Fundo de Investimento em Direitos Creditórios Multissetorial DB 18,FIDC,https://www.liberumratings.com.br/detalhes-ativo/27391
2026-09-25,FACTA FINANCEIRA S.A.,Empresa,https://www.liberumratings.com.br/detalhes-ativo/27293
2026-09-25,Plata FIDC - Fundo de Investimento em Direitos Creditórios Multissetorial LP,FIDC,https://www.liberumratings.com.br/detalhes-ativo/27217
2026-09-25,Creditise Fundo de Investimentos em Direitos Creditórios Não Padronizado,FIDC,https://www.liberumratings.com.br/detalhes-ativo/27381
2026-09-25,CONSIGA MAIS FUNDO DE INVESTIMENTO EM DIREITOS CREDITÓRIOS,FIDC,https://www.liberumratings.com.br/detalhes-ativo/27366
2026-09-25,Fundo de Investimento em Direitos Creditórios LF I,FIDC,https://www.liberumratings.com.br/detalhes-ativo/27116
2026-09-25,MS MULTI FUNDO DE INVESTIMENTO EM DIREITOS CREDITÓRIOS,FIDC,https://www.liberumratings.com.br/detalhes-ativo/27139
2026-09-25,LATACHE AGRO II FUNDO DE INVESTIMENTO EM DIREITOS CREDITORIOS,FIDC,https://www.liberumratings.com.br/detalhes-ativo/27373
2026-09-25,VALYOS Fundo de Investimentos Em Direitos Creditorios Imobiliarios,FIDC,https://www.liberumratings.com.br/detalhes-ativo/27375
2026-09-25,NOVA CAPITAL FUNDO DE INVESTIMENTO EM DIREITOS CREDITORIOS,FIDC,https://www.liberumratings.com.br/detalhes-ativo/27359
2026-09-25,ARPEL CAPITAL FUNDO DE INVESTIMENTO EM DIREITOS CREDITORIOS,FIDC,https://www.liberumratings.com.br/detalhes-ativo/27374
2026-09-25,FOUR CREDIT FUNDO DE INVESTIMENTO EM DIREITOS CREDITORIOS,FIDC,https://www.liberumratings.com.br/detalhes-ativo/27332
2026-09-25,INVISTA I FIC FIDC MULTISSETORIAL NAO PADRONIZADO,FIDC,https://www.liberumratings.com.br/detalhes-ativo/27114
2026-09-25,FATORI FUNDO DE INVESTIMENTO EM DIREITOS CREDITORIOS MULTISSETORIAL,FIDC,https://www.liberumratings.com.br/detalhes-ativo/27333
2026-09-25,FUNDO DE INVESTIMENTO EM DIREITOS CREDITORIOS BIZCAPITAL EMPIRICA PME RESPONSABILIDADE LIMITADA,FIDC,https://www.liberumratings.com.br/detalhes-ativo/27372
2026-09-25,MENTORE FUNDO DE INVESTIMENTO EM DIREITOS CREDITORIOS,FIDC,https://www.liberumratings.com.br/detalhes-ativo/27002
2026-09-25,SG II A Fundo De Investimento Em Cotas De Fundos De Investimento Em Direitos Creditorios Nao-Padronizados,FIDC,https://www.liberumratings.com.br/detalhes-ativo/27365
2026-09-25,SG IV Local Fundo de Investimento em Cotas de Fundo de Investimento em Direitos Creditório - Não Padronizado,FIDC,https://www.liberumratings.com.br/detalhes-ativo/27364
2026-09-25,ACL NP FUNDO DE INVESTIMENTO EM DIREITOS CREDITORIOS NAO PADRONIZADOS,FIDC,https://www.liberumratings.com.br/detalhes-ativo/27362
2026-09-25,C3E CJ FIC – FIDC,FIDC,https://www.liberumratings.com.br/detalhes-ativo/27289
2026-09-25,C+ VALORA FUNDO DE INVESTIMENTO EM DIREITOS CREDITÓRIOS,FIDC,https://www.liberumratings.com.br/detalhes-ativo/27367
2026-09-25,C3E CRÉDITOS JUDICIAIS FUNDO DE INVESTIMENTO EM DIREITOS CREDITÓRIOS NÃO PADRONIZADOS,FIDC,https://www.liberumratings.com.br/detalhes-ativo/27290
2026-09-25,ESMERALDA FIDC,FIDC,https://www.liberumratings.com.br/detalhes-ativo/27368
2026-09-25,UA FUNDO DE INVESTIMENTO EM DIREITOS CREDITORIOS,FIDC,https://www.liberumratings.com.br/detalhes-ativo/27363
2026-09-25,JC 4870 II FUNDO DE INVESTIMENTO EM DIREITOS CREDITÓRIOS NÃO-PADRONIZADOS,FIDC,https://www.liberumratings.com.br/detalhes-ativo/27348
2026-09-25,SAINT JOHN FUNDO DE INVESTIMENTO EM DIREITOS CREDITORIOS NAO-PADRONIZADOS,FIDC,https://www.liberumratings.com.br/detalhes-ativo/27369
2026-09-25,JC 4870 Fundo de Investimento em Direitos Creditório - Não Padronizado,FIDC,https://www.liberumratings.com.br/detalhes-ativo/27347
2026-09-25,ALGARVE MEDITERRÂNEO FUNDO DE INVESTIMENTO EM DIREITOS CREDITÓRIOS NÃO PADRONIZADOS,FIDC,https://www.liberumratings.com.br/detalhes-ativo/27274
2026-09-25,VERSATIL FUNDO DE INVESTIMENTO EM DIREITOS CREDITORIOS,FIDC,https://www.liberumratings.com.br/detalhes-ativo/27330
2026-09-25,PAGOL FUNDO DE INVESTIMENTO EM DIREITOS CREDITORIOS,FIDC,https://www.liberumratings.com.br/detalhes-ativo/27226
2026-09-25,AGHI FUNDO DE INVESTIMENTO EM DIREITOS CREDITÓRIOS NÃO-PADRONIZADOS,FIDC,https://www.liberumratings.com.br/detalhes-ativo/27352
2026-09-25,FUNDO DE INVESTIMENTO EM DIREITOS CREDITÓRIOS NÃO-PADRONIZADOS INVISTA ATIVOS ALTERNATIVOS I,FIDC,https://www.liberumratings.com.br/detalhes-ativo/27358
2026-09-25,SPS ALGARVE DELTA CRÉDITOS JUDICIAIS FUNDO DE INVESTIMENTO EM DIREITOS CREDITÓRIOS NÃO PADRONIZADOS,FIDC,https://www.liberumratings.com.br/detalhes-ativo/27357
2026-09-25,Violin 8432 (2) Créditos Judiciais Fundo de Investimento em Direitos Creditórios Não-Padronizados,FIDC,https://www.liberumratings.com.br/detalhes-ativo/27356
2026-09-25,VIOLIN 8432 CRÉDITOS JUDICIAIS FUNDO DE INVESTIMENTO EM DIREITOS CREDITÓRIOS NÃO-PADRONIZADOS,FIDC,https://www.liberumratings.com.br/detalhes-ativo/27355
2026-09-25,SGC UT FIDC NP,FIDC,https://www.liberumratings.com.br/detalhes-ativo/27354
2026-09-25,FUNDO DE INVESTIMENTO EM DIREITOS CREDITORIOS UTILITY CREDIT,FIDC,https://www.liberumratings.com.br/detalhes-ativo/27346
2026-09-25,Harpia Fundo de Investimentos em Direitos Creditórios,FIDC,https://www.liberumratings.com.br/detalhes-ativo/27328
2026-09-25,QUARTER PRECATÓRIOS FIDC NP,FIDC,https://www.liberumratings.com.br/detalhes-ativo/27344
2026-09-25,JC Diversificado III Fundo de Investimento em DireitosS Creditorios Não-Padronizado,FIDC,https://www.liberumratings.com.br/detalhes-ativo/27345
2026-09-25,SÃO CRISTÓVÃO FUNDO DE INVESTIMENTO EM DIREITOS CREDITORIOS NAO-PADRONIZADO,FIDC,https://www.liberumratings.com.br/detalhes-ativo/27343
2026-09-25,ESPRESSO CRÉDITOS JUDICIAIS FUNDO DE INVESTIMENTO EM DIREITOS CREDITÓRIOS NÃO-PADRONIZADOS,FIDC,https://www.liberumratings.com.br/detalhes-ativo/27342
2026-09-25,NANBAN II FUNDO DE INVESTIMENTO EM DIREITOS CREDITÓRIOS NÃO-PADRONIZADOS,FIDC,https://www.liberumratings.com.br/detalhes-ativo/27341
2026-09-25,CRESTONE I FUNDO DE INVESTIMENTO EM DIREITOS CREDITORIOS NAO PADRONIZADOS,FIDC,https://www.liberumratings.com.br/detalhes-ativo/27339
2026-09-25,JC 4870 VI FUNDO DE INVESTIMENTO EM DIREITOS CREDITORIOS NAO PADRONIZADOS FIDC-NP,FIDC,https://www.liberumratings.com.br/detalhes-ativo/27340
2026-09-25,SG III Fundo de Investimento em Cotas de Fundo de Investimento em Direitos Creditório - NP,FIDC,https://www.liberumratings.com.br/detalhes-ativo/27329
2026-09-25,MOBIUS TOTAL RETURN 1 - FUNDO DE INVESTIMENTO EM DIREITOS CREDITORIOS - NAO PADRONIZADOS,FIDC,https://www.liberumratings.com.br/detalhes-ativo/27336
2026-09-25,FUNDO DE INVESTIMENTO EM DIREITOS CREDITORIOS JGM LP,FIDC,https://www.liberumratings.com.br/detalhes-ativo/27302
2026-09-25,SAN PRECA FEDERAL I FUNDO DE INVESTIMENTO EM DIREITOS CREDITÓRIOS NÃO-PADRONIZADOS,FIDC,https://www.liberumratings.com.br/detalhes-ativo/27307
2026-09-25,JC Créditos Judiciais Fundo de Investimento em Direitos Creditórios Não-Padronizados,FIDC,https://www.liberumratings.com.br/detalhes-ativo/27308
2026-09-25,SL FUNDO DE INVESTIMENTO EM DIREITOS CREDITÓRIOS,FIDC,https://www.liberumratings.com.br/detalhes-ativo/27313
2026-09-25,MLC 1A FUNDO DE INVESTIMENTO EM DIREITOS CREDITORIOS NÃO PADRONIZADOS,FIDC,https://www.liberumratings.com.br/detalhes-ativo/27311
2026-09-25,BLUEFIN FUNDO DE INVESTIMENTO EM DIREITOS CREDITORIOS NAO PADRONIZADOS,FIDC,https://www.liberumratings.com.br/detalhes-ativo/27299
2026-09-25,ELDORADO FUNDO DE INVESTIMENTO EM DIREITOS CREDITÓRIOS NÃO-PADRONIZADOS,FIDC,https://www.liberumratings.com.br/detalhes-ativo/27315
2026-09-25,FRUIT CREEK CRÉDITOS JUDICIAIS FUNDO DE INVESTIMENTO EM DIREITOS CREDITÓRIOS NÃO-PADRONIZADOS,FIDC,https://www.liberumratings.com.br/detalhes-ativo/27310
2026-09-25,SEJA FUNDO DE INVESTIMENTO EM DIREITOS CREDITÓRIOS,FIDC,https://www.liberumratings.com.br/detalhes-ativo/27323
2026-09-25,SG FUNDO DE INVESTIMENTO EM DIREITOS CREDITÓRIOS,FIDC,https://www.liberumratings.com.br/detalhes-ativo/27294
2026-09-25,GAIA Fundo de Investimento em Direitos Creditorios Não Padronizados,FIDC,https://www.liberumratings.com.br/detalhes-ativo/27306
2026-09-25,INTER SIMPLES FUNDO DE INVESTIMENTO EM DIREITOS CREDITORIOS MULTISSETORIAL,FIDC,https://www.liberumratings.com.br/detalhes-ativo/27321
2026-09-25,MOBIUS VD TOTAL RETURN 1 - FUNDO DE INVESTIMENTO EM DIREITOS CREDITORIOS,FIDC,https://www.liberumratings.com.br/detalhes-ativo/27335
2026-09-25,ATTALANTA FUNDO DE INVESTIMENTO EM DIREITOS CREDITORIOS,FIDC,https://www.liberumratings.com.br/detalhes-ativo/27337
2026-09-25,AEG 4 FUNDO DE INVESTIMENTO EM DIREITOS CREDITORIOS NAO-PADRONIZADOS,FIDC,https://www.liberumratings.com.br/detalhes-ativo/27305
2026-09-25,RIDOLFINVEST 2  FUNDO DE INVESTIMENTO EM DIREITOS CREDITÓRIOS NÃO PADRONIZADOS,FIDC,https://www.liberumratings.com.br/detalhes-ativo/27301
2026-09-25,ÁRTICO MIDDLE CORPORATE FUNDO DE INVESTIMENTO EM DIREITOS CREDITÓRIOS,FIDC,https://www.liberumratings.com.br/detalhes-ativo/27268
2026-09-25,MGW ATIVOS FUNDO DE INVESTIMENTO DIREITOS CREDITORIOS NAO-PADRONIZADOS,FIDC,https://www.liberumratings.com.br/detalhes-ativo/27314
2026-09-25,INTRABANK FUNDO DE INVESTIMENTO EM DIREITOS CREDITÓRIOS NÃO-PADRONIZADOS,FIDC,https://www.liberumratings.com.br/detalhes-ativo/27327
2026-09-25,LIBRA FUNDO DE INVESTIMENTO EM DIREITOS CREDITÓRIOS MULTISSETORIAL,FIDC,https://www.liberumratings.com.br/detalhes-ativo/27288
2026-09-25,W CAPITAL I - FUNDO DE INVESTIMENTO EM DIREITOS CREDITÓRIOS,FIDC,https://www.liberumratings.com.br/detalhes-ativo/27296
2026-09-25,MR FUNDO DE INVESTIMENTO EM DIREITOS CREDITÓRIOS,FIDC,https://www.liberumratings.com.br/detalhes-ativo/27303
2026-09-25,FUNDO DE INVESTIMENTO EM DIREITOS CREDITORIOS FRADINHO,FIDC,https://www.liberumratings.com.br/detalhes-ativo/27278
2026-09-25,JC SILOS FUNDO DE INVESTIMENTO EM DIREITOS CREDITÓRIOS NÃO-PADRONIZADO,FIDC,https://www.liberumratings.com.br/detalhes-ativo/27317
2026-09-25,JP CAPITAL FUNDO DE INVESTIMENTO EM DIREITOS CREDITORIOS,FIDC,https://www.liberumratings.com.br/detalhes-ativo/27318
2026-09-25,D'ORO CAPITAL FUNDO DE INVESTIMENTO EM DIREITOS CREDITORIOS MULTISSETORIAL,FIDC,https://www.liberumratings.com.br/detalhes-ativo/27275
2026-09-25,Fundo de Investimento em Direitos Creditórios Capital 5,FIDC,https://www.liberumratings.com.br/detalhes-ativo/27266
2026-09-25,CITY - 02 FUNDO DE INVESTIMENTO EM DIREITOS CREDITÓRIOS NÃO-PADRONIZADOS RESPONSABILIDADE ILIMITADA,FIDC,https://www.liberumratings.com.br/detalhes-ativo/27273
2026-09-25,SATURNO FUNDO DE INVESTIMENTO EM DIREITOS CREDITORIOS,FIDC,https://www.liberumratings.com.br/detalhes-ativo/27191
2026-09-25,FUNDO DE INVESTIMENTO EM DIREITOS CREDITORIOS IRON CAPITAL - MEUCASHCARD,FIDC,https://www.liberumratings.com.br/detalhes-ativo/27262
2026-09-25,INVESTCAMP Fundo de Investimento em Direitos Creditorios,FIDC,https://www.liberumratings.com.br/detalhes-ativo/27287
2026-09-25,Fundo de Investimento Em Direitos Creditorios Não Padronizados Empírica Oportuna Precatórios Federais,FIDC,https://www.liberumratings.com.br/detalhes-ativo/27263
2026-09-25,RCL3X FIAGRO - DIREITOS CREDITÓRIOS,FIDC,https://www.liberumratings.com.br/detalhes-ativo/27284
2026-09-25,C&J FUNDO DE INVESTIMENTO EM DIREITOS CREDITORIOS,FIDC,https://www.liberumratings.com.br/detalhes-ativo/27291
2026-09-25,PREMIER RP FUNDO DE INVESTIMENTO EM DIREITOS CREDITORIOS,FIDC,https://www.liberumratings.com.br/detalhes-ativo/27283
2026-09-25,FUNDO DE INVESTIMENTO EM DIREITOS CREDITÓRIOS NÃO PADRONIZADO EMPIRICA GOAL RJ,FIDC,https://www.liberumratings.com.br/detalhes-ativo/27240
2026-09-25,FIDC FACTA CONSIGNADO INSS,FIDC,https://www.liberumratings.com.br/detalhes-ativo/27276
2026-09-25,MONEFY FUNDO DE INVESTIMENTO EM DIREITOS CREDITORIOS MULTISSETORIAL,FIDC,https://www.liberumratings.com.br/detalhes-ativo/27292
2026-09-25,KEYCASH HOME EQUITY FUNDO DE INVESTIMENTO EM DIREITOS CREDITÓRIOS,FIDC,https://www.liberumratings.com.br/detalhes-ativo/27281
2026-09-25,ADICIONAL - FUNDO DE INVESTIMENTO EM DIREITOS CREDITÓRIOS MULTISSETORIAL,FIDC,https://www.liberumratings.com.br/detalhes-ativo/27277
2026-09-25,Fundo de Investimento em Direitos Creditórios Empírica Mezzo Saúde,FIDC,https://www.liberumratings.com.br/detalhes-ativo/26764
2026-09-25,GRU FUNDO DE INVESTIMENTO EM DIREITOS CREDITORIOS,FIDC,https://www.liberumratings.com.br/detalhes-ativo/27265
2026-09-25,Fundo de Investimento em Direitos Creditórios Empírica Recarga Virtual,FIDC,https://www.liberumratings.com.br/detalhes-ativo/27261
2026-09-25,VALORTEC FUNDO DE INVESTIMENTO EM DIREITOS CREDITORIOS,FIDC,https://www.liberumratings.com.br/detalhes-ativo/27271
2026-09-25,Red Performance Fundo de Investimentos em Direitos Creditórios Não-Padronizados,FIDC,https://www.liberumratings.com.br/detalhes-ativo/27269
2026-09-25,Fundo de Investimento em Direitos Creditórios Multisetorial Delta - NP,FIDC,https://www.liberumratings.com.br/detalhes-ativo/27272
2026-09-25,GRANCRED SP FUNDO DE INVESTIMENTO EM DIREITOS CREDITÓRIOS MULTISSETORIAL,FIDC,https://www.liberumratings.com.br/detalhes-ativo/27270
2026-09-25,INVISTA I FIC FIDC MULTISSETORIAL NAO PADRONIZADO,FIDC,https://www.liberumratings.com.br/detalhes-ativo/26861
2026-09-25,L'ARCA CAPITAL FUNDO DE INVESTIMENTO EM DIREITOS CREDITORIOS,FIDC,https://www.liberumratings.com.br/detalhes-ativo/27212
2026-09-25,Pagbem Fundo de Investimentos em Direitos Creditórios,FIDC,https://www.liberumratings.com.br/detalhes-ativo/27256
2026-09-25,MGW ATIVOS FUNDO DE INVESTIMENTO DIREITOS CREDITORIOS NAO-PADRONIZADOS,FIDC,https://www.liberumratings.com.br/detalhes-ativo/25944
2026-09-25,ST 1001 FUNDO DE INVESTIMENTO EM DIREITOS CREDITORIOS,FIDC,https://www.liberumratings.com.br/detalhes-ativo/27260
2026-09-25,U.NIC FUNDO DE INVESTIMENTO EM DIREITOS CREDITÓRIOS,FIDC,https://www.liberumratings.com.br/detalhes-ativo/27245
2026-09-25,BENFICA FUNDO DE INVESTIMENTO EM DIREITOS CREDITÓRIOS,FIDC,https://www.liberumratings.com.br/detalhes-ativo/27259
2026-09-25,RAPPICARD FUNDO DE INVESTIMENTO EM DIREITOS CREDITORIOS,FIDC,https://www.liberumratings.com.br/detalhes-ativo/27257
2026-09-25,MORIAH - FUNDO DE INVESTIMENTOS EM DIREITOS CREDITORIOS,FIDC,https://www.liberumratings.com.br/detalhes-ativo/27126
2026-09-25,VIA CAPITAL ARTEMUS FUNDO DE INVESTIMENTO EM DIREITOS CREDITÓRIOS MULTISSETORIAL,FIDC,https://www.liberumratings.com.br/detalhes-ativo/27213
2026-09-25,VALYOS Fundo de Investimentos Em Direitos Creditorios Imobiliarios,FIDC,https://www.liberumratings.com.br/detalhes-ativo/27258
2026-09-25,FUNDO DE INVESTIMENTO EM DIREITOS CREDITÓRIOS AGORA TELECOM,FIDC,https://www.liberumratings.com.br/detalhes-ativo/27242
2026-09-25,COBANSA COMPANHIA HIPOTECARIA,Empresa,https://www.liberumratings.com.br/detalhes-ativo/27254
2026-09-25,VIA CAPITAL ADAMANTUS FUNDO DE INVESTIMENTO EM DIREITOS CREDITORIOS MULTISSETORIAL,FIDC,https://www.liberumratings.com.br/detalhes-ativo/27221
2026-09-25,Acreditar Fundo de Investimento em Direitos Creditórios,FIDC,https://www.liberumratings.com.br/detalhes-ativo/27243
2026-09-25,Fundo de Investimento em Direitos Creditórios Angá Sabemi Consignados VI,FIDC,https://www.liberumratings.com.br/detalhes-ativo/27247
2026-09-25,NOVA CAPITAL FUNDO DE INVESTIMENTO EM DIREITOS CREDITORIOS,FIDC,https://www.liberumratings.com.br/detalhes-ativo/27025
2026-09-25,SIGMA CREDIT FEEDER FUNDO DE INVESTIMENTO EM DIREITOS CREDITÓRIOS,FIDC,https://www.liberumratings.com.br/detalhes-ativo/26976
2026-09-25,CITRINO FUNDO DE INVESTIMENTO EM DIREITOS CREDITÓRIOS NÃO PADRONIZADOS,FIDC,https://www.liberumratings.com.br/detalhes-ativo/27251
2026-09-25,RDF Fundo de Investimento em Direitos Creditórios,FIDC,https://www.liberumratings.com.br/detalhes-ativo/27253
2026-09-25,SIGMA CREDIT FUNDO DE INVESTIMENTO EM DIREITOS CREDITORIOS,FIDC,https://www.liberumratings.com.br/detalhes-ativo/27184
2026-09-25,LARCA CONSIGNADO II FUNDO DE INVESTIMENTO EM DIREITOS CREDITÓRIOS - RESPONSABILIDADE LIMITADA,FIDC,https://www.liberumratings.com.br/detalhes-ativo/27224
2026-09-25,MR FUNDO DE INVESTIMENTO EM DIREITOS CREDITÓRIOS,FIDC,https://www.liberumratings.com.br/detalhes-ativo/27223
2026-09-25,MOBIUS VD TOTAL RETURN 1 - FUNDO DE INVESTIMENTO EM DIREITOS CREDITORIOS,FIDC,https://www.liberumratings.com.br/detalhes-ativo/27064
2026-09-25,LARCA CONSIGNADO FUNDO DE INVESTIMENTO EM DIREITOS CREDITORIOS RESPONSABILIDADE LIMITADA,FIDC,https://www.liberumratings.com.br/detalhes-ativo/27222
2026-09-25,MOBIUS TOTAL RETURN 1 - FUNDO DE INVESTIMENTO EM DIREITOS CREDITORIOS - NAO PADRONIZADOS,FIDC,https://www.liberumratings.com.br/detalhes-ativo/27065
2026-09-25,LECCA FUNDO DE INVESTIMENTO EM DIREITOS CREDITORIOS,FIDC,https://www.liberumratings.com.br/detalhes-ativo/27244
2026-09-25,911 BANK MULTI ESTRATEGIA FUNDO DE INVESTIMENTO EM DIREITOS  CREDITORIOS,FIDC,https://www.liberumratings.com.br/detalhes-ativo/27249
2026-09-25,VALYOS Fundo de Investimentos Em Direitos Creditorios Imobiliarios,FIDC,https://www.liberumratings.com.br/detalhes-ativo/27219
2026-09-25,GII Gestão Inteligente Fundo de Investimento em Direitos Creditórios,FIDC,https://www.liberumratings.com.br/detalhes-ativo/27210
2026-09-25,FUNDO DE INVESTIMENTO EM DIREITOS CREDITÓRIOS CONSIGNADO Q1,FIDC,https://www.liberumratings.com.br/detalhes-ativo/27246
2026-09-25,MULTI RECEBIVEIS II FUNDO DE INVESTIMENTO EM DIREITOS CREDITORIOS,FIDC,https://www.liberumratings.com.br/detalhes-ativo/27127
2026-09-25,CITY FUNDO DE INVESTIMENTO EM DIREITOS CREDITÓRIOS NÃO PADRONIZADO,FIDC,https://www.liberumratings.com.br/detalhes-ativo/27229
2026-09-25,JUNTOS CAPITAL FUNDO DE INVESTIMENTO EM DIREITOS CREDITORIOS,FIDC,https://www.liberumratings.com.br/detalhes-ativo/27237
2026-09-25,ATLANTICO FUNDO DE INVESTIMENTO EM DIREITOS CREDITORIOS NAO PADRONIZADOS,FIDC,https://www.liberumratings.com.br/detalhes-ativo/27239
2026-09-25,CREDIHOME FUNDO DE INVESTIMENTO EM DIREITOS CREDITORIOS,FIDC,https://www.liberumratings.com.br/detalhes-ativo/27238
2026-09-25,FUNDO DE INVESTIMENTO EM DIREITOS CREDITÓRIOS ZIPDIN I,FIDC,https://www.liberumratings.com.br/detalhes-ativo/27225
2026-09-25,FUNDO DE INVESTIMENTO EM DIREITOS CREDITORIOS GO KENERSON,FIDC,https://www.liberumratings.com.br/detalhes-ativo/27236
2026-09-25,FIDC Empírica Home Equity,FIDC,https://www.liberumratings.com.br/detalhes-ativo/27230
2026-09-25,PATAGONIA FUNDO DE INVESTIMENTO EM DIREITOS CREDITORIOS NAO PADRONIZADOS,FIDC,https://www.liberumratings.com.br/detalhes-ativo/27228
2026-09-25,MULTI RECEBÍVEIS III FUNDO DE INVESTIMENTO EM DIREITOS CREDITÓRIOS,FIDC,https://www.liberumratings.com.br/detalhes-ativo/27119
2026-09-25,SEJA FUNDO DE INVESTIMENTO EM DIREITOS CREDITÓRIOS,FIDC,https://www.liberumratings.com.br/detalhes-ativo/27235
2026-09-25,JC 4870 V FUNDO DE INVESTIMENTO EM DIREITOS CREDITÓRIOS NÃO PADRONIZADOS - FIDC-NP,FIDC,https://www.liberumratings.com.br/detalhes-ativo/27231
2026-09-25,Lotus Performance Fundo de Investimento em Direitos Creditórios Multissetorial LP,FIDC,https://www.liberumratings.com.br/detalhes-ativo/27152
2026-09-25,FAMA FUNDO DE INVESTIMENTO EM DIREITOS CREDITÓRIOS,FIDC,https://www.liberumratings.com.br/detalhes-ativo/27149
2026-09-25,RUBI FUNDO DE INVESTIMENTO EM DIREITOS CREDITORIOS MULTISETORIAL,FIDC,https://www.liberumratings.com.br/detalhes-ativo/27207
2026-09-25,Credit Brasil Fundo de Investimento em Direitos Creditórios Multissetorial Master,FIDC,https://www.liberumratings.com.br/detalhes-ativo/27211
2026-09-25,3S FUNDO DE INVESTIMENTO EM COTAS DE FUNDO DE INVESTIMENTO EM DIREITOS CREDITORIOS,FIDC,https://www.liberumratings.com.br/detalhes-ativo/27128
2026-09-25,LGX FUNDO DE INVESTIMENTO EM DIREITOS CREDITÓRIOS NÃO-PADRONIZADOS RESPONSABILIDADE LIMITADA,FIDC,https://www.liberumratings.com.br/detalhes-ativo/27232
2026-09-25,SG FUNDO DE INVESTIMENTO EM DIREITOS CREDITÓRIOS,FIDC,https://www.liberumratings.com.br/detalhes-ativo/27233
2026-09-25,FUNDO DE INVESTIMENTO EM DIREITOS CREDITORIOS EMPIRICA CREDITAS AUTO,FIDC,https://www.liberumratings.com.br/detalhes-ativo/26949
2026-09-25,FIDC BPD CONSIGNADO,FIDC,https://www.liberumratings.com.br/detalhes-ativo/27220
2026-09-25,KOBOLD MFS FUNDO DE INVESTIMENTO EM DIREITOS CREDITÓRIOS NÃO-PADRONIZADOS,FIDC,https://www.liberumratings.com.br/detalhes-ativo/27227
2026-09-25,FIDC Brasilfactors Crédito Corporativo,FIDC,https://www.liberumratings.com.br/detalhes-ativo/27107
2026-09-25,MITTU FUNDO DE INVESTIMENTO EM DIREITOS CREDITORIOS NAO PADRONIZADOS,FIDC,https://www.liberumratings.com.br/detalhes-ativo/27161
2026-09-25,CONSIGA MAIS FUNDO DE INVESTIMENTO EM DIREITOS CREDITÓRIOS,FIDC,https://www.liberumratings.com.br/detalhes-ativo/27077
2026-09-25,RIGEL FUNDO DE INVESTIMENTO EM DIREITOS CREDITÓRIOS,FIDC,https://www.liberumratings.com.br/detalhes-ativo/27215
2026-09-25,LATACHE AGRO II FUNDO DE INVESTIMENTO EM DIREITOS CREDITORIOS,FIDC,https://www.liberumratings.com.br/detalhes-ativo/27218
2026-09-25,SÃO CRISTÓVÃO FUNDO DE INVESTIMENTO EM DIREITOS CREDITORIOS NAO-PADRONIZADO,FIDC,https://www.liberumratings.com.br/detalhes-ativo/27033
2026-09-25,CITRINO FUNDO DE INVESTIMENTO EM DIREITOS CREDITÓRIOS NÃO PADRONIZADOS,FIDC,https://www.liberumratings.com.br/detalhes-ativo/27216
2026-09-25,Harpia Fundo de Investimentos em Direitos Creditórios,FIDC,https://www.liberumratings.com.br/detalhes-ativo/27214
2026-09-25,ARGENTA FUNDO DE INVESTIMENTO EM DIREITOS CREDITÓRIOS,FIDC,https://www.liberumratings.com.br/detalhes-ativo/27188
2026-09-25,FUNDO DE INVESTIMENTOS EM DIREITOS CREDITÓRIOS GRIFO,FIDC,https://www.liberumratings.com.br/detalhes-ativo/27176
2026-09-25,ALFA FUNDO DE INVESTIMENTO EM DIREITOS CREDITÓRIOS MULTISSETORIAL,FIDC,https://www.liberumratings.com.br/detalhes-ativo/27132
2026-09-25,FUNDO DE INVESTIMENTO EM DIREITOS CREDITORIOS ONIX PRIME,FIDC,https://www.liberumratings.com.br/detalhes-ativo/27205
2026-09-25,MATRIZ FUNDO DE INVESTIMENTO EM COTAS DE FUNDOS DE INVESTIMENTO EM DIREITOS CREDITÓRIOS,FIDC,https://www.liberumratings.com.br/detalhes-ativo/27190
2026-09-25,MT FUNDO DE INVESTIMENTO EM DIREITOS CREDITORIOS NAO PADRONIZADOS,FIDC,https://www.liberumratings.com.br/detalhes-ativo/27208
2026-09-25,CHIMERA NPL & SPECIAL OPPORTUNITIES II FUNDO DE INVESTIMENTO EM DIREITOS CREDITORIOS NAO PADRONIZADO,FIDC,https://www.liberumratings.com.br/detalhes-ativo/27173
2026-09-25,VALYOS Fundo de Investimentos Em Direitos Creditorios Imobiliarios,FIDC,https://www.liberumratings.com.br/detalhes-ativo/27209
2026-09-25,FATORI FUNDO DE INVESTIMENTO EM DIREITOS CREDITORIOS MULTISSETORIAL,FIDC,https://www.liberumratings.com.br/detalhes-ativo/27037
2026-09-25,Fundo de Investimento em Direitos Creditórios Empírica Premier Capital,FIDC,https://www.liberumratings.com.br/detalhes-ativo/27183
2026-09-25,SQUID FUNDO DE INVESTIMENTO EM DIRETOS CREDITORIOS,FIDC,https://www.liberumratings.com.br/detalhes-ativo/27174
2026-09-25,Fundo de Investimento em Direitos Creditórios Energia Solar,FIDC,https://www.liberumratings.com.br/detalhes-ativo/27157
2026-09-25,RDF Fundo de Investimento em Direitos Creditórios,FIDC,https://www.liberumratings.com.br/detalhes-ativo/27201
2026-09-25,SQUID FUNDO DE INVESTIMENTO EM DIRETOS CREDITORIOS,FIDC,https://www.liberumratings.com.br/detalhes-ativo/27199
2026-09-25,D'ORO CAPITAL FUNDO DE INVESTIMENTO EM DIREITOS CREDITORIOS MULTISSETORIAL,FIDC,https://www.liberumratings.com.br/detalhes-ativo/27193
2026-09-25,ARGENTA FUNDO DE INVESTIMENTO EM DIREITOS CREDITÓRIOS,FIDC,https://www.liberumratings.com.br/detalhes-ativo/27202
2026-09-25,NOVA CAPITAL FUNDO DE INVESTIMENTO EM DIREITOS CREDITORIOS,FIDC,https://www.liberumratings.com.br/detalhes-ativo/27194
2026-09-25,LGX FUNDO DE INVESTIMENTO EM DIREITOS CREDITÓRIOS NÃO-PADRONIZADOS RESPONSABILIDADE LIMITADA,FIDC,https://www.liberumratings.com.br/detalhes-ativo/27200
2026-09-25,C&J FUNDO DE INVESTIMENTO EM DIREITOS CREDITORIOS,FIDC,https://www.liberumratings.com.br/detalhes-ativo/27195
2026-09-25,3S FUNDO DE INVESTIMENTO EM COTAS DE FUNDO DE INVESTIMENTO EM DIREITOS CREDITORIOS,FIDC,https://www.liberumratings.com.br/detalhes-ativo/27204
2026-09-25,SEJA FUNDO DE INVESTIMENTO EM DIREITOS CREDITÓRIOS,FIDC,https://www.liberumratings.com.br/detalhes-ativo/27197
2026-09-25,L'ARCA CAPITAL FUNDO DE INVESTIMENTO EM DIREITOS CREDITORIOS,FIDC,https://www.liberumratings.com.br/detalhes-ativo/27198
2026-09-25,GII Gestão Inteligente Fundo de Investimento em Direitos Creditórios,FIDC,https://www.liberumratings.com.br/detalhes-ativo/27196
2026-09-25,INVISTA III Fundo de Investimentos em Direitos Creditorios Não Padronizado,FIDC,https://www.liberumratings.com.br/detalhes-ativo/27182
2026-09-25,SANTIAGO HOME EQUITY FUNDO DE INVESTIMENTO EM DIREITOS  CREDITÓRIOS,FIDC,https://www.liberumratings.com.br/detalhes-ativo/27187
2026-09-25,KP GUARDIAN FUNDO DE INVESTIMENTO EM COTAS DE FUNDOS DE INVESTIMENTO EM DIREITOS CREDITÓRIOS,FIDC,https://www.liberumratings.com.br/detalhes-ativo/27178
2026-09-25,CANAL 86 FUNDO DE INVESTIMENTO EM DIREITOS CREDITORIOS NAO-PADRONIZADO,FIDC,https://www.liberumratings.com.br/detalhes-ativo/27185
2026-09-25,CANAL 87 FUNDO DE INVESTIMENTO EM DIREITOS CREDITORIOS NÃO PADRONIZADO,FIDC,https://www.liberumratings.com.br/detalhes-ativo/27186
2026-09-25,FUNDO DE INVESTIMENTO EM DIREITOS CREDITORIOS SANTA CRUZ CAPITAL,FIDC,https://www.liberumratings.com.br/detalhes-ativo/27145
2026-09-25,FUNDO DE INVESTIMENTO EM DIREITOS CREDITÓRIOS BIZCAPITAL EMPÍRICA PME,FIDC,https://www.liberumratings.com.br/detalhes-ativo/27164
2026-09-25,NEON FUNDO DE INVESTIMENTO EM DIREITOS CREDITORIOS I,FIDC,https://www.liberumratings.com.br/detalhes-ativo/27179
2026-09-25,Fundo de Investimentos em Direitos Creditórios Premium Solis,FIDC,https://www.liberumratings.com.br/detalhes-ativo/27151
2026-09-25,ATTALANTA FUNDO DE INVESTIMENTO EM DIREITOS CREDITORIOS,FIDC,https://www.liberumratings.com.br/detalhes-ativo/27177
2026-09-25,Fundo de Investimento em Direitos Creditórios Multissetorial Milênio Recebíveis LP,FIDC,https://www.liberumratings.com.br/detalhes-ativo/27159
2026-09-25,Mav Alternative Credit Fundo de Investimento em Direitos Creditórios Não-Padronizados,FIDC,https://www.liberumratings.com.br/detalhes-ativo/27169
2026-09-25,FUNDO DE INVESTIMENTO EM DIREITOS CREDITORIOS SABIA CREDIT,FIDC,https://www.liberumratings.com.br/detalhes-ativo/27063
2026-09-25,JPI FUNDO DE INVESTIMENTO EM DIREITOS CREDITORIOS,FIDC,https://www.liberumratings.com.br/detalhes-ativo/27172
2026-09-25,JC Crédito Premio I FIDC NP,FIDC,https://www.liberumratings.com.br/detalhes-ativo/27168
2026-09-25,GRIF CRÉDITO PULVERIZADO FUNDO DE INVESTIMENTO EM DIREITOS CREDITÓRIOS,FIDC,https://www.liberumratings.com.br/detalhes-ativo/27175
2026-09-25,TOPCRED FUNDO DE INVESTIMENTO EM DIREITOS CREDITORIOS,FIDC,https://www.liberumratings.com.br/detalhes-ativo/27148
2026-09-25,GVN FUNDO DE INVESTIMENTO EM DIREITOS CREDITÓRIOS,FIDC,https://www.liberumratings.com.br/detalhes-ativo/27167
2026-09-25,ENKI FUNDO DE INVESTIMENTO EM DIREITOS CREDITÓRIOS NÃO-PADRONIZADOS RESPONSABILIDADE LIMITADA,FIDC,https://www.liberumratings.com.br/detalhes-ativo/27051
2026-09-25,AURUM - FUNDO DE INVESTIMENTO EM DIREITOS CREDITORIOS MULTISSETORIAL LP,FIDC,https://www.liberumratings.com.br/detalhes-ativo/27010
2026-09-25,FUNDO DE INVESTIMENTO EM DIREITOS CREDITÓRIOS QRED PME - RESPONSABILIDADE LIMITADA,FIDC,https://www.liberumratings.com.br/detalhes-ativo/27160
2026-09-25,MATRIZ FUNDO DE INVESTIMENTO EM DIREITOS CREDITORIOS,FIDC,https://www.liberumratings.com.br/detalhes-ativo/27016
2026-09-25,PREMIUM RECEBÍVEIS I MULTISSETORIAL FUNDO DE INVESTIMENTO EM DIREITOS CREDITÓRIOS,FIDC,https://www.liberumratings.com.br/detalhes-ativo/27150
2026-09-25,TORQI FUNDO DE INVESTIMENTO EM DIREITOS CREDITORIOS,FIDC,https://www.liberumratings.com.br/detalhes-ativo/27158
2026-09-25,FUNDO DE INVESTIMENTO EM DIREITOS CREDITORIOS CONCREDITO DE RESPONSABILIDADE ILIMITADA,FIDC,https://www.liberumratings.com.br/detalhes-ativo/27154
2026-09-25,FUNDO DE INVESTIMENTO EM DIREITOS CREDITÓRIOS PH TECH,FIDC,https://www.liberumratings.com.br/detalhes-ativo/27165
2026-09-25,INVESTCON FUNDO DE INVESTIMENTO EM DIREITOS CREDITORIOS,FIDC,https://www.liberumratings.com.br/detalhes-ativo/27171
2026-09-25,FUNDO DE INVESTIMENTO EM DIREITOS CREDITORIOS MULTISSETORIAL MAREAH,FIDC,https://www.liberumratings.com.br/detalhes-ativo/27094
2026-09-25,Fundo de Investimento em Direitos Creditórios  Multissetorial Prévia,FIDC,https://www.liberumratings.com.br/detalhes-ativo/27096
2026-09-25,Fundo de Investimento em Direitos Creditórios Angá Sabemi Consignados VII,FIDC,https://www.liberumratings.com.br/detalhes-ativo/27162
2026-09-25,Fundo de Investimento em Direitos Creditórios Angá Sabemi Consignados VIII,FIDC,https://www.liberumratings.com.br/detalhes-ativo/27163
2026-09-25,SPS ALGARVE DELTA CRÉDITOS JUDICIAIS FUNDO DE INVESTIMENTO EM DIREITOS CREDITÓRIOS NÃO PADRONIZADOS,FIDC,https://www.liberumratings.com.br/detalhes-ativo/27153
2026-09-25,SG JC III FIC FIDC NP,FIDC,https://www.liberumratings.com.br/detalhes-ativo/27156
2026-09-25,CRESTONE I FUNDO DE INVESTIMENTO EM DIREITOS CREDITORIOS NAO PADRONIZADOS,FIDC,https://www.liberumratings.com.br/detalhes-ativo/27135
2026-09-25,BARCELONA FUNDO DE INVESTIMENTO EM DIREITOS CREDITORIOS,FIDC,https://www.liberumratings.com.br/detalhes-ativo/27155
2026-09-25,Moka Fund I Fundo de Investimento em Direitos Creditórios Não Padronizados Multissetorial,FIDC,https://www.liberumratings.com.br/detalhes-ativo/27134
2026-09-25,AFA HIGH YIELD CREDIT OPPORTUNITY FUNDO DE INVESTIMENTO EM DIREITOS CREDITORIOS,FIDC,https://www.liberumratings.com.br/detalhes-ativo/27120
2026-09-25,SOLIS RECEBÍVEIS COMERCIAIS I FIC FIDC,FIDC,https://www.liberumratings.com.br/detalhes-ativo/27141
2026-09-25,Fundo de Investimento em Direitos Creditórios Multissetorial DB 18,FIDC,https://www.liberumratings.com.br/detalhes-ativo/27144
2026-09-25,WM GALAPAGOS FUNDO DE INVESTIMENTO EM COTAS DE FUNDO DE INVESTIMENTO EM DIREITOS CREDITORIOS NÃO PADRONIZADOS,FIDC,https://www.liberumratings.com.br/detalhes-ativo/27138
2026-09-25,HUBCRED FUNDO DE INVESTIMENTO EM DIREITOS CREDITORIOS,FIDC,https://www.liberumratings.com.br/detalhes-ativo/27143
2026-09-25,BH FUNDO DE INVESTIMENTO EM DIREITOS CREDITÓRIOS NÃO-PADRONIZADOS,FIDC,https://www.liberumratings.com.br/detalhes-ativo/27142
2026-09-25,AEG 4 FUNDO DE INVESTIMENTO EM DIREITOS CREDITORIOS NAO-PADRONIZADOS,FIDC,https://www.liberumratings.com.br/detalhes-ativo/27047
2026-09-25,MLC 1A FUNDO DE INVESTIMENTO EM DIREITOS CREDITORIOS NÃO PADRONIZADOS,FIDC,https://www.liberumratings.com.br/detalhes-ativo/27147
2026-09-25,FUNDO DE INVESTIMENTO EM DIREITOS CREDITÓRIOS TRADING I,FIDC,https://www.liberumratings.com.br/detalhes-ativo/27146
2026-09-25,C+ VALORA FUNDO DE INVESTIMENTO EM DIREITOS CREDITÓRIOS,FIDC,https://www.liberumratings.com.br/detalhes-ativo/27076
2026-09-25,Trevys Fundo de Investimentos em Direitos Creditórios,FIDC,https://www.liberumratings.com.br/detalhes-ativo/27133
2026-09-25,FUNDO DE INVESTIMENTO EM DIREITOS CREDITÓRIOS DEL MONTE NÃO PADRONIZADO,FIDC,https://www.liberumratings.com.br/detalhes-ativo/27118
2026-09-25,OCEAN ASSET FUNDO DE INVESTIMENTO EM DIREITOS CREDITORIOS,FIDC,https://www.liberumratings.com.br/detalhes-ativo/27130
2026-09-25,FUNDO DE INVESTIMENTOS EM DIREITOS CREDITORIOS MULTISETORIAL HOPE LP,FIDC,https://www.liberumratings.com.br/detalhes-ativo/27140
2026-09-25,NXC CAPITAL FUNDO DE INVESTIMENTO EM DIREITOS CREDITÓRIOS,FIDC,https://www.liberumratings.com.br/detalhes-ativo/27137
2026-09-25,FUNDO DE INVESTIMENTO EM DIREITOS CREDITORIOS MULTISETORIAL EMPRESARIAL LP,FIDC,https://www.liberumratings.com.br/detalhes-ativo/27117
2026-09-25,MULTI INFRA FUNDO DE INVESTIMENTO EM DIREITOS CREDITÓRIOS NÃO-PADRONIZADOS,FIDC,https://www.liberumratings.com.br/detalhes-ativo/27067
2026-09-25,MUNDI FUNDO DE INVESTIMENTO EM DIREITOS CREDITÓRIOS NÃO PADRONIZADOS,FIDC,https://www.liberumratings.com.br/detalhes-ativo/27136
2026-09-25,LEVER FUNDO DE INVESTIMENTO EM DIREITOS CREDITÓRIOS,FIDC,https://www.liberumratings.com.br/detalhes-ativo/27027
2026-09-25,BRZ AKRK CONSIGNADOS I FUNDOS DE INVESTIMENTO EM DIREITOS CREDITORIOS CONSIGNADOS,FIDC,https://www.liberumratings.com.br/detalhes-ativo/27015
2026-09-25,JP CAPITAL FUNDO DE INVESTIMENTO EM DIREITOS CREDITORIOS,FIDC,https://www.liberumratings.com.br/detalhes-ativo/27102
2026-09-25,CONFIANÇA FUNDO DE INVESTIMENTO EM DIREITOS CREDITORIOS,FIDC,https://www.liberumratings.com.br/detalhes-ativo/27075
2026-09-25,D'ORO CAPITAL FUNDO DE INVESTIMENTO EM DIREITOS CREDITORIOS MULTISSETORIAL,FIDC,https://www.liberumratings.com.br/detalhes-ativo/27124
2026-09-25,Garson Fundo de Investimento em Direitos Creditórios,FIDC,https://www.liberumratings.com.br/detalhes-ativo/27106
2026-09-25,WK FUNDO DE INVESTIMENTO EM DIREITOS CREDITORIOS,FIDC,https://www.liberumratings.com.br/detalhes-ativo/27081
2026-09-25,Habitasec Securitizadora S.A,CRI,https://www.liberumratings.com.br/detalhes-ativo/27121
2026-09-25,CLM FUNDO DE INVESTIMENTO EM DIREITOS CREDITORIOS NÃO-PADRONIZADOS MULTISSETORIAL,FIDC,https://www.liberumratings.com.br/detalhes-ativo/27115
2026-09-25,Reag Special Situation Fundo de Investimento em Direitos Creditórios Padronizados Aberto,FIDC,https://www.liberumratings.com.br/detalhes-ativo/27032
2026-09-25,Fundo de Investimento em Direitos Creditórios LF I,FIDC,https://www.liberumratings.com.br/detalhes-ativo/27125
2026-09-25,WFR FUNDO DE INVESTIMENTO EM DIREITOS CREDITORIOS MULTISSETORIAL,FIDC,https://www.liberumratings.com.br/detalhes-ativo/27108
2026-09-25,ASPEN FUNDO DE INVESTIMENTO EM DIREITOS CREDITÓRIOS,FIDC,https://www.liberumratings.com.br/detalhes-ativo/27109
2026-09-25,ARPEL CAPITAL FUNDO DE INVESTIMENTO EM DIREITOS CREDITORIOS,FIDC,https://www.liberumratings.com.br/detalhes-ativo/27074
2026-09-25,Genesis Fundo de Investimento em Direitos Creditórios Não  Padronizados,FIDC,https://www.liberumratings.com.br/detalhes-ativo/27112
2026-09-25,Sifra Plus Multissegmento Fundo de Investimento em Direitos Creditórios,FIDC,https://www.liberumratings.com.br/detalhes-ativo/27111
2026-09-25,JC Diversificado III Fundo de Investimento em DireitosS Creditorios Não-Padronizado,FIDC,https://www.liberumratings.com.br/detalhes-ativo/27036
2026-09-25,CAPITAL FINANÇAS FUNDO DE INVESTIMENTO EM DIREITOS CREDITORIOS,FIDC,https://www.liberumratings.com.br/detalhes-ativo/27023
2026-09-25,SANTA FÉ FUNDO DE INVESTIMENTO EM DIREITOS CREDITÓRIOS NÃO PADRONIZADOS,FIDC,https://www.liberumratings.com.br/detalhes-ativo/27113
2026-09-25,Creditise Fundo de Investimentos em Direitos Creditórios Não Padronizado,FIDC,https://www.liberumratings.com.br/detalhes-ativo/27110
2026-09-25,OPERA FUNDO DE INVESTIMENTO EM DIREITOS CREDITORIOS MULTISETORIAL,FIDC,https://www.liberumratings.com.br/detalhes-ativo/27104
2026-09-25,SIFRA ENERGY PODIUM FUNDO DE INVESTIMENTO EM DIREITOS CREDITORIOS,FIDC,https://www.liberumratings.com.br/detalhes-ativo/27086
2026-09-25,INVESTCON FUNDO DE INVESTIMENTO EM DIREITOS CREDITORIOS,FIDC,https://www.liberumratings.com.br/detalhes-ativo/27019
2026-09-25,QANTIC FUNDO DE INVESTIMENTO EM DIREITOS CREDITÓRIOS,FIDC,https://www.liberumratings.com.br/detalhes-ativo/27087
2026-09-25,VIA CAPITAL ARTEMUS FUNDO DE INVESTIMENTO EM DIREITOS CREDITÓRIOS MULTISSETORIAL,FIDC,https://www.liberumratings.com.br/detalhes-ativo/27072
2026-09-25,NANBAN II FUNDO DE INVESTIMENTO EM DIREITOS CREDITÓRIOS NÃO-PADRONIZADOS,FIDC,https://www.liberumratings.com.br/detalhes-ativo/27030
2026-09-25,Milas Fundo de Investimentos em Direitos Creditórios - Não Padronizado,FIDC,https://www.liberumratings.com.br/detalhes-ativo/27029
2026-09-25,ESPRESSO CRÉDITOS JUDICIAIS FUNDO DE INVESTIMENTO EM DIREITOS CREDITÓRIOS NÃO-PADRONIZADOS,FIDC,https://www.liberumratings.com.br/detalhes-ativo/27031
2026-09-25,RIGEL FUNDO DE INVESTIMENTO EM DIREITOS CREDITÓRIOS,FIDC,https://www.liberumratings.com.br/detalhes-ativo/27035
2026-09-25,GPR FUNDO DE INVESTIMENTO EM DIREITOS CREDITORIOS,FIDC,https://www.liberumratings.com.br/detalhes-ativo/27073
2026-09-25,FUNDO DE INVESTIMENTO EM DIREITOS CREDITORIOS NAO-PADRONIZADOS INVISTA ATIVOS ALTERNATIVOS I,FIDC,https://www.liberumratings.com.br/detalhes-ativo/27083
2026-09-25,ESMERALDA FIDC,FIDC,https://www.liberumratings.com.br/detalhes-ativo/27084
2026-09-25,Urbe Fundo de Investimento em Direitos Creditórios Multissetorial LP,FIDC,https://www.liberumratings.com.br/detalhes-ativo/27085
2026-09-25,C3E CRÉDITOS JUDICIAIS FUNDO DE INVESTIMENTO EM DIREITOS CREDITÓRIOS NÃO PADRONIZADOS,FIDC,https://www.liberumratings.com.br/detalhes-ativo/27101
2026-09-25,C3E CJ FIC – FIDC,FIDC,https://www.liberumratings.com.br/detalhes-ativo/27100
2026-09-25,JC BG FICFIDC NP,FIDC,https://www.liberumratings.com.br/detalhes-ativo/27099
2026-09-25,JC BG Fundo de Investimento em Direitos Creditórios Não-Padronizados – FIDC NP,FIDC,https://www.liberumratings.com.br/detalhes-ativo/27089
2026-09-25,UA FUNDO DE INVESTIMENTO EM DIREITOS CREDITORIOS,FIDC,https://www.liberumratings.com.br/detalhes-ativo/27098
2026-09-25,PORTLAND CRÉDITOS JUDICIAIS FUNDO DE INVESTIMENTO EM DIREITOS CREDITÓRIOS NÃO-PADRONIZADOS,FIDC,https://www.liberumratings.com.br/detalhes-ativo/27097
2026-09-25,JC 4870 II FUNDO DE INVESTIMENTO EM DIREITOS CREDITÓRIOS NÃO-PADRONIZADOS,FIDC,https://www.liberumratings.com.br/detalhes-ativo/27095
2026-09-25,JC 4870 Fundo de Investimento em Direitos Creditório - Não Padronizado,FIDC,https://www.liberumratings.com.br/detalhes-ativo/27093
2026-09-25,SG II A Fundo De Investimento Em Cotas De Fundos De Investimento Em Direitos Creditorios Nao-Padronizados,FIDC,https://www.liberumratings.com.br/detalhes-ativo/27091
2026-09-25,SG IV Local Fundo de Investimento em Cotas de Fundo de Investimento em Direitos Creditório - Não Padronizado,FIDC,https://www.liberumratings.com.br/detalhes-ativo/27092
2026-09-25,SAINT JOHN FUNDO DE INVESTIMENTO EM DIREITOS CREDITORIOS NAO-PADRONIZADOS,FIDC,https://www.liberumratings.com.br/detalhes-ativo/27090
2026-09-25,FUNDO DE INVESTIMENTO EM DIREITOS CREDITÓRIOS TRADING I,FIDC,https://www.liberumratings.com.br/detalhes-ativo/27071
2026-09-25,MALMO FICFIDC-NP,FIDC,https://www.liberumratings.com.br/detalhes-ativo/27088
2026-09-25,COBANSA COMPANHIA HIPOTECARIA,Empresa,https://www.liberumratings.com.br/detalhes-ativo/27082
2026-09-25,Fundo de Investimento em Direitos Creditórios Não Padronizados Multissetorial R&G LP,FIDC,https://www.liberumratings.com.br/detalhes-ativo/27068
2026-09-25,SL FUNDO DE INVESTIMENTO EM DIREITOS CREDITÓRIOS,FIDC,https://www.liberumratings.com.br/detalhes-ativo/27079
2026-09-25,MÖBIUS LEGAL CLAIMS 1 - FUNDO DE INVESTIMENTO EM DIREITOS CREDITÓRIOS NÃO-PADRONIZADOS,FIDC,https://www.liberumratings.com.br/detalhes-ativo/27080
2026-09-25,JC Diversificado VI Fundo de Investimento em Direitos Creditorios Não-Padronizado,FIDC,https://www.liberumratings.com.br/detalhes-ativo/27039
2026-09-25,GAIA Fundo de Investimento em Direitos Creditorios Não Padronizados,FIDC,https://www.liberumratings.com.br/detalhes-ativo/27078
2026-09-25,SAN PRECA FEDERAL I FUNDO DE INVESTIMENTO EM DIREITOS CREDITÓRIOS NÃO-PADRONIZADOS,FIDC,https://www.liberumratings.com.br/detalhes-ativo/27055
2026-09-25,JC SILOS FUNDO DE INVESTIMENTO EM DIREITOS CREDITÓRIOS NÃO-PADRONIZADO,FIDC,https://www.liberumratings.com.br/detalhes-ativo/27046
2026-09-25,FUNDO DE INVESTIMENTO EM DIREITOS CREDITÓRIOS AGRO SGT,FIDC,https://www.liberumratings.com.br/detalhes-ativo/27009
2026-09-25,VENTURA FUNDO DE INVESTIMENTO EM DIREITOS CREDITORIOS,FIDC,https://www.liberumratings.com.br/detalhes-ativo/27066
2026-09-25,ABC FUNDO DE INVESTIMENTO EM DIREITOS CREDITORIOS,FIDC,https://www.liberumratings.com.br/detalhes-ativo/27069
2026-09-25,ELLEVE NPL FUNDO DE INVESTIMENTO EM DIREITOS CREDITÓRIOS - NÃO PADRONIZADOS,FIDC,https://www.liberumratings.com.br/detalhes-ativo/27050
2026-09-25,INTER SIMPLES FUNDO DE INVESTIMENTO EM DIREITOS CREDITORIOS MULTISSETORIAL,FIDC,https://www.liberumratings.com.br/detalhes-ativo/27053
2026-09-25,FUNDO DE INVESTIMENTO EM DIREITOS CREDITÓRIOS ASAAS,FIDC,https://www.liberumratings.com.br/detalhes-ativo/27070
2026-09-25,ACL NP FUNDO DE INVESTIMENTO EM DIREITOS CREDITORIOS NAO PADRONIZADOS,FIDC,https://www.liberumratings.com.br/detalhes-ativo/27014
2026-09-25,C&J FUNDO DE INVESTIMENTO EM DIREITOS CREDITORIOS,FIDC,https://www.liberumratings.com.br/detalhes-ativo/27022
2026-09-25,FUNDO DE INVESTIMENTO EM DIREITOS CREDITORIOS JGM LP,FIDC,https://www.liberumratings.com.br/detalhes-ativo/27017
2026-09-25,AUDAX CAPITAL FUNDO DE INVESTIMENTO EM DIREITOS CREDITORIOS,FIDC,https://www.liberumratings.com.br/detalhes-ativo/27026
2026-09-25,ACELERA VAREJO FUNDO DE INVESTIMENTO EM DIREITOS CREDITORIOS,FIDC,https://www.liberumratings.com.br/detalhes-ativo/27042
2026-09-25,ALGARVE MEDITERRÂNEO FUNDO DE INVESTIMENTO EM DIREITOS CREDITÓRIOS NÃO PADRONIZADOS,FIDC,https://www.liberumratings.com.br/detalhes-ativo/27038
2026-09-25,Fundo de Investimento em Direitos Creditórios Não Padronizados Sifra Performance,FIDC,https://www.liberumratings.com.br/detalhes-ativo/27024
2026-09-25,SG III Fundo de Investimento em Cotas de Fundo de Investimento em Direitos Creditório - NP,FIDC,https://www.liberumratings.com.br/detalhes-ativo/27043
2026-09-25,QUARTER PRECATÓRIOS FIDC NP,FIDC,https://www.liberumratings.com.br/detalhes-ativo/27034
2026-09-25,JC 4870 VI FUNDO DE INVESTIMENTO EM DIREITOS CREDITORIOS NAO PADRONIZADOS FIDC-NP,FIDC,https://www.liberumratings.com.br/detalhes-ativo/27028
2026-09-25,SGC UT FIDC NP,FIDC,https://www.liberumratings.com.br/detalhes-ativo/27062
2026-09-25,Violin 8432 (2) Créditos Judiciais Fundo de Investimento em Direitos Creditórios Não-Padronizados,FIDC,https://www.liberumratings.com.br/detalhes-ativo/27061
2026-09-25,VIOLIN 8432 CRÉDITOS JUDICIAIS FUNDO DE INVESTIMENTO EM DIREITOS CREDITÓRIOS NÃO-PADRONIZADOS,FIDC,https://www.liberumratings.com.br/detalhes-ativo/27060
2026-09-25,AGHI FUNDO DE INVESTIMENTO EM DIREITOS CREDITÓRIOS NÃO-PADRONIZADOS,FIDC,https://www.liberumratings.com.br/detalhes-ativo/27059
2026-09-25,NEB FUNDO DE INVESTIMENTO EM DIREITOS CREDITÓRIOS NÃO-PADRONIZADOS,FIDC,https://www.liberumratings.com.br/detalhes-ativo/27057
2026-09-25,FRUIT CREEK CRÉDITOS JUDICIAIS FUNDO DE INVESTIMENTO EM DIREITOS CREDITÓRIOS NÃO-PADRONIZADOS,FIDC,https://www.liberumratings.com.br/detalhes-ativo/27058
2026-09-25,JC Créditos Judiciais Fundo de Investimento em Direitos Creditórios Não-Padronizados,FIDC,https://www.liberumratings.com.br/detalhes-ativo/27056
2026-09-25,VERSATILE FUNDO DE INVESTIMENTO EM DIREITOS CREDITORIOS,FIDC,https://www.liberumratings.com.br/detalhes-ativo/26849
2026-09-25,SANTA FÉ FUNDO DE INVESTIMENTO EM DIREITOS CREDITÓRIOS NÃO PADRONIZADOS,FIDC,https://www.liberumratings.com.br/detalhes-ativo/27040
2026-09-25,JGP ESTRUTURADOS FUNDO DE INVESTIMENTO EM DIREITOS CREDITORIOS NAO PADRONIZADOS,FIDC,https://www.liberumratings.com.br/detalhes-ativo/27044
2026-09-25,JGP ESTRUTURADOS III FUNDO DE INVESTIMENTO EM DIREITOS CREDITORIOS,FIDC,https://www.liberumratings.com.br/detalhes-ativo/27045
2026-09-25,BLUEFIN FUNDO DE INVESTIMENTO EM DIREITOS CREDITORIOS NAO PADRONIZADOS,FIDC,https://www.liberumratings.com.br/detalhes-ativo/27048
2026-09-25,NO STRESS FUNDO DE INVESTIMENTO EM DIREITOS CREDITORIOS NAO PADRONIZADOS,FIDC,https://www.liberumratings.com.br/detalhes-ativo/27049
2026-09-25,LITUS FUNDO DE INVESTIMENTO EM DIREITOS CREDITORIOS MULTISSETORIAL,FIDC,https://www.liberumratings.com.br/detalhes-ativo/27041
2026-09-25,FUNDO DE INVESTIMENTO EM DIREITOS CREDITORIOS CONSORCIEI I,FIDC,https://www.liberumratings.com.br/detalhes-ativo/27018
2026-09-25,FIDC FACTA CONSIGNADO INSS,FIDC,https://www.liberumratings.com.br/detalhes-ativo/27012
2026-09-25,LIBRA II NP FUNDO DE INVESTIMENTO EM DIREITOS CREDITÓRIOS NÃO PADRONIZADOS MULTISSETORIAL,FIDC,https://www.liberumratings.com.br/detalhes-ativo/27021
2026-09-25,INVESTCAMP Fundo de Investimento em Direitos Creditorios,FIDC,https://www.liberumratings.com.br/detalhes-ativo/27020
2026-09-25,LITUS FUNDO DE INVESTIMENTO EM DIREITOS CREDITORIOS MULTISSETORIAL,FIDC,https://www.liberumratings.com.br/detalhes-ativo/27013
2026-09-25,LITUS FUNDO DE INVESTIMENTO EM DIREITOS CREDITORIOS MULTISSETORIAL,FIDC,https://www.liberumratings.com.br/detalhes-ativo/27011
2026-09-25,KEYCASH HOME EQUITY FUNDO DE INVESTIMENTO EM DIREITOS CREDITÓRIOS,FIDC,https://www.liberumratings.com.br/detalhes-ativo/27006
2026-09-25,M Sul Fundo de Investimentos em Direitos Creditórios,FIDC,https://www.liberumratings.com.br/detalhes-ativo/26918
2026-09-25,NACIONAL FEITO PRA VOCÊ FUNDO DE INVESTIMENTO EM DIREITOS CREDITÓRIOS NÃO-PADRONIZADOS,FIDC,https://www.liberumratings.com.br/detalhes-ativo/27007
2026-09-25,Fundo de Investimento em Direitos Creditórios Empírica A55 SAAS,FIDC,https://www.liberumratings.com.br/detalhes-ativo/27008
2026-09-25,AURI FUNDO DE INVESTIMENTO EM DIREITOS CREDITORIOS RESPONSABILIDADE LIMITADA,FIDC,https://www.liberumratings.com.br/detalhes-ativo/26913
2026-09-25,OPERA FUNDO DE INVESTIMENTO EM DIREITOS CREDITORIOS MULTISETORIAL,FIDC,https://www.liberumratings.com.br/detalhes-ativo/26894
2026-09-25,CASE FUNDO DE INVESTIMENTO EM DIREITOS CREDITORIOS,FIDC,https://www.liberumratings.com.br/detalhes-ativo/27004
2026-09-25,911 BANK MULTI ESTRATEGIA FUNDO DE INVESTIMENTO EM DIREITOS  CREDITORIOS,FIDC,https://www.liberumratings.com.br/detalhes-ativo/27003
2026-09-25,JC 4870 V FUNDO DE INVESTIMENTO EM DIREITOS CREDITÓRIOS NÃO PADRONIZADOS - FIDC-NP,FIDC,https://www.liberumratings.com.br/detalhes-ativo/27005
2026-09-25,JP CAPITAL FUNDO DE INVESTIMENTO EM DIREITOS CREDITORIOS,FIDC,https://www.liberumratings.com.br/detalhes-ativo/26996
2026-09-25,FUNDO DE INVESTIMENTO EM DIREITOS CREDITORIOS GO KENERSON,FIDC,https://www.liberumratings.com.br/detalhes-ativo/27000
2026-09-25,KOBOLD MFS FUNDO DE INVESTIMENTO EM DIREITOS CREDITÓRIOS NÃO-PADRONIZADOS,FIDC,https://www.liberumratings.com.br/detalhes-ativo/26995
2026-09-25,KEYCASH HOME EQUITY FUNDO DE INVESTIMENTO EM DIREITOS CREDITÓRIOS,FIDC,https://www.liberumratings.com.br/detalhes-ativo/26999
2026-09-25,Cambuí Finanças FUNDO DE INVESTIMENTO EM DIREITOS CREDITORIOS Multissetorial LP,FIDC,https://www.liberumratings.com.br/detalhes-ativo/27001
2026-09-25,RCL3X FIAGRO - DIREITOS CREDITÓRIOS,FIDC,https://www.liberumratings.com.br/detalhes-ativo/26923
2026-09-25,FIDC BPD CONSIGNADO,FIDC,https://www.liberumratings.com.br/detalhes-ativo/26881
2026-09-25,NEON FUNDO DE INVESTIMENTO EM DIREITOS CREDITORIOS I,FIDC,https://www.liberumratings.com.br/detalhes-ativo/26998
2026-09-25,L'ARCA CONSIGNADO FUNDO DE INVESTIMENTO EM DIREITOS CREDITORIOS,FIDC,https://www.liberumratings.com.br/detalhes-ativo/26929
2026-09-25,ELDORADO FUNDO DE INVESTIMENTO EM DIREITOS CREDITÓRIOS NÃO-PADRONIZADOS,FIDC,https://www.liberumratings.com.br/detalhes-ativo/26994
2026-09-25,Plata FIDC - Fundo de Investimento em Direitos Creditórios Multissetorial LP,FIDC,https://www.liberumratings.com.br/detalhes-ativo/26993
2026-09-25,Fundo de Investimento em Direitos Creditórios Capital 5,FIDC,https://www.liberumratings.com.br/detalhes-ativo/26997
2026-09-25,ÁRTICO FUNDO DE INVESTIMENTO EM DIREITOS CREDITÓRIOS,FIDC,https://www.liberumratings.com.br/detalhes-ativo/26982
2026-09-25,FUNDO DE INVESTIMENTO EM DIREITOS CREDITÓRIOS NÃO PADRONIZADO EMPIRICA GOAL RJ,FIDC,https://www.liberumratings.com.br/detalhes-ativo/26971
2026-09-25,Opea Securitizadora S.A.,CRI,https://www.liberumratings.com.br/detalhes-ativo/26980
2026-09-25,VALYOS Fundo de Investimentos Em Direitos Creditorios Imobiliarios,FIDC,https://www.liberumratings.com.br/detalhes-ativo/26991
2026-09-25,FUNDO DE INVESTIMENTO EM DIREITOS CREDITORIOS IRON CAPITAL - MEUCASHCARD,FIDC,https://www.liberumratings.com.br/detalhes-ativo/26989
2026-09-25,Trevys Fundo de Investimentos em Direitos Creditórios,FIDC,https://www.liberumratings.com.br/detalhes-ativo/26986
2026-09-25,ARGENTA FUNDO DE INVESTIMENTO EM DIREITOS CREDITÓRIOS,FIDC,https://www.liberumratings.com.br/detalhes-ativo/26988
2026-09-25,Lotus Performance Fundo de Investimento em Direitos Creditórios Multissetorial LP,FIDC,https://www.liberumratings.com.br/detalhes-ativo/26981
2026-09-25,Moka Fund I Fundo de Investimento em Direitos Creditórios Não Padronizados Multissetorial,FIDC,https://www.liberumratings.com.br/detalhes-ativo/26961
2026-09-25,PAGOL FUNDO DE INVESTIMENTO EM DIREITOS CREDITORIOS,FIDC,https://www.liberumratings.com.br/detalhes-ativo/26984
2026-09-25,FUNDO DE INVESTIMENTO EM DIREITOS CREDITÓRIOS ZIPDIN I,FIDC,https://www.liberumratings.com.br/detalhes-ativo/26987
2026-09-25,GII Gestão Inteligente Fundo de Investimento em Direitos Creditórios,FIDC,https://www.liberumratings.com.br/detalhes-ativo/26983
2026-09-25,L'ARCA CAPITAL FUNDO DE INVESTIMENTO EM DIREITOS CREDITORIOS,FIDC,https://www.liberumratings.com.br/detalhes-ativo/26901
2026-09-25,QANTIC FUNDO DE INVESTIMENTO EM DIREITOS CREDITÓRIOS,FIDC,https://www.liberumratings.com.br/detalhes-ativo/26930
2026-09-25,PODIUM MEZANINO FUNDO DE INVESTIMENTO EM COTAS DE FUNDO DE INVESTIMENTO EM DIREITOS CREDITÓRIOS,FIDC,https://www.liberumratings.com.br/detalhes-ativo/26914
2026-09-25,PODIUM SENIOR FUNDO DE INVESTIMENTO EM COTAS DE FUNDO DE INVESTIMENTO EM DIREITOS CREDITÓRIOS,FIDC,https://www.liberumratings.com.br/detalhes-ativo/26990
2026-09-25,ROYAL OAK FUNDO DE INVESTIMENTO EM COTAS DE FUNDOS DE INVESTIMENTO EM DIREITOS CREDITORIOS NÃO PADRONIZADOS,FIDC,https://www.liberumratings.com.br/detalhes-ativo/26948
2026-09-25,FUNDO DE INVESTIMENTO EM DIREITOS CREDITÓRIOS SOLAR KOMPASS ENERGIA,FIDC,https://www.liberumratings.com.br/detalhes-ativo/26985
2026-09-25,IRLA FUNDO DE INVESTIMENTO EM DIREITOS CREDITORIOS MULTISSETORIAL,FIDC,https://www.liberumratings.com.br/detalhes-ativo/26973
2026-09-25,GRIF CRÉDITO PULVERIZADO FUNDO DE INVESTIMENTO EM DIREITOS CREDITÓRIOS,FIDC,https://www.liberumratings.com.br/detalhes-ativo/26979
2026-09-25,CITY - 02 FUNDO DE INVESTIMENTO EM DIREITOS CREDITÓRIOS NÃO-PADRONIZADOS,FIDC,https://www.liberumratings.com.br/detalhes-ativo/26974
2026-09-25,MULTI RECEBIVEIS II FUNDO DE INVESTIMENTO EM DIREITOS CREDITORIOS,FIDC,https://www.liberumratings.com.br/detalhes-ativo/26969
2026-09-25,Mav Alternative Credit Fundo de Investimento em Direitos Creditórios Não-Padronizados,FIDC,https://www.liberumratings.com.br/detalhes-ativo/26978
2026-09-25,OPHIR FUNDO DE INVESTIMENTO EM DIREITOS CREDITORIOS,FIDC,https://www.liberumratings.com.br/detalhes-ativo/26965
2026-09-25,MULTI RECEBÍVEIS III FUNDO DE INVESTIMENTO EM DIREITOS CREDITÓRIOS,FIDC,https://www.liberumratings.com.br/detalhes-ativo/26968
2026-09-25,U.NIC FUNDO DE INVESTIMENTO EM DIREITOS CREDITÓRIOS,FIDC,https://www.liberumratings.com.br/detalhes-ativo/26910
2026-09-25,Acreditar Fundo de Investimento em Direitos Creditórios,FIDC,https://www.liberumratings.com.br/detalhes-ativo/26966
2026-09-25,SIGMA CREDIT FUNDO DE INVESTIMENTO EM DIREITOS CREDITORIOS,FIDC,https://www.liberumratings.com.br/detalhes-ativo/26963
2026-09-25,Pinarello Fundo de Investimento em Direitos Creditórios,FIDC,https://www.liberumratings.com.br/detalhes-ativo/26972
2026-09-25,JPI FUNDO DE INVESTIMENTO EM DIREITOS CREDITORIOS,FIDC,https://www.liberumratings.com.br/detalhes-ativo/26975
2026-09-25,Fundo de Investimento em Direitos Creditórios Kovi I,FIDC,https://www.liberumratings.com.br/detalhes-ativo/26977
2026-09-25,Adicional FUNDO DE INVESTIMENTO EM DIREITOS CREDITORIOS Multissetorial  NP,FIDC,https://www.liberumratings.com.br/detalhes-ativo/26970
2026-09-25,VENTURA FUNDO DE INVESTIMENTO EM DIREITOS CREDITORIOS,FIDC,https://www.liberumratings.com.br/detalhes-ativo/26942
2026-09-25,BENFICA FUNDO DE INVESTIMENTO EM DIREITOS CREDITÓRIOS MULTISSETORIAL,FIDC,https://www.liberumratings.com.br/detalhes-ativo/26962
2026-09-25,MONEFY FUNDO DE INVESTIMENTO EM DIREITOS CREDITORIOS MULTISSETORIAL,FIDC,https://www.liberumratings.com.br/detalhes-ativo/26964
2026-09-25,PHD FUNDO DE INVESTIMENTO EM DIREITOS CREDITORIOS,FIDC,https://www.liberumratings.com.br/detalhes-ativo/26967
2026-09-25,GFM FUNDO DE INVESTIMENTO EM DIREITOS CREDITORIOS MULTICREDITO,FIDC,https://www.liberumratings.com.br/detalhes-ativo/26960
2026-09-25,Fundo de Investimento em Direitos Creditórios Não Padronizados Multissetorial R&G LP,FIDC,https://www.liberumratings.com.br/detalhes-ativo/26951
2026-09-25,VIA CAPITAL ARTEMUS FUNDO DE INVESTIMENTO EM DIREITOS CREDITÓRIOS MULTISSETORIAL,FIDC,https://www.liberumratings.com.br/detalhes-ativo/26944
2026-09-25,JUNTOS CAPITAL FUNDO DE INVESTIMENTO EM DIREITOS CREDITORIOS,FIDC,https://www.liberumratings.com.br/detalhes-ativo/26946
2026-09-25,LITUS FUNDO DE INVESTIMENTO EM DIREITOS CREDITORIOS MULTISSETORIAL,FIDC,https://www.liberumratings.com.br/detalhes-ativo/26912
2026-09-25,FUNDO DE INVESTIMENTO EM DIREITOS CREDITÓRIOS CONSIGNADO Q1,FIDC,https://www.liberumratings.com.br/detalhes-ativo/26959
2026-09-25,SEJA FUNDO DE INVESTIMENTO EM DIREITOS CREDITÓRIOS,FIDC,https://www.liberumratings.com.br/detalhes-ativo/26957
2026-09-25,STARS BANK FUNDO DE INVESTIMENTO EM DIREITOS CREDITORIOS LP,FIDC,https://www.liberumratings.com.br/detalhes-ativo/26958
2026-09-25,SATURNO FUNDO DE INVESTIMENTO EM DIREITOS CREDITORIOS,FIDC,https://www.liberumratings.com.br/detalhes-ativo/26945
2026-09-25,Fundo de Investimento em Direitos Creditórios Energia Solar,FIDC,https://www.liberumratings.com.br/detalhes-ativo/26955
2026-09-25,INVESTCAMP Fundo de Investimento em Direitos Creditorios,FIDC,https://www.liberumratings.com.br/detalhes-ativo/26953
2026-09-25,Fundo de Investimento em Direitos Creditórios Empírica Premier Capital,FIDC,https://www.liberumratings.com.br/detalhes-ativo/26928
2026-09-25,CASE FUNDO DE INVESTIMENTO EM DIREITOS CREDITORIOS,FIDC,https://www.liberumratings.com.br/detalhes-ativo/26952
2026-09-25,Fundo de Investimentos em Direitos Creditórios Premium Solis,FIDC,https://www.liberumratings.com.br/detalhes-ativo/26880
2026-09-25,Lotus Performance Fundo de Investimento em Direitos Creditórios Multissetorial LP,FIDC,https://www.liberumratings.com.br/detalhes-ativo/26936
2026-09-25,ATTALANTA FUNDO DE INVESTIMENTO EM DIREITOS CREDITORIOS,FIDC,https://www.liberumratings.com.br/detalhes-ativo/26926
2026-09-25,RDF Fundo de Investimento em Direitos Creditórios,FIDC,https://www.liberumratings.com.br/detalhes-ativo/26838
2026-09-25,WIMO FUNDO DE INVESTIMENTO EM DIREITOS CREDITORIOS,FIDC,https://www.liberumratings.com.br/detalhes-ativo/26909
2026-09-25,Harpia Fundo de Investimentos em Direitos Creditórios,FIDC,https://www.liberumratings.com.br/detalhes-ativo/26943
2026-09-25,VERSATIL FUNDO DE INVESTIMENTO EM DIREITOS CREDITORIOS,FIDC,https://www.liberumratings.com.br/detalhes-ativo/26954
2026-09-25,ABC FUNDO DE INVESTIMENTO EM DIREITOS CREDITORIOS,FIDC,https://www.liberumratings.com.br/detalhes-ativo/26956
2026-09-25,MULTIPLIK FUNDO DE INVESTIMENTO EM DIREITOS CREDITORIOS MULTISSETORIAL LP,FIDC,https://www.liberumratings.com.br/detalhes-ativo/26701
2026-09-25,LECCA FUNDO DE INVESTIMENTO EM DIREITOS CREDITORIOS,FIDC,https://www.liberumratings.com.br/detalhes-ativo/26941
2026-09-25,Oliveira Trust Servicer S.A.,Empresa,https://www.liberumratings.com.br/detalhes-ativo/26868
2026-09-25,Oliveira Trust  DTVM S.A.,Empresa,https://www.liberumratings.com.br/detalhes-ativo/26840
2026-09-25,Fundo de Investimento em Direitos Creditórios Capital 5,FIDC,https://www.liberumratings.com.br/detalhes-ativo/26950
2026-09-25,Fundo de Investimento em Direitos Creditórios LF I,FIDC,https://www.liberumratings.com.br/detalhes-ativo/26937
2026-09-25,GRANCRED SP FUNDO DE INVESTIMENTO EM DIREITOS CREDITÓRIOS MULTISSETORIAL,FIDC,https://www.liberumratings.com.br/detalhes-ativo/26947
2026-09-25,DIP FINANCING 11 FUNDO DE INVESTIMENTO EM DIREITOS CREDITORIOS NAO-PADRONIZADOS,FIDC,https://www.liberumratings.com.br/detalhes-ativo/26940
2026-09-25,Credit Brasil Fundo de Investimento em Direitos Creditórios Multissetorial Master,FIDC,https://www.liberumratings.com.br/detalhes-ativo/26899
2026-09-25,FIDC Brasilfactors Crédito Corporativo,FIDC,https://www.liberumratings.com.br/detalhes-ativo/26935
2026-09-25,VALORTEC FUNDO DE INVESTIMENTO EM DIREITOS CREDITORIOS,FIDC,https://www.liberumratings.com.br/detalhes-ativo/26938
2026-09-25,Cambuí Finanças FUNDO DE INVESTIMENTO EM DIREITOS CREDITORIOS Multissetorial LP,FIDC,https://www.liberumratings.com.br/detalhes-ativo/26939
2026-09-25,AURUM - FUNDO DE INVESTIMENTO EM DIREITOS CREDITORIOS MULTISSETORIAL LP,FIDC,https://www.liberumratings.com.br/detalhes-ativo/26811
2026-09-25,CITRINO FUNDO DE INVESTIMENTO EM DIREITOS CREDITÓRIOS NÃO PADRONIZADOS,FIDC,https://www.liberumratings.com.br/detalhes-ativo/26925
2026-09-25,Centrum Fundo de Investimento em Direitos Creditórios NP,FIDC,https://www.liberumratings.com.br/detalhes-ativo/26934
2026-09-25,CITY FUNDO DE INVESTIMENTO EM DIREITOS CREDITÓRIOS NÃO PADRONIZADO,FIDC,https://www.liberumratings.com.br/detalhes-ativo/26933
2026-09-25,ACELERA VAREJO FUNDO DE INVESTIMENTO EM DIREITOS CREDITORIOS,FIDC,https://www.liberumratings.com.br/detalhes-ativo/26924
2026-09-25,ALGARVE MEDITERRÂNEO FUNDO DE INVESTIMENTO EM DIREITOS CREDITÓRIOS NÃO PADRONIZADOS,FIDC,https://www.liberumratings.com.br/detalhes-ativo/26931
2026-09-25,Fundo de Investimento em Direitos Creditórios Multissetorial DB 18,FIDC,https://www.liberumratings.com.br/detalhes-ativo/26932
2026-09-25,GVN FUNDO DE INVESTIMENTO EM DIREITOS CREDITÓRIOS,FIDC,https://www.liberumratings.com.br/detalhes-ativo/26922
2026-09-25,CHIMERA NPL & SPECIAL OPPORTUNITIES II FUNDO DE INVESTIMENTO EM DIREITOS CREDITORIOS NAO PADRONIZADO,FIDC,https://www.liberumratings.com.br/detalhes-ativo/26921
2026-09-25,BARCELONA FUNDO DE INVESTIMENTO EM DIREITOS CREDITORIOS,FIDC,https://www.liberumratings.com.br/detalhes-ativo/26904
2026-09-25,TORQI FUNDO DE INVESTIMENTO EM DIREITOS CREDITORIOS,FIDC,https://www.liberumratings.com.br/detalhes-ativo/26927
2026-09-25,RSS FUNDO DE INVESTIMENTO EM DIREITOS CREDITORIOS,FIDC,https://www.liberumratings.com.br/detalhes-ativo/26919
2026-09-25,FUNDO DE INVESTIMENTO EM DIREITOS CREDITORIOS MULTISETORIAL EMPRESARIAL LP,FIDC,https://www.liberumratings.com.br/detalhes-ativo/26879
2026-09-25,SQUID FUNDO DE INVESTIMENTO EM DIRETOS CREDITORIOS,FIDC,https://www.liberumratings.com.br/detalhes-ativo/26915
2026-09-25,FUNDO DE INVESTIMENTO EM DIREITOS CREDITORIOS CONTBANK,FIDC,https://www.liberumratings.com.br/detalhes-ativo/26920
2026-09-25,Fundo de Investimento em Direitos Creditórios Angá Sabemi Consignados VI,FIDC,https://www.liberumratings.com.br/detalhes-ativo/26903
2026-09-25,AFA HIGH YIELD CREDIT OPPORTUNITY FUNDO DE INVESTIMENTO EM DIREITOS CREDITORIOS,FIDC,https://www.liberumratings.com.br/detalhes-ativo/26591
2026-09-25,FUNDO DE INVESTIMENTOS EM DIREITOS CREDITÓRIOS GRIFO,FIDC,https://www.liberumratings.com.br/detalhes-ativo/26772
2026-09-25,ELLEVE NPL FUNDO DE INVESTIMENTO EM DIREITOS CREDITÓRIOS - NÃO PADRONIZADOS,FIDC,https://www.liberumratings.com.br/detalhes-ativo/26873
2026-09-25,PREMIUM RECEBÍVEIS I MULTISSETORIAL FUNDO DE INVESTIMENTO EM DIREITOS CREDITÓRIOS,FIDC,https://www.liberumratings.com.br/detalhes-ativo/26897
2026-09-25,FATORI FUNDO DE INVESTIMENTO EM DIREITOS CREDITORIOS MULTISSETORIAL,FIDC,https://www.liberumratings.com.br/detalhes-ativo/26916
2026-09-25,GAIA Fundo de Investimento em Direitos Creditorios Não Padronizados,FIDC,https://www.liberumratings.com.br/detalhes-ativo/26782
2026-09-25,LATACHE AGRO II FUNDO DE INVESTIMENTO EM DIREITOS CREDITORIOS,FIDC,https://www.liberumratings.com.br/detalhes-ativo/26891
2026-09-25,LEVER FUNDO DE INVESTIMENTO EM DIREITOS CREDITÓRIOS,FIDC,https://www.liberumratings.com.br/detalhes-ativo/26896
2026-09-25,GRU FUNDO DE INVESTIMENTO EM DIREITOS CREDITORIOS,FIDC,https://www.liberumratings.com.br/detalhes-ativo/26911
2026-09-25,FUNDO DE INVESTIMENTOS EM DIREITOS CREDITORIOS MULTISETORIAL HOPE LP,FIDC,https://www.liberumratings.com.br/detalhes-ativo/26917
2026-09-25,NXC CAPITAL FUNDO DE INVESTIMENTO EM DIREITOS CREDITÓRIOS,FIDC,https://www.liberumratings.com.br/detalhes-ativo/26753
2026-09-25,COOPERA FUNDO DE INVESTIMENTO EM DIREITOS CREDITORIOS,FIDC,https://www.liberumratings.com.br/detalhes-ativo/26906
2026-09-25,FUNDO DE INVESTIMENTO EM DIREITOS CREDITORIOS MULTISSETORIAL MAREAH,FIDC,https://www.liberumratings.com.br/detalhes-ativo/26832
2026-09-25,FUNDO DE INVESTIMENTO EM DIREITOS CREDITÓRIOS POUPACRED RESPONSABILIDADE  ILIMITADA,FIDC,https://www.liberumratings.com.br/detalhes-ativo/26871
2026-09-25,WFR FUNDO DE INVESTIMENTO EM DIREITOS CREDITORIOS MULTISSETORIAL,FIDC,https://www.liberumratings.com.br/detalhes-ativo/26908
2026-09-25,WK FUNDO DE INVESTIMENTO EM DIREITOS CREDITORIOS,FIDC,https://www.liberumratings.com.br/detalhes-ativo/26905
2026-09-25,FUNDO DE INVESTIMENTO EM DIREITOS CREDITÓRIOS AGORA TELECOM,FIDC,https://www.liberumratings.com.br/detalhes-ativo/26898
2026-09-25,FUNDO DE INVESTIMENTO EM DIREITOS CREDITÓRIOS TRADEPAY VAREJO I,FIDC,https://www.liberumratings.com.br/detalhes-ativo/26907
2026-09-25,LIBRA II NP FUNDO DE INVESTIMENTO EM DIREITOS CREDITÓRIOS NÃO PADRONIZADOS MULTISSETORIAL,FIDC,https://www.liberumratings.com.br/detalhes-ativo/26875
2026-09-25,RUBI FUNDO DE INVESTIMENTO EM DIREITOS CREDITORIOS MULTISETORIAL,FIDC,https://www.liberumratings.com.br/detalhes-ativo/26895
2026-09-25,FUNDO DE INVESTIMENTO EM DIREITOS CREDITORIOS BRZ CAPITAL CONSIG I,FIDC,https://www.liberumratings.com.br/detalhes-ativo/26902
2026-09-25,SANTA FÉ FUNDO DE INVESTIMENTO EM DIREITOS CREDITÓRIOS NÃO PADRONIZADOS,FIDC,https://www.liberumratings.com.br/detalhes-ativo/26900
2026-09-25,Garson Fundo de Investimento em Direitos Creditórios,FIDC,https://www.liberumratings.com.br/detalhes-ativo/26892
2026-09-25,LGX FUNDO DE INVESTIMENTO EM DIREITOS CREDITÓRIOS NÃO-PADRONIZADOS RESPONSABILIDADE LIMITADA,FIDC,https://www.liberumratings.com.br/detalhes-ativo/26758
2026-09-25,3S FUNDO DE INVESTIMENTO EM COTAS DE FUNDO DE INVESTIMENTO EM DIREITOS CREDITORIOS,FIDC,https://www.liberumratings.com.br/detalhes-ativo/26858
2026-09-25,FUNDO DE INVESTIMENTO EM DIREITOS CREDITÓRIOS DEL MONTE NÃO PADRONIZADO,FIDC,https://www.liberumratings.com.br/detalhes-ativo/26869
2026-09-25,WIMO PJ FUNDO DE INVESTIMENTO EM DIREITOS CREDITÓRIOS,FIDC,https://www.liberumratings.com.br/detalhes-ativo/26893
2026-09-25,FIDC Empírica Home Equity,FIDC,https://www.liberumratings.com.br/detalhes-ativo/26890
2026-09-25,Harpia Fundo de Investimentos em Direitos Creditórios,FIDC,https://www.liberumratings.com.br/detalhes-ativo/26886
2026-09-25,HT3 FUNDO DE INVESTIMENTO EM DIREITOS CREDITORIOS,FIDC,https://www.liberumratings.com.br/detalhes-ativo/26757
2026-09-25,CONDOCONTA FUNDO DE INVESTIMENTO EM DIREITOS CREDITORIOS NAO-PADRONIZADO,FIDC,https://www.liberumratings.com.br/detalhes-ativo/26888
2026-09-25,MITTU FUNDO DE INVESTIMENTO EM DIREITOS CREDITORIOS NAO PADRONIZADOS,FIDC,https://www.liberumratings.com.br/detalhes-ativo/26889
2026-09-25,OCEAN ASSET FUNDO DE INVESTIMENTO EM DIREITOS CREDITORIOS,FIDC,https://www.liberumratings.com.br/detalhes-ativo/26885
2026-09-25,FUNDO DE INVESTIMENTO EM DIREITOS CREDITÓRIOS BIZCAPITAL EMPÍRICA PME,FIDC,https://www.liberumratings.com.br/detalhes-ativo/26887
2026-09-25,FOUR CREDIT FUNDO DE INVESTIMENTO EM DIREITOS CREDITORIOS,FIDC,https://www.liberumratings.com.br/detalhes-ativo/26870
2026-09-25,JGP ESTRUTURADOS FUNDO DE INVESTIMENTO EM DIREITOS CREDITORIOS NAO PADRONIZADOS,FIDC,https://www.liberumratings.com.br/detalhes-ativo/26877
2026-09-25,JGP ESTRUTURADOS III FUNDO DE INVESTIMENTO EM DIREITOS CREDITORIOS,FIDC,https://www.liberumratings.com.br/detalhes-ativo/26878
2026-09-25,MT FUNDO DE INVESTIMENTO EM DIREITOS CREDITORIOS NAO PADRONIZADOS,FIDC,https://www.liberumratings.com.br/detalhes-ativo/26864
2026-09-25,KP GUARDIAN FUNDO DE INVESTIMENTO EM COTAS DE FUNDOS DE INVESTIMENTO EM DIREITOS CREDITÓRIOS,FIDC,https://www.liberumratings.com.br/detalhes-ativo/26876
2026-09-25,Fundo de Investimento em Direitos Creditórios  Multissetorial Prévia,FIDC,https://www.liberumratings.com.br/detalhes-ativo/26874
2026-09-25,INTER SIMPLES FUNDO DE INVESTIMENTO EM DIREITOS CREDITORIOS MULTISSETORIAL,FIDC,https://www.liberumratings.com.br/detalhes-ativo/26860
2026-09-25,Fundo de Investimento em Direitos Creditórios Empírica A55 SAAS,FIDC,https://www.liberumratings.com.br/detalhes-ativo/26872
2026-09-25,FUNDO DE INVESTIMENTO EM DIREITOS CREDITÓRIOS ASAAS,FIDC,https://www.liberumratings.com.br/detalhes-ativo/26867
2026-09-25,EOS FUNDO DE INVESTIMENTO EM DIREITOS CREDITORIOS WH,FIDC,https://www.liberumratings.com.br/detalhes-ativo/26814
2026-09-25,Fundo de Investimento em Direitos Creditórios Não Padronizados Sifra Performance,FIDC,https://www.liberumratings.com.br/detalhes-ativo/26856
2026-09-25,TOPCRED FUNDO DE INVESTIMENTO EM DIREITOS CREDITORIOS,FIDC,https://www.liberumratings.com.br/detalhes-ativo/26865
2026-09-25,NEB FUNDO DE INVESTIMENTO EM DIREITOS CREDITÓRIOS NÃO-PADRONIZADOS,FIDC,https://www.liberumratings.com.br/detalhes-ativo/26866
2026-09-25,SG FUNDO DE INVESTIMENTO EM DIREITOS CREDITÓRIOS,FIDC,https://www.liberumratings.com.br/detalhes-ativo/26794
2026-09-25,SOLIS RECEBÍVEIS COMERCIAIS I FIC FIDC,FIDC,https://www.liberumratings.com.br/detalhes-ativo/26862
2026-09-25,FAMA FUNDO DE INVESTIMENTO EM DIREITOS CREDITÓRIOS,FIDC,https://www.liberumratings.com.br/detalhes-ativo/26846
2026-09-25,GALAPAGOS ARQUIPÉLAGO FUNDO DE INVESTIMENTO EM DIREITOS CREDITÓRIOS NP,FIDC,https://www.liberumratings.com.br/detalhes-ativo/26857
2026-09-25,Genesis Fundo de Investimento em Direitos Creditórios Não  Padronizados,FIDC,https://www.liberumratings.com.br/detalhes-ativo/26737
2026-09-25,INVISTA III Fundo de Investimentos em Direitos Creditorios Não Padronizado,FIDC,https://www.liberumratings.com.br/detalhes-ativo/26859
2026-09-25,MR FUNDO DE INVESTIMENTO EM DIREITOS CREDITÓRIOS,FIDC,https://www.liberumratings.com.br/detalhes-ativo/26788
2026-09-25,BH FUNDO DE INVESTIMENTO EM DIREITOS CREDITÓRIOS NÃO-PADRONIZADOS,FIDC,https://www.liberumratings.com.br/detalhes-ativo/26793
2026-09-25,FUNDO DE INVESTIMENTO EM DIREITOS CREDITÓRIOS TRADING I,FIDC,https://www.liberumratings.com.br/detalhes-ativo/26848
2026-09-25,CLM FUNDO DE INVESTIMENTO EM DIREITOS CREDITORIOS NÃO-PADRONIZADOS MULTISSETORIAL,FIDC,https://www.liberumratings.com.br/detalhes-ativo/26855
2026-09-25,FUNDO DE INVESTIMENTO EM DIREITOS CREDITÓRIOS AGRO SGT,FIDC,https://www.liberumratings.com.br/detalhes-ativo/26853
2026-09-25,CRESTONE I FUNDO DE INVESTIMENTO EM DIREITOS CREDITORIOS NAO PADRONIZADOS,FIDC,https://www.liberumratings.com.br/detalhes-ativo/26852
2026-09-25,Fundo de Investimento em Direitos Creditórios Angá Sabemi Consignados VIII,FIDC,https://www.liberumratings.com.br/detalhes-ativo/26845
2026-09-25,Fundo de Investimento em Direitos Creditórios Angá Sabemi Consignados VII,FIDC,https://www.liberumratings.com.br/detalhes-ativo/26844
2026-09-25,LIBRA FUNDO DE INVESTIMENTO EM DIREITOS CREDITÓRIOS MULTISSETORIAL,FIDC,https://www.liberumratings.com.br/detalhes-ativo/26854
2026-09-25,ALFA FUNDO DE INVESTIMENTO EM DIREITOS CREDITÓRIOS MULTISSETORIAL,FIDC,https://www.liberumratings.com.br/detalhes-ativo/26837
2026-09-25,AFA HIGH YIELD CREDIT OPPORTUNITY FUNDO DE INVESTIMENTO EM DIREITOS CREDITORIOS,FIDC,https://www.liberumratings.com.br/detalhes-ativo/26851
2026-09-25,ROYAL OAK FUNDO DE INVESTIMENTO EM COTAS DE FUNDOS DE INVESTIMENTO EM DIREITOS CREDITORIOS NÃO PADRONIZADOS,FIDC,https://www.liberumratings.com.br/detalhes-ativo/26804
2026-09-25,NOVA CAPITAL FUNDO DE INVESTIMENTO EM DIREITOS CREDITORIOS,FIDC,https://www.liberumratings.com.br/detalhes-ativo/26829
2026-09-25,Red Performance Fundo de Investimentos em Direitos Creditórios Não-Padronizados,FIDC,https://www.liberumratings.com.br/detalhes-ativo/26839
2026-09-25,JC BG Fundo de Investimento em Direitos Creditórios Não-Padronizados – FIDC NP,FIDC,https://www.liberumratings.com.br/detalhes-ativo/26805
2026-09-25,JC BG FICFIDC NP,FIDC,https://www.liberumratings.com.br/detalhes-ativo/26803
2026-09-25,FUNDO DE INVESTIMENTO EM DIREITOS CREDITORIOS SABIA CREDIT,FIDC,https://www.liberumratings.com.br/detalhes-ativo/26823
2026-09-25,C3E CJ FIC – FIDC,FIDC,https://www.liberumratings.com.br/detalhes-ativo/26780
2026-09-25,Creditise Fundo de Investimentos em Direitos Creditórios Não Padronizado,FIDC,https://www.liberumratings.com.br/detalhes-ativo/26842
2026-09-25,HUBCRED FUNDO DE INVESTIMENTO EM DIREITOS CREDITORIOS,FIDC,https://www.liberumratings.com.br/detalhes-ativo/26841
2026-09-25,MULTI INFRA FUNDO DE INVESTIMENTO EM DIREITOS CREDITÓRIOS NÃO-PADRONIZADOS,FIDC,https://www.liberumratings.com.br/detalhes-ativo/26819
2026-09-25,Fundo de Investimento em Direitos Creditórios Empírica Recarga Virtual,FIDC,https://www.liberumratings.com.br/detalhes-ativo/26847
2026-09-25,PREMIER RP FUNDO DE INVESTIMENTO EM DIREITOS CREDITORIOS,FIDC,https://www.liberumratings.com.br/detalhes-ativo/26831
2026-09-25,Urbe Fundo de Investimento em Direitos Creditórios Multissetorial LP,FIDC,https://www.liberumratings.com.br/detalhes-ativo/26836
2026-09-25,Fundo de Investimento Em Direitos Creditorios Não Padronizados Empírica Oportuna Precatórios Federais,FIDC,https://www.liberumratings.com.br/detalhes-ativo/26833
2026-09-25,CREDIHOME FUNDO DE INVESTIMENTO EM DIREITOS CREDITORIOS,FIDC,https://www.liberumratings.com.br/detalhes-ativo/26820
2026-09-25,ESTÍMULO FUNDO DE INVESTIMENTO EM DIREITOS CREDITÓRIOS,FIDC,https://www.liberumratings.com.br/detalhes-ativo/26825
2026-09-25,ENKI FUNDO DE INVESTIMENTO EM DIREITOS CREDITORIOS NAO PADRONIZADOS,FIDC,https://www.liberumratings.com.br/detalhes-ativo/26835
2026-09-25,FUNDO DE INVESTIMENTO EM DIREITOS CREDITORIOS FRADINHO,FIDC,https://www.liberumratings.com.br/detalhes-ativo/26834
2026-09-25,Fundo de Investimento em Direitos Creditórios Multisetorial Delta - NP,FIDC,https://www.liberumratings.com.br/detalhes-ativo/26830
2026-09-25,LYSAN FUNDO DE INVESTIMENTO EM DIREITOS CREDITORIOS,FIDC,https://www.liberumratings.com.br/detalhes-ativo/26774
2026-09-25,Pagbem Fundo de Investimentos em Direitos Creditórios,FIDC,https://www.liberumratings.com.br/detalhes-ativo/26824
2026-09-25,QUARTER PRECATÓRIOS FIDC NP,FIDC,https://www.liberumratings.com.br/detalhes-ativo/26827
2026-09-25,SÃO CRISTÓVÃO FUNDO DE INVESTIMENTO EM DIREITOS CREDITORIOS NAO-PADRONIZADO,FIDC,https://www.liberumratings.com.br/detalhes-ativo/26826
2026-09-25,JC Crédito Premio I FIDC NP,FIDC,https://www.liberumratings.com.br/detalhes-ativo/26828
2026-09-25,Sifra Plus Multissegmento Fundo de Investimento em Direitos Creditórios,FIDC,https://www.liberumratings.com.br/detalhes-ativo/26815
2026-09-25,FUNDO DE INVESTIMENTO EM DIREITOS CREDITÓRIOS PH TECH,FIDC,https://www.liberumratings.com.br/detalhes-ativo/26821
2026-09-25,FUNDO DE INVESTIMENTO EM DIREITOS CREDITORIOS JGM LP,FIDC,https://www.liberumratings.com.br/detalhes-ativo/26789
2026-09-25,MUNDI FUNDO DE INVESTIMENTO EM DIREITOS CREDITÓRIOS NÃO PADRONIZADOS,FIDC,https://www.liberumratings.com.br/detalhes-ativo/26733
2026-09-25,CONSIGA MAIS FUNDO DE INVESTIMENTO EM DIREITOS CREDITÓRIOS,FIDC,https://www.liberumratings.com.br/detalhes-ativo/26816
2026-09-25,CONFIANÇA FUNDO DE INVESTIMENTO EM DIREITOS CREDITORIOS,FIDC,https://www.liberumratings.com.br/detalhes-ativo/26802
2026-09-25,FRUIT CREEK CRÉDITOS JUDICIAIS FUNDO DE INVESTIMENTO EM DIREITOS CREDITÓRIOS NÃO-PADRONIZADOS,FIDC,https://www.liberumratings.com.br/detalhes-ativo/26786
2026-09-25,PORTLAND CRÉDITOS JUDICIAIS FUNDO DE INVESTIMENTO EM DIREITOS CREDITÓRIOS NÃO-PADRONIZADOS,FIDC,https://www.liberumratings.com.br/detalhes-ativo/26801
2026-09-25,AUDAX CAPITAL FUNDO DE INVESTIMENTO EM DIREITOS CREDITORIOS,FIDC,https://www.liberumratings.com.br/detalhes-ativo/26760
2026-09-25,MÖBIUS LEGAL CLAIMS 1 - FUNDO DE INVESTIMENTO EM DIREITOS CREDITÓRIOS NÃO-PADRONIZADOS,FIDC,https://www.liberumratings.com.br/detalhes-ativo/26791
2026-09-25,MS MULTI FUNDO DE INVESTIMENTO EM DIREITOS CREDITÓRIOS,FIDC,https://www.liberumratings.com.br/detalhes-ativo/26800
2026-09-25,JC Diversificado III Fundo de Investimento em DireitosS Creditorios Não-Padronizado,FIDC,https://www.liberumratings.com.br/detalhes-ativo/26812
2026-09-25,FOUR EVEN FUNDO DE INVESTIMENTO EM DIREITOS CREDITÓRIOS NÃO PADRONIZADOS,FIDC,https://www.liberumratings.com.br/detalhes-ativo/26822
2026-09-25,FUNDO DE INVESTIMENTO EM DIREITOS CREDITORIOS SANTA CRUZ CAPITAL,FIDC,https://www.liberumratings.com.br/detalhes-ativo/26748
2026-09-25,ATLANTICO FUNDO DE INVESTIMENTO EM DIREITOS CREDITORIOS NAO PADRONIZADOS,FIDC,https://www.liberumratings.com.br/detalhes-ativo/26762
2026-09-25,NO STRESS FUNDO DE INVESTIMENTO EM DIREITOS CREDITORIOS NAO PADRONIZADOS,FIDC,https://www.liberumratings.com.br/detalhes-ativo/26799
2026-09-25,FOUR EVEN FUNDO DE INVESTIMENTO EM DIREITOS CREDITÓRIOS NÃO PADRONIZADOS,FIDC,https://www.liberumratings.com.br/detalhes-ativo/26817
2026-09-25,UA FUNDO DE INVESTIMENTO EM DIREITOS CREDITORIOS,FIDC,https://www.liberumratings.com.br/detalhes-ativo/26818
2026-09-25,C+ VALORA FUNDO DE INVESTIMENTO EM DIREITOS CREDITÓRIOS,FIDC,https://www.liberumratings.com.br/detalhes-ativo/26810
2026-09-25,FUNDO DE INVESTIMENTO EM DIREITOS CREDITORIOS ONIX PRIME,FIDC,https://www.liberumratings.com.br/detalhes-ativo/26790
2026-09-25,RIGEL FUNDO DE INVESTIMENTO EM DIREITOS CREDITÓRIOS,FIDC,https://www.liberumratings.com.br/detalhes-ativo/26813
2026-09-25,SG III Fundo de Investimento em Cotas de Fundo de Investimento em Direitos Creditório - NP,FIDC,https://www.liberumratings.com.br/detalhes-ativo/26806
2026-09-25,SG JC III FIC FIDC NP,FIDC,https://www.liberumratings.com.br/detalhes-ativo/26807
2026-09-25,SG IV Local Fundo de Investimento em Cotas de Fundo de Investimento em Direitos Creditório - Não Padronizado,FIDC,https://www.liberumratings.com.br/detalhes-ativo/26809
2026-09-25,SG II A Fundo De Investimento Em Cotas De Fundos De Investimento Em Direitos Creditorios Nao-Padronizados,FIDC,https://www.liberumratings.com.br/detalhes-ativo/26808
2026-09-25,D'ORO CAPITAL FUNDO DE INVESTIMENTO EM DIREITOS CREDITORIOS MULTISSETORIAL,FIDC,https://www.liberumratings.com.br/detalhes-ativo/26727
2026-09-25,BLUEFIN FUNDO DE INVESTIMENTO EM DIREITOS CREDITORIOS NAO PADRONIZADOS,FIDC,https://www.liberumratings.com.br/detalhes-ativo/26770
2026-09-25,Reag Special Situation Fundo de Investimento em Direitos Creditórios Padronizados Aberto,FIDC,https://www.liberumratings.com.br/detalhes-ativo/26798
2026-09-25,ESPRESSO CRÉDITOS JUDICIAIS FUNDO DE INVESTIMENTO EM DIREITOS CREDITÓRIOS NÃO-PADRONIZADOS,FIDC,https://www.liberumratings.com.br/detalhes-ativo/26792
2026-09-25,NANBAN II FUNDO DE INVESTIMENTO EM DIREITOS CREDITÓRIOS NÃO-PADRONIZADOS,FIDC,https://www.liberumratings.com.br/detalhes-ativo/26795
2026-09-25,Milas Fundo de Investimentos em Direitos Creditórios - Não Padronizado,FIDC,https://www.liberumratings.com.br/detalhes-ativo/26796
2026-09-25,JC 4870 VI FUNDO DE INVESTIMENTO EM DIREITOS CREDITORIOS NAO PADRONIZADOS FIDC-NP,FIDC,https://www.liberumratings.com.br/detalhes-ativo/26797
2026-09-25,JC Diversificado VI Fundo de Investimento em Direitos Creditorios Não-Padronizado,FIDC,https://www.liberumratings.com.br/detalhes-ativo/26785
2026-09-25,VIOLIN 8432 CRÉDITOS JUDICIAIS FUNDO DE INVESTIMENTO EM DIREITOS CREDITÓRIOS NÃO-PADRONIZADOS,FIDC,https://www.liberumratings.com.br/detalhes-ativo/26768
2026-09-25,Violin 8432 (2) Créditos Judiciais Fundo de Investimento em Direitos Creditórios Não-Padronizados,FIDC,https://www.liberumratings.com.br/detalhes-ativo/26769
2026-09-25,AEG 4 FUNDO DE INVESTIMENTO EM DIREITOS CREDITORIOS NAO-PADRONIZADOS,FIDC,https://www.liberumratings.com.br/detalhes-ativo/26777
2026-09-25,SAN PRECA FEDERAL I FUNDO DE INVESTIMENTO EM DIREITOS CREDITÓRIOS NÃO-PADRONIZADOS,FIDC,https://www.liberumratings.com.br/detalhes-ativo/26783
2026-09-25,JC Créditos Judiciais Fundo de Investimento em Direitos Creditórios Não-Padronizados,FIDC,https://www.liberumratings.com.br/detalhes-ativo/26784
2026-09-25,SL FUNDO DE INVESTIMENTO EM DIREITOS CREDITÓRIOS,FIDC,https://www.liberumratings.com.br/detalhes-ativo/26787
2026-09-25,MLC 1A FUNDO DE INVESTIMENTO EM DIREITOS CREDITORIOS NÃO PADRONIZADOS,FIDC,https://www.liberumratings.com.br/detalhes-ativo/26779
2026-09-25,PODIUM MEZANINO FUNDO DE INVESTIMENTO EM COTAS DE FUNDO DE INVESTIMENTO EM DIREITOS CREDITÓRIOS,FIDC,https://www.liberumratings.com.br/detalhes-ativo/26744
2026-09-25,PODIUM SENIOR FUNDO DE INVESTIMENTO EM COTAS DE FUNDO DE INVESTIMENTO EM DIREITOS CREDITÓRIOS,FIDC,https://www.liberumratings.com.br/detalhes-ativo/26745
2026-09-25,FUNDO DE INVESTIMENTO EM DIREITOS CREDITORIOS UTILITY CREDIT,FIDC,https://www.liberumratings.com.br/detalhes-ativo/26756
2026-09-25,ESMERALDA FIDC,FIDC,https://www.liberumratings.com.br/detalhes-ativo/26775
2026-09-25,C3E CRÉDITOS JUDICIAIS FUNDO DE INVESTIMENTO EM DIREITOS CREDITÓRIOS NÃO PADRONIZADOS,FIDC,https://www.liberumratings.com.br/detalhes-ativo/26781
2026-09-25,MALMO FICFIDC-NP,FIDC,https://www.liberumratings.com.br/detalhes-ativo/26778
2026-09-25,SAINT JOHN FUNDO DE INVESTIMENTO EM DIREITOS CREDITORIOS NAO-PADRONIZADOS,FIDC,https://www.liberumratings.com.br/detalhes-ativo/26776
2026-09-25,JC 4870 Fundo de Investimento em Direitos Creditório - Não Padronizado,FIDC,https://www.liberumratings.com.br/detalhes-ativo/26771
2026-09-25,JC 4870 II FUNDO DE INVESTIMENTO EM DIREITOS CREDITÓRIOS NÃO-PADRONIZADOS,FIDC,https://www.liberumratings.com.br/detalhes-ativo/26773
2026-09-25,SGC UT FIDC NP,FIDC,https://www.liberumratings.com.br/detalhes-ativo/26767
2026-09-25,AGHI FUNDO DE INVESTIMENTO EM DIREITOS CREDITÓRIOS NÃO-PADRONIZADOS,FIDC,https://www.liberumratings.com.br/detalhes-ativo/26766
2026-09-25,ARPEL CAPITAL FUNDO DE INVESTIMENTO EM DIREITOS CREDITORIOS NAO PADRONIZADOS,FIDC,https://www.liberumratings.com.br/detalhes-ativo/26763
2026-09-25,Fundo de Investimento em Direitos Creditórios Multissetorial Milênio Recebíveis LP,FIDC,https://www.liberumratings.com.br/detalhes-ativo/26759
2026-09-25,ASPEN FUNDO DE INVESTIMENTO EM DIREITOS CREDITÓRIOS,FIDC,https://www.liberumratings.com.br/detalhes-ativo/26761
2026-09-25,AGROFORTE - FUNDO DE INVESTIMENTO EM DIREITOS CREDITORIOS,FIDC,https://www.liberumratings.com.br/detalhes-ativo/26765
2026-09-25,RAPPICARD FUNDO DE INVESTIMENTO EM DIREITOS CREDITORIOS,FIDC,https://www.liberumratings.com.br/detalhes-ativo/26749
2026-09-25,TMOV FUNDO DE INVESTIMENTO EM DIREITOS CREDITORIOS,FIDC,https://www.liberumratings.com.br/detalhes-ativo/26660
2026-09-25,PATAGONIA FUNDO DE INVESTIMENTO EM DIREITOS CREDITORIOS NAO PADRONIZADOS,FIDC,https://www.liberumratings.com.br/detalhes-ativo/26746
2026-09-25,GPR FUNDO DE INVESTIMENTO EM DIREITOS CREDITORIOS,FIDC,https://www.liberumratings.com.br/detalhes-ativo/26747
2026-09-25,C&J FUNDO DE INVESTIMENTO EM DIREITOS CREDITORIOS,FIDC,https://www.liberumratings.com.br/detalhes-ativo/26751
2026-09-25,W CAPITAL I - FUNDO DE INVESTIMENTO EM DIREITOS CREDITÓRIOS,FIDC,https://www.liberumratings.com.br/detalhes-ativo/26752
2026-09-25,CANAL 86 FUNDO DE INVESTIMENTO EM DIREITOS CREDITORIOS NAO-PADRONIZADO,FIDC,https://www.liberumratings.com.br/detalhes-ativo/26754
2026-09-25,CANAL 87 FUNDO DE INVESTIMENTO EM DIREITOS CREDITORIOS NÃO PADRONIZADO,FIDC,https://www.liberumratings.com.br/detalhes-ativo/26755
2026-09-25,JC SILOS FUNDO DE INVESTIMENTO EM DIREITOS CREDITÓRIOS NÃO-PADRONIZADO,FIDC,https://www.liberumratings.com.br/detalhes-ativo/26750
2026-09-25,Fundo de Investimento em Direitos Creditórios Empírica Recarga Virtual,FIDC,https://www.liberumratings.com.br/detalhes-ativo/26742
2026-09-25,Fundo de Investimento Em Direitos Creditorios Não Padronizados Empírica Oportuna Precatórios Federais,FIDC,https://www.liberumratings.com.br/detalhes-ativo/26704
2026-09-25,FUNDO DE INVESTIMENTO EM DIREITOS CREDITORIOS NAO-PADRONIZADOS INVISTA ATIVOS ALTERNATIVOS I,FIDC,https://www.liberumratings.com.br/detalhes-ativo/26736
2026-09-25,SPS ALGARVE DELTA CRÉDITOS JUDICIAIS FUNDO DE INVESTIMENTO EM DIREITOS CREDITÓRIOS NÃO PADRONIZADOS,FIDC,https://www.liberumratings.com.br/detalhes-ativo/26743
2026-09-25,SIFRA ENERGY PODIUM FUNDO DE INVESTIMENTO EM DIREITOS CREDITORIOS,FIDC,https://www.liberumratings.com.br/detalhes-ativo/26741
2026-09-25,WM GALAPAGOS FUNDO DE INVESTIMENTO EM COTAS DE FUNDO DE INVESTIMENTO EM DIREITOS CREDITORIOS NÃO PADRONIZADOS,FIDC,https://www.liberumratings.com.br/detalhes-ativo/26735
2026-09-25,VSI 123QRED FUNDO DE INVESTIMENTO EM DIREITOS CREDITORIOS,FIDC,https://www.liberumratings.com.br/detalhes-ativo/26738
2026-09-25,INVESTCON FUNDO DE INVESTIMENTO EM DIREITOS CREDITORIOS,FIDC,https://www.liberumratings.com.br/detalhes-ativo/26739
2026-09-25,Red Performance Fundo de Investimentos em Direitos Creditórios Não-Padronizados,FIDC,https://www.liberumratings.com.br/detalhes-ativo/26709
2026-09-25,ST 1001 FUNDO DE INVESTIMENTO EM DIREITOS CREDITORIOS,FIDC,https://www.liberumratings.com.br/detalhes-ativo/26699
2026-09-25,JUSINVEST I FUNDO DE INVESTIMENTO EM DIREITOS CREDITORIOS NAO PADRONIZADOS,FIDC,https://www.liberumratings.com.br/detalhes-ativo/26740
2026-09-25,FUNDO DE INVESTIMENTO EM DIREITOS CREDITORIOS CONCREDITO DE RESPONSABILIDADE ILIMITADA,FIDC,https://www.liberumratings.com.br/detalhes-ativo/26730
2026-09-25,Tulipa Créditos Judiciais Fundo de Investimento em Direitos Creditórios Não-Padronizados,FIDC,https://www.liberumratings.com.br/detalhes-ativo/26734
2026-09-25,RIDOLFINVEST 2 FIDC-NP,FIDC,https://www.liberumratings.com.br/detalhes-ativo/26731
2026-09-25,Plata FIDC - Fundo de Investimento em Direitos Creditórios Multissetorial LP,FIDC,https://www.liberumratings.com.br/detalhes-ativo/26729
2026-09-25,ACL NP FUNDO DE INVESTIMENTO EM DIREITOS CREDITORIOS NAO PADRONIZADOS,FIDC,https://www.liberumratings.com.br/detalhes-ativo/26732
2026-09-25,CHIMERA NPL & SPECIAL OPPORTUNITIES II FUNDO DE INVESTIMENTO EM DIREITOS CREDITORIOS NAO PADRONIZADO,FIDC,https://www.liberumratings.com.br/detalhes-ativo/26713
2026-09-25,Pinarello Fundo de Investimento em Direitos Creditórios,FIDC,https://www.liberumratings.com.br/detalhes-ativo/26703
2026-09-25,LIBRA FUNDO DE INVESTIMENTO EM DIREITOS CREDITÓRIOS MULTISSETORIAL,FIDC,https://www.liberumratings.com.br/detalhes-ativo/26722
2026-09-25,FUNDO DE INVESTIMENTO EM DIREITOS CREDITORIOS GO KENERSON,FIDC,https://www.liberumratings.com.br/detalhes-ativo/26715
2026-09-25,Trevys Fundo de Investimentos em Direitos Creditórios,FIDC,https://www.liberumratings.com.br/detalhes-ativo/26717
2026-09-25,FUNDO DE INVESTIMENTO EM DIREITOS CREDITORIOS BRZ CAPITAL CONSIG I,FIDC,https://www.liberumratings.com.br/detalhes-ativo/26728
2026-09-25,Opea Securitizadora S.A.,CRI,https://www.liberumratings.com.br/detalhes-ativo/26725
2026-09-25,FUNDO DE INVESTIMENTO EM DIREITOS CREDITORIOS IRON CAPITAL - MEUCASHCARD,FIDC,https://www.liberumratings.com.br/detalhes-ativo/26726
2026-09-25,ÁRTICO FUNDO DE INVESTIMENTO EM DIREITOS CREDITÓRIOS,FIDC,https://www.liberumratings.com.br/detalhes-ativo/26680
2026-09-25,Fundo de Investimento em Direitos Creditórios Empírica Premier Capital,FIDC,https://www.liberumratings.com.br/detalhes-ativo/26675
2026-09-25,FIDC Brasilfactors Crédito Corporativo,FIDC,https://www.liberumratings.com.br/detalhes-ativo/26710
2026-09-25,Moka Fund I Fundo de Investimento em Direitos Creditórios Não Padronizados Multissetorial,FIDC,https://www.liberumratings.com.br/detalhes-ativo/26721
2026-09-25,FIDC FACTA CONSIGNADO INSS,FIDC,https://www.liberumratings.com.br/detalhes-ativo/26471
2026-09-25,FIDC Empírica Home Equity,FIDC,https://www.liberumratings.com.br/detalhes-ativo/26724
2026-09-25,GFM FUNDO DE INVESTIMENTO EM DIREITOS CREDITORIOS MULTICREDITO,FIDC,https://www.liberumratings.com.br/detalhes-ativo/26723
2026-09-25,GRIF GALIBIER CRÉDITO CONSIGNADO FUNDO DE INVESTIMENTO EM DIREITOS CREDITÓRIOS,FIDC,https://www.liberumratings.com.br/detalhes-ativo/26688
2026-09-25,Fundo de Investimento em Direitos Creditórios Não Padronizados Multissetorial R&G LP,FIDC,https://www.liberumratings.com.br/detalhes-ativo/26720
2026-09-25,FUNDO DE INVESTIMENTO EM DIREITOS CREDITÓRIOS CONSIGNADO Q1,FIDC,https://www.liberumratings.com.br/detalhes-ativo/26714
2026-09-25,SANTA FÉ FUNDO DE INVESTIMENTO EM DIREITOS CREDITÓRIOS NÃO PADRONIZADOS,FIDC,https://www.liberumratings.com.br/detalhes-ativo/26718
2026-09-25,ACELERA VAREJO FUNDO DE INVESTIMENTO EM DIREITOS CREDITORIOS,FIDC,https://www.liberumratings.com.br/detalhes-ativo/26719
2026-09-25,ENKI FUNDO DE INVESTIMENTO EM DIREITOS CREDITORIOS NAO PADRONIZADOS,FIDC,https://www.liberumratings.com.br/detalhes-ativo/26626
2026-09-25,LECCA FUNDO DE INVESTIMENTO EM DIREITOS CREDITORIOS,FIDC,https://www.liberumratings.com.br/detalhes-ativo/26711
2026-09-25,SATURNO FUNDO DE INVESTIMENTO EM DIREITOS CREDITORIOS,FIDC,https://www.liberumratings.com.br/detalhes-ativo/26716
2026-09-25,TOPCRED FUNDO DE INVESTIMENTO EM DIREITOS CREDITORIOS,FIDC,https://www.liberumratings.com.br/detalhes-ativo/26697
2026-09-25,FUNDO DE INVESTIMENTO EM DIREITOS CREDITORIOS EMPIRICA CREDITAS AUTO,FIDC,https://www.liberumratings.com.br/detalhes-ativo/26618
2026-09-25,FUNDO DE INVESTIMENTO EM DIREITOS CREDITÓRIOS EMPÍRICA IOSAN,FIDC,https://www.liberumratings.com.br/detalhes-ativo/26712
2026-09-25,LIBRA II NP FUNDO DE INVESTIMENTO EM DIREITOS CREDITÓRIOS NÃO PADRONIZADOS MULTISSETORIAL,FIDC,https://www.liberumratings.com.br/detalhes-ativo/26707
2026-09-25,KEYCASH HOME EQUITY FUNDO DE INVESTIMENTO EM DIREITOS CREDITÓRIOS,FIDC,https://www.liberumratings.com.br/detalhes-ativo/26702
2026-09-25,GII Gestão Inteligente Fundo de Investimento em Direitos Creditórios,FIDC,https://www.liberumratings.com.br/detalhes-ativo/26700
2026-09-25,FUNDO DE INVESTIMENTO EM DIREITOS CREDITÓRIOS NÃO PADRONIZADO PREMIER CAPITAL,FIDC,https://www.liberumratings.com.br/detalhes-ativo/26705
2026-09-25,FUNDO DE INVESTIMENTO EM DIREITOS CREDITORIOS MULTISSETORIAL MAREAH,FIDC,https://www.liberumratings.com.br/detalhes-ativo/26695
2026-09-25,Multiplike Fundo de Investimento em Direitos Creditórios,FIDC,https://www.liberumratings.com.br/detalhes-ativo/26613
2026-09-25,VSI SAC FUNDO DE INVESTIMENTO EM DIREITOS CREDITORIOS,FIDC,https://www.liberumratings.com.br/detalhes-ativo/26708
2026-09-25,Mav Alternative Credit Fundo de Investimento em Direitos Creditórios Não-Padronizados,FIDC,https://www.liberumratings.com.br/detalhes-ativo/26706
2026-09-25,FUNDO DE INVESTIMENTO EM DIREITOS CREDITÓRIOS EMPÍRICA IOSAN,FIDC,https://www.liberumratings.com.br/detalhes-ativo/26698
2026-09-25,L\'ARCA CONSIGNADO FUNDO DE INVESTIMENTO EM DIREITOS CREDITORIOS,FIDC,https://www.liberumratings.com.br/detalhes-ativo/26658
2026-09-25,STARS BANK FUNDO DE INVESTIMENTO EM DIREITOS CREDITORIOS LP,FIDC,https://www.liberumratings.com.br/detalhes-ativo/26694
2026-09-25,Fundo de Investimento em Direitos Creditórios Angá Sabemi Consignados VI,FIDC,https://www.liberumratings.com.br/detalhes-ativo/26671
2026-09-25,PAGOL FUNDO DE INVESTIMENTO EM DIREITOS CREDITORIOS,FIDC,https://www.liberumratings.com.br/detalhes-ativo/26696
2026-09-25,Brazilian Securities Cia. de Securitização,CRI,https://www.liberumratings.com.br/detalhes-ativo/26693
2026-09-25,Fundo de Investimento em Direitos Creditórios Empírica Mezzo Saúde,FIDC,https://www.liberumratings.com.br/detalhes-ativo/26681
2026-09-25,FOUR EVEN FUNDO DE INVESTIMENTO EM DIREITOS CREDITÓRIOS NÃO PADRONIZADOS,FIDC,https://www.liberumratings.com.br/detalhes-ativo/26686
2026-09-25,Sifra Plus Multissegmento Fundo de Investimento em Direitos Creditórios,FIDC,https://www.liberumratings.com.br/detalhes-ativo/26676
2026-09-25,FUNDO DE INVESTIMENTO EM DIREITOS CREDITORIOS EMPIRICA CREDITAS AUTO,FIDC,https://www.liberumratings.com.br/detalhes-ativo/26609
2026-09-25,FUNDO DE INVESTIMENTOS EM DIREITOS CREDITORIOS MULTISETORIAL HOPE LP,FIDC,https://www.liberumratings.com.br/detalhes-ativo/26683
2026-09-25,ELLEVE NPL FUNDO DE INVESTIMENTO EM DIREITOS CREDITÓRIOS - NÃO PADRONIZADOS,FIDC,https://www.liberumratings.com.br/detalhes-ativo/26633
2026-09-25,MLC 1A FUNDO DE INVESTIMENTO EM DIREITOS CREDITORIOS NÃO PADRONIZADOS,FIDC,https://www.liberumratings.com.br/detalhes-ativo/26650
2026-09-25,Pagbem Fundo de Investimentos em Direitos Creditórios,FIDC,https://www.liberumratings.com.br/detalhes-ativo/26677
2026-09-25,RDF Fundo de Investimento em Direitos Creditórios,FIDC,https://www.liberumratings.com.br/detalhes-ativo/26687
2026-09-25,VENTURA FUNDO DE INVESTIMENTO EM DIREITOS CREDITORIOS,FIDC,https://www.liberumratings.com.br/detalhes-ativo/26623
2026-09-25,NEON FUNDO DE INVESTIMENTO EM DIREITOS CREDITORIOS I,FIDC,https://www.liberumratings.com.br/detalhes-ativo/26692
2026-09-25,Fundo de Investimento em Direitos Creditórios Multissetorial DB 18,FIDC,https://www.liberumratings.com.br/detalhes-ativo/26690
2026-09-25,LITUS FUNDO DE INVESTIMENTO EM DIREITOS CREDITORIOS MULTISSETORIAL,FIDC,https://www.liberumratings.com.br/detalhes-ativo/26679
2026-09-25,JC Crédito Premio I FIDC NP,FIDC,https://www.liberumratings.com.br/detalhes-ativo/26685
2026-09-25,JUSINVEST I FUNDO DE INVESTIMENTO EM DIREITOS CREDITORIOS NAO PADRONIZADOS,FIDC,https://www.liberumratings.com.br/detalhes-ativo/26682
2026-09-25,FUNDO DE INVESTIMENTO EM DIREITOS CREDITORIOS CONTBANK,FIDC,https://www.liberumratings.com.br/detalhes-ativo/26678
2026-09-25,CONDOCONTA FUNDO DE INVESTIMENTO EM DIREITOS CREDITORIOS NAO-PADRONIZADO,FIDC,https://www.liberumratings.com.br/detalhes-ativo/26684
2026-09-25,Fundo de Investimento em Direitos Creditórios Kovi I,FIDC,https://www.liberumratings.com.br/detalhes-ativo/26672
2026-09-25,JUNTOS CAPITAL FUNDO DE INVESTIMENTO EM DIREITOS CREDITORIOS,FIDC,https://www.liberumratings.com.br/detalhes-ativo/26661
2026-09-25,PREMIUM RECEBÍVEIS I MULTISSETORIAL FUNDO DE INVESTIMENTO EM DIREITOS CREDITÓRIOS,FIDC,https://www.liberumratings.com.br/detalhes-ativo/26670
2026-09-25,AURUM - FUNDO DE INVESTIMENTO EM DIREITOS CREDITORIOS MULTISSETORIAL LP,FIDC,https://www.liberumratings.com.br/detalhes-ativo/26669
2026-09-25,GRANCRED SP FUNDO DE INVESTIMENTO EM DIREITOS CREDITÓRIOS MULTISSETORIAL,FIDC,https://www.liberumratings.com.br/detalhes-ativo/26651
2026-09-25,FUNDO DE INVESTIMENTO EM DIREITOS CREDITÓRIOS NÃO PADRONIZADO PREMIER CAPITAL,FIDC,https://www.liberumratings.com.br/detalhes-ativo/26662
2026-09-25,SIGMA CREDIT FUNDO DE INVESTIMENTO EM COTAS DE FUNDOS DE INVESTIMENTO EM DIREITOS CREDITORIOS,FIDC,https://www.liberumratings.com.br/detalhes-ativo/26667
2026-09-25,TORQI FUNDO DE INVESTIMENTO EM DIREITOS CREDITORIOS,FIDC,https://www.liberumratings.com.br/detalhes-ativo/26663
2026-09-25,SIGMA CREDIT FUNDO DE INVESTIMENTO EM DIREITOS CREDITORIOS,FIDC,https://www.liberumratings.com.br/detalhes-ativo/26666
2026-09-25,Milas Fundo de Investimentos em Direitos Creditórios - Não Padronizado,FIDC,https://www.liberumratings.com.br/detalhes-ativo/26673
2026-09-25,ABC FUNDO DE INVESTIMENTO EM DIREITOS CREDITORIOS,FIDC,https://www.liberumratings.com.br/detalhes-ativo/26674
2026-09-25,ALFA FUNDO DE INVESTIMENTO EM DIREITOS CREDITÓRIOS MULTISSETORIAL,FIDC,https://www.liberumratings.com.br/detalhes-ativo/26665
2026-09-25,FUNDO DE INVESTIMENTO EM DIREITOS CREDITÓRIOS SOLAR KOMPASS ENERGIA,FIDC,https://www.liberumratings.com.br/detalhes-ativo/26631
2026-09-25,Multiplike Fundo de Investimento em Direitos Creditórios,FIDC,https://www.liberumratings.com.br/detalhes-ativo/26653
2026-09-25,Adicional FUNDO DE INVESTIMENTO EM DIREITOS CREDITORIOS Multissetorial  NP,FIDC,https://www.liberumratings.com.br/detalhes-ativo/26655
2026-09-25,AGROLEND II FIAGRO - FUNDO DE INVESTIMENTO EM DIREITOS CREDITÓRIOS,FIDC,https://www.liberumratings.com.br/detalhes-ativo/26657
2026-09-25,BENFICA FUNDO DE INVESTIMENTO EM DIREITOS CREDITÓRIOS MULTISSETORIAL,FIDC,https://www.liberumratings.com.br/detalhes-ativo/26575
2026-09-25,CITY - 02 FUNDO DE INVESTIMENTO EM DIREITOS CREDITÓRIOS NÃO-PADRONIZADOS,FIDC,https://www.liberumratings.com.br/detalhes-ativo/26135
2026-09-25,CITRINO FUNDO DE INVESTIMENTO EM DIREITOS CREDITÓRIOS NÃO PADRONIZADOS,FIDC,https://www.liberumratings.com.br/detalhes-ativo/26668
2026-09-25,JP CAPITAL FUNDO DE INVESTIMENTO EM DIREITOS CREDITORIOS,FIDC,https://www.liberumratings.com.br/detalhes-ativo/26664
2026-09-25,Acreditar Fundo de Investimento em Direitos Creditórios,FIDC,https://www.liberumratings.com.br/detalhes-ativo/26656
2026-09-25,Fundo de Investimento em Direitos Creditórios Não Padronizados Sifra Performance,FIDC,https://www.liberumratings.com.br/detalhes-ativo/26611
2026-09-25,DIP FINANCING 11 FUNDO DE INVESTIMENTO EM DIREITOS CREDITORIOS NAO-PADRONIZADOS,FIDC,https://www.liberumratings.com.br/detalhes-ativo/26654
2026-09-25,Centrum Fundo de Investimento em Direitos Creditórios NP,FIDC,https://www.liberumratings.com.br/detalhes-ativo/26652
2026-09-25,MULTI INFRA FUNDO DE INVESTIMENTO EM DIREITOS CREDITÓRIOS NÃO-PADRONIZADOS,FIDC,https://www.liberumratings.com.br/detalhes-ativo/26640
2026-09-25,WFR FUNDO DE INVESTIMENTO EM DIREITOS CREDITORIOS MULTISSETORIAL,FIDC,https://www.liberumratings.com.br/detalhes-ativo/26641
2026-09-25,CITY FUNDO DE INVESTIMENTO EM DIREITOS CREDITÓRIOS NÃO PADRONIZADO,FIDC,https://www.liberumratings.com.br/detalhes-ativo/26136
2026-09-25,Cambuí Finanças FUNDO DE INVESTIMENTO EM DIREITOS CREDITORIOS Multissetorial LP,FIDC,https://www.liberumratings.com.br/detalhes-ativo/26649
2026-09-25,MT FUNDO DE INVESTIMENTO EM DIREITOS CREDITORIOS NAO PADRONIZADOS,FIDC,https://www.liberumratings.com.br/detalhes-ativo/26648
2026-09-25,SIFRA ENERGY PODIUM FUNDO DE INVESTIMENTO EM DIREITOS CREDITORIOS,FIDC,https://www.liberumratings.com.br/detalhes-ativo/26592
2026-09-25,PODIUM MEZANINO FUNDO DE INVESTIMENTO EM COTAS DE FUNDO DE INVESTIMENTO EM DIREITOS CREDITÓRIOS,FIDC,https://www.liberumratings.com.br/detalhes-ativo/26594
2026-09-25,PODIUM SENIOR FUNDO DE INVESTIMENTO EM COTAS DE FUNDO DE INVESTIMENTO EM DIREITOS CREDITÓRIOS,FIDC,https://www.liberumratings.com.br/detalhes-ativo/26593
2026-09-25,SOLIS RECEBÍVEIS COMERCIAIS I FIC FIDC,FIDC,https://www.liberumratings.com.br/detalhes-ativo/26597
2026-09-25,IRLA FUNDO DE INVESTIMENTO EM DIREITOS CREDITORIOS MULTISSETORIAL,FIDC,https://www.liberumratings.com.br/detalhes-ativo/26616
2026-09-25,ARGENTA FUNDO DE INVESTIMENTO EM DIREITOS CREDITÓRIOS,FIDC,https://www.liberumratings.com.br/detalhes-ativo/26607
2026-09-25,LATACHE AGRO II FUNDO DE INVESTIMENTO EM DIREITOS CREDITORIOS,FIDC,https://www.liberumratings.com.br/detalhes-ativo/26566
2026-09-25,OXSS FUNDO DE INVESTIMENTO EM DIREITOS CREDITORIOS,FIDC,https://www.liberumratings.com.br/detalhes-ativo/26637
2026-09-25,INTRABANK FUNDO DE INVESTIMENTO EM DIREITOS CREDITÓRIOS NÃO-PADRONIZADOS,FIDC,https://www.liberumratings.com.br/detalhes-ativo/26608
2026-09-25,CONFIANÇA FUNDO DE INVESTIMENTO EM DIREITOS CREDITORIOS,FIDC,https://www.liberumratings.com.br/detalhes-ativo/26625
2026-09-25,Fundo de Investimentos em Direitos Creditórios Premium Solis,FIDC,https://www.liberumratings.com.br/detalhes-ativo/26644
2026-09-25,INVISTA III Fundo de Investimentos em Direitos Creditorios Não Padronizado,FIDC,https://www.liberumratings.com.br/detalhes-ativo/26635
2026-09-25,VSI 123QRED FUNDO DE INVESTIMENTO EM DIREITOS CREDITORIOS,FIDC,https://www.liberumratings.com.br/detalhes-ativo/26642
2026-09-25,INTER SIMPLES FUNDO DE INVESTIMENTO EM DIREITOS CREDITORIOS MULTISSETORIAL,FIDC,https://www.liberumratings.com.br/detalhes-ativo/26634
2026-09-25,Fundo de Investimento em Direitos Creditórios  Multissetorial Prévia,FIDC,https://www.liberumratings.com.br/detalhes-ativo/26643
2026-09-25,Fundo de Investimento em Direitos Creditórios Empírica A55 SAAS,FIDC,https://www.liberumratings.com.br/detalhes-ativo/26638
2026-09-25,Genesis Fundo de Investimento em Direitos Creditórios Não  Padronizados,FIDC,https://www.liberumratings.com.br/detalhes-ativo/26646
2026-09-25,FUNDO DE INVESTIMENTO EM DIREITOS CREDITORIOS NAO-PADRONIZADOS INVISTA ATIVOS ALTERNATIVOS I,FIDC,https://www.liberumratings.com.br/detalhes-ativo/26645
2026-09-25,INVISTA I FIC FIDC MULTISSETORIAL NAO PADRONIZADO,FIDC,https://www.liberumratings.com.br/detalhes-ativo/26647
2026-09-25,WK FUNDO DE INVESTIMENTO EM DIREITOS CREDITORIOS,FIDC,https://www.liberumratings.com.br/detalhes-ativo/26627
2026-09-25,KP GUARDIAN FUNDO DE INVESTIMENTO EM COTAS DE FUNDOS DE INVESTIMENTO EM DIREITOS CREDITÓRIOS,FIDC,https://www.liberumratings.com.br/detalhes-ativo/26636
2026-09-25,3S FUNDO DE INVESTIMENTO EM COTAS DE FUNDO DE INVESTIMENTO EM DIREITOS CREDITORIOS,FIDC,https://www.liberumratings.com.br/detalhes-ativo/26629
2026-09-25,LGX FUNDO DE INVESTIMENTO EM DIREITOS CREDITORIOS,FIDC,https://www.liberumratings.com.br/detalhes-ativo/26628
2026-09-25,Fundo de Investimentos em Direitos Creditórios GRIFO,FIDC,https://www.liberumratings.com.br/detalhes-ativo/26550
2026-09-25,FUNDO DE INVESTIMENTO EM DIREITOS CREDITÓRIOS ZIPDIN I,FIDC,https://www.liberumratings.com.br/detalhes-ativo/26622
2026-09-25,FUNDO DE INVESTIMENTO EM DIREITOS CREDITORIOS SANTA CRUZ CAPITAL,FIDC,https://www.liberumratings.com.br/detalhes-ativo/26540
2026-09-25,VALYOS Fundo de Investimentos Em Direitos Creditorios Imobiliarios,FIDC,https://www.liberumratings.com.br/detalhes-ativo/26632
2026-09-25,Lotus Performance Fundo de Investimento em Direitos Creditórios Multissetorial LP,FIDC,https://www.liberumratings.com.br/detalhes-ativo/26630
2026-09-25,Fundo de Investimento em Direitos Creditórios Energia Solar,FIDC,https://www.liberumratings.com.br/detalhes-ativo/26624
2026-09-25,VIA CAPITAL ARTEMUS FUNDO DE INVESTIMENTO EM DIREITOS CREDITÓRIOS MULTISSETORIAL,FIDC,https://www.liberumratings.com.br/detalhes-ativo/26548
2026-09-25,U.NIC FUNDO DE INVESTIMENTO EM DIREITOS CREDITÓRIOS,FIDC,https://www.liberumratings.com.br/detalhes-ativo/26576
2026-09-25,MR FUNDO DE INVESTIMENTO EM DIREITOS CREDITÓRIOS,FIDC,https://www.liberumratings.com.br/detalhes-ativo/26458
2026-09-25,FAMA FUNDO DE INVESTIMENTO EM DIREITOS CREDITÓRIOS,FIDC,https://www.liberumratings.com.br/detalhes-ativo/26621
2026-09-25,C+ VALORA FUNDO DE INVESTIMENTO EM DIREITOS CREDITÓRIOS,FIDC,https://www.liberumratings.com.br/detalhes-ativo/26603
2026-09-25,Fundo de Investimento em Direitos Creditórios Multissetorial Milênio Recebíveis LP,FIDC,https://www.liberumratings.com.br/detalhes-ativo/26549
2026-09-25,BARCELONA FUNDO DE INVESTIMENTO EM DIREITOS CREDITORIOS,FIDC,https://www.liberumratings.com.br/detalhes-ativo/26617
2026-09-25,AURI FUNDO DE INVESTIMENTO EM DIREITOS CREDITORIOS,FIDC,https://www.liberumratings.com.br/detalhes-ativo/25378
2026-09-25,NACIONAL FEITO PRA VOCÊ FUNDO DE INVESTIMENTO EM DIREITOS CREDITÓRIOS NÃO-PADRONIZADOS,FIDC,https://www.liberumratings.com.br/detalhes-ativo/26584
2026-09-25,CONSIGA MAIS FUNDO DE INVESTIMENTO EM DIREITOS CREDITÓRIOS,FIDC,https://www.liberumratings.com.br/detalhes-ativo/26614
2026-09-25,L ARCA CAPITAL FUNDO DE INVESTIMENTO EM DIREITOS CREDITORIOS,FIDC,https://www.liberumratings.com.br/detalhes-ativo/26598
2026-09-25,VERSATILE FUNDO DE INVESTIMENTO EM DIREITOS CREDITORIOS,FIDC,https://www.liberumratings.com.br/detalhes-ativo/26585
2026-09-25,ASPEN FUNDO DE INVESTIMENTO EM DIREITOS CREDITÓRIOS,FIDC,https://www.liberumratings.com.br/detalhes-ativo/26619
2026-09-25,CREDIHOME FUNDO DE INVESTIMENTO EM DIREITOS CREDITORIOS,FIDC,https://www.liberumratings.com.br/detalhes-ativo/26546
2026-09-25,Fundo de Investimento em Direitos Creditórios LF I,FIDC,https://www.liberumratings.com.br/detalhes-ativo/26615
2026-09-25,LEVER FUNDO DE INVESTIMENTO EM DIREITOS CREDITÓRIOS,FIDC,https://www.liberumratings.com.br/detalhes-ativo/26532
2026-09-25,KOBOLD MFS FUNDO DE INVESTIMENTO EM DIREITOS CREDITÓRIOS NÃO-PADRONIZADOS,FIDC,https://www.liberumratings.com.br/detalhes-ativo/26612
2026-09-25,Fundo de Investimento em Direitos Creditórios Angá Sabemi Consignados VIII,FIDC,https://www.liberumratings.com.br/detalhes-ativo/26596
2026-09-25,PHD FUNDO DE INVESTIMENTO EM DIREITOS CREDITORIOS,FIDC,https://www.liberumratings.com.br/detalhes-ativo/26600
2026-09-25,FIDC BPD CONSIGNADO,FIDC,https://www.liberumratings.com.br/detalhes-ativo/26604
2026-09-25,Fundo de Investimento em Direitos Creditórios Angá Sabemi Consignados VII,FIDC,https://www.liberumratings.com.br/detalhes-ativo/26595
2026-09-25,FUNDO DE INVESTIMENTO EM DIREITOS CREDITORIOS EMPIRICA CREDITAS AUTO,FIDC,https://www.liberumratings.com.br/detalhes-ativo/26610
2026-09-25,FUNDO DE INVESTIMENTO EM DIREITOS CREDITORIOS MULTISETORIAL EMPRESARIAL LP,FIDC,https://www.liberumratings.com.br/detalhes-ativo/26564
2026-09-25,Garson Fundo de Investimento em Direitos Creditórios,FIDC,https://www.liberumratings.com.br/detalhes-ativo/26601
2026-09-25,FUNDO DE INVESTIMENTO EM DIREITOS CREDITÓRIOS DEL MONTE NÃO PADRONIZADO,FIDC,https://www.liberumratings.com.br/detalhes-ativo/26565
2026-09-25,AFA HIGH YIELD CREDIT OPPORTUNITY FUNDO DE INVESTIMENTO EM DIREITOS CREDITORIOS,FIDC,https://www.liberumratings.com.br/detalhes-ativo/26605
2026-09-25,FUNDO DE INVESTIMENTO EM DIREITOS CREDITÓRIOS TRADING I,FIDC,https://www.liberumratings.com.br/detalhes-ativo/26606
2026-09-25,HT3 FUNDO DE INVESTIMENTO EM DIREITOS CREDITORIOS,FIDC,https://www.liberumratings.com.br/detalhes-ativo/26599
2026-09-25,GRU FUNDO DE INVESTIMENTO EM DIREITOS CREDITORIOS,FIDC,https://www.liberumratings.com.br/detalhes-ativo/26456
2026-09-25,COOPERA FUNDO DE INVESTIMENTO EM DIREITOS CREDITORIOS,FIDC,https://www.liberumratings.com.br/detalhes-ativo/26582
2026-09-25,FUNDO DE INVESTIMENTO EM DIREITOS CREDITÓRIOS AGRO SGT,FIDC,https://www.liberumratings.com.br/detalhes-ativo/26579
2026-09-25,HUBCRED FUNDO DE INVESTIMENTO EM DIREITOS CREDITORIOS,FIDC,https://www.liberumratings.com.br/detalhes-ativo/26580
2026-09-25,SG FUNDO DE INVESTIMENTO EM DIREITOS CREDITÓRIOS,FIDC,https://www.liberumratings.com.br/detalhes-ativo/26577
2026-09-25,FUNDO DE INVESTIMENTO EM DIREITOS CREDITÓRIOS NÃO PADRONIZADO EMPIRICA GOAL RJ,FIDC,https://www.liberumratings.com.br/detalhes-ativo/26588
2026-09-25,Creditise Fundo de Investimentos em Direitos Creditórios Não Padronizado,FIDC,https://www.liberumratings.com.br/detalhes-ativo/26569
2026-09-25,MULTI RECEBIVEIS II FUNDO DE INVESTIMENTO EM DIREITOS CREDITORIOS,FIDC,https://www.liberumratings.com.br/detalhes-ativo/26562
2026-09-25,FUNDO DE INVESTIMENTO EM DIREITOS CREDITORIOS FRADINHO,FIDC,https://www.liberumratings.com.br/detalhes-ativo/26571
2026-09-25,MULTI RECEBÍVEIS III FUNDO DE INVESTIMENTO EM DIREITOS CREDITÓRIOS,FIDC,https://www.liberumratings.com.br/detalhes-ativo/26557
2026-09-25,Credit Brasil Fundo de Investimento em Direitos Creditórios Multissetorial Master,FIDC,https://www.liberumratings.com.br/detalhes-ativo/26473
2026-09-25,MITTU FUNDO DE INVESTIMENTO EM DIREITOS CREDITORIOS NAO PADRONIZADOS,FIDC,https://www.liberumratings.com.br/detalhes-ativo/26551
2026-09-25,ARPEL CAPITAL FUNDO DE INVESTIMENTO EM DIREITOS CREDITORIOS NAO PADRONIZADOS,FIDC,https://www.liberumratings.com.br/detalhes-ativo/26589
2026-09-25,VERSATIL FUNDO DE INVESTIMENTO EM DIREITOS CREDITORIOS,FIDC,https://www.liberumratings.com.br/detalhes-ativo/26590
2026-09-25,FATORI FUNDO DE INVESTIMENTO EM DIREITOS CREDITORIOS MULTISSETORIAL,FIDC,https://www.liberumratings.com.br/detalhes-ativo/26570
2026-09-25,Starboard Special Situations II Fundo de Investimento em Direitos Creditorios NP,FIDC,https://www.liberumratings.com.br/detalhes-ativo/26583
2026-09-25,FUNDO DE INVESTIMENTO EM DIREITOS CREDITORIOS UTILITY CREDIT,FIDC,https://www.liberumratings.com.br/detalhes-ativo/26578
2026-09-25,NO STRESS FUNDO DE INVESTIMENTO EM DIREITOS CREDITORIOS NAO PADRONIZADOS,FIDC,https://www.liberumratings.com.br/detalhes-ativo/26543
2026-09-25,BLUEFIN FUNDO DE INVESTIMENTO EM DIREITOS CREDITORIOS NAO PADRONIZADOS,FIDC,https://www.liberumratings.com.br/detalhes-ativo/26542
2026-09-25,VALORTEC FUNDO DE INVESTIMENTO EM DIREITOS CREDITORIOS,FIDC,https://www.liberumratings.com.br/detalhes-ativo/26587
2026-09-25,CLM FUNDO DE INVESTIMENTO EM DIREITOS CREDITORIOS NÃO-PADRONIZADOS MULTISSETORIAL,FIDC,https://www.liberumratings.com.br/detalhes-ativo/26581
2026-09-25,AUDAX CAPITAL FUNDO DE INVESTIMENTO EM DIREITOS CREDITORIOS,FIDC,https://www.liberumratings.com.br/detalhes-ativo/26560
2026-09-25,RSS FUNDO DE INVESTIMENTO EM DIREITOS CREDITORIOS,FIDC,https://www.liberumratings.com.br/detalhes-ativo/26489
2026-09-25,INVESTCAMP Fundo de Investimento em Direitos Creditorios,FIDC,https://www.liberumratings.com.br/detalhes-ativo/26574
2026-09-25,GALAPAGOS ARQUIPÉLAGO FUNDO DE INVESTIMENTO EM DIREITOS CREDITÓRIOS NP,FIDC,https://www.liberumratings.com.br/detalhes-ativo/26558
2026-09-25,CASE FUNDO DE INVESTIMENTO EM DIREITOS CREDITORIOS,FIDC,https://www.liberumratings.com.br/detalhes-ativo/26573
2026-09-25,SEJA FUNDO DE INVESTIMENTO EM DIREITOS CREDITÓRIOS,FIDC,https://www.liberumratings.com.br/detalhes-ativo/26561
2026-09-25,FOUR CREDIT FUNDO DE INVESTIMENTO EM DIREITOS CREDITORIOS,FIDC,https://www.liberumratings.com.br/detalhes-ativo/26554
2026-09-25,Fundo de Investimento em Direitos Creditórios Capital 5,FIDC,https://www.liberumratings.com.br/detalhes-ativo/26555
2026-09-25,Fundo de Investimento Em Direitos Creditorios Indigo Barter,FIDC,https://www.liberumratings.com.br/detalhes-ativo/26553
2026-09-25,Urbe Fundo de Investimento em Direitos Creditórios Multissetorial LP,FIDC,https://www.liberumratings.com.br/detalhes-ativo/26567
2026-09-25,FUNDO DE INVESTIMENTO EM DIREITOS CREDITÓRIOS ALI CRÉDITO,FIDC,https://www.liberumratings.com.br/detalhes-ativo/26563
2026-09-25,Reag Special Situation Fundo de Investimento em Direitos Creditórios Padronizados Aberto,FIDC,https://www.liberumratings.com.br/detalhes-ativo/26572
2026-09-25,SQUID FUNDO DE INVESTIMENTO EM DIRETOS CREDITORIOS,FIDC,https://www.liberumratings.com.br/detalhes-ativo/26559
2026-09-25,Fundo de Investimento em Direitos Creditórios Multisetorial Delta - NP,FIDC,https://www.liberumratings.com.br/detalhes-ativo/26568
2026-09-25,Harpia Fundo de Investimentos em Direitos Creditórios,FIDC,https://www.liberumratings.com.br/detalhes-ativo/26534
2026-09-25,OPERA FUNDO DE INVESTIMENTO EM DIREITOS CREDITORIOS MULTISETORIAL,FIDC,https://www.liberumratings.com.br/detalhes-ativo/26544
2026-09-25,FUNDO DE INVESTIMENTO EM DIREITOS CREDITÓRIOS NÃO-PADRONIZADOS MULTISSETORIAL BS NP,FIDC,https://www.liberumratings.com.br/detalhes-ativo/26556
2026-09-25,AGROFORTE - FUNDO DE INVESTIMENTO EM DIREITOS CREDITORIOS,FIDC,https://www.liberumratings.com.br/detalhes-ativo/26470
2026-09-25,GPR FUNDO DE INVESTIMENTO EM DIREITOS CREDITORIOS,FIDC,https://www.liberumratings.com.br/detalhes-ativo/26497
2026-09-25,GVN FUNDO DE INVESTIMENTO EM DIREITOS CREDITÓRIOS,FIDC,https://www.liberumratings.com.br/detalhes-ativo/26547
2026-09-25,ROYAL OAK FUNDO DE INVESTIMENTO EM COTAS DE FUNDOS DE INVESTIMENTOS MULTIMERCADO CREDITO PRIVADO INVESTIMENTO NO EXTERIOR,FIDC,https://www.liberumratings.com.br/detalhes-ativo/26539
2026-09-25,JUSINVEST I FUNDO DE INVESTIMENTO EM DIREITOS CREDITORIOS NAO PADRONIZADOS,FIDC,https://www.liberumratings.com.br/detalhes-ativo/26541
2026-09-25,FUNDO DE INVESTIMENTO EM DIREITOS CREDITÓRIOS ASAAS,FIDC,https://www.liberumratings.com.br/detalhes-ativo/26537
2026-09-25,RIGEL FUNDO DE INVESTIMENTO EM DIREITOS CREDITÓRIOS,FIDC,https://www.liberumratings.com.br/detalhes-ativo/26552
2026-09-25,PATAGONIA FUNDO DE INVESTIMENTO EM DIREITOS CREDITORIOS NAO PADRONIZADOS,FIDC,https://www.liberumratings.com.br/detalhes-ativo/26455
2026-09-25,VIXTRA FUNDO DE INVESTIMENTOS EM DIREITOS CREDITÓRIOS,FIDC,https://www.liberumratings.com.br/detalhes-ativo/26533
2026-09-25,JPI FUNDO DE INVESTIMENTO EM DIREITOS CREDITORIOS,FIDC,https://www.liberumratings.com.br/detalhes-ativo/26477
2026-09-25,JC Diversificado III Fundo de Investimento em DireitosS Creditorios Não-Padronizado,FIDC,https://www.liberumratings.com.br/detalhes-ativo/26535
2026-09-25,ATTALANTA FUNDO DE INVESTIMENTO EM DIREITOS CREDITORIOS,FIDC,https://www.liberumratings.com.br/detalhes-ativo/26454
2026-09-25,VIXTRA FUNDO DE INVESTIMENTOS EM DIREITOS CREDITÓRIOS,FIDC,https://www.liberumratings.com.br/detalhes-ativo/26545
2026-09-25,RAPPICARD FUNDO DE INVESTIMENTO EM DIREITOS CREDITORIOS,FIDC,https://www.liberumratings.com.br/detalhes-ativo/26536
2026-09-25,PREMIER RP FUNDO DE INVESTIMENTO EM DIREITOS CREDITORIOS,FIDC,https://www.liberumratings.com.br/detalhes-ativo/26496
2026-09-25,OPHIR FUNDO DE INVESTIMENTO EM DIREITOS CREDITORIOS,FIDC,https://www.liberumratings.com.br/detalhes-ativo/26508
2026-09-25,NANBAN II FUNDO DE INVESTIMENTO EM DIREITOS CREDITÓRIOS NÃO-PADRONIZADOS,FIDC,https://www.liberumratings.com.br/detalhes-ativo/26531
2026-09-25,JC BG FICFIDC NP,FIDC,https://www.liberumratings.com.br/detalhes-ativo/26519
2026-09-25,JC BG Fundo de Investimento em Direitos Creditórios Não-Padronizados – FIDC NP,FIDC,https://www.liberumratings.com.br/detalhes-ativo/26520
2026-09-25,PORTLAND CRÉDITOS JUDICIAIS FUNDO DE INVESTIMENTO EM DIREITOS CREDITÓRIOS NÃO-PADRONIZADOS,FIDC,https://www.liberumratings.com.br/detalhes-ativo/26525
2026-09-25,UA FUNDO DE INVESTIMENTO EM DIREITOS CREDITORIOS,FIDC,https://www.liberumratings.com.br/detalhes-ativo/26524
2026-09-25,SAINT JOHN FUNDO DE INVESTIMENTO EM DIREITOS CREDITORIOS NAO-PADRONIZADOS,FIDC,https://www.liberumratings.com.br/detalhes-ativo/26523
2026-09-25,C3E CJ FIC – FIDC,FIDC,https://www.liberumratings.com.br/detalhes-ativo/26527
2026-09-25,C3E CRÉDITOS JUDICIAIS FUNDO DE INVESTIMENTO EM DIREITOS CREDITÓRIOS NÃO PADRONIZADOS,FIDC,https://www.liberumratings.com.br/detalhes-ativo/26526
2026-09-25,MALMO FICFIDC-NP,FIDC,https://www.liberumratings.com.br/detalhes-ativo/26522
2026-09-25,SG II A Fundo De Investimento Em Cotas De Fundos De Investimento Em Direitos Creditorios Nao-Padronizados,FIDC,https://www.liberumratings.com.br/detalhes-ativo/26521
2026-09-25,ESMERALDA FIDC,FIDC,https://www.liberumratings.com.br/detalhes-ativo/26528
2026-09-25,Tulipa Créditos Judiciais Fundo de Investimento em Direitos Creditórios Não-Padronizados,FIDC,https://www.liberumratings.com.br/detalhes-ativo/26488
2026-09-25,SG JC III FIC FIDC NP,FIDC,https://www.liberumratings.com.br/detalhes-ativo/26483
2026-09-25,SG III Fundo de Investimento em Cotas de Fundo de Investimento em Direitos Creditório - NP,FIDC,https://www.liberumratings.com.br/detalhes-ativo/26480
2026-09-25,MONEFY FUNDO DE INVESTIMENTO EM DIREITOS CREDITORIOS MULTISSETORIAL,FIDC,https://www.liberumratings.com.br/detalhes-ativo/26463
2026-09-25,MS MULTI FUNDO DE INVESTIMENTO EM DIREITOS CREDITÓRIOS,FIDC,https://www.liberumratings.com.br/detalhes-ativo/26511
2026-09-25,ESPRESSO CRÉDITOS JUDICIAIS FUNDO DE INVESTIMENTO EM DIREITOS CREDITÓRIOS NÃO-PADRONIZADOS,FIDC,https://www.liberumratings.com.br/detalhes-ativo/26530
2026-09-25,BH FUNDO DE INVESTIMENTO EM DIREITOS CREDITÓRIOS NÃO-PADRONIZADOS,FIDC,https://www.liberumratings.com.br/detalhes-ativo/26529
2026-09-25,C&J FUNDO DE INVESTIMENTO EM DIREITOS CREDITORIOS,FIDC,https://www.liberumratings.com.br/detalhes-ativo/26518
2026-09-25,FUNDO DE INVESTIMENTO EM DIREITOS CREDITÓRIOS TRADEPAY VAREJO I,FIDC,https://www.liberumratings.com.br/detalhes-ativo/26478
2026-09-25,JC 4870 Fundo de Investimento em Direitos Creditório - Não Padronizado,FIDC,https://www.liberumratings.com.br/detalhes-ativo/26515
2026-09-25,JC 4870 II FUNDO DE INVESTIMENTO EM DIREITOS CREDITÓRIOS NÃO-PADRONIZADOS,FIDC,https://www.liberumratings.com.br/detalhes-ativo/26516
2026-09-25,SG IV Local Fundo de Investimento em Cotas de Fundo de Investimento em Direitos Creditório - Não Padronizado,FIDC,https://www.liberumratings.com.br/detalhes-ativo/26517
2026-09-25,INVESTCON FUNDO DE INVESTIMENTO EM DIREITOS CREDITORIOS,FIDC,https://www.liberumratings.com.br/detalhes-ativo/26506
2026-09-25,FUNDO DE INVESTIMENTO EM DIREITOS CREDITORIOS IRON CAPITAL - MEUCASHCARD,FIDC,https://www.liberumratings.com.br/detalhes-ativo/26453
2026-09-25,ALGARVE MEDITERRÂNEO FUNDO DE INVESTIMENTO EM DIREITOS CREDITÓRIOS NÃO PADRONIZADOS,FIDC,https://www.liberumratings.com.br/detalhes-ativo/26513
2026-09-25,SAN PRECA FEDERAL I FUNDO DE INVESTIMENTO EM DIREITOS CREDITÓRIOS NÃO-PADRONIZADOS,FIDC,https://www.liberumratings.com.br/detalhes-ativo/26484
2026-09-25,JC 4870 VI FUNDO DE INVESTIMENTO EM DIREITOS CREDITORIOS NAO PADRONIZADOS FIDC-NP,FIDC,https://www.liberumratings.com.br/detalhes-ativo/26503
2026-09-25,W CAPITAL I - FUNDO DE INVESTIMENTO EM DIREITOS CREDITÓRIOS,FIDC,https://www.liberumratings.com.br/detalhes-ativo/26501
2026-09-25,FRUIT CREEK CRÉDITOS JUDICIAIS FUNDO DE INVESTIMENTO EM DIREITOS CREDITÓRIOS NÃO-PADRONIZADOS,FIDC,https://www.liberumratings.com.br/detalhes-ativo/26487
2026-09-25,JC SILOS FUNDO DE INVESTIMENTO EM DIREITOS CREDITÓRIOS NÃO-PADRONIZADO,FIDC,https://www.liberumratings.com.br/detalhes-ativo/26481
2026-09-25,AEG 4 FUNDO DE INVESTIMENTO EM DIREITOS CREDITORIOS NAO-PADRONIZADOS,FIDC,https://www.liberumratings.com.br/detalhes-ativo/26500
2026-09-25,SL FUNDO DE INVESTIMENTO EM DIREITOS CREDITÓRIOS,FIDC,https://www.liberumratings.com.br/detalhes-ativo/26512
2026-09-25,JC Créditos Judiciais Fundo de Investimento em Direitos Creditórios Não-Padronizados,FIDC,https://www.liberumratings.com.br/detalhes-ativo/26485
2026-09-25,FUNDO DE INVESTIMENTO EM DIREITOS CREDITÓRIOS AGORA TELECOM,FIDC,https://www.liberumratings.com.br/detalhes-ativo/26514
2026-09-25,CANAL 86 FUNDO DE INVESTIMENTO EM DIREITOS CREDITORIOS NAO-PADRONIZADO,FIDC,https://www.liberumratings.com.br/detalhes-ativo/26504
2026-09-25,Starboard Special Situations II Fundo de Investimento em Direitos Creditorios NP,FIDC,https://www.liberumratings.com.br/detalhes-ativo/26502
2026-09-25,JC Diversificado VI Fundo de Investimento em Direitos Creditorios Não-Padronizado,FIDC,https://www.liberumratings.com.br/detalhes-ativo/26509
2026-09-25,NEB FUNDO DE INVESTIMENTO EM DIREITOS CREDITÓRIOS NÃO-PADRONIZADOS,FIDC,https://www.liberumratings.com.br/detalhes-ativo/26486
2026-09-25,WM GALAPAGOS FUNDO DE INVESTIMENTO EM COTAS DE FUNDO DE INVESTIMENTO EM DIREITOS CREDITORIOS NÃO PADRONIZADOS,FIDC,https://www.liberumratings.com.br/detalhes-ativo/26490
2026-09-25,FUNDO DE INVESTIMENTO EM DIREITOS CREDITORIOS JGM LP,FIDC,https://www.liberumratings.com.br/detalhes-ativo/26459
2026-09-25,SPS ALGARVE DELTA CRÉDITOS JUDICIAIS FUNDO DE INVESTIMENTO EM DIREITOS CREDITÓRIOS NÃO PADRONIZADOS,FIDC,https://www.liberumratings.com.br/detalhes-ativo/26491
2026-09-25,AGHI FUNDO DE INVESTIMENTO EM DIREITOS CREDITÓRIOS NÃO-PADRONIZADOS,FIDC,https://www.liberumratings.com.br/detalhes-ativo/26494
2026-09-25,SGC UT FIDC NP,FIDC,https://www.liberumratings.com.br/detalhes-ativo/26495
2026-09-25,JC 4870 V FIDC NP,FIDC,https://www.liberumratings.com.br/detalhes-ativo/26498
2026-09-25,Violin 8432 (2) Créditos Judiciais Fundo de Investimento em Direitos Creditórios Não-Padronizados,FIDC,https://www.liberumratings.com.br/detalhes-ativo/26493
2026-09-25,VIOLIN 8432 CRÉDITOS JUDICIAIS FUNDO DE INVESTIMENTO EM DIREITOS CREDITÓRIOS NÃO-PADRONIZADOS,FIDC,https://www.liberumratings.com.br/detalhes-ativo/26492
2026-09-25,GAIA Fundo de Investimento em Direitos Creditorios Não Padronizados,FIDC,https://www.liberumratings.com.br/detalhes-ativo/26482
2026-09-25,CANAL 87 FUNDO DE INVESTIMENTO EM DIREITOS CREDITORIOS NÃO PADRONIZADO,FIDC,https://www.liberumratings.com.br/detalhes-ativo/26505
2026-09-25,SÃO CRISTÓVÃO FUNDO DE INVESTIMENTO EM DIREITOS CREDITORIOS NAO-PADRONIZADO,FIDC,https://www.liberumratings.com.br/detalhes-ativo/26507
2026-09-25,QUARTER PRECATÓRIOS FIDC NP,FIDC,https://www.liberumratings.com.br/detalhes-ativo/26510
2026-09-25,FUNDO DE INVESTIMENTO EM DIREITOS CREDITORIOS ONIX PRIME,FIDC,https://www.liberumratings.com.br/detalhes-ativo/26469
2026-09-25,Fundo de Investimento em Direitos Creditórios LF I,FIDC,https://www.liberumratings.com.br/detalhes-ativo/26475
2026-09-25,JGP ESTRUTURADOS FUNDO DE INVESTIMENTO EM DIREITOS CREDITORIOS NAO PADRONIZADOS,FIDC,https://www.liberumratings.com.br/detalhes-ativo/26472
2026-09-25,SECTOR FUNDO DE INVESTIMENTO EM DIREITOS CREDITÓRIOS,FIDC,https://www.liberumratings.com.br/detalhes-ativo/26476
2026-09-25,ESTÍMULO FUNDO DE INVESTIMENTO EM DIREITOS CREDITÓRIOS,FIDC,https://www.liberumratings.com.br/detalhes-ativo/26467
2026-09-25,MÖBIUS LEGAL CLAIMS 1 - FUNDO DE INVESTIMENTO EM DIREITOS CREDITÓRIOS NÃO-PADRONIZADOS,FIDC,https://www.liberumratings.com.br/detalhes-ativo/26464
2026-09-25,NOVA CAPITAL FUNDO DE INVESTIMENTO EM DIREITOS CREDITORIOS,FIDC,https://www.liberumratings.com.br/detalhes-ativo/26468
2026-09-25,FUNDO DE INVESTIMENTO EM DIREITOS CREDITÓRIOS BIZCAPITAL EMPÍRICA PME,FIDC,https://www.liberumratings.com.br/detalhes-ativo/26479
2026-09-25,MUNDI FUNDO DE INVESTIMENTO EM DIREITOS CREDITÓRIOS NÃO PADRONIZADOS,FIDC,https://www.liberumratings.com.br/detalhes-ativo/26462
2026-09-25,OCEAN ASSET FUNDO DE INVESTIMENTO EM DIREITOS CREDITORIOS,FIDC,https://www.liberumratings.com.br/detalhes-ativo/26460
2026-09-25,CRESTONE I FUNDO DE INVESTIMENTO EM DIREITOS CREDITORIOS NAO PADRONIZADOS,FIDC,https://www.liberumratings.com.br/detalhes-ativo/26466
2026-09-25,FUNDO DE INVESTIMENTO EM DIREITOS CREDITORIOS SABIA CREDIT,FIDC,https://www.liberumratings.com.br/detalhes-ativo/26461
2026-09-25,FUNDO DE INVESTIMENTO EM DIREITOS CREDITÓRIOS CONSIGNADO Q1,FIDC,https://www.liberumratings.com.br/detalhes-ativo/25912
2026-09-25,ACL NP FUNDO DE INVESTIMENTO EM DIREITOS CREDITORIOS NAO PADRONIZADOS,FIDC,https://www.liberumratings.com.br/detalhes-ativo/26465
2026-09-25,Fundo de Investimento em Direitos Creditórios Brave Facta,FIDC,https://www.liberumratings.com.br/detalhes-ativo/26457
2026-09-25,TOPCRED - FUNDO DE INVESTIMENTO EM DIREITOS CREDITORIOS,FIDC,https://www.liberumratings.com.br/detalhes-ativo/26150
2026-09-25,Fundo de Investimento Em Direitos Creditorios Não Padronizados Empírica Oportuna Precatórios Federais,FIDC,https://www.liberumratings.com.br/detalhes-ativo/26450
2026-09-25,FUNDO DE INVESTIMENTO EM DIREITOS CREDITORIOS CONSORCIEI I,FIDC,https://www.liberumratings.com.br/detalhes-ativo/26195
2026-09-25,KEYCASH HOME EQUITY FUNDO DE INVESTIMENTO EM DIREITOS CREDITÓRIOS,FIDC,https://www.liberumratings.com.br/detalhes-ativo/26447
2026-09-25,Fundo de Investimento em Direitos Creditórios Empírica Recarga Virtual,FIDC,https://www.liberumratings.com.br/detalhes-ativo/26196
2026-09-25,Fundo de Investimento em Direitos Creditórios Energia Solar,FIDC,https://www.liberumratings.com.br/detalhes-ativo/26448
2026-09-25,Moka Fund I Fundo de Investimento em Direitos Creditórios Não Padronizados Multissetorial,FIDC,https://www.liberumratings.com.br/detalhes-ativo/26197
2026-09-25,FIDC Empírica Home Equity,FIDC,https://www.liberumratings.com.br/detalhes-ativo/26451
2026-09-25,LGX FUNDO DE INVESTIMENTO EM DIREITOS CREDITORIOS,FIDC,https://www.liberumratings.com.br/detalhes-ativo/26143
2026-09-25,Fundo de Investimento em Direitos Creditórios Angá Sabemi Consignados VI,FIDC,https://www.liberumratings.com.br/detalhes-ativo/26031
2026-09-25,SAV NEXOOS FUNDO DE INVESTIMENTO EM DIREITOS CREDITÓRIOS,FIDC,https://www.liberumratings.com.br/detalhes-ativo/26449
2026-09-25,FUNDO DE INVESTIMENTO EM DIREITOS CREDITÓRIOS NÃO PADRONIZADO EMPIRICA GOAL RJ,FIDC,https://www.liberumratings.com.br/detalhes-ativo/26189
2026-09-25,FUNDO DE INVESTIMENTO EM DIREITOS CREDITORIOS GO KENERSON,FIDC,https://www.liberumratings.com.br/detalhes-ativo/26446
2026-09-25,3S FUNDO DE INVESTIMENTO EM COTAS DE FUNDO DE INVESTIMENTO EM DIREITOS CREDITORIOS,FIDC,https://www.liberumratings.com.br/detalhes-ativo/26140
2026-09-25,CONFIANÇA FUNDO DE INVESTIMENTO EM DIREITOS CREDITORIOS,FIDC,https://www.liberumratings.com.br/detalhes-ativo/25988
2026-09-25,FUNDO DE INVESTIMENTO EM DIREITOS CREDITORIOS EMPIRICA CREDITAS AUTO,FIDC,https://www.liberumratings.com.br/detalhes-ativo/26194
2026-09-25,ATLANTIC FUNDO DE INVESTIMENTO EM DIREITOS CREDITORIOS MULTISSETORIAL,FIDC,https://www.liberumratings.com.br/detalhes-ativo/26200
2026-09-25,FUNDO DE INVESTIMENTO EM DIREITOS CREDITÓRIOS EMPÍRICA IOSAN,FIDC,https://www.liberumratings.com.br/detalhes-ativo/26082
2026-09-25,ÁRTICO FUNDO DE INVESTIMENTO EM DIREITOS CREDITÓRIOS,FIDC,https://www.liberumratings.com.br/detalhes-ativo/26122
2026-09-25,LONG SHOT FUNDO DE INVESTIMENTO EM COTAS DE FIDC,FIDC,https://www.liberumratings.com.br/detalhes-ativo/25574
2026-09-25,KP GUARDIAN FUNDO DE INVESTIMENTO EM COTAS DE FUNDOS DE INVESTIMENTO EM DIREITOS CREDITÓRIOS,FIDC,https://www.liberumratings.com.br/detalhes-ativo/26170
2026-09-25,CITRINO FUNDO DE INVESTIMENTO EM DIREITOS CREDITÓRIOS NÃO PADRONIZADOS,FIDC,https://www.liberumratings.com.br/detalhes-ativo/26198
2026-09-25,KOBOLD MFS FUNDO DE INVESTIMENTO EM DIREITOS CREDITÓRIOS NÃO-PADRONIZADOS,FIDC,https://www.liberumratings.com.br/detalhes-ativo/26190
2026-09-25,PODIUM MEZANINO FUNDO DE INVESTIMENTO EM COTAS DE FUNDO DE INVESTIMENTO EM DIREITOS CREDITÓRIOS,FIDC,https://www.liberumratings.com.br/detalhes-ativo/26178
2026-09-25,WIMO FUNDO DE INVESTIMENTO EM DIREITOS CREDITORIOS,FIDC,https://www.liberumratings.com.br/detalhes-ativo/26192
2026-09-25,LIBRA II NP FUNDO DE INVESTIMENTO EM DIREITOS CREDITÓRIOS NÃO PADRONIZADOS MULTISSETORIAL,FIDC,https://www.liberumratings.com.br/detalhes-ativo/26038
2026-09-25,Plata FIDC - Fundo de Investimento em Direitos Creditórios Multissetorial LP,FIDC,https://www.liberumratings.com.br/detalhes-ativo/26164
2026-09-25,SATURNO FUNDO DE INVESTIMENTO EM DIREITOS CREDITORIOS,FIDC,https://www.liberumratings.com.br/detalhes-ativo/26188
2026-09-25,OXSS FUNDO DE INVESTIMENTO EM DIREITOS CREDITORIOS,FIDC,https://www.liberumratings.com.br/detalhes-ativo/26123
2026-09-25,SANTA FÉ FUNDO DE INVESTIMENTO EM DIREITOS CREDITÓRIOS NÃO PADRONIZADOS,FIDC,https://www.liberumratings.com.br/detalhes-ativo/26187
2026-09-25,VSI 123QRED FUNDO DE INVESTIMENTO EM DIREITOS CREDITORIOS,FIDC,https://www.liberumratings.com.br/detalhes-ativo/26185
2026-09-25,PODIUM SENIOR FUNDO DE INVESTIMENTO EM COTAS DE FUNDO DE INVESTIMENTO EM DIREITOS CREDITÓRIOS,FIDC,https://www.liberumratings.com.br/detalhes-ativo/26177
2026-09-25,JGP ESTRUTURADOS III FUNDO DE INVESTIMENTO EM DIREITOS CREDITORIOS,FIDC,https://www.liberumratings.com.br/detalhes-ativo/26181
2026-09-25,Fundo de Investimento em Direitos Creditórios Multissetorial DB 18,FIDC,https://www.liberumratings.com.br/detalhes-ativo/26179
2026-09-25,Cambuí Finanças FUNDO DE INVESTIMENTO EM DIREITOS CREDITORIOS Multissetorial LP,FIDC,https://www.liberumratings.com.br/detalhes-ativo/26182
2026-09-25,VALORTEC FUNDO DE INVESTIMENTO EM DIREITOS CREDITORIOS,FIDC,https://www.liberumratings.com.br/detalhes-ativo/26183
2026-09-25,GRANCRED SP FUNDO DE INVESTIMENTO EM DIREITOS CREDITÓRIOS MULTISSETORIAL,FIDC,https://www.liberumratings.com.br/detalhes-ativo/26184
2026-09-25,LYSAN FUNDO DE INVESTIMENTO EM DIREITOS CREDITORIOS,FIDC,https://www.liberumratings.com.br/detalhes-ativo/26180
2026-09-25,FUNDO DE INVESTIMENTOS EM DIREITOS CREDITORIOS MULTISETORIAL HOPE LP,FIDC,https://www.liberumratings.com.br/detalhes-ativo/26163
2026-09-25,FUNDO DE INVESTIMENTO EM DIREITOS CREDITORIOS CONTBANK,FIDC,https://www.liberumratings.com.br/detalhes-ativo/26162
2026-09-25,PHD FUNDO DE INVESTIMENTO EM DIREITOS CREDITORIOS,FIDC,https://www.liberumratings.com.br/detalhes-ativo/26172
2026-09-25,GII Gestão Inteligente Fundo de Investimento em Direitos Creditórios,FIDC,https://www.liberumratings.com.br/detalhes-ativo/26173
2026-09-25,COOPERA FUNDO DE INVESTIMENTO EM DIREITOS CREDITORIOS,FIDC,https://www.liberumratings.com.br/detalhes-ativo/26165
2026-09-25,CRESTONE I FUNDO DE INVESTIMENTO EM DIREITOS CREDITORIOS NAO PADRONIZADOS,FIDC,https://www.liberumratings.com.br/detalhes-ativo/26176
2026-09-25,SIFRA ENERGY PODIUM FUNDO DE INVESTIMENTO EM DIREITOS CREDITORIOS,FIDC,https://www.liberumratings.com.br/detalhes-ativo/26175
2026-09-25,JUNTOS CAPITAL FUNDO DE INVESTIMENTO EM DIREITOS CREDITORIOS,FIDC,https://www.liberumratings.com.br/detalhes-ativo/26174
2026-09-25,Fundo de Investimento em Direitos Creditórios Empírica Mezzo Saúde,FIDC,https://www.liberumratings.com.br/detalhes-ativo/26124
2026-09-25,Acreditar Fundo de Investimento em Direitos Creditórios,FIDC,https://www.liberumratings.com.br/detalhes-ativo/26166
2026-09-25,Reag Special Situation Fundo de Investimento em Direitos Creditórios Padronizados Aberto,FIDC,https://www.liberumratings.com.br/detalhes-ativo/26169
2026-09-25,PARTNERSHIP MONEY FUNDO DE INVESTIMENTO EM DIREITOS CREDITORIOS,FIDC,https://www.liberumratings.com.br/detalhes-ativo/26171
2026-09-25,Trevys Fundo de Investimentos em Direitos Creditórios,FIDC,https://www.liberumratings.com.br/detalhes-ativo/26160
2026-09-25,Fundo de Investimento em Direitos Creditórios Não Padronizados Multissetorial R&G LP,FIDC,https://www.liberumratings.com.br/detalhes-ativo/26052
2026-09-25,SIGMA CREDIT FUNDO DE INVESTIMENTO EM COTAS DE FUNDOS DE INVESTIMENTO EM DIREITOS CREDITORIOS,FIDC,https://www.liberumratings.com.br/detalhes-ativo/26168
2026-09-25,SIGMA CREDIT FUNDO DE INVESTIMENTO EM DIREITOS CREDITORIOS,FIDC,https://www.liberumratings.com.br/detalhes-ativo/26167
2026-09-25,CASE FUNDO DE INVESTIMENTO EM DIREITOS CREDITORIOS,FIDC,https://www.liberumratings.com.br/detalhes-ativo/26157
2026-09-25,GUARDIAN FUNDO DE INVESTIMENTO EM DIREITOS CREDITORIOS,FIDC,https://www.liberumratings.com.br/detalhes-ativo/26156
2026-09-25,NOVA CAPITAL FUNDO DE INVESTIMENTO EM DIREITOS CREDITORIOS,FIDC,https://www.liberumratings.com.br/detalhes-ativo/26051
2026-09-25,MULTIPLIK FUNDO DE INVESTIMENTO EM DIREITOS CREDITORIOS MULTISSETORIAL LP,FIDC,https://www.liberumratings.com.br/detalhes-ativo/26152
2026-09-25,Lotus Performance Fundo de Investimento em Direitos Creditórios Multissetorial LP,FIDC,https://www.liberumratings.com.br/detalhes-ativo/26146
2026-09-25,MLC 1A FUNDO DE INVESTIMENTO EM DIREITOS CREDITORIOS NÃO PADRONIZADOS,FIDC,https://www.liberumratings.com.br/detalhes-ativo/26153
2026-09-25,FATORI FUNDO DE INVESTIMENTO EM DIREITOS CREDITORIOS MULTISSETORIAL,FIDC,https://www.liberumratings.com.br/detalhes-ativo/26149
2026-09-25,Pinarello Fundo de Investimento em Direitos Creditórios,FIDC,https://www.liberumratings.com.br/detalhes-ativo/26133
2026-09-25,VERSATIL FUNDO DE INVESTIMENTO EM DIREITOS CREDITORIOS,FIDC,https://www.liberumratings.com.br/detalhes-ativo/26158
2026-09-25,Multiplike Fundo de Investimento em Direitos Creditórios,FIDC,https://www.liberumratings.com.br/detalhes-ativo/26100
2026-09-25,VENTURA FUNDO DE INVESTIMENTO EM DIREITOS CREDITORIOS,FIDC,https://www.liberumratings.com.br/detalhes-ativo/26155
2026-09-25,INVESTCAMP Fundo de Investimento em Direitos Creditorios,FIDC,https://www.liberumratings.com.br/detalhes-ativo/26159
2026-09-25,ROYAL OAK FUNDO DE INVESTIMENTO EM COTAS DE FUNDOS DE INVESTIMENTOS MULTIMERCADO CREDITO PRIVADO INVESTIMENTO NO EXTERIOR,FIDC,https://www.liberumratings.com.br/detalhes-ativo/26154
2026-09-25,OPERA FUNDO DE INVESTIMENTO EM DIREITOS CREDITORIOS MULTISETORIAL,FIDC,https://www.liberumratings.com.br/detalhes-ativo/26120
2026-09-25,FUNDO DE INVESTIMENTO EM DIREITOS CREDITÓRIOS ZIPDIN I,FIDC,https://www.liberumratings.com.br/detalhes-ativo/26127
2026-09-25,FUNDO DE INVESTIMENTO EM DIREITOS CREDITORIOS SANTA CRUZ CAPITAL,FIDC,https://www.liberumratings.com.br/detalhes-ativo/26125
2026-09-25,PREMIER RP FUNDO DE INVESTIMENTO EM DIREITOS CREDITORIOS,FIDC,https://www.liberumratings.com.br/detalhes-ativo/26141
2026-09-25,M Sul Fundo de Investimentos em Direitos Creditórios,FIDC,https://www.liberumratings.com.br/detalhes-ativo/26151
2026-09-25,FUNDO DE INVESTIMENTO EM DIREITOS CREDITORIOS GO KENERSON,FIDC,https://www.liberumratings.com.br/detalhes-ativo/26139
2026-09-25,VSI SAC FUNDO DE INVESTIMENTO EM DIREITOS CREDITORIOS,FIDC,https://www.liberumratings.com.br/detalhes-ativo/26098
2026-09-25,FOUR EVEN FUNDO DE INVESTIMENTO EM DIREITOS CREDITÓRIOS NÃO PADRONIZADOS,FIDC,https://www.liberumratings.com.br/detalhes-ativo/26147
2026-09-25,INVISTA I FIC FIDC MULTISSETORIAL NAO PADRONIZADO,FIDC,https://www.liberumratings.com.br/detalhes-ativo/26148
2026-09-25,MULTI INFRA FUNDO DE INVESTIMENTO EM DIREITOS CREDITÓRIOS NÃO-PADRONIZADOS,FIDC,https://www.liberumratings.com.br/detalhes-ativo/26058
2026-09-25,U.NIC FUNDO DE INVESTIMENTO EM DIREITOS CREDITÓRIOS,FIDC,https://www.liberumratings.com.br/detalhes-ativo/26111
2026-09-25,MT FUNDO DE INVESTIMENTO EM DIREITOS CREDITORIOS NAO PADRONIZADOS,FIDC,https://www.liberumratings.com.br/detalhes-ativo/26137
2026-09-25,Genesis Fundo de Investimento em Direitos Creditórios Não  Padronizados,FIDC,https://www.liberumratings.com.br/detalhes-ativo/26145
2026-09-25,SEJA FUNDO DE INVESTIMENTO EM DIREITOS CREDITÓRIOS,FIDC,https://www.liberumratings.com.br/detalhes-ativo/26138
2026-09-25,SAV NEXOOS FUNDO DE INVESTIMENTO EM DIREITOS CREDITÓRIOS,FIDC,https://www.liberumratings.com.br/detalhes-ativo/26144
2026-09-25,Fundo de Investimentos em Direitos Creditórios Premium Solis,FIDC,https://www.liberumratings.com.br/detalhes-ativo/26112
2026-09-25,FUNDO DE INVESTIMENTO EM DIREITOS CREDITORIOS NAO-PADRONIZADOS INVISTA ATIVOS ALTERNATIVOS I,FIDC,https://www.liberumratings.com.br/detalhes-ativo/26142
2026-09-25,IRLA FUNDO DE INVESTIMENTO EM DIREITOS CREDITORIOS MULTISSETORIAL,FIDC,https://www.liberumratings.com.br/detalhes-ativo/26121
2026-09-25,RIGEL FUNDO DE INVESTIMENTO EM DIREITOS CREDITÓRIOS,FIDC,https://www.liberumratings.com.br/detalhes-ativo/26132
2026-09-25,INVISTA III Fundo de Investimentos em Direitos Creditorios Não Padronizado,FIDC,https://www.liberumratings.com.br/detalhes-ativo/26131
2026-09-25,WIMO PJ FUNDO DE INVESTIMENTO EM DIREITOS CREDITÓRIOS,FIDC,https://www.liberumratings.com.br/detalhes-ativo/26068
2026-09-25,ELLEVE NPL FUNDO DE INVESTIMENTO EM DIREITOS CREDITÓRIOS - NÃO PADRONIZADOS,FIDC,https://www.liberumratings.com.br/detalhes-ativo/26130
2026-09-25,LB FUNDO DE INVESTIMENTO EM DIREITOS CREDITORIOS,FIDC,https://www.liberumratings.com.br/detalhes-ativo/26134
2026-09-25,L'ARCA CONSIGNADO FUNDO DE INVESTIMENTO EM DIREITOS CREDITORIOS,FIDC,https://www.liberumratings.com.br/detalhes-ativo/26110
2026-09-25,Fundo de Investimento em Direitos Creditórios Kovi I,FIDC,https://www.liberumratings.com.br/detalhes-ativo/26119
2026-09-25,RCL3X FIAGRO - DIREITOS CREDITÓRIOS,FIDC,https://www.liberumratings.com.br/detalhes-ativo/26129
2026-09-25,ALFA FUNDO DE INVESTIMENTO EM DIREITOS CREDITÓRIOS MULTISSETORIAL,FIDC,https://www.liberumratings.com.br/detalhes-ativo/26113
2026-09-25,Centrum Fundo de Investimento em Direitos Creditórios NP,FIDC,https://www.liberumratings.com.br/detalhes-ativo/26128
2026-09-25,Creditise Fundo de Investimentos em Direitos Creditórios Não Padronizado,FIDC,https://www.liberumratings.com.br/detalhes-ativo/26117
2026-09-25,Mav Alternative Credit Fundo de Investimento em Direitos Creditórios Não-Padronizados,FIDC,https://www.liberumratings.com.br/detalhes-ativo/26108
2026-09-25,VIA CAPITAL ARTEMUS FUNDO DE INVESTIMENTO EM DIREITOS CREDITÓRIOS MULTISSETORIAL,FIDC,https://www.liberumratings.com.br/detalhes-ativo/26118
2026-09-25,FUNDO DE INVESTIMENTO EM DIREITOS CREDITÓRIOS SOLAR KOMPASS ENERGIA,FIDC,https://www.liberumratings.com.br/detalhes-ativo/26115
2026-09-25,Pagbem Fundo de Investimentos em Direitos Creditórios,FIDC,https://www.liberumratings.com.br/detalhes-ativo/26116
2026-09-25,AEG 4 FUNDO DE INVESTIMENTO EM DIREITOS CREDITORIOS NAO-PADRONIZADOS,FIDC,https://www.liberumratings.com.br/detalhes-ativo/26106
2026-09-25,RIDOLFINVEST 2 FIDC-NP,FIDC,https://www.liberumratings.com.br/detalhes-ativo/26032
2026-09-25,Credit Brasil Fundo de Investimento em Direitos Creditórios Multissetorial Master,FIDC,https://www.liberumratings.com.br/detalhes-ativo/26092
2026-09-25,ENKI FUNDO DE INVESTIMENTO EM DIREITOS CREDITORIOS NAO PADRONIZADOS,FIDC,https://www.liberumratings.com.br/detalhes-ativo/26103
2026-09-25,MS MULTI FUNDO DE INVESTIMENTO EM DIREITOS CREDITÓRIOS,FIDC,https://www.liberumratings.com.br/detalhes-ativo/26102
2026-09-25,ESMERALDA FIDC,FIDC,https://www.liberumratings.com.br/detalhes-ativo/26114
2026-09-25,FUNDO DE INVESTIMENTO EM DIREITOS CREDITÓRIOS TRADING I,FIDC,https://www.liberumratings.com.br/detalhes-ativo/26101
2026-09-25,C+ VALORA FUNDO DE INVESTIMENTO EM DIREITOS CREDITÓRIOS,FIDC,https://www.liberumratings.com.br/detalhes-ativo/26107
2026-09-25,PREMIUM RECEBIVEIS I MULTISSETORIAL - FUNDO DE INVESTIMENTO EM DIREITOS CREDITORIOS,FIDC,https://www.liberumratings.com.br/detalhes-ativo/26088
2026-09-25,ABC FUNDO DE INVESTIMENTO EM DIREITOS CREDITORIOS,FIDC,https://www.liberumratings.com.br/detalhes-ativo/26109
2026-09-25,NXC CAPITAL FUNDO DE INVESTIMENTO EM DIREITOS CREDITÓRIOS,FIDC,https://www.liberumratings.com.br/detalhes-ativo/26096
2026-09-25,ST 1001 FUNDO DE INVESTIMENTO EM DIREITOS CREDITORIOS,FIDC,https://www.liberumratings.com.br/detalhes-ativo/26097
2026-09-25,FUNDO DE INVESTIMENTO EM DIREITOS CREDITÓRIOS ALI CRÉDITO,FIDC,https://www.liberumratings.com.br/detalhes-ativo/26104
2026-09-25,ARPEL CAPITAL FUNDO DE INVESTIMENTO EM DIREITOS CREDITORIOS NAO PADRONIZADOS,FIDC,https://www.liberumratings.com.br/detalhes-ativo/26039
2026-09-25,GALAPAGOS ARQUIPÉLAGO FUNDO DE INVESTIMENTO EM DIREITOS CREDITÓRIOS NP,FIDC,https://www.liberumratings.com.br/detalhes-ativo/26084
2026-09-25,VIXTRA FUNDO DE INVESTIMENTOS EM DIREITOS CREDITÓRIOS,FIDC,https://www.liberumratings.com.br/detalhes-ativo/25994
2026-09-25,JC Crédito Premio I FIDC NP,FIDC,https://www.liberumratings.com.br/detalhes-ativo/26067
2026-09-25,Fundo de Investimento em Direitos Creditórios Capital 5,FIDC,https://www.liberumratings.com.br/detalhes-ativo/26093
2026-09-25,JC 4870 V FIDC NP,FIDC,https://www.liberumratings.com.br/detalhes-ativo/26090
2026-09-25,SOLIS RECEBÍVEIS COMERCIAIS I FIC FIDC,FIDC,https://www.liberumratings.com.br/detalhes-ativo/26085
2026-09-25,Milas Fundo de Investimentos em Direitos Creditórios - Não Padronizado,FIDC,https://www.liberumratings.com.br/detalhes-ativo/26094
2026-09-25,ASPEN FUNDO DE INVESTIMENTO EM DIREITOS CREDITÓRIOS,FIDC,https://www.liberumratings.com.br/detalhes-ativo/26095
2026-09-25,Urbe Fundo de Investimento em Direitos Creditórios Multissetorial LP,FIDC,https://www.liberumratings.com.br/detalhes-ativo/26099
2026-09-25,Fundo de Investimento em Direitos Creditórios Empírica A55 SAAS,FIDC,https://www.liberumratings.com.br/detalhes-ativo/26087
2026-09-25,OPHIR FUNDO DE INVESTIMENTO EM DIREITOS CREDITORIOS,FIDC,https://www.liberumratings.com.br/detalhes-ativo/26086
2026-09-25,WFR FUNDO DE INVESTIMENTO EM DIREITOS CREDITORIOS MULTISSETORIAL,FIDC,https://www.liberumratings.com.br/detalhes-ativo/26089
2026-09-25,Lotus Performance Fundo de Investimento em Direitos Creditórios Multissetorial LP,FIDC,https://www.liberumratings.com.br/detalhes-ativo/26034
2026-09-25,Fundo de Investimento em Direitos Creditórios Multissetorial Milênio Recebíveis LP,FIDC,https://www.liberumratings.com.br/detalhes-ativo/26035
2026-09-25,FAMA FUNDO DE INVESTIMENTO EM DIREITOS CREDITÓRIOS,FIDC,https://www.liberumratings.com.br/detalhes-ativo/26076
2026-09-25,RDF Fundo de Investimento em Direitos Creditórios,FIDC,https://www.liberumratings.com.br/detalhes-ativo/26077
2026-09-25,Sifra Plus Multissegmento Fundo de Investimento em Direitos Creditórios,FIDC,https://www.liberumratings.com.br/detalhes-ativo/26059
2026-09-25,SQUID FUNDO DE INVESTIMENTO EM DIRETOS CREDITORIOS,FIDC,https://www.liberumratings.com.br/detalhes-ativo/25940
2026-09-25,AUDAX CAPITAL FUNDO DE INVESTIMENTO EM DIREITOS CREDITORIOS,FIDC,https://www.liberumratings.com.br/detalhes-ativo/26008
2026-09-25,FUNDO DE INVESTIMENTO EM DIREITOS CREDITÓRIOS DEL MONTE NÃO PADRONIZADO,FIDC,https://www.liberumratings.com.br/detalhes-ativo/26062
2026-09-25,Harpia Fundo de Investimentos em Direitos Creditórios,FIDC,https://www.liberumratings.com.br/detalhes-ativo/26073
2026-09-25,FOUR CREDIT FUNDO DE INVESTIMENTO EM DIREITOS CREDITORIOS,FIDC,https://www.liberumratings.com.br/detalhes-ativo/26080
2026-09-25,STARS BANK FUNDO DE INVESTIMENTO EM DIREITOS CREDITORIOS LP,FIDC,https://www.liberumratings.com.br/detalhes-ativo/26078
2026-09-25,LEVER FUNDO DE INVESTIMENTO EM DIREITOS CREDITÓRIOS,FIDC,https://www.liberumratings.com.br/detalhes-ativo/26079
2026-09-25,VALYOS Fundo de Investimentos Em Direitos Creditorios Imobiliarios,FIDC,https://www.liberumratings.com.br/detalhes-ativo/26081
2026-09-25,CREDIHOME FUNDO DE INVESTIMENTO EM DIREITOS CREDITORIOS,FIDC,https://www.liberumratings.com.br/detalhes-ativo/26069
2026-09-25,FUNDO DE INVESTIMENTO EM DIREITOS CREDITORIOS MULTISETORIAL EMPRESARIAL LP,FIDC,https://www.liberumratings.com.br/detalhes-ativo/26063
2026-09-25,FUNDO DE INVESTIMENTO EM DIREITOS CREDITÓRIOS AGORA TELECOM,FIDC,https://www.liberumratings.com.br/detalhes-ativo/26071
2026-09-25,AGROLEND II FIAGRO - FUNDO DE INVESTIMENTO EM DIREITOS CREDITÓRIOS,FIDC,https://www.liberumratings.com.br/detalhes-ativo/26053
2026-09-25,L'ARCA CAPITAL FUNDO DE INVESTIMENTO EM DIREITOS CREDITORIOS,FIDC,https://www.liberumratings.com.br/detalhes-ativo/26020
2026-09-25,JC SILOS FUNDO DE INVESTIMENTO EM DIREITOS CREDITÓRIOS NÃO-PADRONIZADO,FIDC,https://www.liberumratings.com.br/detalhes-ativo/26061
2026-09-25,FUNDO DE INVESTIMENTO EM DIREITOS CREDITORIOS SABIA CREDIT,FIDC,https://www.liberumratings.com.br/detalhes-ativo/26075
2026-09-25,ELDORADO FUNDO DE INVESTIMENTO EM DIREITOS CREDITÓRIOS NÃO-PADRONIZADOS,FIDC,https://www.liberumratings.com.br/detalhes-ativo/26065
2026-09-25,FUNDO DE INVESTIMENTO EM DIREITOS CREDITÓRIOS ASAAS,FIDC,https://www.liberumratings.com.br/detalhes-ativo/26070
2026-09-25,HT3 FUNDO DE INVESTIMENTO EM DIREITOS CREDITORIOS,FIDC,https://www.liberumratings.com.br/detalhes-ativo/26074
2026-09-25,AGROFORTE - FUNDO DE INVESTIMENTO EM DIREITOS CREDITORIOS,FIDC,https://www.liberumratings.com.br/detalhes-ativo/26043
2026-09-25,DIP FINANCING 11 FUNDO DE INVESTIMENTO EM DIREITOS CREDITORIOS NAO-PADRONIZADOS,FIDC,https://www.liberumratings.com.br/detalhes-ativo/26009
2026-09-25,NEON FUNDO DE INVESTIMENTO EM DIREITOS CREDITORIOS I,FIDC,https://www.liberumratings.com.br/detalhes-ativo/26064
2026-09-25,FUNDO DE INVESTIMENTO EM DIREITOS CREDITÓRIOS BIZCAPITAL EMPÍRICA PME,FIDC,https://www.liberumratings.com.br/detalhes-ativo/26072
2026-09-25,NANBAN II FUNDO DE INVESTIMENTO EM DIREITOS CREDITÓRIOS NÃO-PADRONIZADOS,FIDC,https://www.liberumratings.com.br/detalhes-ativo/26066
2026-09-25,ACL NP FUNDO DE INVESTIMENTO EM DIREITOS CREDITORIOS NAO PADRONIZADOS,FIDC,https://www.liberumratings.com.br/detalhes-ativo/26056
2026-09-25,SG FUNDO DE INVESTIMENTO EM DIREITOS CREDITÓRIOS,FIDC,https://www.liberumratings.com.br/detalhes-ativo/26060
2026-09-25,Fundo de Investimento Em Direitos Creditorios Indigo Barter,FIDC,https://www.liberumratings.com.br/detalhes-ativo/26050
2026-09-25,MULTI RECEBÍVEIS III FUNDO DE INVESTIMENTO EM DIREITOS CREDITÓRIOS,FIDC,https://www.liberumratings.com.br/detalhes-ativo/26047
2026-09-25,Adicional FUNDO DE INVESTIMENTO EM DIREITOS CREDITORIOS Multissetorial  NP,FIDC,https://www.liberumratings.com.br/detalhes-ativo/26045
2026-09-25,ANDALUZ FUNDO DE INVESTIMENTO EM DIREITOS CREDITÓRIOS,FIDC,https://www.liberumratings.com.br/detalhes-ativo/26055
2026-09-25,GVN FUNDO DE INVESTIMENTO EM DIREITOS CREDITÓRIOS,FIDC,https://www.liberumratings.com.br/detalhes-ativo/26037
2026-09-25,PARTNERSHIP MONEY FUNDO DE INVESTIMENTO EM DIREITOS CREDITORIOS,FIDC,https://www.liberumratings.com.br/detalhes-ativo/26054
2026-09-25,FUNDO DE INVESTIMENTO EM DIREITOS CREDITORIOS UTILITY CREDIT,FIDC,https://www.liberumratings.com.br/detalhes-ativo/26026
2026-09-25,INTER SIMPLES FUNDO DE INVESTIMENTO EM DIREITOS CREDITORIOS MULTISSETORIAL,FIDC,https://www.liberumratings.com.br/detalhes-ativo/26044
2026-09-25,FUNDO DE INVESTIMENTO EM DIREITOS CREDITORIOS FRADINHO,FIDC,https://www.liberumratings.com.br/detalhes-ativo/26041
2026-09-25,Fundo de Investimento em Direitos Creditórios  Multissetorial Prévia,FIDC,https://www.liberumratings.com.br/detalhes-ativo/26057
2026-09-25,Fundo de Investimento em Direitos Creditórios Angá Sabemi VIII,FIDC,https://www.liberumratings.com.br/detalhes-ativo/26049
2026-09-25,Fundo de Investimento em Direitos Creditórios Angá Sabemi Consignados VII,FIDC,https://www.liberumratings.com.br/detalhes-ativo/26048
2026-09-25,CLM FUNDO DE INVESTIMENTO EM DIREITOS CREDITORIOS NÃO-PADRONIZADOS MULTISSETORIAL,FIDC,https://www.liberumratings.com.br/detalhes-ativo/26046
2026-09-25,LIBRA FUNDO DE INVESTIMENTO EM DIREITOS CREDITÓRIOS MULTISSETORIAL,FIDC,https://www.liberumratings.com.br/detalhes-ativo/26040
2026-09-25,BARU GRIFFIN FUNDO DE INVESTIMENTO EM DIREITOS CREDITORIOS,FIDC,https://www.liberumratings.com.br/detalhes-ativo/26042
2026-09-25,RSS FUNDO DE INVESTIMENTO EM DIREITOS CREDITORIOS,FIDC,https://www.liberumratings.com.br/detalhes-ativo/26036
2026-09-25,PAGOL FUNDO DE INVESTIMENTO EM DIREITOS CREDITORIOS,FIDC,https://www.liberumratings.com.br/detalhes-ativo/25921
2026-09-25,FUNDO DE INVESTIMENTO EM DIREITOS CREDITÓRIOS PH TECH,FIDC,https://www.liberumratings.com.br/detalhes-ativo/26010
2026-09-25,FUNDO DE INVESTIMENTO EM DIREITOS CREDITÓRIOS TRADEPAY VAREJO I,FIDC,https://www.liberumratings.com.br/detalhes-ativo/26016
2026-09-25,PACIFIC FUNDO DE INVESTIMENTO EM DIREITOS CREDITORIOS NAO-PADRONIZADOS,FIDC,https://www.liberumratings.com.br/detalhes-ativo/26014
2026-09-25,CRESTONE I FUNDO DE INVESTIMENTO EM DIREITOS CREDITORIOS NAO PADRONIZADOS,FIDC,https://www.liberumratings.com.br/detalhes-ativo/26018
2026-09-25,JUSINVEST I FUNDO DE INVESTIMENTO EM DIREITOS CREDITORIOS NAO PADRONIZADOS,FIDC,https://www.liberumratings.com.br/detalhes-ativo/26022
2026-09-25,C&J FUNDO DE INVESTIMENTO EM DIREITOS CREDITORIOS,FIDC,https://www.liberumratings.com.br/detalhes-ativo/26024
2026-09-25,VERSATILE FUNDO DE INVESTIMENTO EM DIREITOS CREDITORIOS,FIDC,https://www.liberumratings.com.br/detalhes-ativo/25942
2026-09-25,FIDC Brasilfactors Crédito Corporativo,FIDC,https://www.liberumratings.com.br/detalhes-ativo/26021
2026-09-25,LITUS FUNDO DE INVESTIMENTO EM DIREITOS CREDITORIOS MULTISSETORIAL,FIDC,https://www.liberumratings.com.br/detalhes-ativo/26007
2026-09-25,Fundo de Investimento em Direitos Creditórios Multisetorial Delta - NP,FIDC,https://www.liberumratings.com.br/detalhes-ativo/26019
2026-09-25,FUNDO DE INVESTIMENTO EM DIREITOS CREDITORIOS MULTISSETORIAL MAREAH,FIDC,https://www.liberumratings.com.br/detalhes-ativo/26012
2026-09-25,HUBCRED FUNDO DE INVESTIMENTO EM DIREITOS CREDITORIOS,FIDC,https://www.liberumratings.com.br/detalhes-ativo/25964
2026-09-25,WK FUNDO DE INVESTIMENTO EM DIREITOS CREDITORIOS,FIDC,https://www.liberumratings.com.br/detalhes-ativo/26011
2026-09-25,TORQI FUNDO DE INVESTIMENTO EM DIREITOS CREDITORIOS,FIDC,https://www.liberumratings.com.br/detalhes-ativo/26017
2026-09-25,RCL3X FIAGRO - DIREITOS CREDITÓRIOS,FIDC,https://www.liberumratings.com.br/detalhes-ativo/25740
2026-09-25,AFA HIGH YIELD CREDIT OPPORTUNITY FUNDO DE INVESTIMENTO EM DIREITOS CREDITORIOS,FIDC,https://www.liberumratings.com.br/detalhes-ativo/26027
2026-09-25,SG III Fundo de Investimento em Cotas de Fundo de Investimento em Direitos Creditório - NP,FIDC,https://www.liberumratings.com.br/detalhes-ativo/26028
2026-09-25,SG JC III FIC FIDC NP,FIDC,https://www.liberumratings.com.br/detalhes-ativo/26029
2026-09-25,Tulipa Créditos Judiciais Fundo de Investimento em Direitos Creditórios Não-Padronizados,FIDC,https://www.liberumratings.com.br/detalhes-ativo/26030
2026-09-25,FUNDO DE INVESTIMENTO EM DIREITOS CREDITÓRIOS AGRO SGT,FIDC,https://www.liberumratings.com.br/detalhes-ativo/26023
2026-09-25,TMOV FUNDO DE INVESTIMENTO EM DIREITOS CREDITORIOS,FIDC,https://www.liberumratings.com.br/detalhes-ativo/26033
2026-09-25,ATLANTIC FUNDO DE INVESTIMENTO EM DIREITOS CREDITORIOS MULTISSETORIAL,FIDC,https://www.liberumratings.com.br/detalhes-ativo/26015
2026-09-25,LECCA FUNDO DE INVESTIMENTO EM DIREITOS CREDITORIOS,FIDC,https://www.liberumratings.com.br/detalhes-ativo/25933
2026-09-25,JP CAPITAL FUNDO DE INVESTIMENTO EM DIREITOS CREDITORIOS,FIDC,https://www.liberumratings.com.br/detalhes-ativo/26000
2026-09-25,AURUM - FUNDO DE INVESTIMENTO EM DIREITOS CREDITORIOS MULTISSETORIAL LP,FIDC,https://www.liberumratings.com.br/detalhes-ativo/25998
2026-09-25,Fundo de Investimento em Direitos Creditórios Não Padronizados Sifra Performance,FIDC,https://www.liberumratings.com.br/detalhes-ativo/25733
2026-09-25,ARGENTA FUNDO DE INVESTIMENTO EM DIREITOS CREDITÓRIOS,FIDC,https://www.liberumratings.com.br/detalhes-ativo/25705
2026-09-25,GFM FUNDO DE INVESTIMENTO EM DIREITOS CREDITORIOS MULTICREDITO,FIDC,https://www.liberumratings.com.br/detalhes-ativo/26005
2026-09-25,CONSIGA MAIS FUNDO DE INVESTIMENTO EM DIREITOS CREDITÓRIOS,FIDC,https://www.liberumratings.com.br/detalhes-ativo/26002
2026-09-25,MUNDI FUNDO DE INVESTIMENTO EM DIREITOS CREDITÓRIOS NÃO PADRONIZADOS,FIDC,https://www.liberumratings.com.br/detalhes-ativo/26004
2026-09-25,LB FUNDO DE INVESTIMENTO EM DIREITOS CREDITORIOS,FIDC,https://www.liberumratings.com.br/detalhes-ativo/26003
2026-09-25,WM GALAPAGOS FUNDO DE INVESTIMENTO EM COTAS DE FUNDO DE INVESTIMENTO EM DIREITOS CREDITORIOS NÃO PADRONIZADOS,FIDC,https://www.liberumratings.com.br/detalhes-ativo/26006
2026-09-25,FUNDO DE INVESTIMENTO EM DIREITOS CREDITORIOS JGM LP,FIDC,https://www.liberumratings.com.br/detalhes-ativo/25999
2026-09-25,FUNDO DE INVESTIMENTO EM DIREITOS CREDITORIOS ONIX PRIME,FIDC,https://www.liberumratings.com.br/detalhes-ativo/25991
2026-09-25,ESTÍMULO FUNDO DE INVESTIMENTO EM DIREITOS CREDITÓRIOS,FIDC,https://www.liberumratings.com.br/detalhes-ativo/25947
2026-09-25,Starboard Special Situations II Fundo de Investimento em Direitos Creditorios NP,FIDC,https://www.liberumratings.com.br/detalhes-ativo/25986
2026-09-25,W CAPITAL I - FUNDO DE INVESTIMENTO EM DIREITOS CREDITÓRIOS,FIDC,https://www.liberumratings.com.br/detalhes-ativo/25967
2026-09-25,Fundo de Investimento em Direitos Creditórios Empírica Premier Capital,FIDC,https://www.liberumratings.com.br/detalhes-ativo/25948
2026-09-25,Garson Fundo de Investimento em Direitos Creditórios,FIDC,https://www.liberumratings.com.br/detalhes-ativo/25996
2026-09-25,GPR FUNDO DE INVESTIMENTO EM DIREITOS CREDITORIOS,FIDC,https://www.liberumratings.com.br/detalhes-ativo/25997
2026-09-25,RAPPICARD FUNDO DE INVESTIMENTO EM DIREITOS CREDITORIOS,FIDC,https://www.liberumratings.com.br/detalhes-ativo/25992
2026-09-25,JPI FUNDO DE INVESTIMENTO EM DIREITOS CREDITORIOS,FIDC,https://www.liberumratings.com.br/detalhes-ativo/25962
2026-09-25,CONDOCONTA FUNDO DE INVESTIMENTO EM DIREITOS CREDITORIOS NAO-PADRONIZADO,FIDC,https://www.liberumratings.com.br/detalhes-ativo/26001
2026-09-25,MR FUNDO DE INVESTIMENTO EM DIREITOS CREDITÓRIOS,FIDC,https://www.liberumratings.com.br/detalhes-ativo/25983
2026-09-25,Fundo de Investimentos em Direitos Creditórios GRIFO,FIDC,https://www.liberumratings.com.br/detalhes-ativo/25965
2026-09-25,JC 4870 VI FUNDO DE INVESTIMENTO EM DIREITOS CREDITORIOS NAO PADRONIZADOS FIDC-NP,FIDC,https://www.liberumratings.com.br/detalhes-ativo/25987
2026-09-25,INDÚSTRIA Q1 FUNDO DE INVESTIMENTO EM DIREITOS CREDITÓRIOS,FIDC,https://www.liberumratings.com.br/detalhes-ativo/25945
2026-09-25,Violin 8432 (2) Créditos Judiciais Fundo de Investimento em Direitos Creditórios Não-Padronizados,FIDC,https://www.liberumratings.com.br/detalhes-ativo/25990
2026-09-25,SPS ALGARVE DELTA CRÉDITOS JUDICIAIS FUNDO DE INVESTIMENTO EM DIREITOS CREDITÓRIOS NÃO PADRONIZADOS,FIDC,https://www.liberumratings.com.br/detalhes-ativo/25995
2026-09-25,VIOLIN 8432 CRÉDITOS JUDICIAIS FUNDO DE INVESTIMENTO EM DIREITOS CREDITÓRIOS NÃO-PADRONIZADOS,FIDC,https://www.liberumratings.com.br/detalhes-ativo/25971
2026-09-25,BARU GRIFFIN FUNDO DE INVESTIMENTO EM DIREITOS CREDITORIOS,FIDC,https://www.liberumratings.com.br/detalhes-ativo/25946
2026-09-25,MULTI RECEBIVEIS II FUNDO DE INVESTIMENTO EM DIREITOS CREDITORIOS,FIDC,https://www.liberumratings.com.br/detalhes-ativo/25989
2026-09-25,Fundo de Investimento em Direitos Creditórios Não Padronizados Multissetorial R&G LP,FIDC,https://www.liberumratings.com.br/detalhes-ativo/25572
2026-09-25,AGROFORTE - FUNDO DE INVESTIMENTO EM DIREITOS CREDITORIOS,FIDC,https://www.liberumratings.com.br/detalhes-ativo/25924
2026-09-25,NEB FUNDO DE INVESTIMENTO EM DIREITOS CREDITÓRIOS NÃO-PADRONIZADOS,FIDC,https://www.liberumratings.com.br/detalhes-ativo/25960
2026-09-25,UA FUNDO DE INVESTIMENTO EM DIREITOS CREDITORIOS,FIDC,https://www.liberumratings.com.br/detalhes-ativo/25982
2026-09-25,JC Diversificado VI Fundo de Investimento em Direitos Creditorios Não-Padronizado,FIDC,https://www.liberumratings.com.br/detalhes-ativo/25984
2026-09-25,INVESTCON FUNDO DE INVESTIMENTO EM DIREITOS CREDITORIOS,FIDC,https://www.liberumratings.com.br/detalhes-ativo/25934
2026-09-25,JC 4870 Fundo de Investimento em Direitos Creditório - Não Padronizado,FIDC,https://www.liberumratings.com.br/detalhes-ativo/25968
2026-09-25,SG II A Fundo De Investimento Em Cotas De Fundos De Investimento Em Direitos Creditorios Nao-Padronizados,FIDC,https://www.liberumratings.com.br/detalhes-ativo/25980
2026-09-25,PORTLAND CRÉDITOS JUDICIAIS FUNDO DE INVESTIMENTO EM DIREITOS CREDITÓRIOS NÃO-PADRONIZADOS,FIDC,https://www.liberumratings.com.br/detalhes-ativo/25979
2026-09-25,JC BG Fundo de Investimento em Direitos Creditórios Não-Padronizados – FIDC NP,FIDC,https://www.liberumratings.com.br/detalhes-ativo/25977
2026-09-25,SAINT JOHN FUNDO DE INVESTIMENTO EM DIREITOS CREDITORIOS NAO-PADRONIZADOS,FIDC,https://www.liberumratings.com.br/detalhes-ativo/25970
2026-09-25,MALMO FICFIDC-NP,FIDC,https://www.liberumratings.com.br/detalhes-ativo/25969
2026-09-25,C3E CRÉDITOS JUDICIAIS FUNDO DE INVESTIMENTO EM DIREITOS CREDITÓRIOS NÃO PADRONIZADOS,FIDC,https://www.liberumratings.com.br/detalhes-ativo/25974
2026-09-25,C3E CJ FIC – FIDC,FIDC,https://www.liberumratings.com.br/detalhes-ativo/25973
2026-09-25,JC BG FICFIDC NP,FIDC,https://www.liberumratings.com.br/detalhes-ativo/25978
2026-09-25,SÃO CRISTÓVÃO FUNDO DE INVESTIMENTO EM DIREITOS CREDITORIOS NAO-PADRONIZADO,FIDC,https://www.liberumratings.com.br/detalhes-ativo/25976
2026-09-25,QUARTER PRECATÓRIOS FIDC NP,FIDC,https://www.liberumratings.com.br/detalhes-ativo/25975
2026-09-25,SGC UT FIDC NP,FIDC,https://www.liberumratings.com.br/detalhes-ativo/25952
2026-09-25,GAIA Fundo de Investimento em Direitos Creditorios Não Padronizados,FIDC,https://www.liberumratings.com.br/detalhes-ativo/25956
2026-09-25,ESPRESSO CRÉDITOS JUDICIAIS FUNDO DE INVESTIMENTO EM DIREITOS CREDITÓRIOS NÃO-PADRONIZADOS,FIDC,https://www.liberumratings.com.br/detalhes-ativo/25954
2026-09-25,BH FUNDO DE INVESTIMENTO EM DIREITOS CREDITÓRIOS NÃO-PADRONIZADOS,FIDC,https://www.liberumratings.com.br/detalhes-ativo/25953
2026-09-25,FUNDO DE INVESTIMENTO EM DIREITOS CREDITÓRIOS NÃO PADRONIZADO PREMIER CAPITAL,FIDC,https://www.liberumratings.com.br/detalhes-ativo/25963
2026-09-25,JC Diversificado III Fundo de Investimento em DireitosS Creditorios Não-Padronizado,FIDC,https://www.liberumratings.com.br/detalhes-ativo/25955
2026-09-25,SAN PRECA FEDERAL I FUNDO DE INVESTIMENTO EM DIREITOS CREDITÓRIOS NÃO-PADRONIZADOS,FIDC,https://www.liberumratings.com.br/detalhes-ativo/25957
2026-09-25,JC Créditos Judiciais Fundo de Investimento em Direitos Creditórios Não-Padronizados,FIDC,https://www.liberumratings.com.br/detalhes-ativo/25958
2026-09-25,FRUIT CREEK CRÉDITOS JUDICIAIS FUNDO DE INVESTIMENTO EM DIREITOS CREDITÓRIOS NÃO-PADRONIZADOS,FIDC,https://www.liberumratings.com.br/detalhes-ativo/25961
2026-09-25,FUNDO DE INVESTIMENTO EM DIREITOS CREDITÓRIOS TRADEPAY VAREJO I,FIDC,https://www.liberumratings.com.br/detalhes-ativo/25814
2026-09-25,CANAL 86 FUNDO DE INVESTIMENTO EM DIREITOS CREDITORIOS NAO-PADRONIZADO,FIDC,https://www.liberumratings.com.br/detalhes-ativo/25950
2026-09-25,CANAL 87 FUNDO DE INVESTIMENTO EM DIREITOS CREDITORIOS NÃO PADRONIZADO,FIDC,https://www.liberumratings.com.br/detalhes-ativo/25951
2026-09-25,SL FUNDO DE INVESTIMENTO EM DIREITOS CREDITÓRIOS,FIDC,https://www.liberumratings.com.br/detalhes-ativo/25943
2026-09-25,ATLANTIC FUNDO DE INVESTIMENTO EM DIREITOS CREDITORIOS MULTISSETORIAL,FIDC,https://www.liberumratings.com.br/detalhes-ativo/25930
2026-09-25,FIDC BPD CONSIGNADO,FIDC,https://www.liberumratings.com.br/detalhes-ativo/25712
2026-09-25,WM GALAPAGOS FUNDO DE INVESTIMENTO EM COTAS DE FUNDO DE INVESTIMENTO EM DIREITOS CREDITORIOS NÃO PADRONIZADOS,FIDC,https://www.liberumratings.com.br/detalhes-ativo/25937
2026-09-25,PACIFIC FUNDO DE INVESTIMENTO EM DIREITOS CREDITORIOS NAO-PADRONIZADOS,FIDC,https://www.liberumratings.com.br/detalhes-ativo/25931
2026-09-25,AGHI FUNDO DE INVESTIMENTO EM DIREITOS CREDITÓRIOS NÃO-PADRONIZADOS,FIDC,https://www.liberumratings.com.br/detalhes-ativo/25959
2026-09-25,ALGARVE MEDITERRÂNEO FUNDO DE INVESTIMENTO EM DIREITOS CREDITÓRIOS NÃO PADRONIZADOS,FIDC,https://www.liberumratings.com.br/detalhes-ativo/25985
2026-09-25,JC 4870 II FUNDO DE INVESTIMENTO EM DIREITOS CREDITÓRIOS NÃO-PADRONIZADOS,FIDC,https://www.liberumratings.com.br/detalhes-ativo/25966
2026-09-25,SG IV Local Fundo de Investimento em Cotas de Fundo de Investimento em Direitos Creditório - Não Padronizado,FIDC,https://www.liberumratings.com.br/detalhes-ativo/25981
2026-09-25,SECTOR FUNDO DE INVESTIMENTO EM DIREITOS CREDITÓRIOS,FIDC,https://www.liberumratings.com.br/detalhes-ativo/25939
2026-09-25,ACELERA VAREJO FUNDO DE INVESTIMENTO EM DIREITOS CREDITORIOS,FIDC,https://www.liberumratings.com.br/detalhes-ativo/25842
2026-09-25,Cambuí Finanças FUNDO DE INVESTIMENTO EM DIREITOS CREDITORIOS Multissetorial LP,FIDC,https://www.liberumratings.com.br/detalhes-ativo/25941
2026-09-25,MULTI INFRA FUNDO DE INVESTIMENTO EM DIREITOS CREDITÓRIOS NÃO-PADRONIZADOS,FIDC,https://www.liberumratings.com.br/detalhes-ativo/25938
2026-09-25,CITRINO FUNDO DE INVESTIMENTO EM DIREITOS CREDITÓRIOS NÃO PADRONIZADOS,FIDC,https://www.liberumratings.com.br/detalhes-ativo/25935
2026-09-25,KEYCASH HOME EQUITY FUNDO DE INVESTIMENTO EM DIREITOS CREDITÓRIOS,FIDC,https://www.liberumratings.com.br/detalhes-ativo/25927
2026-09-25,OUTFIELD FUNDO DE INVESTIMENTO EM DIREITOS CREDITORIOS NAO PADRONIZADO,FIDC,https://www.liberumratings.com.br/detalhes-ativo/25895
2026-09-25,MT FUNDO DE INVESTIMENTO EM DIREITOS CREDITORIOS NAO PADRONIZADOS,FIDC,https://www.liberumratings.com.br/detalhes-ativo/25923
2026-09-25,Fundo de Investimento em Direitos Creditórios Empírica Premier Capital,FIDC,https://www.liberumratings.com.br/detalhes-ativo/25936
2026-09-25,MS MULTI FUNDO DE INVESTIMENTO EM DIREITOS CREDITÓRIOS,FIDC,https://www.liberumratings.com.br/detalhes-ativo/25904
2026-09-25,AUDAX CAPITAL FUNDO DE INVESTIMENTO EM DIREITOS CREDITORIOS,FIDC,https://www.liberumratings.com.br/detalhes-ativo/25885
2026-09-25,KOBOLD MFS FUNDO DE INVESTIMENTO EM DIREITOS CREDITÓRIOS NÃO-PADRONIZADOS,FIDC,https://www.liberumratings.com.br/detalhes-ativo/25932
2026-09-25,VIA CAPITAL ARTEMUS FUNDO DE INVESTIMENTO EM DIREITOS CREDITÓRIOS MULTISSETORIAL,FIDC,https://www.liberumratings.com.br/detalhes-ativo/25829
2026-09-25,IRLA FUNDO DE INVESTIMENTO EM DIREITOS CREDITORIOS MULTISSETORIAL,FIDC,https://www.liberumratings.com.br/detalhes-ativo/25914
2026-09-25,SEJA FUNDO DE INVESTIMENTO EM DIREITOS CREDITÓRIOS,FIDC,https://www.liberumratings.com.br/detalhes-ativo/25929
2026-09-25,FIDC Empírica Home Equity,FIDC,https://www.liberumratings.com.br/detalhes-ativo/25926
2026-09-25,Fundo de Investimento Em Direitos Creditorios Não Padronizados Empírica Oportuna Precatórios Federais,FIDC,https://www.liberumratings.com.br/detalhes-ativo/25922
2026-09-25,U.NIC FUNDO DE INVESTIMENTO EM DIREITOS CREDITÓRIOS,FIDC,https://www.liberumratings.com.br/detalhes-ativo/25919
2026-09-25,Moka Fund I Fundo de Investimento em Direitos Creditórios Não Padronizados Multissetorial,FIDC,https://www.liberumratings.com.br/detalhes-ativo/25915
2026-09-25,Fundo de Investimento em Direitos Creditórios Empírica Recarga Virtual,FIDC,https://www.liberumratings.com.br/detalhes-ativo/25928
2026-09-25,OCEAN ASSET FUNDO DE INVESTIMENTO EM DIREITOS CREDITORIOS,FIDC,https://www.liberumratings.com.br/detalhes-ativo/25917
2026-09-25,FUNDO DE INVESTIMENTO EM DIREITOS CREDITÓRIOS ALI CRÉDITO,FIDC,https://www.liberumratings.com.br/detalhes-ativo/25879
2026-09-25,PHD FUNDO DE INVESTIMENTO EM DIREITOS CREDITORIOS,FIDC,https://www.liberumratings.com.br/detalhes-ativo/25920
2026-09-25,OPHIR FUNDO DE INVESTIMENTO EM DIREITOS CREDITORIOS,FIDC,https://www.liberumratings.com.br/detalhes-ativo/25736
2026-09-25,GALAPAGOS ARQUIPÉLAGO FUNDO DE INVESTIMENTO EM DIREITOS CREDITÓRIOS NP,FIDC,https://www.liberumratings.com.br/detalhes-ativo/25419
2026-09-25,Pagbem Fundo de Investimentos em Direitos Creditórios,FIDC,https://www.liberumratings.com.br/detalhes-ativo/25913
2026-09-25,FUNDO DE INVESTIMENTO EM DIREITOS CREDITÓRIOS NÃO PADRONIZADO PREMIER CAPITAL,FIDC,https://www.liberumratings.com.br/detalhes-ativo/25793
2026-09-25,LIBRA FUNDO DE INVESTIMENTO EM DIREITOS CREDITÓRIOS MULTISSETORIAL,FIDC,https://www.liberumratings.com.br/detalhes-ativo/25887
2026-09-25,LIBRA II NP FUNDO DE INVESTIMENTO EM DIREITOS CREDITÓRIOS NÃO PADRONIZADOS MULTISSETORIAL,FIDC,https://www.liberumratings.com.br/detalhes-ativo/25888
2026-09-25,FUNDO DE INVESTIMENTO EM DIREITOS CREDITÓRIOS NÃO-PADRONIZADOS MULTISSETORIAL BS NP,FIDC,https://www.liberumratings.com.br/detalhes-ativo/25898
2026-09-25,Fundo de Investimento em Direitos Creditórios Capital 5,FIDC,https://www.liberumratings.com.br/detalhes-ativo/25918
2026-09-25,ELLEVE NPL FUNDO DE INVESTIMENTO EM DIREITOS CREDITÓRIOS - NÃO PADRONIZADOS,FIDC,https://www.liberumratings.com.br/detalhes-ativo/25905
2026-09-25,CITY - 02 FUNDO DE INVESTIMENTO EM DIREITOS CREDITÓRIOS NÃO-PADRONIZADOS,FIDC,https://www.liberumratings.com.br/detalhes-ativo/25902
2026-09-25,VERSATIL FUNDO DE INVESTIMENTO EM DIREITOS CREDITORIOS,FIDC,https://www.liberumratings.com.br/detalhes-ativo/25899
2026-09-25,FOUR CREDIT FUNDO DE INVESTIMENTO EM DIREITOS CREDITORIOS,FIDC,https://www.liberumratings.com.br/detalhes-ativo/25849
2026-09-25,JC Diversificado VI Fundo de Investimento em Direitos Creditorios Não-Padronizado,FIDC,https://www.liberumratings.com.br/detalhes-ativo/25908
2026-09-25,SANTA FÉ FUNDO DE INVESTIMENTO EM DIREITOS CREDITÓRIOS NÃO PADRONIZADOS,FIDC,https://www.liberumratings.com.br/detalhes-ativo/25909
2026-09-25,Fundo de Investimento em Direitos Creditórios Empírica A55 SAAS,FIDC,https://www.liberumratings.com.br/detalhes-ativo/25907
2026-09-25,VALORTEC FUNDO DE INVESTIMENTO EM DIREITOS CREDITORIOS,FIDC,https://www.liberumratings.com.br/detalhes-ativo/25897
2026-09-25,Fundo de Investimento em Direitos Creditórios Empírica Premier Capital,FIDC,https://www.liberumratings.com.br/detalhes-ativo/25910
2026-09-25,Multiplike Fundo de Investimento em Direitos Creditórios,FIDC,https://www.liberumratings.com.br/detalhes-ativo/25903
2026-09-25,SIGMA CREDIT FUNDO DE INVESTIMENTO EM DIREITOS CREDITORIOS,FIDC,https://www.liberumratings.com.br/detalhes-ativo/25882
2026-09-25,GII Gestão Inteligente Fundo de Investimento em Direitos Creditórios,FIDC,https://www.liberumratings.com.br/detalhes-ativo/25901
2026-09-25,STARS BANK FUNDO DE INVESTIMENTO EM DIREITOS CREDITORIOS LP,FIDC,https://www.liberumratings.com.br/detalhes-ativo/25900
2026-09-25,FUNDO DE INVESTIMENTOS EM DIREITOS CREDITORIOS MULTISETORIAL HOPE LP,FIDC,https://www.liberumratings.com.br/detalhes-ativo/25896
2026-09-25,GRANCRED SP FUNDO DE INVESTIMENTO EM DIREITOS CREDITÓRIOS MULTISSETORIAL,FIDC,https://www.liberumratings.com.br/detalhes-ativo/25893
2026-09-25,ALFA FUNDO DE INVESTIMENTO EM DIREITOS CREDITÓRIOS MULTISSETORIAL,FIDC,https://www.liberumratings.com.br/detalhes-ativo/25807
2026-09-25,Fundo de Investimento em Direitos Creditórios  Multissetorial Prévia,FIDC,https://www.liberumratings.com.br/detalhes-ativo/25876
2026-09-25,FUNDO DE INVESTIMENTO EM DIREITOS CREDITÓRIOS AGORA TELECOM,FIDC,https://www.liberumratings.com.br/detalhes-ativo/25890
2026-09-25,Cambuí Finanças FUNDO DE INVESTIMENTO EM DIREITOS CREDITORIOS Multissetorial LP,FIDC,https://www.liberumratings.com.br/detalhes-ativo/25894
2026-09-25,Fundo de Investimento em Direitos Creditórios Energia Solar,FIDC,https://www.liberumratings.com.br/detalhes-ativo/25831
2026-09-25,RDF Fundo de Investimento em Direitos Creditórios,FIDC,https://www.liberumratings.com.br/detalhes-ativo/25892
2026-09-25,Fundo de Investimento em Direitos Creditórios LF I,FIDC,https://www.liberumratings.com.br/detalhes-ativo/25891
2026-09-25,GPR FUNDO DE INVESTIMENTO EM DIREITOS CREDITORIOS,FIDC,https://www.liberumratings.com.br/detalhes-ativo/25859
2026-09-25,Trevys Fundo de Investimentos em Direitos Creditórios,FIDC,https://www.liberumratings.com.br/detalhes-ativo/25561
2026-09-25,MULTI RECEBIVEIS II FUNDO DE INVESTIMENTO EM DIREITOS CREDITORIOS,FIDC,https://www.liberumratings.com.br/detalhes-ativo/25886
2026-09-25,MITTU FUNDO DE INVESTIMENTO EM DIREITOS CREDITORIOS NAO PADRONIZADOS,FIDC,https://www.liberumratings.com.br/detalhes-ativo/25875
2026-09-25,FUNDO DE INVESTIMENTO EM DIREITOS CREDITORIOS IRON CAPITAL - MEUCASHCARD,FIDC,https://www.liberumratings.com.br/detalhes-ativo/25881
2026-09-25,Brasil Government Senior Debt FIDC-NP,FIDC,https://www.liberumratings.com.br/detalhes-ativo/25850
2026-09-25,Red Performance Fundo de Investimentos em Direitos Creditórios Não-Padronizados,FIDC,https://www.liberumratings.com.br/detalhes-ativo/25878
2026-09-25,MULTI RECEBIVEIS II FUNDO DE INVESTIMENTO EM DIREITOS CREDITORIOS,FIDC,https://www.liberumratings.com.br/detalhes-ativo/25862
2026-09-25,Fundo de Investimento em Direitos Creditórios Kovi I,FIDC,https://www.liberumratings.com.br/detalhes-ativo/25784
2026-09-25,SIGMA CREDIT FUNDO DE INVESTIMENTO EM COTAS DE FUNDOS DE INVESTIMENTO EM DIREITOS CREDITORIOS,FIDC,https://www.liberumratings.com.br/detalhes-ativo/25883
2026-09-25,Fundo de Investimentos em Direitos Creditórios Premium Solis,FIDC,https://www.liberumratings.com.br/detalhes-ativo/25646
2026-09-25,PREMIER RP FUNDO DE INVESTIMENTO EM DIREITOS CREDITORIOS,FIDC,https://www.liberumratings.com.br/detalhes-ativo/25867
2026-09-25,FIDC Brasilfactors Crédito Corporativo,FIDC,https://www.liberumratings.com.br/detalhes-ativo/25863
2026-09-25,CONFIANÇA FUNDO DE INVESTIMENTO EM DIREITOS CREDITORIOS,FIDC,https://www.liberumratings.com.br/detalhes-ativo/25817
2026-09-25,VERSATILE FUNDO DE INVESTIMENTO EM DIREITOS CREDITORIOS,FIDC,https://www.liberumratings.com.br/detalhes-ativo/25866
2026-09-25,CONQUEST BRAZIL FUNDO DE INVESTIMENTO EM DIREITOS CREDITORIOS MULTISSETORIAL,FIDC,https://www.liberumratings.com.br/detalhes-ativo/25884
2026-09-25,MUNDI FUNDO DE INVESTIMENTO EM DIREITOS CREDITÓRIOS NÃO PADRONIZADOS,FIDC,https://www.liberumratings.com.br/detalhes-ativo/25868
2026-09-25,Urbe Fundo de Investimento em Direitos Creditórios Multissetorial LP,FIDC,https://www.liberumratings.com.br/detalhes-ativo/25865
2026-09-25,CASE FUNDO DE INVESTIMENTO EM DIREITOS CREDITORIOS,FIDC,https://www.liberumratings.com.br/detalhes-ativo/25880
2026-09-25,CITY FUNDO DE INVESTIMENTO EM DIREITOS CREDITÓRIOS NÃO PADRONIZADO,FIDC,https://www.liberumratings.com.br/detalhes-ativo/25872
2026-09-25,SOLIS CONSIGNADO FUNDO DE INVESTIMENTO EM DIREITOS CREDITÓRIOS,FIDC,https://www.liberumratings.com.br/detalhes-ativo/25873
2026-09-25,FUNDO DE INVESTIMENTO EM DIREITOS CREDITORIOS GO KENERSON,FIDC,https://www.liberumratings.com.br/detalhes-ativo/25864
2026-09-25,LB FUNDO DE INVESTIMENTO EM DIREITOS CREDITORIOS,FIDC,https://www.liberumratings.com.br/detalhes-ativo/25858
2026-09-25,Fundo de Investimento em Direitos Creditórios Angá Sabemi Consignados VI,FIDC,https://www.liberumratings.com.br/detalhes-ativo/25874
2026-09-25,PARTNERSHIP MONEY FUNDO DE INVESTIMENTO EM DIREITOS CREDITORIOS,FIDC,https://www.liberumratings.com.br/detalhes-ativo/25821
2026-09-25,Fundo de Investimento em Direitos Creditórios Multissetorial DB 18,FIDC,https://www.liberumratings.com.br/detalhes-ativo/25825
2026-09-25,INVESTCAMP Fundo de Investimento em Direitos Creditorios,FIDC,https://www.liberumratings.com.br/detalhes-ativo/25870
2026-09-25,C+ VALORA FUNDO DE INVESTIMENTO EM DIREITOS CREDITÓRIOS,FIDC,https://www.liberumratings.com.br/detalhes-ativo/25861
2026-09-25,MULTI RECEBÍVEIS III FUNDO DE INVESTIMENTO EM DIREITOS CREDITÓRIOS,FIDC,https://www.liberumratings.com.br/detalhes-ativo/25860
2026-09-25,RIGEL FUNDO DE INVESTIMENTO EM DIREITOS CREDITÓRIOS,FIDC,https://www.liberumratings.com.br/detalhes-ativo/25836
2026-09-25,GVN FUNDO DE INVESTIMENTO EM DIREITOS CREDITÓRIOS,FIDC,https://www.liberumratings.com.br/detalhes-ativo/25797
2026-09-25,Plata FIDC - Fundo de Investimento em Direitos Creditórios Multissetorial LP,FIDC,https://www.liberumratings.com.br/detalhes-ativo/25747
2026-09-25,AURUM - FUNDO DE INVESTIMENTO EM DIREITOS CREDITORIOS MULTISSETORIAL LP,FIDC,https://www.liberumratings.com.br/detalhes-ativo/25855
2026-09-25,TRANSFORMA FUNDO DE INVESTIMENTO EM DIREITOS CREDITORIOS,FIDC,https://www.liberumratings.com.br/detalhes-ativo/25856
2026-09-25,JUNTOS CAPITAL FUNDO DE INVESTIMENTO EM DIREITOS CREDITORIOS,FIDC,https://www.liberumratings.com.br/detalhes-ativo/25644
2026-09-25,BARU GRIFFIN FUNDO DE INVESTIMENTO EM DIREITOS CREDITORIOS,FIDC,https://www.liberumratings.com.br/detalhes-ativo/25777
2026-09-25,VSI 123QRED FUNDO DE INVESTIMENTO EM DIREITOS CREDITORIOS,FIDC,https://www.liberumratings.com.br/detalhes-ativo/25840
2026-09-25,MACCABI FUNDO DE INVESTIMENTO EM DIREITOS CREDITORIOS,FIDC,https://www.liberumratings.com.br/detalhes-ativo/25852
2026-09-25,WK FUNDO DE INVESTIMENTO EM DIREITOS CREDITORIOS,FIDC,https://www.liberumratings.com.br/detalhes-ativo/25776
2026-09-25,Fundo de Investimentos em Direitos Creditórios Premium Solis,FIDC,https://www.liberumratings.com.br/detalhes-ativo/25857
2026-09-25,TMOV FUNDO DE INVESTIMENTO EM DIREITOS CREDITORIOS,FIDC,https://www.liberumratings.com.br/detalhes-ativo/25685
2026-09-25,TORQI FUNDO DE INVESTIMENTO EM DIREITOS CREDITORIOS,FIDC,https://www.liberumratings.com.br/detalhes-ativo/25843
2026-09-25,Credit Brasil Fundo de Investimento em Direitos Creditórios Multissetorial Master,FIDC,https://www.liberumratings.com.br/detalhes-ativo/25837
2026-09-25,Lotus Performance Fundo de Investimento em Direitos Creditórios Multissetorial LP,FIDC,https://www.liberumratings.com.br/detalhes-ativo/25816
2026-09-25,FUNDO DE INVESTIMENTO EM DIREITOS CREDITÓRIOS ZIPDIN I,FIDC,https://www.liberumratings.com.br/detalhes-ativo/25841
2026-09-25,Fundo de Investimento em Direitos Creditórios Empírica A55 SAAS,FIDC,https://www.liberumratings.com.br/detalhes-ativo/25847
2026-09-25,COBANSA COMPANHIA HIPOTECARIA,Empresa,https://www.liberumratings.com.br/detalhes-ativo/25854
2026-09-25,MARIN FUNDO DE INVESTIMENTO EM DIREITOS CREDITÓRIOS MULTISSETORIAL LP,FIDC,https://www.liberumratings.com.br/detalhes-ativo/25539
2026-09-25,ASPEN FUNDO DE INVESTIMENTO EM DIREITOS CREDITÓRIOS,FIDC,https://www.liberumratings.com.br/detalhes-ativo/25848
2026-09-25,L'ARCA CAPITAL FUNDO DE INVESTIMENTO EM DIREITOS CREDITORIOS,FIDC,https://www.liberumratings.com.br/detalhes-ativo/25770
2026-09-25,GUARDIAN FUNDO DE INVESTIMENTO EM DIREITOS CREDITORIOS,FIDC,https://www.liberumratings.com.br/detalhes-ativo/25720
2026-09-25,FUNDO DE INVESTIMENTO EM DIREITOS CREDITÓRIOS TRADING I,FIDC,https://www.liberumratings.com.br/detalhes-ativo/25822
2026-09-25,FUNDO DE INVESTIMENTO EM DIREITOS CREDITÓRIOS DEL MONTE NÃO PADRONIZADO,FIDC,https://www.liberumratings.com.br/detalhes-ativo/25808
2026-09-25,Nautilus - Fundo de Investimentos em Direitos Creditórios,FIDC,https://www.liberumratings.com.br/detalhes-ativo/25851
2026-09-25,SAN PRECA FEDERAL I FUNDO DE INVESTIMENTO EM DIREITOS CREDITÓRIOS NÃO-PADRONIZADOS,FIDC,https://www.liberumratings.com.br/detalhes-ativo/25778
2026-09-25,WIMO PJ FUNDO DE INVESTIMENTO EM DIREITOS CREDITÓRIOS,FIDC,https://www.liberumratings.com.br/detalhes-ativo/25824
2026-09-25,WFR FUNDO DE INVESTIMENTO EM DIREITOS CREDITORIOS MULTISSETORIAL,FIDC,https://www.liberumratings.com.br/detalhes-ativo/25839
2026-09-25,BK I FUNDO DE INVESTIMENTO EM DIREITOS CREDITORIOS - NAO PADRONIZADO,FIDC,https://www.liberumratings.com.br/detalhes-ativo/25846
2026-09-25,LINK BANK FUNDO DE INVESTIMENTO EM DIREITOS CREDITORIOS NAO PADRONIZADOS MULTISSETORIAL,FIDC,https://www.liberumratings.com.br/detalhes-ativo/25845
2026-09-25,Adicional FUNDO DE INVESTIMENTO EM DIREITOS CREDITORIOS Multissetorial  NP,FIDC,https://www.liberumratings.com.br/detalhes-ativo/25844
2026-09-25,FUNDO DE INVESTIMENTO EM DIREITOS CREDITÓRIOS EMPÍRICA IOSAN,FIDC,https://www.liberumratings.com.br/detalhes-ativo/25773
2026-09-25,OXSS FUNDO DE INVESTIMENTO EM DIREITOS CREDITORIOS,FIDC,https://www.liberumratings.com.br/detalhes-ativo/25833
2026-09-25,Harpia Fundo de Investimentos em Direitos Creditórios,FIDC,https://www.liberumratings.com.br/detalhes-ativo/25785
2026-09-25,FUNDO DE INVESTIMENTO EM DIREITOS CREDITORIOS MULTISETORIAL EMPRESARIAL LP,FIDC,https://www.liberumratings.com.br/detalhes-ativo/25830
2026-09-25,PREMIUM RECEBIVEIS I MULTISSETORIAL - FUNDO DE INVESTIMENTO EM DIREITOS CREDITORIOS,FIDC,https://www.liberumratings.com.br/detalhes-ativo/25832
2026-09-25,FUNDO DE INVESTIMENTO EM DIREITOS CREDITORIOS UTILITY CREDIT,FIDC,https://www.liberumratings.com.br/detalhes-ativo/25826
2026-09-25,BARCELONA FUNDO DE INVESTIMENTO EM DIREITOS CREDITORIOS,FIDC,https://www.liberumratings.com.br/detalhes-ativo/25787
2026-09-25,LITUS FUNDO DE INVESTIMENTO EM DIREITOS CREDITORIOS MULTISSETORIAL,FIDC,https://www.liberumratings.com.br/detalhes-ativo/25811
2026-09-25,CRESTONE I FUNDO DE INVESTIMENTO EM DIREITOS CREDITORIOS NAO PADRONIZADOS,FIDC,https://www.liberumratings.com.br/detalhes-ativo/25828
2026-09-25,INDÚSTRIA Q1 FUNDO DE INVESTIMENTO EM DIREITOS CREDITÓRIOS,FIDC,https://www.liberumratings.com.br/detalhes-ativo/25819
2026-09-25,JGP ESTRUTURADOS FUNDO DE INVESTIMENTO EM DIREITOS CREDITORIOS NAO PADRONIZADOS,FIDC,https://www.liberumratings.com.br/detalhes-ativo/25835
2026-09-25,ELDORADO FUNDO DE INVESTIMENTO EM DIREITOS CREDITÓRIOS NÃO-PADRONIZADOS,FIDC,https://www.liberumratings.com.br/detalhes-ativo/25764
2026-09-25,Fundo de Investimento em Direitos Creditórios Não Padronizados Sifra Performance,FIDC,https://www.liberumratings.com.br/detalhes-ativo/25738
2026-09-25,FUNDO DE INVESTIMENTO EM DIREITOS CREDITÓRIOS SOLAR KOMPASS ENERGIA,FIDC,https://www.liberumratings.com.br/detalhes-ativo/25802
2026-09-25,FUNDO DE INVESTIMENTO EM DIREITOS CREDITORIOS EMPIRICA CREDITAS AUTO,FIDC,https://www.liberumratings.com.br/detalhes-ativo/25815
2026-09-25,Fundo de Investimento em Direitos Creditórios Multissetorial Milênio Recebíveis LP,FIDC,https://www.liberumratings.com.br/detalhes-ativo/25782
2026-09-25,Garson Fundo de Investimento em Direitos Creditórios,FIDC,https://www.liberumratings.com.br/detalhes-ativo/25823
2026-09-25,FUNDO DE INVESTIMENTO EM DIREITOS CREDITÓRIOS ASAAS,FIDC,https://www.liberumratings.com.br/detalhes-ativo/25803
2026-09-25,Fundo de Investimento em Direitos Creditórios Não Padronizados Multissetorial R&G LP,FIDC,https://www.liberumratings.com.br/detalhes-ativo/25818
2026-09-25,AGROLEND II FIAGRO - FUNDO DE INVESTIMENTO EM DIREITOS CREDITÓRIOS,FIDC,https://www.liberumratings.com.br/detalhes-ativo/25813
2026-09-25,FUNDO DE INVESTIMENTO EM DIREITOS CREDITÓRIOS TRADEPAY VAREJO I,FIDC,https://www.liberumratings.com.br/detalhes-ativo/25827
2026-09-25,RSS FUNDO DE INVESTIMENTO EM DIREITOS CREDITORIOS,FIDC,https://www.liberumratings.com.br/detalhes-ativo/25801
2026-09-25,SG FUNDO DE INVESTIMENTO EM DIREITOS CREDITÓRIOS,FIDC,https://www.liberumratings.com.br/detalhes-ativo/25755
2026-09-25,GAIA Fundo de Investimento em Direitos Creditorios Não Padronizados,FIDC,https://www.liberumratings.com.br/detalhes-ativo/25411
2026-09-25,FUNDO DE INVESTIMENTO EM DIREITOS CREDITORIOS MULTISSETORIAL MAREAH,FIDC,https://www.liberumratings.com.br/detalhes-ativo/25820
2026-09-25,FUNDO DE INVESTIMENTO EM DIREITOS CREDITÓRIOS AGRO SGT,FIDC,https://www.liberumratings.com.br/detalhes-ativo/25798
2026-09-25,SOLIS RECEBÍVEIS COMERCIAIS I FIC FIDC,FIDC,https://www.liberumratings.com.br/detalhes-ativo/25812
2026-09-25,VENTURA FUNDO DE INVESTIMENTO EM DIREITOS CREDITORIOS,FIDC,https://www.liberumratings.com.br/detalhes-ativo/25750
2026-09-25,Fundo de Investimento em Direitos Creditórios Angá Sabemi Consignados VII,FIDC,https://www.liberumratings.com.br/detalhes-ativo/25760
2026-09-25,NEON FUNDO DE INVESTIMENTO EM DIREITOS CREDITORIOS I,FIDC,https://www.liberumratings.com.br/detalhes-ativo/25804
2026-09-25,HAMPTON FUNDO DE INVESTIMENTO EM DIREITOS CREDITÓRIOS,FIDC,https://www.liberumratings.com.br/detalhes-ativo/25810
2026-09-25,CREDIHOME FUNDO DE INVESTIMENTO EM DIREITOS CREDITORIOS,FIDC,https://www.liberumratings.com.br/detalhes-ativo/25805
2026-09-25,HAMPTON FUNDO DE INVESTIMENTO EM DIREITOS CREDITÓRIOS,FIDC,https://www.liberumratings.com.br/detalhes-ativo/25800
2026-09-25,Fundo de Investimentos em Direitos Creditórios GRIFO,FIDC,https://www.liberumratings.com.br/detalhes-ativo/25781
2026-09-25,RAPPICARD FUNDO DE INVESTIMENTO EM DIREITOS CREDITORIOS,FIDC,https://www.liberumratings.com.br/detalhes-ativo/25796
2026-09-25,FRUIT CREEK CRÉDITOS JUDICIAIS FUNDO DE INVESTIMENTO EM DIREITOS CREDITÓRIOS NÃO-PADRONIZADOS,FIDC,https://www.liberumratings.com.br/detalhes-ativo/25791
2026-09-25,JC Créditos Judiciais Fundo de Investimento em Direitos Creditórios Não-Padronizados,FIDC,https://www.liberumratings.com.br/detalhes-ativo/25788
2026-09-25,INTER SIMPLES FUNDO DE INVESTIMENTO EM DIREITOS CREDITORIOS MULTISSETORIAL,FIDC,https://www.liberumratings.com.br/detalhes-ativo/25775
2026-09-25,NANBAN II FUNDO DE INVESTIMENTO EM DIREITOS CREDITÓRIOS NÃO-PADRONIZADOS,FIDC,https://www.liberumratings.com.br/detalhes-ativo/25799
2026-09-25,NEB FUNDO DE INVESTIMENTO EM DIREITOS CREDITÓRIOS NÃO-PADRONIZADOS,FIDC,https://www.liberumratings.com.br/detalhes-ativo/25790
2026-09-25,SPS ALGARVE DELTA CRÉDITOS JUDICIAIS FUNDO DE INVESTIMENTO EM DIREITOS CREDITÓRIOS NÃO PADRONIZADOS,FIDC,https://www.liberumratings.com.br/detalhes-ativo/25792
2026-09-25,Fundo de Investimento em Direitos Creditórios Angá Sabemi VIII,FIDC,https://www.liberumratings.com.br/detalhes-ativo/25759
2026-09-25,ESMERALDA FIDC,FIDC,https://www.liberumratings.com.br/detalhes-ativo/25794
2026-09-25,Fundo de Investimento Em Direitos Creditorios Não Padronizados Empírica Oportuna Precatórios Federais,FIDC,https://www.liberumratings.com.br/detalhes-ativo/25627
2026-09-25,INVISTA III Fundo de Investimentos em Direitos Creditorios Não Padronizado,FIDC,https://www.liberumratings.com.br/detalhes-ativo/25704
2026-09-25,Fundo de Investimento em Direitos Creditórios Multisetorial Delta - NP,FIDC,https://www.liberumratings.com.br/detalhes-ativo/25771
2026-09-25,VALYOS Fundo de Investimentos Em Direitos Creditorios Imobiliarios,FIDC,https://www.liberumratings.com.br/detalhes-ativo/25786
2026-09-25,FUNDO DE INVESTIMENTO EM DIREITOS CREDITORIOS FRADINHO,FIDC,https://www.liberumratings.com.br/detalhes-ativo/25779
2026-09-25,Reag Special Situation Fundo de Investimento em Direitos Creditórios Padronizados Aberto,FIDC,https://www.liberumratings.com.br/detalhes-ativo/25795
2026-09-25,PODIUM MEZANINO FUNDO DE INVESTIMENTO EM COTAS DE FUNDO DE INVESTIMENTO EM DIREITOS CREDITÓRIOS,FIDC,https://www.liberumratings.com.br/detalhes-ativo/25761
2026-09-25,PODIUM SENIOR FUNDO DE INVESTIMENTO EM COTAS DE FUNDO DE INVESTIMENTO EM DIREITOS CREDITÓRIOS,FIDC,https://www.liberumratings.com.br/detalhes-ativo/25762
2026-09-25,Creditise Fundo de Investimentos em Direitos Creditórios Não Padronizado,FIDC,https://www.liberumratings.com.br/detalhes-ativo/25783
2026-09-25,AEG 4 FUNDO DE INVESTIMENTO EM DIREITOS CREDITORIOS NAO-PADRONIZADOS,FIDC,https://www.liberumratings.com.br/detalhes-ativo/25752
2026-09-25,HT3 FUNDO DE INVESTIMENTO EM DIREITOS CREDITORIOS,FIDC,https://www.liberumratings.com.br/detalhes-ativo/25731
2026-09-25,FUNDO DE INVESTIMENTO EM DIREITOS CREDITÓRIOS NÃO PADRONIZADO EMPIRICA GOAL RJ,FIDC,https://www.liberumratings.com.br/detalhes-ativo/25780
2026-09-25,FUNDO DE INVESTIMENTO EM DIREITOS CREDITÓRIOS BIZCAPITAL EMPÍRICA PME,FIDC,https://www.liberumratings.com.br/detalhes-ativo/25765
2026-09-25,RCL3X FIAGRO - DIREITOS CREDITÓRIOS,FIDC,https://www.liberumratings.com.br/detalhes-ativo/25741
2026-09-25,FUNDO DE INVESTIMENTO EM DIREITOS CREDITORIOS JGM LP,FIDC,https://www.liberumratings.com.br/detalhes-ativo/25732
2026-09-25,FATORI FUNDO DE INVESTIMENTO EM DIREITOS CREDITORIOS MULTISSETORIAL,FIDC,https://www.liberumratings.com.br/detalhes-ativo/25766
2026-09-25,VIXTRA FUNDO DE INVESTIMENTOS EM DIREITOS CREDITÓRIOS,FIDC,https://www.liberumratings.com.br/detalhes-ativo/25763
2026-09-25,CLM FUNDO DE INVESTIMENTO EM DIREITOS CREDITORIOS NÃO-PADRONIZADOS MULTISSETORIAL,FIDC,https://www.liberumratings.com.br/detalhes-ativo/25769
2026-09-25,JPI FUNDO DE INVESTIMENTO EM DIREITOS CREDITORIOS,FIDC,https://www.liberumratings.com.br/detalhes-ativo/25721
2026-09-25,WIMO FUNDO DE INVESTIMENTO EM DIREITOS CREDITORIOS,FIDC,https://www.liberumratings.com.br/detalhes-ativo/25730
2026-09-25,VECTOR FUNDO DE INVESTIMENTO EM DIREITOS CREDITÓRIOS NÃO PADRONIZADOS MULTISSETORIAL,FIDC,https://www.liberumratings.com.br/detalhes-ativo/25768
2026-09-25,LINK BANK FUNDO DE INVESTIMENTO EM DIREITOS CREDITORIOS NAO PADRONIZADOS MULTISSETORIAL,FIDC,https://www.liberumratings.com.br/detalhes-ativo/25707
2026-09-25,BK I FUNDO DE INVESTIMENTO EM DIREITOS CREDITORIOS - NAO PADRONIZADO,FIDC,https://www.liberumratings.com.br/detalhes-ativo/25767
2026-09-25,Fundo de Investimento em Direitos Creditórios Empírica Mezzo Saúde,FIDC,https://www.liberumratings.com.br/detalhes-ativo/25758
2026-09-25,ACL NP FUNDO DE INVESTIMENTO EM DIREITOS CREDITORIOS NAO PADRONIZADOS,FIDC,https://www.liberumratings.com.br/detalhes-ativo/25772
2026-09-25,FUNDO DE INVESTIMENTO EM DIREITOS CREDITORIOS CONSORCIEI I,FIDC,https://www.liberumratings.com.br/detalhes-ativo/25694
2026-09-25,Fundo de Investimento Em Direitos Creditorios Indigo Barter,FIDC,https://www.liberumratings.com.br/detalhes-ativo/25711
2026-09-25,NACIONAL FEITO PRA VOCÊ FUNDO DE INVESTIMENTO EM DIREITOS CREDITÓRIOS NÃO-PADRONIZADOS,FIDC,https://www.liberumratings.com.br/detalhes-ativo/25756
2026-09-25,C&J FUNDO DE INVESTIMENTO EM DIREITOS CREDITORIOS,FIDC,https://www.liberumratings.com.br/detalhes-ativo/25748
2026-09-25,Acreditar Fundo de Investimento em Direitos Creditórios,FIDC,https://www.liberumratings.com.br/detalhes-ativo/25689
2026-09-25,HUBCRED FUNDO DE INVESTIMENTO EM DIREITOS CREDITORIOS,FIDC,https://www.liberumratings.com.br/detalhes-ativo/25737
2026-09-25,Milas Fundo de Investimentos em Direitos Creditórios - Não Padronizado,FIDC,https://www.liberumratings.com.br/detalhes-ativo/25754
2026-09-25,CONSIGA MAIS FUNDO DE INVESTIMENTO EM DIREITOS CREDITÓRIOS,FIDC,https://www.liberumratings.com.br/detalhes-ativo/25734
2026-09-25,SG III Fundo de Investimento em Cotas de Fundo de Investimento em Direitos Creditório - NP,FIDC,https://www.liberumratings.com.br/detalhes-ativo/25725
2026-09-25,ENKI FUNDO DE INVESTIMENTO EM DIREITOS CREDITORIOS NAO PADRONIZADOS,FIDC,https://www.liberumratings.com.br/detalhes-ativo/25686
2026-09-25,AFA HIGH YIELD CREDIT OPPORTUNITY FUNDO DE INVESTIMENTO EM DIREITOS CREDITORIOS,FIDC,https://www.liberumratings.com.br/detalhes-ativo/25743
2026-09-25,Tulipa Créditos Judiciais Fundo de Investimento em Direitos Creditórios Não-Padronizados,FIDC,https://www.liberumratings.com.br/detalhes-ativo/25727
2026-09-25,SG JC III FIC FIDC NP,FIDC,https://www.liberumratings.com.br/detalhes-ativo/25726
2026-09-25,SATURNO FUNDO DE INVESTIMENTO EM DIREITOS CREDITORIOS,FIDC,https://www.liberumratings.com.br/detalhes-ativo/25742
2026-09-25,IF FUNDO DE INVESTIMENTO EM DIREITOS CREDITORIOS,FIDC,https://www.liberumratings.com.br/detalhes-ativo/25719
2026-09-25,MULTIFRIGO FUNDO DE INVESTIMENTO EM DIREITOS CREDITORIOS NAO PADRONIZADOS,FIDC,https://www.liberumratings.com.br/detalhes-ativo/25751
2026-09-25,BH FUNDO DE INVESTIMENTO EM DIREITOS CREDITÓRIOS NÃO-PADRONIZADOS,FIDC,https://www.liberumratings.com.br/detalhes-ativo/25744
2026-09-25,FOR CDI FUNDO DE INVESTIMENTO EM DIREITOS CREDITORIOS NAO-PADRONIZADOS,FIDC,https://www.liberumratings.com.br/detalhes-ativo/25749
2026-09-25,ESPRESSO CRÉDITOS JUDICIAIS FUNDO DE INVESTIMENTO EM DIREITOS CREDITÓRIOS NÃO-PADRONIZADOS,FIDC,https://www.liberumratings.com.br/detalhes-ativo/25745
2026-09-25,W CAPITAL I - FUNDO DE INVESTIMENTO EM DIREITOS CREDITÓRIOS,FIDC,https://www.liberumratings.com.br/detalhes-ativo/25746
2026-09-25,SAV NEXOOS FUNDO DE INVESTIMENTO EM DIREITOS CREDITÓRIOS,FIDC,https://www.liberumratings.com.br/detalhes-ativo/25601
2026-09-25,ABC FUNDO DE INVESTIMENTO EM DIREITOS CREDITORIOS,FIDC,https://www.liberumratings.com.br/detalhes-ativo/25753
2026-09-25,GFM FUNDO DE INVESTIMENTO EM DIREITOS CREDITORIOS MULTICREDITO,FIDC,https://www.liberumratings.com.br/detalhes-ativo/25724
2026-09-25,SIFRA ENERGY PODIUM FUNDO DE INVESTIMENTO EM DIREITOS CREDITORIOS,FIDC,https://www.liberumratings.com.br/detalhes-ativo/25739
2026-09-25,PEREGRINA FUNDO DE INVESTIMENTO EM DIREITOS CREDITORIOS,FIDC,https://www.liberumratings.com.br/detalhes-ativo/25716
2026-09-25,VIXTRA FUNDO DE INVESTIMENTOS EM DIREITOS CREDITÓRIOS,FIDC,https://www.liberumratings.com.br/detalhes-ativo/25638
2026-09-25,FUNDO DE INVESTIMENTO EM DIREITOS CREDITORIOS SABIA CREDIT,FIDC,https://www.liberumratings.com.br/detalhes-ativo/25713
2026-09-25,Centrum Fundo de Investimento em Direitos Creditórios NP,FIDC,https://www.liberumratings.com.br/detalhes-ativo/25722
2026-09-25,NOVA CAPITAL FUNDO DE INVESTIMENTO EM DIREITOS CREDITORIOS,FIDC,https://www.liberumratings.com.br/detalhes-ativo/25715
2026-09-25,TERRA NOVA FUNDO DE INVESTIMENTO EM DIREITOS CREDITORIOS,FIDC,https://www.liberumratings.com.br/detalhes-ativo/25723
2026-09-25,FUNDO DE INVESTIMENTO EM DIREITOS CREDITORIOS ONIX PRIME,FIDC,https://www.liberumratings.com.br/detalhes-ativo/25684
2026-09-25,ANDALUZ FUNDO DE INVESTIMENTO EM DIREITOS CREDITÓRIOS,FIDC,https://www.liberumratings.com.br/detalhes-ativo/25714
2026-09-25,FUNDO DE INVESTIMENTO EM DIREITOS CREDITORIOS SANTA CRUZ CAPITAL,FIDC,https://www.liberumratings.com.br/detalhes-ativo/25708
2026-09-25,MALMO FICFIDC-NP,FIDC,https://www.liberumratings.com.br/detalhes-ativo/25728
2026-09-25,Sifra Plus Multissegmento Fundo de Investimento em Direitos Creditórios,FIDC,https://www.liberumratings.com.br/detalhes-ativo/25729
2026-09-25,GARANTIA BANCO FIDC MULTISSETORIAL,FIDC,https://www.liberumratings.com.br/detalhes-ativo/25718
2026-09-25,M Sul Fundo de Investimentos em Direitos Creditórios,FIDC,https://www.liberumratings.com.br/detalhes-ativo/25706
2026-09-25,ESTÍMULO FUNDO DE INVESTIMENTO EM DIREITOS CREDITÓRIOS,FIDC,https://www.liberumratings.com.br/detalhes-ativo/25717
2026-09-25,FOUR EVEN FUNDO DE INVESTIMENTO EM DIREITOS CREDITÓRIOS NÃO PADRONIZADOS,FIDC,https://www.liberumratings.com.br/detalhes-ativo/25710
2026-09-25,LEVER FUNDO DE INVESTIMENTO EM DIREITOS CREDITÓRIOS,FIDC,https://www.liberumratings.com.br/detalhes-ativo/25688
2026-09-25,OPERA FUNDO DE INVESTIMENTO EM DIREITOS CREDITORIOS MULTISETORIAL,FIDC,https://www.liberumratings.com.br/detalhes-ativo/25692
2026-09-25,MULTIPLIK FUNDO DE INVESTIMENTO EM DIREITOS CREDITORIOS MULTISSETORIAL LP,FIDC,https://www.liberumratings.com.br/detalhes-ativo/25656
2026-09-25,SÃO CRISTÓVÃO FUNDO DE INVESTIMENTO EM DIREITOS CREDITORIOS NAO-PADRONIZADO,FIDC,https://www.liberumratings.com.br/detalhes-ativo/25699
2026-09-25,Genesis Fundo de Investimento em Direitos Creditórios Não  Padronizados,FIDC,https://www.liberumratings.com.br/detalhes-ativo/25702
2026-09-25,FUNDO DE INVESTIMENTO EM DIREITOS CREDITORIOS NAO-PADRONIZADOS INVISTA ATIVOS ALTERNATIVOS I,FIDC,https://www.liberumratings.com.br/detalhes-ativo/25700
2026-09-25,QUARTER PRECATÓRIOS FIDC NP,FIDC,https://www.liberumratings.com.br/detalhes-ativo/25698
2026-09-25,JC 4870 VI FUNDO DE INVESTIMENTO EM DIREITOS CREDITORIOS NAO PADRONIZADOS FIDC-NP,FIDC,https://www.liberumratings.com.br/detalhes-ativo/25697
2026-09-25,AURUM - FUNDO DE INVESTIMENTO EM DIREITOS CREDITORIOS MULTISSETORIAL LP,FIDC,https://www.liberumratings.com.br/detalhes-ativo/25659
2026-09-25,Starboard Special Situations II Fundo de Investimento em Direitos Creditorios NP,FIDC,https://www.liberumratings.com.br/detalhes-ativo/25690
2026-09-25,CANAL 86 FUNDO DE INVESTIMENTO EM DIREITOS CREDITORIOS NAO-PADRONIZADO,FIDC,https://www.liberumratings.com.br/detalhes-ativo/25695
2026-09-25,JC Diversificado III Fundo de Investimento em DireitosS Creditorios Não-Padronizado,FIDC,https://www.liberumratings.com.br/detalhes-ativo/25703
2026-09-25,DIP FINANCING 11 FUNDO DE INVESTIMENTO EM DIREITOS CREDITORIOS NAO-PADRONIZADOS,FIDC,https://www.liberumratings.com.br/detalhes-ativo/25683
2026-09-25,INVISTA I FIC FIDC MULTISSETORIAL NAO PADRONIZADO,FIDC,https://www.liberumratings.com.br/detalhes-ativo/25701
2026-09-25,Pinarello Fundo de Investimento em Direitos Creditórios,FIDC,https://www.liberumratings.com.br/detalhes-ativo/25625
2026-09-25,ALGARVE MEDITERRÂNEO FUNDO DE INVESTIMENTO EM DIREITOS CREDITÓRIOS NÃO PADRONIZADOS,FIDC,https://www.liberumratings.com.br/detalhes-ativo/25691
2026-09-25,CANAL 87 FUNDO DE INVESTIMENTO EM DIREITOS CREDITORIOS NÃO PADRONIZADO,FIDC,https://www.liberumratings.com.br/detalhes-ativo/25696
2026-09-25,Genesis Fundo de Investimento em Direitos Creditórios Não  Padronizados,FIDC,https://www.liberumratings.com.br/detalhes-ativo/25545
2026-09-25,ONE7 FUNDO DE INVESTIMENTO EM COTAS DE FUNDOS DE INVESTIMENTO EM DIREITOS CREDITORIOS NP,FIDC,https://www.liberumratings.com.br/detalhes-ativo/25647
2026-09-25,PORTLAND CRÉDITOS JUDICIAIS FUNDO DE INVESTIMENTO EM DIREITOS CREDITÓRIOS NÃO-PADRONIZADOS,FIDC,https://www.liberumratings.com.br/detalhes-ativo/25679
2026-09-25,UA FUNDO DE INVESTIMENTO EM DIREITOS CREDITORIOS,FIDC,https://www.liberumratings.com.br/detalhes-ativo/25678
2026-09-25,SG II A Fundo De Investimento Em Cotas De Fundos De Investimento Em Direitos Creditorios Nao-Padronizados,FIDC,https://www.liberumratings.com.br/detalhes-ativo/25677
2026-09-25,FUNDO DE INVESTIMENTO EM DIREITOS CREDITORIOS BRZ CAPITAL CONSIG I,FIDC,https://www.liberumratings.com.br/detalhes-ativo/25665
2026-09-25,SG IV Local Fundo de Investimento em Cotas de Fundo de Investimento em Direitos Creditório - Não Padronizado,FIDC,https://www.liberumratings.com.br/detalhes-ativo/25676
2026-09-25,SAINT JOHN FUNDO DE INVESTIMENTO EM DIREITOS CREDITORIOS NAO-PADRONIZADOS,FIDC,https://www.liberumratings.com.br/detalhes-ativo/25666
2026-09-25,C3E CRÉDITOS JUDICIAIS FUNDO DE INVESTIMENTO EM DIREITOS CREDITÓRIOS NÃO PADRONIZADOS,FIDC,https://www.liberumratings.com.br/detalhes-ativo/25681
2026-09-25,JC BG FICFIDC NP,FIDC,https://www.liberumratings.com.br/detalhes-ativo/25674
2026-09-25,C3E CJ FIC – FIDC,FIDC,https://www.liberumratings.com.br/detalhes-ativo/25682
2026-09-25,NXC CAPITAL FUNDO DE INVESTIMENTO EM DIREITOS CREDITÓRIOS,FIDC,https://www.liberumratings.com.br/detalhes-ativo/25673
2026-09-25,JC BG Fundo de Investimento em Direitos Creditórios Não-Padronizados – FIDC NP,FIDC,https://www.liberumratings.com.br/detalhes-ativo/25667
2026-09-25,JC 4870 Fundo de Investimento em Direitos Creditório - Não Padronizado,FIDC,https://www.liberumratings.com.br/detalhes-ativo/25675
2026-09-25,JC 4870 II FUNDO DE INVESTIMENTO EM DIREITOS CREDITÓRIOS NÃO-PADRONIZADOS,FIDC,https://www.liberumratings.com.br/detalhes-ativo/25680
2026-09-25,MR FUNDO DE INVESTIMENTO EM DIREITOS CREDITÓRIOS,FIDC,https://www.liberumratings.com.br/detalhes-ativo/25672
2026-09-25,JUSINVEST I FUNDO DE INVESTIMENTO EM DIREITOS CREDITORIOS NAO PADRONIZADOS,FIDC,https://www.liberumratings.com.br/detalhes-ativo/25664
2026-09-25,AGHI FUNDO DE INVESTIMENTO EM DIREITOS CREDITÓRIOS NÃO-PADRONIZADOS,FIDC,https://www.liberumratings.com.br/detalhes-ativo/25660
2026-09-25,JC Crédito Premio I FIDC NP,FIDC,https://www.liberumratings.com.br/detalhes-ativo/25670
2026-09-25,Credit Brasil Fundo de Investimentos em Direitos Creditórios Multissetorial Não-Padronizados Multissetorial High,FIDC,https://www.liberumratings.com.br/detalhes-ativo/25668
2026-09-25,JC SILOS FUNDO DE INVESTIMENTO EM DIREITOS CREDITÓRIOS NÃO-PADRONIZADO,FIDC,https://www.liberumratings.com.br/detalhes-ativo/25671
2026-09-25,SGC UT FIDC NP,FIDC,https://www.liberumratings.com.br/detalhes-ativo/25661
2026-09-25,VIOLIN 8432 CRÉDITOS JUDICIAIS FUNDO DE INVESTIMENTO EM DIREITOS CREDITÓRIOS NÃO-PADRONIZADOS,FIDC,https://www.liberumratings.com.br/detalhes-ativo/25663
2026-09-25,Violin 8432 (2) Créditos Judiciais Fundo de Investimento em Direitos Creditórios Não-Padronizados,FIDC,https://www.liberumratings.com.br/detalhes-ativo/25662
2026-09-25,JC 4870 V FIDC NP,FIDC,https://www.liberumratings.com.br/detalhes-ativo/25669
2026-09-25,Mav Alternative Credit Fundo de Investimento em Direitos Creditórios Não-Padronizados,FIDC,https://www.liberumratings.com.br/detalhes-ativo/25655
2026-09-25,FIDC Empírica Home Equity,FIDC,https://www.liberumratings.com.br/detalhes-ativo/25658
2026-09-25,BARU GRIFFIN FUNDO DE INVESTIMENTO EM DIREITOS CREDITORIOS,FIDC,https://www.liberumratings.com.br/detalhes-ativo/25654
2026-09-25,KEYCASH HOME EQUITY FUNDO DE INVESTIMENTO EM DIREITOS CREDITÓRIOS,FIDC,https://www.liberumratings.com.br/detalhes-ativo/25657
2026-09-25,ROYAL OAK FUNDO DE INVESTIMENTO EM COTAS DE FUNDOS DE INVESTIMENTOS MULTIMERCADO CREDITO PRIVADO INVESTIMENTO NO EXTERIOR,FIDC,https://www.liberumratings.com.br/detalhes-ativo/25653
2026-09-25,Fundo de Investimento em Direitos Creditórios Empírica Recarga Virtual,FIDC,https://www.liberumratings.com.br/detalhes-ativo/25643
2026-09-25,Moka Fund I Fundo de Investimento em Direitos Creditórios Não Padronizados Multissetorial,FIDC,https://www.liberumratings.com.br/detalhes-ativo/25640
2026-09-25,Fundo de Investimento em Direitos Creditórios LF I,FIDC,https://www.liberumratings.com.br/detalhes-ativo/25629
2026-09-25,Harpia Fundo de Investimentos em Direitos Creditórios,FIDC,https://www.liberumratings.com.br/detalhes-ativo/25651
2026-09-25,RCL3X FIAGRO - DIREITOS CREDITÓRIOS,FIDC,https://www.liberumratings.com.br/detalhes-ativo/25648
2026-09-25,L'ARCA CAPITAL FUNDO DE INVESTIMENTO EM DIREITOS CREDITORIOS,FIDC,https://www.liberumratings.com.br/detalhes-ativo/25614
2026-09-25,SEJA FUNDO DE INVESTIMENTO EM DIREITOS CREDITÓRIOS,FIDC,https://www.liberumratings.com.br/detalhes-ativo/25642
2026-09-25,KOBOLD MFS FUNDO DE INVESTIMENTO EM DIREITOS CREDITÓRIOS NÃO-PADRONIZADOS,FIDC,https://www.liberumratings.com.br/detalhes-ativo/25650
2026-09-25,Fundo de Investimento em Direitos Creditórios Empírica Mezzo Saúde,FIDC,https://www.liberumratings.com.br/detalhes-ativo/25600
2026-09-25,SOLIS CONSIGNADO FUNDO DE INVESTIMENTO EM DIREITOS CREDITÓRIOS,FIDC,https://www.liberumratings.com.br/detalhes-ativo/25641
2026-09-25,LGX FUNDO DE INVESTIMENTO EM DIREITOS CREDITORIOS,FIDC,https://www.liberumratings.com.br/detalhes-ativo/25639
2026-09-25,WIMO PJ FUNDO DE INVESTIMENTO EM DIREITOS CREDITÓRIOS,FIDC,https://www.liberumratings.com.br/detalhes-ativo/25637
2026-09-25,PHD FUNDO DE INVESTIMENTO EM DIREITOS CREDITORIOS,FIDC,https://www.liberumratings.com.br/detalhes-ativo/25626
2026-09-25,FUNDO DE INVESTIMENTO EM DIREITOS CREDITÓRIOS NÃO PADRONIZADO PREMIER CAPITAL,FIDC,https://www.liberumratings.com.br/detalhes-ativo/25633
2026-09-25,FATORI FUNDO DE INVESTIMENTO EM DIREITOS CREDITORIOS MULTISSETORIAL,FIDC,https://www.liberumratings.com.br/detalhes-ativo/25636
2026-09-25,ATLANTIC FUNDO DE INVESTIMENTO EM DIREITOS CREDITORIOS MULTISSETORIAL,FIDC,https://www.liberumratings.com.br/detalhes-ativo/25631
2026-09-25,OPERA FUNDO DE INVESTIMENTO EM DIREITOS CREDITORIOS MULTISETORIAL,FIDC,https://www.liberumratings.com.br/detalhes-ativo/25618
2026-09-25,FUNDO DE INVESTIMENTO EM DIREITOS CREDITÓRIOS NÃO PADRONIZADO EMPIRICA GOAL RJ,FIDC,https://www.liberumratings.com.br/detalhes-ativo/25514
2026-09-25,FUNDO DE INVESTIMENTO EM DIREITOS CREDITÓRIOS ASAAS,FIDC,https://www.liberumratings.com.br/detalhes-ativo/25635
2026-09-25,FUNDO DE INVESTIMENTO EM DIREITOS CREDITORIOS GO KENERSON,FIDC,https://www.liberumratings.com.br/detalhes-ativo/25613
2026-09-25,Pagbem Fundo de Investimentos em Direitos Creditórios,FIDC,https://www.liberumratings.com.br/detalhes-ativo/25634
2026-09-25,Credit Brasil Fundo de Investimento em Direitos Creditórios Multissetorial Master,FIDC,https://www.liberumratings.com.br/detalhes-ativo/25570
2026-09-25,VIA CAPITAL ARTEMUS FUNDO DE INVESTIMENTO EM DIREITOS CREDITÓRIOS MULTISSETORIAL,FIDC,https://www.liberumratings.com.br/detalhes-ativo/25632
2026-09-25,FUNDO DE INVESTIMENTO EM DIREITOS CREDITÓRIOS DEL MONTE NÃO PADRONIZADO,FIDC,https://www.liberumratings.com.br/detalhes-ativo/25597
2026-09-25,CONDOCONTA FUNDO DE INVESTIMENTO EM DIREITOS CREDITORIOS NAO-PADRONIZADO,FIDC,https://www.liberumratings.com.br/detalhes-ativo/25628
2026-09-25,PACIFIC FUNDO DE INVESTIMENTO EM DIREITOS CREDITORIOS NAO-PADRONIZADOS,FIDC,https://www.liberumratings.com.br/detalhes-ativo/25619
2026-09-25,Trevys Fundo de Investimentos em Direitos Creditórios,FIDC,https://www.liberumratings.com.br/detalhes-ativo/25620
2026-09-25,LYSAN FUNDO DE INVESTIMENTO EM DIREITOS CREDITORIOS,FIDC,https://www.liberumratings.com.br/detalhes-ativo/25603
2026-09-25,FATORI FUNDO DE INVESTIMENTO EM DIREITOS CREDITORIOS MULTISSETORIAL,FIDC,https://www.liberumratings.com.br/detalhes-ativo/25611
2026-09-25,HT3 FUNDO DE INVESTIMENTO EM DIREITOS CREDITORIOS,FIDC,https://www.liberumratings.com.br/detalhes-ativo/25350
2026-09-25,Harpia Fundo de Investimentos em Direitos Creditórios,FIDC,https://www.liberumratings.com.br/detalhes-ativo/25560
2026-09-25,FUNDO DE INVESTIMENTO EM DIREITOS CREDITORIOS IRON CAPITAL - MEUCASHCARD,FIDC,https://www.liberumratings.com.br/detalhes-ativo/25624
2026-09-25,FUNDO DE INVESTIMENTO EM DIREITOS CREDITORIOS EMPIRICA CREDITAS AUTO,FIDC,https://www.liberumratings.com.br/detalhes-ativo/25621
2026-09-25,STARS BANK FUNDO DE INVESTIMENTO EM DIREITOS CREDITORIOS LP,FIDC,https://www.liberumratings.com.br/detalhes-ativo/25622
2026-09-25,ABC FUNDO DE INVESTIMENTO EM DIREITOS CREDITORIOS,FIDC,https://www.liberumratings.com.br/detalhes-ativo/25616
2026-09-25,Adicional FUNDO DE INVESTIMENTO EM DIREITOS CREDITORIOS Multissetorial  NP,FIDC,https://www.liberumratings.com.br/detalhes-ativo/25612
2026-09-25,Fundo de Investimento em Direitos Creditórios Empírica A55 SAAS,FIDC,https://www.liberumratings.com.br/detalhes-ativo/25615
2026-09-25,U.NIC FUNDO DE INVESTIMENTO EM DIREITOS CREDITÓRIOS,FIDC,https://www.liberumratings.com.br/detalhes-ativo/25559
2026-09-25,FUNDO DE INVESTIMENTO EM DIREITOS CREDITÓRIOS AGORA TELECOM,FIDC,https://www.liberumratings.com.br/detalhes-ativo/25472
2026-09-25,FUNDO DE INVESTIMENTO EM DIREITOS CREDITORIOS MULTISETORIAL EMPRESARIAL LP,FIDC,https://www.liberumratings.com.br/detalhes-ativo/25598
2026-09-25,Fundo de Investimento em Direitos Creditórios Empírica Premier Capital,FIDC,https://www.liberumratings.com.br/detalhes-ativo/25623
2026-09-25,CITRINO FUNDO DE INVESTIMENTO EM DIREITOS CREDITÓRIOS NÃO PADRONIZADOS,FIDC,https://www.liberumratings.com.br/detalhes-ativo/25609
2026-09-25,VERSATILE FUNDO DE INVESTIMENTO EM DIREITOS CREDITORIOS,FIDC,https://www.liberumratings.com.br/detalhes-ativo/25594
2026-09-25,C+ VALORA FUNDO DE INVESTIMENTO EM DIREITOS CREDITÓRIOS,FIDC,https://www.liberumratings.com.br/detalhes-ativo/25604
2026-09-25,NOVA CAPITAL FUNDO DE INVESTIMENTO EM DIREITOS CREDITORIOS,FIDC,https://www.liberumratings.com.br/detalhes-ativo/25608
2026-09-25,FUNDO DE INVESTIMENTO EM DIREITOS CREDITÓRIOS F500 PLUS,FIDC,https://www.liberumratings.com.br/detalhes-ativo/25617
2026-09-25,STZ Fornecedores Fundo de Investimento em Direitos Creditórios,FIDC,https://www.liberumratings.com.br/detalhes-ativo/25610
2026-09-25,FUNDO DE INVESTIMENTOS EM DIREITOS CREDITORIOS MULTISETORIAL HOPE LP,FIDC,https://www.liberumratings.com.br/detalhes-ativo/25520
2026-09-25,Fundo de Investimento em Direitos Creditórios  Multissetorial Prévia,FIDC,https://www.liberumratings.com.br/detalhes-ativo/25562
2026-09-25,FUNDO DE INVESTIMENTO EM DIREITOS CREDITÓRIOS ZIPDIN I,FIDC,https://www.liberumratings.com.br/detalhes-ativo/25533
2026-09-25,TECNOMYL FUNDO DE INVESTIMENTO EM DIREITOS CREDITÓRIOS,FIDC,https://www.liberumratings.com.br/detalhes-ativo/25606
2026-09-25,CONQUEST BRAZIL FUNDO DE INVESTIMENTO EM DIREITOS CREDITORIOS MULTISSETORIAL,FIDC,https://www.liberumratings.com.br/detalhes-ativo/25607
2026-09-25,Nautilus - Fundo de Investimentos em Direitos Creditórios,FIDC,https://www.liberumratings.com.br/detalhes-ativo/25584
2026-09-25,Fundo de Investimento em Direitos Creditórios Capital 5,FIDC,https://www.liberumratings.com.br/detalhes-ativo/25605
2026-09-25,FUNDO DE INVESTIMENTO EM DIREITOS CREDITORIOS MULTISSETORIAL MAREAH,FIDC,https://www.liberumratings.com.br/detalhes-ativo/25495
2026-09-25,WFR FUNDO DE INVESTIMENTO EM DIREITOS CREDITORIOS MULTISSETORIAL,FIDC,https://www.liberumratings.com.br/detalhes-ativo/25534
2026-09-25,CITY FUNDO DE INVESTIMENTO EM DIREITOS CREDITÓRIOS NÃO PADRONIZADO,FIDC,https://www.liberumratings.com.br/detalhes-ativo/25586
2026-09-25,CREDIHOME FUNDO DE INVESTIMENTO EM DIREITOS CREDITORIOS,FIDC,https://www.liberumratings.com.br/detalhes-ativo/25588
2026-09-25,SANTA FÉ FUNDO DE INVESTIMENTO EM DIREITOS CREDITÓRIOS NÃO PADRONIZADOS,FIDC,https://www.liberumratings.com.br/detalhes-ativo/25599
2026-09-25,LEVER FUNDO DE INVESTIMENTO EM DIREITOS CREDITÓRIOS,FIDC,https://www.liberumratings.com.br/detalhes-ativo/25485
2026-09-25,AUDAX CAPITAL FUNDO DE INVESTIMENTO EM DIREITOS CREDITORIOS,FIDC,https://www.liberumratings.com.br/detalhes-ativo/25602
2026-09-25,FUNDO DE INVESTIMENTO EM DIREITOS CREDITÓRIOS AGRO SGT,FIDC,https://www.liberumratings.com.br/detalhes-ativo/25596
2026-09-25,ANDALUZ FUNDO DE INVESTIMENTO EM DIREITOS CREDITÓRIOS,FIDC,https://www.liberumratings.com.br/detalhes-ativo/25593
2026-09-25,Red Performance Fundo de Investimentos em Direitos Creditórios Não-Padronizados,FIDC,https://www.liberumratings.com.br/detalhes-ativo/25587
2026-09-25,INVESTCAMP Fundo de Investimento em Direitos Creditorios,FIDC,https://www.liberumratings.com.br/detalhes-ativo/25595
2026-09-25,CASE FUNDO DE INVESTIMENTO EM DIREITOS CREDITORIOS,FIDC,https://www.liberumratings.com.br/detalhes-ativo/25582
2026-09-25,NEON FUNDO DE INVESTIMENTO EM DIREITOS CREDITORIOS I,FIDC,https://www.liberumratings.com.br/detalhes-ativo/25592
2026-09-25,Cambuí Finanças FUNDO DE INVESTIMENTO EM DIREITOS CREDITORIOS Multissetorial LP,FIDC,https://www.liberumratings.com.br/detalhes-ativo/25591
2026-09-25,ESMERALDA FIDC,FIDC,https://www.liberumratings.com.br/detalhes-ativo/25590
2026-09-25,GII Gestão Inteligente Fundo de Investimento em Direitos Creditórios,FIDC,https://www.liberumratings.com.br/detalhes-ativo/25388
2026-09-25,FIDC FACTA CONSIGNADO INSS,FIDC,https://www.liberumratings.com.br/detalhes-ativo/25581
2026-09-25,CREDIT BRASIL FUNDO DE INVESTIMENTO EM COTAS DE FUNDOS DE INVESTIMENTO EM DIREITOS CREDITÓRIOS - NP,FIDC,https://www.liberumratings.com.br/detalhes-ativo/25589
2026-09-25,Fundo de Investimento em Direitos Creditórios Brave Facta,FIDC,https://www.liberumratings.com.br/detalhes-ativo/25580
2026-09-25,Fundo de Investimento em Direitos Creditórios Energia Solar,FIDC,https://www.liberumratings.com.br/detalhes-ativo/25583
2026-09-25,STZ Fornecedores Fundo de Investimento em Direitos Creditórios,FIDC,https://www.liberumratings.com.br/detalhes-ativo/25563
2026-09-25,C3E CRÉDITOS JUDICIAIS FUNDO DE INVESTIMENTO EM DIREITOS CREDITÓRIOS NÃO PADRONIZADOS,FIDC,https://www.liberumratings.com.br/detalhes-ativo/25441
2026-09-25,WK FUNDO DE INVESTIMENTO EM DIREITOS CREDITORIOS,FIDC,https://www.liberumratings.com.br/detalhes-ativo/25571
2026-09-25,GRANCRED SP FUNDO DE INVESTIMENTO EM DIREITOS CREDITÓRIOS MULTISSETORIAL,FIDC,https://www.liberumratings.com.br/detalhes-ativo/25578
2026-09-25,INTER SIMPLES FUNDO DE INVESTIMENTO EM DIREITOS CREDITORIOS MULTISSETORIAL,FIDC,https://www.liberumratings.com.br/detalhes-ativo/25552
2026-09-25,Creditise Fundo de Investimentos em Direitos Creditórios Não Padronizado,FIDC,https://www.liberumratings.com.br/detalhes-ativo/25575
2026-09-25,VERSATIL FUNDO DE INVESTIMENTO EM DIREITOS CREDITORIOS,FIDC,https://www.liberumratings.com.br/detalhes-ativo/25579
2026-09-25,PREMIUM RECEBIVEIS I MULTISSETORIAL - FUNDO DE INVESTIMENTO EM DIREITOS CREDITORIOS,FIDC,https://www.liberumratings.com.br/detalhes-ativo/25549
2026-09-25,ELLEVE NPL FUNDO DE INVESTIMENTO EM DIREITOS CREDITÓRIOS - NÃO PADRONIZADOS,FIDC,https://www.liberumratings.com.br/detalhes-ativo/25576
2026-09-25,FUNDO DE INVESTIMENTO EM DIREITOS CREDITÓRIOS ALI CRÉDITO,FIDC,https://www.liberumratings.com.br/detalhes-ativo/25577
2026-09-25,Fundo de Investimento Em Direitos Creditorios Indigo Barter,FIDC,https://www.liberumratings.com.br/detalhes-ativo/25502
2026-09-25,Fundo de Investimentos em Direitos Creditórios DSX,FIDC,https://www.liberumratings.com.br/detalhes-ativo/25537
2026-09-25,Plata FIDC - Fundo de Investimento em Direitos Creditórios Multissetorial LP,FIDC,https://www.liberumratings.com.br/detalhes-ativo/25470
2026-09-25,INVISTA I FIC FIDC MULTISSETORIAL NAO PADRONIZADO,FIDC,https://www.liberumratings.com.br/detalhes-ativo/25536
2026-09-25,FUNDO DE INVESTIMENTO EM DIREITOS CREDITORIOS NAO-PADRONIZADOS INVISTA ATIVOS ALTERNATIVOS I,FIDC,https://www.liberumratings.com.br/detalhes-ativo/25535
2026-09-25,CRESTONE I FUNDO DE INVESTIMENTO EM DIREITOS CREDITORIOS NAO PADRONIZADOS,FIDC,https://www.liberumratings.com.br/detalhes-ativo/25566
2026-09-25,FUNDO DE INVESTIMENTO EM DIREITOS CREDITÓRIOS TRADING I,FIDC,https://www.liberumratings.com.br/detalhes-ativo/25569
2026-09-25,REZIM FUNDO DE INVESTIMENTO EM DIREITOS CREDITÓRIOS,FIDC,https://www.liberumratings.com.br/detalhes-ativo/25573
2026-09-25,MULTIFRIGO FUNDO DE INVESTIMENTO EM DIREITOS CREDITORIOS NAO PADRONIZADOS,FIDC,https://www.liberumratings.com.br/detalhes-ativo/25526
2026-09-25,INVISTA III Fundo de Investimentos em Direitos Creditorios Não Padronizado,FIDC,https://www.liberumratings.com.br/detalhes-ativo/25542
2026-09-25,Fundo de Investimentos em Direitos Creditórios GRIFO,FIDC,https://www.liberumratings.com.br/detalhes-ativo/25503
2026-09-25,PODIUM MEZANINO FUNDO DE INVESTIMENTO EM COTAS DE FUNDO DE INVESTIMENTO EM DIREITOS CREDITÓRIOS,FIDC,https://www.liberumratings.com.br/detalhes-ativo/25564
2026-09-25,SG FUNDO DE INVESTIMENTO EM DIREITOS CREDITÓRIOS,FIDC,https://www.liberumratings.com.br/detalhes-ativo/25554
2026-09-25,Fundo de Investimento em Direitos Creditórios Multisetorial Delta - NP,FIDC,https://www.liberumratings.com.br/detalhes-ativo/25568
2026-09-25,JP CAPITAL FUNDO DE INVESTIMENTO EM DIREITOS CREDITORIOS,FIDC,https://www.liberumratings.com.br/detalhes-ativo/25546
2026-09-25,WM GALAPAGOS FUNDO DE INVESTIMENTO EM COTAS DE FUNDO DE INVESTIMENTO EM DIREITOS CREDITORIOS NÃO PADRONIZADOS,FIDC,https://www.liberumratings.com.br/detalhes-ativo/25557
2026-09-25,Credit Brasil Fundo de Investimentos em Direitos Creditórios Multissetorial Não-Padronizados Multissetorial High,FIDC,https://www.liberumratings.com.br/detalhes-ativo/25567
2026-09-25,GALAPAGOS ARQUIPÉLAGO FUNDO DE INVESTIMENTO EM DIREITOS CREDITÓRIOS NP,FIDC,https://www.liberumratings.com.br/detalhes-ativo/25555
2026-09-25,FRUIT CREEK CRÉDITOS JUDICIAIS FUNDO DE INVESTIMENTO EM DIREITOS CREDITÓRIOS NÃO-PADRONIZADOS,FIDC,https://www.liberumratings.com.br/detalhes-ativo/25550
2026-09-25,BK I FUNDO DE INVESTIMENTO EM DIREITOS CREDITORIOS - NAO PADRONIZADO,FIDC,https://www.liberumratings.com.br/detalhes-ativo/25556
2026-09-25,JGP ESTRUTURADOS FUNDO DE INVESTIMENTO EM DIREITOS CREDITORIOS NAO PADRONIZADOS,FIDC,https://www.liberumratings.com.br/detalhes-ativo/25558
2026-09-25,CLM FUNDO DE INVESTIMENTO EM DIREITOS CREDITORIOS NÃO-PADRONIZADOS MULTISSETORIAL,FIDC,https://www.liberumratings.com.br/detalhes-ativo/25538
2026-09-25,SOLIS RECEBÍVEIS COMERCIAIS I FIC FIDC,FIDC,https://www.liberumratings.com.br/detalhes-ativo/25548
2026-09-25,FUNDO DE INVESTIMENTO EM DIREITOS CREDITORIOS SANTA CRUZ CAPITAL,FIDC,https://www.liberumratings.com.br/detalhes-ativo/25541
2026-09-25,Lotus Performance Fundo de Investimento em Direitos Creditórios Multissetorial LP,FIDC,https://www.liberumratings.com.br/detalhes-ativo/25531
2026-09-25,JUSINVEST I FUNDO DE INVESTIMENTO EM DIREITOS CREDITORIOS NAO PADRONIZADOS,FIDC,https://www.liberumratings.com.br/detalhes-ativo/25543
2026-09-25,Fundo de Investimento em Direitos Creditórios Multissetorial Milênio Recebíveis LP,FIDC,https://www.liberumratings.com.br/detalhes-ativo/25511
2026-09-25,LITUS FUNDO DE INVESTIMENTO EM DIREITOS CREDITORIOS MULTISSETORIAL,FIDC,https://www.liberumratings.com.br/detalhes-ativo/25521
2026-09-25,Garson Fundo de Investimento em Direitos Creditórios,FIDC,https://www.liberumratings.com.br/detalhes-ativo/25532
2026-09-25,ELDORADO FUNDO DE INVESTIMENTO EM DIREITOS CREDITÓRIOS NÃO-PADRONIZADOS,FIDC,https://www.liberumratings.com.br/detalhes-ativo/25508
2026-09-25,FIDC Brasilfactors Crédito Corporativo,FIDC,https://www.liberumratings.com.br/detalhes-ativo/25528
2026-09-25,FUNDO DE INVESTIMENTO EM DIREITOS CREDITÓRIOS EMPÍRICA IOSAN,FIDC,https://www.liberumratings.com.br/detalhes-ativo/25489
2026-09-25,FUNDO DE INVESTIMENTO EM DIREITOS CREDITÓRIOS BIZCAPITAL EMPÍRICA PME,FIDC,https://www.liberumratings.com.br/detalhes-ativo/25509
2026-09-25,FOR CDI FUNDO DE INVESTIMENTO EM DIREITOS CREDITORIOS NAO-PADRONIZADOS,FIDC,https://www.liberumratings.com.br/detalhes-ativo/25525
2026-09-25,Milas Fundo de Investimentos em Direitos Creditórios - Não Padronizado,FIDC,https://www.liberumratings.com.br/detalhes-ativo/25524
2026-09-25,FUNDO DE INVESTIMENTO EM DIREITOS CREDITÓRIOS F500 PLUS,FIDC,https://www.liberumratings.com.br/detalhes-ativo/25523
2026-09-25,MITTU FUNDO DE INVESTIMENTO EM DIREITOS CREDITORIOS NAO PADRONIZADOS,FIDC,https://www.liberumratings.com.br/detalhes-ativo/25530
2026-09-25,Brasil Government Senior Debt FIDC-NP,FIDC,https://www.liberumratings.com.br/detalhes-ativo/25516
2026-09-25,HUBCRED FUNDO DE INVESTIMENTO EM DIREITOS CREDITORIOS,FIDC,https://www.liberumratings.com.br/detalhes-ativo/25507
2026-09-25,MUNDI FUNDO DE INVESTIMENTO EM DIREITOS CREDITÓRIOS NÃO PADRONIZADOS,FIDC,https://www.liberumratings.com.br/detalhes-ativo/25527
2026-09-25,NANBAN II FUNDO DE INVESTIMENTO EM DIREITOS CREDITÓRIOS NÃO-PADRONIZADOS,FIDC,https://www.liberumratings.com.br/detalhes-ativo/25519
2026-09-25,Urbe Fundo de Investimento em Direitos Creditórios Multissetorial LP,FIDC,https://www.liberumratings.com.br/detalhes-ativo/25458
2026-09-25,AURUM - FUNDO DE INVESTIMENTO EM DIREITOS CREDITORIOS MULTISSETORIAL LP,FIDC,https://www.liberumratings.com.br/detalhes-ativo/25500
2026-09-25,SAV NEXOOS FUNDO DE INVESTIMENTO EM DIREITOS CREDITÓRIOS,FIDC,https://www.liberumratings.com.br/detalhes-ativo/25529
2026-09-25,FUNDO DE INVESTIMENTO EM DIREITOS CREDITORIOS UTILITY CREDIT,FIDC,https://www.liberumratings.com.br/detalhes-ativo/25510
2026-09-25,RDF Fundo de Investimento em Direitos Creditórios,FIDC,https://www.liberumratings.com.br/detalhes-ativo/25466
2026-09-25,RAPPICARD FUNDO DE INVESTIMENTO EM DIREITOS CREDITORIOS,FIDC,https://www.liberumratings.com.br/detalhes-ativo/25396
2026-09-25,Fundo de Investimento em Direitos Creditórios Multissetorial DB 18,FIDC,https://www.liberumratings.com.br/detalhes-ativo/25501
2026-09-25,VECTOR FUNDO DE INVESTIMENTO EM DIREITOS CREDITÓRIOS NÃO PADRONIZADOS MULTISSETORIAL,FIDC,https://www.liberumratings.com.br/detalhes-ativo/25513
2026-09-25,Fundo de Investimento em Direitos Creditórios Angá Sabemi VIII,FIDC,https://www.liberumratings.com.br/detalhes-ativo/25492
2026-09-25,Fundo de Investimento em Direitos Creditórios Angá Sabemi Consignados VII,FIDC,https://www.liberumratings.com.br/detalhes-ativo/25491
2026-09-25,Fundo de Investimento em Direitos Creditórios Angá Sabemi Consignados VI,FIDC,https://www.liberumratings.com.br/detalhes-ativo/25490
2026-09-25,OPHIR FUNDO DE INVESTIMENTO EM DIREITOS CREDITORIOS,FIDC,https://www.liberumratings.com.br/detalhes-ativo/25504
2026-09-25,FUNDO DE INVESTIMENTO EM DIREITOS CREDITÓRIOS TRADEPAY VAREJO I,FIDC,https://www.liberumratings.com.br/detalhes-ativo/25512
2026-09-25,Multiplike Fundo de Investimento em Direitos Creditórios,FIDC,https://www.liberumratings.com.br/detalhes-ativo/25477
2026-09-25,GVN FUNDO DE INVESTIMENTO EM DIREITOS CREDITÓRIOS,FIDC,https://www.liberumratings.com.br/detalhes-ativo/25517
2026-09-25,Fundo de Investimento em Direitos Creditórios Não Padronizados Sifra Performance,FIDC,https://www.liberumratings.com.br/detalhes-ativo/25518
2026-09-25,OXSS FUNDO DE INVESTIMENTO EM DIREITOS CREDITORIOS,FIDC,https://www.liberumratings.com.br/detalhes-ativo/25460
2026-09-25,JC Crédito Premio I FIDC NP,FIDC,https://www.liberumratings.com.br/detalhes-ativo/25434
2026-09-25,HAMPTON FUNDO DE INVESTIMENTO EM DIREITOS CREDITÓRIOS,FIDC,https://www.liberumratings.com.br/detalhes-ativo/25480
2026-09-25,SECTOR FUNDO DE INVESTIMENTO EM DIREITOS CREDITÓRIOS,FIDC,https://www.liberumratings.com.br/detalhes-ativo/25496
2026-09-25,JPI FUNDO DE INVESTIMENTO EM DIREITOS CREDITORIOS,FIDC,https://www.liberumratings.com.br/detalhes-ativo/25497
2026-09-25,Starboard Special Situations II Fundo de Investimento em Direitos Creditorios NP,FIDC,https://www.liberumratings.com.br/detalhes-ativo/25506
2026-09-25,W CAPITAL I - FUNDO DE INVESTIMENTO EM DIREITOS CREDITÓRIOS,FIDC,https://www.liberumratings.com.br/detalhes-ativo/25499
2026-09-25,RIDOLFINVEST 2 FIDC-NP,FIDC,https://www.liberumratings.com.br/detalhes-ativo/25455
2026-09-25,MULTI RECEBIVEIS II FUNDO DE INVESTIMENTO EM DIREITOS CREDITORIOS,FIDC,https://www.liberumratings.com.br/detalhes-ativo/25482
2026-09-25,MULTI RECEBÍVEIS III FUNDO DE INVESTIMENTO EM DIREITOS CREDITÓRIOS,FIDC,https://www.liberumratings.com.br/detalhes-ativo/25476
2026-09-25,CONSIGA MAIS FUNDO DE INVESTIMENTO EM DIREITOS CREDITÓRIOS,FIDC,https://www.liberumratings.com.br/detalhes-ativo/25481
2026-09-25,FUNDO DE INVESTIMENTO EM DIREITOS CREDITORIOS FRADINHO,FIDC,https://www.liberumratings.com.br/detalhes-ativo/25451
2026-09-25,C&J FUNDO DE INVESTIMENTO EM DIREITOS CREDITORIOS,FIDC,https://www.liberumratings.com.br/detalhes-ativo/25467
2026-09-25,GVN FUNDO DE INVESTIMENTO EM DIREITOS CREDITÓRIOS,FIDC,https://www.liberumratings.com.br/detalhes-ativo/25493
2026-09-25,FOUR EVEN FUNDO DE INVESTIMENTO EM DIREITOS CREDITÓRIOS NÃO PADRONIZADOS,FIDC,https://www.liberumratings.com.br/detalhes-ativo/25494
2026-09-25,MACCABI FUNDO DE INVESTIMENTO EM DIREITOS CREDITORIOS,FIDC,https://www.liberumratings.com.br/detalhes-ativo/25488
2026-09-25,VIOLIN 8432 CRÉDITOS JUDICIAIS FUNDO DE INVESTIMENTO EM DIREITOS CREDITÓRIOS NÃO-PADRONIZADOS,FIDC,https://www.liberumratings.com.br/detalhes-ativo/25409
2026-09-25,GARANTIA BANCO FIDC MULTISSETORIAL,FIDC,https://www.liberumratings.com.br/detalhes-ativo/25469
2026-09-25,Centrum Fundo de Investimento em Direitos Creditórios NP,FIDC,https://www.liberumratings.com.br/detalhes-ativo/25473
2026-09-25,AGROLEND II FIAGRO - FUNDO DE INVESTIMENTO EM DIREITOS CREDITÓRIOS,FIDC,https://www.liberumratings.com.br/detalhes-ativo/25432
2026-09-25,VENTURA FUNDO DE INVESTIMENTO EM DIREITOS CREDITORIOS,FIDC,https://www.liberumratings.com.br/detalhes-ativo/25475
2026-09-25,AGROLEND I FUNDO DE INVESTIMENTO EM DIREITOS CREDITÓRIOS,FIDC,https://www.liberumratings.com.br/detalhes-ativo/25487
2026-09-25,BARCELONA FUNDO DE INVESTIMENTO EM DIREITOS CREDITORIOS,FIDC,https://www.liberumratings.com.br/detalhes-ativo/25471
2026-09-25,TERRA NOVA FUNDO DE INVESTIMENTO EM DIREITOS CREDITORIOS,FIDC,https://www.liberumratings.com.br/detalhes-ativo/25474
2026-09-25,VALYOS Fundo de Investimentos Em Direitos Creditorios Imobiliarios,FIDC,https://www.liberumratings.com.br/detalhes-ativo/25464
2026-09-25,Fundo de Investimento em Direitos Creditórios Kovi I,FIDC,https://www.liberumratings.com.br/detalhes-ativo/25486
2026-09-25,FUNDO DE INVESTIMENTO EM DIREITOS CREDITORIOS JGM LP,FIDC,https://www.liberumratings.com.br/detalhes-ativo/25461
2026-09-25,FUNDO DE INVESTIMENTO EM DIREITOS CREDITORIOS SABIA CREDIT,FIDC,https://www.liberumratings.com.br/detalhes-ativo/25484
2026-09-25,ASPEN FUNDO DE INVESTIMENTO EM DIREITOS CREDITÓRIOS,FIDC,https://www.liberumratings.com.br/detalhes-ativo/25456
2026-09-25,SIGMA CREDIT FUNDO DE INVESTIMENTO EM DIREITOS CREDITORIOS,FIDC,https://www.liberumratings.com.br/detalhes-ativo/25463
2026-09-25,ALGARVE MEDITERRÂNEO FUNDO DE INVESTIMENTO EM DIREITOS CREDITÓRIOS NÃO PADRONIZADOS,FIDC,https://www.liberumratings.com.br/detalhes-ativo/25465
2026-09-25,SIGMA CREDIT FUNDO DE INVESTIMENTO EM COTAS DE FUNDOS DE INVESTIMENTO EM DIREITOS CREDITORIOS,FIDC,https://www.liberumratings.com.br/detalhes-ativo/25468
2026-09-25,SÃO CRISTÓVÃO FUNDO DE INVESTIMENTO EM DIREITOS CREDITORIOS NAO-PADRONIZADO,FIDC,https://www.liberumratings.com.br/detalhes-ativo/25457
2026-09-25,ESTÍMULO FUNDO DE INVESTIMENTO EM DIREITOS CREDITÓRIOS,FIDC,https://www.liberumratings.com.br/detalhes-ativo/25452
2026-09-25,CANAL 86 FUNDO DE INVESTIMENTO EM DIREITOS CREDITORIOS NAO-PADRONIZADO,FIDC,https://www.liberumratings.com.br/detalhes-ativo/25459
2026-09-25,CANAL 87 FUNDO DE INVESTIMENTO EM DIREITOS CREDITORIOS NÃO PADRONIZADO,FIDC,https://www.liberumratings.com.br/detalhes-ativo/25462
2026-09-25,LINK BANK FUNDO DE INVESTIMENTO EM DIREITOS CREDITORIOS NAO PADRONIZADOS MULTISSETORIAL,FIDC,https://www.liberumratings.com.br/detalhes-ativo/25439
2026-09-25,GFM FUNDO DE INVESTIMENTO EM DIREITOS CREDITORIOS MULTICREDITO,FIDC,https://www.liberumratings.com.br/detalhes-ativo/25416
2026-09-25,FUNDO DE INVESTIMENTO EM DIREITOS CREDITORIOS SABIA CREDIT,FIDC,https://www.liberumratings.com.br/detalhes-ativo/25403
2026-09-25,FUNDO DE INVESTIMENTO EM DIREITOS CREDITÓRIOS SOLAR KOMPASS ENERGIA,FIDC,https://www.liberumratings.com.br/detalhes-ativo/25449
2026-09-25,FUNDO DE INVESTIMENTO EM DIREITOS CREDITORIOS ONIX PRIME,FIDC,https://www.liberumratings.com.br/detalhes-ativo/25454
2026-09-25,PEREGRINA FUNDO DE INVESTIMENTO EM DIREITOS CREDITORIOS,FIDC,https://www.liberumratings.com.br/detalhes-ativo/25450
2026-09-25,IRLA FUNDO DE INVESTIMENTO EM DIREITOS CREDITORIOS MULTISSETORIAL,FIDC,https://www.liberumratings.com.br/detalhes-ativo/25453
2026-09-25,SATURNO FUNDO DE INVESTIMENTO EM DIREITOS CREDITORIOS,FIDC,https://www.liberumratings.com.br/detalhes-ativo/25440
2026-09-25,ESPRESSO CRÉDITOS JUDICIAIS FUNDO DE INVESTIMENTO EM DIREITOS CREDITÓRIOS NÃO-PADRONIZADOS,FIDC,https://www.liberumratings.com.br/detalhes-ativo/25445
2026-09-25,MR FUNDO DE INVESTIMENTO EM DIREITOS CREDITÓRIOS,FIDC,https://www.liberumratings.com.br/detalhes-ativo/25444
2026-09-25,BH FUNDO DE INVESTIMENTO EM DIREITOS CREDITÓRIOS NÃO-PADRONIZADOS,FIDC,https://www.liberumratings.com.br/detalhes-ativo/25443
2026-09-25,CONTATO FUNDO DE INVESTIMENTO EM DIREITOS CREDITORIOS MULTISSETORIAL,FIDC,https://www.liberumratings.com.br/detalhes-ativo/25447
2026-09-25,ACL NP FUNDO DE INVESTIMENTO EM DIREITOS CREDITORIOS NAO PADRONIZADOS,FIDC,https://www.liberumratings.com.br/detalhes-ativo/25346
2026-09-25,FOUR CREDIT FUNDO DE INVESTIMENTO EM DIREITOS CREDITORIOS,FIDC,https://www.liberumratings.com.br/detalhes-ativo/25446
2026-09-25,IF FUNDO DE INVESTIMENTO EM DIREITOS CREDITORIOS,FIDC,https://www.liberumratings.com.br/detalhes-ativo/25427
2026-09-25,TRANSFORMA FUNDO DE INVESTIMENTO EM DIREITOS CREDITORIOS,FIDC,https://www.liberumratings.com.br/detalhes-ativo/25442
2026-09-25,SAINT JOHN FUNDO DE INVESTIMENTO EM DIREITOS CREDITORIOS NAO-PADRONIZADOS,FIDC,https://www.liberumratings.com.br/detalhes-ativo/25433
2026-09-25,LGX FUNDO DE INVESTIMENTO EM DIREITOS CREDITORIOS,FIDC,https://www.liberumratings.com.br/detalhes-ativo/25389
2026-09-25,JC 4870 V FIDC NP,FIDC,https://www.liberumratings.com.br/detalhes-ativo/25399
2026-09-25,SG III Fundo de Investimento em Cotas de Fundo de Investimento em Direitos Creditório - NP,FIDC,https://www.liberumratings.com.br/detalhes-ativo/25412
2026-09-25,JC 4870 Fundo de Investimento em Direitos Creditório - Não Padronizado,FIDC,https://www.liberumratings.com.br/detalhes-ativo/25430
2026-09-25,LIBRA FUNDO DE INVESTIMENTO EM DIREITOS CREDITÓRIOS MULTISSETORIAL,FIDC,https://www.liberumratings.com.br/detalhes-ativo/25406
2026-09-25,LIBRA II NP FUNDO DE INVESTIMENTO EM DIREITOS CREDITÓRIOS NÃO PADRONIZADOS MULTISSETORIAL,FIDC,https://www.liberumratings.com.br/detalhes-ativo/25407
2026-09-25,M Sul Fundo de Investimentos em Direitos Creditórios,FIDC,https://www.liberumratings.com.br/detalhes-ativo/25410
2026-09-25,ALFA FUNDO DE INVESTIMENTO EM DIREITOS CREDITÓRIOS MULTISSETORIAL,FIDC,https://www.liberumratings.com.br/detalhes-ativo/25405
2026-09-25,Tulipa Créditos Judiciais Fundo de Investimento em Direitos Creditórios Não-Padronizados,FIDC,https://www.liberumratings.com.br/detalhes-ativo/25415
2026-09-25,JC 4870 II FUNDO DE INVESTIMENTO EM DIREITOS CREDITÓRIOS NÃO-PADRONIZADOS,FIDC,https://www.liberumratings.com.br/detalhes-ativo/25431
2026-09-25,C3E CJ FIC – FIDC,FIDC,https://www.liberumratings.com.br/detalhes-ativo/25438
2026-09-25,MULTI INFRA FUNDO DE INVESTIMENTO EM DIREITOS CREDITÓRIOS NÃO-PADRONIZADOS,FIDC,https://www.liberumratings.com.br/detalhes-ativo/25395
2026-09-25,SG JC III FIC FIDC NP,FIDC,https://www.liberumratings.com.br/detalhes-ativo/25414
2026-09-25,ESMERALDA FIDC,FIDC,https://www.liberumratings.com.br/detalhes-ativo/25371
2026-09-25,SAN PRECA FEDERAL I FUNDO DE INVESTIMENTO EM DIREITOS CREDITÓRIOS NÃO-PADRONIZADOS,FIDC,https://www.liberumratings.com.br/detalhes-ativo/25401
2026-09-25,JC Diversificado III Fundo de Investimento em DireitosS Creditorios Não-Padronizado,FIDC,https://www.liberumratings.com.br/detalhes-ativo/25397
2026-09-25,JC 4870 VI FUNDO DE INVESTIMENTO EM DIREITOS CREDITORIOS NAO PADRONIZADOS FIDC-NP,FIDC,https://www.liberumratings.com.br/detalhes-ativo/25402
2026-09-25,GAIA Fundo de Investimento em Direitos Creditorios Não Padronizados,FIDC,https://www.liberumratings.com.br/detalhes-ativo/25404
2026-09-25,SGC UT FIDC NP,FIDC,https://www.liberumratings.com.br/detalhes-ativo/25408
2026-09-25,Violin 8432 (2) Créditos Judiciais Fundo de Investimento em Direitos Creditórios Não-Padronizados,FIDC,https://www.liberumratings.com.br/detalhes-ativo/25417
2026-09-25,JC BG Fundo de Investimento em Direitos Creditórios Não-Padronizados – FIDC NP,FIDC,https://www.liberumratings.com.br/detalhes-ativo/25418
2026-09-25,MALMO FICFIDC-NP,FIDC,https://www.liberumratings.com.br/detalhes-ativo/25437
2026-09-25,JC BG FICFIDC NP,FIDC,https://www.liberumratings.com.br/detalhes-ativo/25420
2026-09-25,PORTLAND CRÉDITOS JUDICIAIS FUNDO DE INVESTIMENTO EM DIREITOS CREDITÓRIOS NÃO-PADRONIZADOS,FIDC,https://www.liberumratings.com.br/detalhes-ativo/25421
2026-09-25,JC Créditos Judiciais Fundo de Investimento em Direitos Creditórios Não-Padronizados,FIDC,https://www.liberumratings.com.br/detalhes-ativo/25422
2026-09-25,SG IV Local Fundo de Investimento em Cotas de Fundo de Investimento em Direitos Creditório - Não Padronizado,FIDC,https://www.liberumratings.com.br/detalhes-ativo/25423
2026-09-25,AGHI FUNDO DE INVESTIMENTO EM DIREITOS CREDITÓRIOS NÃO-PADRONIZADOS,FIDC,https://www.liberumratings.com.br/detalhes-ativo/25424
2026-09-25,NEB FUNDO DE INVESTIMENTO EM DIREITOS CREDITÓRIOS NÃO-PADRONIZADOS,FIDC,https://www.liberumratings.com.br/detalhes-ativo/25425
2026-09-25,UA FUNDO DE INVESTIMENTO EM DIREITOS CREDITORIOS,FIDC,https://www.liberumratings.com.br/detalhes-ativo/25426
2026-09-25,SG II A Fundo De Investimento Em Cotas De Fundos De Investimento Em Direitos Creditorios Nao-Padronizados,FIDC,https://www.liberumratings.com.br/detalhes-ativo/25428
2026-09-25,C3E CRÉDITOS JUDICIAIS FUNDO DE INVESTIMENTO EM DIREITOS CREDITÓRIOS NÃO PADRONIZADOS,FIDC,https://www.liberumratings.com.br/detalhes-ativo/25436
2026-09-25,JC SILOS FUNDO DE INVESTIMENTO EM DIREITOS CREDITÓRIOS NÃO-PADRONIZADO,FIDC,https://www.liberumratings.com.br/detalhes-ativo/25398
2026-09-25,Sifra Plus Multissegmento Fundo de Investimento em Direitos Creditórios,FIDC,https://www.liberumratings.com.br/detalhes-ativo/25400
2026-09-25,JC Diversificado VI Fundo de Investimento em Direitos Creditorios Não-Padronizado,FIDC,https://www.liberumratings.com.br/detalhes-ativo/25413
2026-09-25,Fundo de Investimento em Direitos Creditórios Empírica Premier Capital,FIDC,https://www.liberumratings.com.br/detalhes-ativo/25391
2026-09-25,Multiplike Fundo de Investimento em Direitos Creditórios,FIDC,https://www.liberumratings.com.br/detalhes-ativo/25385
2026-09-25,REZIM FUNDO DE INVESTIMENTO EM DIREITOS CREDITÓRIOS,FIDC,https://www.liberumratings.com.br/detalhes-ativo/25387
2026-09-25,VALORTEC FUNDO DE INVESTIMENTO EM DIREITOS CREDITORIOS,FIDC,https://www.liberumratings.com.br/detalhes-ativo/25390
2026-09-25,GUARDIAN FUNDO DE INVESTIMENTO EM DIREITOS CREDITORIOS,FIDC,https://www.liberumratings.com.br/detalhes-ativo/25392
2026-09-25,NXC CAPITAL FUNDO DE INVESTIMENTO EM DIREITOS CREDITÓRIOS,FIDC,https://www.liberumratings.com.br/detalhes-ativo/25380
2026-09-25,LB FUNDO DE INVESTIMENTO EM DIREITOS CREDITORIOS,FIDC,https://www.liberumratings.com.br/detalhes-ativo/25384
2026-09-25,FIDC BPD CONSIGNADO,FIDC,https://www.liberumratings.com.br/detalhes-ativo/25361
2026-09-25,QUARTER PRECATÓRIOS FIDC NP,FIDC,https://www.liberumratings.com.br/detalhes-ativo/25383
2026-09-25,FOUR EVEN FUNDO DE INVESTIMENTO EM DIREITOS CREDITÓRIOS NÃO PADRONIZADOS,FIDC,https://www.liberumratings.com.br/detalhes-ativo/25377
2026-09-25,PODIUM SENIOR FUNDO DE INVESTIMENTO EM COTAS DE FUNDO DE INVESTIMENTO EM DIREITOS CREDITÓRIOS,FIDC,https://www.liberumratings.com.br/detalhes-ativo/25381
2026-09-25,PODIUM MEZANINO FUNDO DE INVESTIMENTO EM COTAS DE FUNDO DE INVESTIMENTO EM DIREITOS CREDITÓRIOS,FIDC,https://www.liberumratings.com.br/detalhes-ativo/25379
2026-09-25,W CAPITAL I - FUNDO DE INVESTIMENTO EM DIREITOS CREDITÓRIOS,FIDC,https://www.liberumratings.com.br/detalhes-ativo/25376
2026-09-25,SOLIS CONSIGNADO FUNDO DE INVESTIMENTO EM DIREITOS CREDITÓRIOS,FIDC,https://www.liberumratings.com.br/detalhes-ativo/25373
2026-09-25,Credit Brasil Fundo de Investimento em Direitos Creditórios Multissetorial Master,FIDC,https://www.liberumratings.com.br/detalhes-ativo/25372
2026-09-25,Fundo de Investimentos em Direitos Creditórios Premium Solis,FIDC,https://www.liberumratings.com.br/detalhes-ativo/25375
2026-09-25,ATLANTIC FUNDO DE INVESTIMENTO EM DIREITOS CREDITORIOS MULTISSETORIAL,FIDC,https://www.liberumratings.com.br/detalhes-ativo/25374
2026-09-25,Fundo de Investimento em Direitos Creditórios Empírica Recarga Virtual,FIDC,https://www.liberumratings.com.br/detalhes-ativo/25364
2026-09-25,Fundo de Investimento Em Direitos Creditorios Não Padronizados Empírica Oportuna Precatórios Federais,FIDC,https://www.liberumratings.com.br/detalhes-ativo/25367
2026-09-25,UBYFOL AGRO FUNDO DE INVESTIMENTO EM DIREITOS CREDITORIOS III,FIDC,https://www.liberumratings.com.br/detalhes-ativo/25370
2026-09-25,FUNDO DE INVESTIMENTO EM DIREITOS CREDITORIOS ANGA CREDITAS CONSIGNADO PRIVADO,FIDC,https://www.liberumratings.com.br/detalhes-ativo/25348
2026-09-25,SPS ALGARVE DELTA CRÉDITOS JUDICIAIS FUNDO DE INVESTIMENTO EM DIREITOS CREDITÓRIOS NÃO PADRONIZADOS,FIDC,https://www.liberumratings.com.br/detalhes-ativo/25360
2026-09-25,FIDC Empírica Home Equity,FIDC,https://www.liberumratings.com.br/detalhes-ativo/25369
2026-09-25,Pagbem Fundo de Investimentos em Direitos Creditórios,FIDC,https://www.liberumratings.com.br/detalhes-ativo/25368
2026-09-25,FUNDO DE INVESTIMENTO EM DIREITOS CREDITORIOS UTILITY CREDIT,FIDC,https://www.liberumratings.com.br/detalhes-ativo/25366
2026-09-25,Fundo de Investimento em Direitos Creditórios Energia Solar,FIDC,https://www.liberumratings.com.br/detalhes-ativo/25353
2026-09-25,PACIFIC FUNDO DE INVESTIMENTO EM DIREITOS CREDITORIOS NAO-PADRONIZADOS,FIDC,https://www.liberumratings.com.br/detalhes-ativo/25362
2026-09-25,JGP ESTRUTURADOS FUNDO DE INVESTIMENTO EM DIREITOS CREDITORIOS NAO PADRONIZADOS,FIDC,https://www.liberumratings.com.br/detalhes-ativo/25365
2026-09-25,SAN PRECA FEDERAL I FUNDO DE INVESTIMENTO EM DIREITOS CREDITÓRIOS NÃO-PADRONIZADOS,FIDC,https://www.liberumratings.com.br/detalhes-ativo/25363
